2026-04-03 10:29:10.050 LOG 0: Detected Quik version: 1208, script path: C:\Programming\QuikSharp\lua
2026-04-03 10:29:10.100 LOG 1: Shared memory IPC (variant 2) initialized
2026-04-03 10:29:10.150 LOG 1: QUIK# connected via shared memory (variant 2)
2026-04-03 10:32:06.050 LOG 0: Запрос от C# 1 (req_id=1): {"id":1,"cmd":"get_order_by_number","t":1775201526055,"data":{"data":"TQBR|999999999999","cmd":"get_order_by_number","t":1775201526052}}
2026-04-03 10:32:06.100 LOG 3: get_order_by_number: Р·Р°СЏРІРєР° 999999999999 РЅРµ РЅР°Р№РґРµРЅР°
2026-04-03 10:32:06.150 LOG 1: После dispatch: cmd=lua_error, data тип=table
2026-04-03 10:32:06.200 LOG 0: Запрос от C# 1 (req_id=2): {"id":2,"cmd":"get_order_by_number","t":1775201526496,"data":{"data":"TQBR|14278245258","cmd":"get_order_by_number","t":1775201526496}}
2026-04-03 10:32:06.250 LOG 3: get_order_by_number: Р·Р°СЏРІРєР° 14278245258 РЅРµ РЅР°Р№РґРµРЅР°
2026-04-03 10:32:06.300 LOG 1: После dispatch: cmd=lua_error, data тип=table
2026-04-03 10:32:10.050 LOG 0: Запрос от C# 1 (req_id=3): {"id":3,"cmd":"get_orders","t":1775201530131,"data":{"data":"","cmd":"get_orders","t":1775201530131}}
2026-04-03 10:32:10.100 LOG 1: После dispatch: cmd=get_orders, data тип=table
2026-04-03 10:32:14.050 LOG 0: Запрос от C# 1 (req_id=4): {"id":4,"cmd":"getOrder_by_ID","t":1775201534936,"data":{"data":"TQBR|SBER|999999999","cmd":"getOrder_by_ID","t":1775201534936}}
2026-04-03 10:32:14.100 LOG 1: После dispatch: cmd=getOrder_by_ID, data тип=table
2026-04-03 10:32:46.050 LOG 0: Запрос от C# 1 (req_id=1): {"id":1,"cmd":"getClassesList","t":1775201566839,"data":{"data":"","cmd":"getClassesList","t":1775201566833}}
2026-04-03 10:32:46.100 LOG 0: Р’С‹Р·РѕРІ getClassesList, req_id=?
2026-04-03 10:32:46.150 LOG 1: После dispatch: cmd=getClassesList, data тип=string
2026-04-03 10:32:46.200 LOG 0: Запрос от C# 1 (req_id=2): {"id":2,"cmd":"getClassesList","t":1775201566990,"data":{"data":"","cmd":"getClassesList","t":1775201566990}}
2026-04-03 10:32:46.250 LOG 0: Р’С‹Р·РѕРІ getClassesList, req_id=?
2026-04-03 10:32:46.300 LOG 1: После dispatch: cmd=getClassesList, data тип=string
2026-04-03 10:32:46.350 LOG 0: Запрос от C# 1 (req_id=3): {"id":3,"cmd":"getClassInfo","t":1775201566992,"data":{"data":"TQTE","cmd":"getClassInfo","t":1775201566992}}
2026-04-03 10:32:46.400 LOG 1: После dispatch: cmd=getClassInfo, data тип=table
2026-04-03 10:32:47.050 LOG 0: Запрос от C# 1 (req_id=4): {"id":4,"cmd":"getClassInfo","t":1775201567000,"data":{"data":"TQCB","cmd":"getClassInfo","t":1775201567000}}
2026-04-03 10:32:47.100 LOG 1: После dispatch: cmd=getClassInfo, data тип=table
2026-04-03 10:32:47.150 LOG 0: Запрос от C# 1 (req_id=5): {"id":5,"cmd":"getClassInfo","t":1775201567001,"data":{"data":"TQOE","cmd":"getClassInfo","t":1775201567001}}
2026-04-03 10:32:47.200 LOG 1: После dispatch: cmd=getClassInfo, data тип=table
2026-04-03 10:32:47.250 LOG 0: Запрос от C# 1 (req_id=6): {"id":6,"cmd":"getClassInfo","t":1775201567002,"data":{"data":"TQRD","cmd":"getClassInfo","t":1775201567002}}
2026-04-03 10:32:47.300 LOG 1: После dispatch: cmd=getClassInfo, data тип=table
2026-04-03 10:32:47.350 LOG 0: Запрос от C# 1 (req_id=7): {"id":7,"cmd":"getClassInfo","t":1775201567003,"data":{"data":"TQUD","cmd":"getClassInfo","t":1775201567003}}
2026-04-03 10:32:47.400 LOG 1: После dispatch: cmd=getClassInfo, data тип=table
2026-04-03 10:32:47.450 LOG 0: Запрос от C# 1 (req_id=8): {"id":8,"cmd":"getClassInfo","t":1775201567004,"data":{"data":"TQED","cmd":"getClassInfo","t":1775201567004}}
2026-04-03 10:32:47.500 LOG 1: После dispatch: cmd=getClassInfo, data тип=table
2026-04-03 10:32:47.550 LOG 0: Запрос от C# 1 (req_id=9): {"id":9,"cmd":"getClassInfo","t":1775201567004,"data":{"data":"FQBR","cmd":"getClassInfo","t":1775201567004}}
2026-04-03 10:32:47.600 LOG 1: После dispatch: cmd=getClassInfo, data тип=table
2026-04-03 10:32:47.650 LOG 0: Запрос от C# 1 (req_id=10): {"id":10,"cmd":"getClassInfo","t":1775201567005,"data":{"data":"SPBFUT","cmd":"getClassInfo","t":1775201567005}}
2026-04-03 10:32:47.700 LOG 1: После dispatch: cmd=getClassInfo, data тип=table
2026-04-03 10:32:47.750 LOG 0: Запрос от C# 1 (req_id=11): {"id":11,"cmd":"getClassInfo","t":1775201567005,"data":{"data":"SPBOPT","cmd":"getClassInfo","t":1775201567005}}
2026-04-03 10:32:47.800 LOG 1: После dispatch: cmd=getClassInfo, data тип=table
2026-04-03 10:32:47.850 LOG 0: Запрос от C# 1 (req_id=12): {"id":12,"cmd":"getClassInfo","t":1775201567006,"data":{"data":"USDRUB","cmd":"getClassInfo","t":1775201567006}}
2026-04-03 10:32:47.900 LOG 1: После dispatch: cmd=getClassInfo, data тип=table
2026-04-03 10:32:47.950 LOG 0: Запрос от C# 1 (req_id=13): {"id":13,"cmd":"getClassInfo","t":1775201567007,"data":{"data":"OPTSPOT","cmd":"getClassInfo","t":1775201567007}}
2026-04-03 10:32:47.000 LOG 1: После dispatch: cmd=getClassInfo, data тип=table
2026-04-03 10:32:47.050 LOG 0: Запрос от C# 1 (req_id=14): {"id":14,"cmd":"getClassInfo","t":1775201567008,"data":{"data":"OPTCURNCY","cmd":"getClassInfo","t":1775201567008}}
2026-04-03 10:32:47.100 LOG 1: После dispatch: cmd=getClassInfo, data тип=table
2026-04-03 10:32:47.150 LOG 0: Запрос от C# 1 (req_id=15): {"id":15,"cmd":"getClassInfo","t":1775201567008,"data":{"data":"OPTCOMDTY","cmd":"getClassInfo","t":1775201567008}}
2026-04-03 10:32:47.200 LOG 1: После dispatch: cmd=getClassInfo, data тип=table
2026-04-03 10:32:47.250 LOG 0: Запрос от C# 1 (req_id=16): {"id":16,"cmd":"getClassInfo","t":1775201567010,"data":{"data":"OPTIDX","cmd":"getClassInfo","t":1775201567010}}
2026-04-03 10:32:47.300 LOG 1: После dispatch: cmd=getClassInfo, data тип=table
2026-04-03 10:32:47.350 LOG 0: Запрос от C# 1 (req_id=17): {"id":17,"cmd":"getClassInfo","t":1775201567010,"data":{"data":"RTSIDX","cmd":"getClassInfo","t":1775201567010}}
2026-04-03 10:32:47.400 LOG 1: После dispatch: cmd=getClassInfo, data тип=table
2026-04-03 10:32:47.450 LOG 0: Запрос от C# 1 (req_id=18): {"id":18,"cmd":"getClassInfo","t":1775201567011,"data":{"data":"EQRP_INFO","cmd":"getClassInfo","t":1775201567011}}
2026-04-03 10:32:47.500 LOG 1: После dispatch: cmd=getClassInfo, data тип=table
2026-04-03 10:32:47.550 LOG 0: Запрос от C# 1 (req_id=19): {"id":19,"cmd":"getClassInfo","t":1775201567012,"data":{"data":"FUTCLT","cmd":"getClassInfo","t":1775201567012}}
2026-04-03 10:32:47.600 LOG 1: После dispatch: cmd=getClassInfo, data тип=table
2026-04-03 10:32:47.650 LOG 0: Запрос от C# 1 (req_id=20): {"id":20,"cmd":"getClassInfo","t":1775201567012,"data":{"data":"SPBXM","cmd":"getClassInfo","t":1775201567012}}
2026-04-03 10:32:47.700 LOG 1: После dispatch: cmd=getClassInfo, data тип=table
2026-04-03 10:32:47.750 LOG 0: Запрос от C# 1 (req_id=21): {"id":21,"cmd":"getClassInfo","t":1775201567013,"data":{"data":"SPBDE","cmd":"getClassInfo","t":1775201567013}}
2026-04-03 10:32:47.800 LOG 1: После dispatch: cmd=getClassInfo, data тип=table
2026-04-03 10:32:47.850 LOG 0: Запрос от C# 1 (req_id=22): {"id":22,"cmd":"getClassInfo","t":1775201567013,"data":{"data":"SPBEQRU","cmd":"getClassInfo","t":1775201567013}}
2026-04-03 10:32:47.900 LOG 1: После dispatch: cmd=getClassInfo, data тип=table
2026-04-03 10:32:47.950 LOG 0: Запрос от C# 1 (req_id=23): {"id":23,"cmd":"getClassInfo","t":1775201567014,"data":{"data":"SPBRU","cmd":"getClassInfo","t":1775201567014}}
2026-04-03 10:32:47.000 LOG 1: После dispatch: cmd=getClassInfo, data тип=table
2026-04-03 10:32:47.050 LOG 0: Запрос от C# 1 (req_id=24): {"id":24,"cmd":"getClassInfo","t":1775201567015,"data":{"data":"SPBRUBND","cmd":"getClassInfo","t":1775201567015}}
2026-04-03 10:32:47.100 LOG 1: После dispatch: cmd=getClassInfo, data тип=table
2026-04-03 10:32:47.150 LOG 0: Запрос от C# 1 (req_id=25): {"id":25,"cmd":"getClassInfo","t":1775201567015,"data":{"data":"SPBRU_USD","cmd":"getClassInfo","t":1775201567015}}
2026-04-03 10:32:47.200 LOG 1: После dispatch: cmd=getClassInfo, data тип=table
2026-04-03 10:32:47.250 LOG 0: Запрос от C# 1 (req_id=26): {"id":26,"cmd":"getClassInfo","t":1775201567016,"data":{"data":"PSSPBRUBNDDO","cmd":"getClassInfo","t":1775201567016}}
2026-04-03 10:32:47.300 LOG 1: После dispatch: cmd=getClassInfo, data тип=table
2026-04-03 10:32:47.350 LOG 0: Запрос от C# 1 (req_id=27): {"id":27,"cmd":"getClassInfo","t":1775201567018,"data":{"data":"REPORT","cmd":"getClassInfo","t":1775201567018}}
2026-04-03 10:32:47.400 LOG 1: После dispatch: cmd=getClassInfo, data тип=table
2026-04-03 10:32:47.450 LOG 0: Запрос от C# 1 (req_id=28): {"id":28,"cmd":"getClassInfo","t":1775201567019,"data":{"data":"REPORTFORTS","cmd":"getClassInfo","t":1775201567019}}
2026-04-03 10:32:47.500 LOG 1: После dispatch: cmd=getClassInfo, data тип=table
2026-04-03 10:32:47.550 LOG 0: Запрос от C# 1 (req_id=29): {"id":29,"cmd":"getClassInfo","t":1775201567020,"data":{"data":"VTB_OTC","cmd":"getClassInfo","t":1775201567020}}
2026-04-03 10:32:47.600 LOG 1: После dispatch: cmd=getClassInfo, data тип=table
2026-04-03 10:32:47.650 LOG 0: Запрос от C# 1 (req_id=30): {"id":30,"cmd":"getClassInfo","t":1775201567020,"data":{"data":"CROSSRATE","cmd":"getClassInfo","t":1775201567020}}
2026-04-03 10:32:47.700 LOG 1: После dispatch: cmd=getClassInfo, data тип=table
2026-04-03 10:32:47.750 LOG 0: Запрос от C# 1 (req_id=31): {"id":31,"cmd":"getClassInfo","t":1775201567021,"data":{"data":"QT_BN","cmd":"getClassInfo","t":1775201567021}}
2026-04-03 10:32:47.800 LOG 1: После dispatch: cmd=getClassInfo, data тип=table
2026-04-03 10:32:47.850 LOG 0: Запрос от C# 1 (req_id=32): {"id":32,"cmd":"getClassInfo","t":1775201567022,"data":{"data":"INDX","cmd":"getClassInfo","t":1775201567022}}
2026-04-03 10:32:47.900 LOG 1: После dispatch: cmd=getClassInfo, data тип=table
2026-04-03 10:32:47.950 LOG 0: Запрос от C# 1 (req_id=33): {"id":33,"cmd":"getClassInfo","t":1775201567022,"data":{"data":"TQIF_HOL","cmd":"getClassInfo","t":1775201567022}}
2026-04-03 10:32:47.000 LOG 1: После dispatch: cmd=getClassInfo, data тип=table
2026-04-03 10:32:47.050 LOG 0: Запрос от C# 1 (req_id=34): {"id":34,"cmd":"getClassInfo","t":1775201567023,"data":{"data":"TQTF_HOL","cmd":"getClassInfo","t":1775201567023}}
2026-04-03 10:32:47.100 LOG 1: После dispatch: cmd=getClassInfo, data тип=table
2026-04-03 10:32:47.150 LOG 0: Запрос от C# 1 (req_id=35): {"id":35,"cmd":"getClassInfo","t":1775201567023,"data":{"data":"TQTF_W_HOL","cmd":"getClassInfo","t":1775201567023}}
2026-04-03 10:32:47.200 LOG 1: После dispatch: cmd=getClassInfo, data тип=table
2026-04-03 10:32:47.250 LOG 0: Запрос от C# 1 (req_id=36): {"id":36,"cmd":"getClassInfo","t":1775201567024,"data":{"data":"UP","cmd":"getClassInfo","t":1775201567024}}
2026-04-03 10:32:47.300 LOG 1: После dispatch: cmd=getClassInfo, data тип=table
2026-04-03 10:32:47.350 LOG 0: Запрос от C# 1 (req_id=37): {"id":37,"cmd":"getClassInfo","t":1775201567025,"data":{"data":"CETS","cmd":"getClassInfo","t":1775201567025}}
2026-04-03 10:32:47.400 LOG 1: После dispatch: cmd=getClassInfo, data тип=table
2026-04-03 10:32:47.450 LOG 0: Запрос от C# 1 (req_id=38): {"id":38,"cmd":"getClassInfo","t":1775201567025,"data":{"data":"CETS_MTL","cmd":"getClassInfo","t":1775201567025}}
2026-04-03 10:32:47.500 LOG 1: После dispatch: cmd=getClassInfo, data тип=table
2026-04-03 10:32:47.550 LOG 0: Запрос от C# 1 (req_id=39): {"id":39,"cmd":"getClassInfo","t":1775201567026,"data":{"data":"TQFD","cmd":"getClassInfo","t":1775201567026}}
2026-04-03 10:32:47.600 LOG 1: После dispatch: cmd=getClassInfo, data тип=table
2026-04-03 10:32:47.650 LOG 0: Запрос от C# 1 (req_id=40): {"id":40,"cmd":"getClassInfo","t":1775201567028,"data":{"data":"TQFE","cmd":"getClassInfo","t":1775201567028}}
2026-04-03 10:32:47.700 LOG 1: После dispatch: cmd=getClassInfo, data тип=table
2026-04-03 10:32:47.750 LOG 0: Запрос от C# 1 (req_id=41): {"id":41,"cmd":"getClassInfo","t":1775201567029,"data":{"data":"OCTR","cmd":"getClassInfo","t":1775201567029}}
2026-04-03 10:32:47.800 LOG 1: После dispatch: cmd=getClassInfo, data тип=table
2026-04-03 10:32:47.850 LOG 0: Запрос от C# 1 (req_id=42): {"id":42,"cmd":"getClassInfo","t":1775201567030,"data":{"data":"TQTY","cmd":"getClassInfo","t":1775201567030}}
2026-04-03 10:32:47.900 LOG 1: После dispatch: cmd=getClassInfo, data тип=table
2026-04-03 10:32:47.950 LOG 0: Запрос от C# 1 (req_id=43): {"id":43,"cmd":"getClassInfo","t":1775201567030,"data":{"data":"MTQR","cmd":"getClassInfo","t":1775201567030}}
2026-04-03 10:32:47.000 LOG 1: После dispatch: cmd=getClassInfo, data тип=table
2026-04-03 10:32:47.050 LOG 0: Запрос от C# 1 (req_id=44): {"id":44,"cmd":"getClassInfo","t":1775201567031,"data":{"data":"SMAL","cmd":"getClassInfo","t":1775201567031}}
2026-04-03 10:32:47.100 LOG 1: После dispatch: cmd=getClassInfo, data тип=table
2026-04-03 10:32:47.150 LOG 0: Запрос от C# 1 (req_id=45): {"id":45,"cmd":"getClassInfo","t":1775201567031,"data":{"data":"TQBR","cmd":"getClassInfo","t":1775201567031}}
2026-04-03 10:32:47.200 LOG 1: После dispatch: cmd=getClassInfo, data тип=table
2026-04-03 10:32:47.250 LOG 0: Запрос от C# 1 (req_id=46): {"id":46,"cmd":"getClassInfo","t":1775201567032,"data":{"data":"TQOB","cmd":"getClassInfo","t":1775201567032}}
2026-04-03 10:32:47.300 LOG 1: После dispatch: cmd=getClassInfo, data тип=table
2026-04-03 10:32:47.350 LOG 0: Запрос от C# 1 (req_id=47): {"id":47,"cmd":"getClassInfo","t":1775201567033,"data":{"data":"TQIF","cmd":"getClassInfo","t":1775201567033}}
2026-04-03 10:32:47.400 LOG 1: После dispatch: cmd=getClassInfo, data тип=table
2026-04-03 10:32:47.450 LOG 0: Запрос от C# 1 (req_id=48): {"id":48,"cmd":"getClassInfo","t":1775201567033,"data":{"data":"TQTF","cmd":"getClassInfo","t":1775201567033}}
2026-04-03 10:32:47.500 LOG 1: После dispatch: cmd=getClassInfo, data тип=table
2026-04-03 10:32:47.550 LOG 0: Запрос от C# 1 (req_id=49): {"id":49,"cmd":"getClassInfo","t":1775201567034,"data":{"data":"TQTF_W","cmd":"getClassInfo","t":1775201567034}}
2026-04-03 10:32:47.600 LOG 1: После dispatch: cmd=getClassInfo, data тип=table
2026-04-03 10:32:47.650 LOG 0: Запрос от C# 1 (req_id=50): {"id":50,"cmd":"getClassInfo","t":1775201567034,"data":{"data":"TQBD","cmd":"getClassInfo","t":1775201567034}}
2026-04-03 10:32:47.700 LOG 1: После dispatch: cmd=getClassInfo, data тип=table
2026-04-03 10:32:47.750 LOG 0: Запрос от C# 1 (req_id=51): {"id":51,"cmd":"getClassInfo","t":1775201567035,"data":{"data":"TQTD","cmd":"getClassInfo","t":1775201567035}}
2026-04-03 10:32:47.800 LOG 1: После dispatch: cmd=getClassInfo, data тип=table
2026-04-03 10:32:47.850 LOG 0: Запрос от C# 1 (req_id=52): {"id":52,"cmd":"getClassInfo","t":1775201567036,"data":{"data":"TQOD","cmd":"getClassInfo","t":1775201567036}}
2026-04-03 10:32:47.900 LOG 1: После dispatch: cmd=getClassInfo, data тип=table
2026-04-03 10:32:47.950 LOG 0: Запрос от C# 1 (req_id=53): {"id":53,"cmd":"getClassInfo","t":1775201567036,"data":{"data":"TQOY","cmd":"getClassInfo","t":1775201567036}}
2026-04-03 10:32:47.000 LOG 1: После dispatch: cmd=getClassInfo, data тип=table
2026-04-03 10:32:47.050 LOG 0: Запрос от C# 1 (req_id=54): {"id":54,"cmd":"getClassInfo","t":1775201567037,"data":{"data":"TQTF_F_HOL","cmd":"getClassInfo","t":1775201567037}}
2026-04-03 10:32:47.100 LOG 1: После dispatch: cmd=getClassInfo, data тип=table
2026-04-03 10:32:47.150 LOG 0: Запрос от C# 1 (req_id=55): {"id":55,"cmd":"getClassInfo","t":1775201567040,"data":{"data":"EES_OTC","cmd":"getClassInfo","t":1775201567040}}
2026-04-03 10:32:47.200 LOG 1: После dispatch: cmd=getClassInfo, data тип=table
2026-04-03 10:32:47.250 LOG 0: Запрос от C# 1 (req_id=56): {"id":56,"cmd":"getClassInfo","t":1775201567043,"data":{"data":"TQTF_F","cmd":"getClassInfo","t":1775201567043}}
2026-04-03 10:32:47.300 LOG 1: После dispatch: cmd=getClassInfo, data тип=table
2026-04-03 10:32:47.350 LOG 0: Запрос от C# 1 (req_id=57): {"id":57,"cmd":"getClassInfo","t":1775201567044,"data":{"data":"SMS","cmd":"getClassInfo","t":1775201567044}}
2026-04-03 10:32:47.400 LOG 1: После dispatch: cmd=getClassInfo, data тип=table
2026-04-03 10:32:47.450 LOG 0: Запрос от C# 1 (req_id=58): {"id":58,"cmd":"getClassInfo","t":1775201567046,"data":{"data":"ALGO_ICEBERG","cmd":"getClassInfo","t":1775201567046}}
2026-04-03 10:32:47.500 LOG 1: После dispatch: cmd=getClassInfo, data тип=table
2026-04-03 10:32:47.550 LOG 0: Запрос от C# 1 (req_id=59): {"id":59,"cmd":"getClassInfo","t":1775201567047,"data":{"data":"ALGO_VOLATIL","cmd":"getClassInfo","t":1775201567047}}
2026-04-03 10:32:47.600 LOG 1: После dispatch: cmd=getClassInfo, data тип=table
2026-04-03 10:32:47.650 LOG 0: Запрос от C# 1 (req_id=60): {"id":60,"cmd":"getClassInfo","t":1775201567048,"data":{"data":"ALGO_TWAP","cmd":"getClassInfo","t":1775201567048}}
2026-04-03 10:32:47.700 LOG 1: После dispatch: cmd=getClassInfo, data тип=table
2026-04-03 10:32:47.750 LOG 0: Запрос от C# 1 (req_id=61): {"id":61,"cmd":"getClassInfo","t":1775201567050,"data":{"data":"ALGO_VWAP","cmd":"getClassInfo","t":1775201567050}}
2026-04-03 10:32:47.800 LOG 1: После dispatch: cmd=getClassInfo, data тип=table
2026-04-03 10:32:47.850 LOG 0: Запрос от C# 1 (req_id=62): {"id":62,"cmd":"getClassInfo","t":1775201567051,"data":{"data":"ALGO_GTD","cmd":"getClassInfo","t":1775201567051}}
2026-04-03 10:32:47.900 LOG 1: После dispatch: cmd=getClassInfo, data тип=table
2026-04-03 10:32:47.950 LOG 0: Запрос от C# 1 (req_id=63): {"id":63,"cmd":"getClassInfo","t":1775201567051,"data":{"data":"MPAU","cmd":"getClassInfo","t":1775201567051}}
2026-04-03 10:32:47.000 LOG 1: После dispatch: cmd=getClassInfo, data тип=table
2026-04-03 10:32:47.050 LOG 0: Запрос от C# 1 (req_id=64): {"id":64,"cmd":"getClassInfo","t":1775201567052,"data":{"data":"PSAU_FREE","cmd":"getClassInfo","t":1775201567052}}
2026-04-03 10:32:47.100 LOG 1: После dispatch: cmd=getClassInfo, data тип=table
2026-04-03 10:32:47.150 LOG 0: Запрос от C# 1 (req_id=65): {"id":65,"cmd":"getClassInfo","t":1775201567053,"data":{"data":"PSAU","cmd":"getClassInfo","t":1775201567053}}
2026-04-03 10:32:47.200 LOG 1: После dispatch: cmd=getClassInfo, data тип=table
2026-04-03 10:32:47.250 LOG 0: Запрос от C# 1 (req_id=66): {"id":66,"cmd":"getClassInfo","t":1775201567053,"data":{"data":"PSSU","cmd":"getClassInfo","t":1775201567053}}
2026-04-03 10:32:47.300 LOG 1: После dispatch: cmd=getClassInfo, data тип=table
2026-04-03 10:32:47.350 LOG 0: Запрос от C# 1 (req_id=67): {"id":67,"cmd":"getClassInfo","t":1775201567054,"data":{"data":"PSSU_YAD","cmd":"getClassInfo","t":1775201567054}}
2026-04-03 10:32:47.400 LOG 1: После dispatch: cmd=getClassInfo, data тип=table
2026-04-03 10:32:47.450 LOG 0: Запрос от C# 1 (req_id=68): {"id":68,"cmd":"getClassInfo","t":1775201567054,"data":{"data":"PACY","cmd":"getClassInfo","t":1775201567054}}
2026-04-03 10:32:47.500 LOG 1: После dispatch: cmd=getClassInfo, data тип=table
2026-04-03 10:32:47.550 LOG 0: Запрос от C# 1 (req_id=69): {"id":69,"cmd":"getClassInfo","t":1775201567055,"data":{"data":"QT_EQ","cmd":"getClassInfo","t":1775201567055}}
2026-04-03 10:32:47.600 LOG 1: После dispatch: cmd=getClassInfo, data тип=table
2026-04-03 10:32:47.650 LOG 0: Запрос от C# 1 (req_id=70): {"id":70,"cmd":"getClassesList","t":1775201567056,"data":{"data":"","cmd":"getClassesList","t":1775201567056}}
2026-04-03 10:32:47.700 LOG 0: Р’С‹Р·РѕРІ getClassesList, req_id=?
2026-04-03 10:32:47.750 LOG 1: После dispatch: cmd=getClassesList, data тип=string
2026-04-03 10:32:47.800 LOG 0: Запрос от C# 1 (req_id=71): {"id":71,"cmd":"getClassSecurities","t":1775201567057,"data":{"data":"TQTE","cmd":"getClassSecurities","t":1775201567057}}
2026-04-03 10:32:47.850 LOG 1: После dispatch: cmd=getClassSecurities, data тип=string
2026-04-03 10:32:47.900 LOG 0: Запрос от C# 1 (req_id=72): {"id":72,"cmd":"getClassSecurities","t":1775201567059,"data":{"data":"TQCB","cmd":"getClassSecurities","t":1775201567059}}
2026-04-03 10:32:47.950 LOG 1: После dispatch: cmd=getClassSecurities, data тип=string
2026-04-03 10:32:47.000 LOG 0: Запрос от C# 1 (req_id=73): {"id":73,"cmd":"getClassSecurities","t":1775201567068,"data":{"data":"TQOE","cmd":"getClassSecurities","t":1775201567068}}
2026-04-03 10:32:47.050 LOG 1: После dispatch: cmd=getClassSecurities, data тип=string
2026-04-03 10:32:47.100 LOG 0: Запрос от C# 1 (req_id=74): {"id":74,"cmd":"getClassSecurities","t":1775201567071,"data":{"data":"TQRD","cmd":"getClassSecurities","t":1775201567071}}
2026-04-03 10:32:47.150 LOG 1: После dispatch: cmd=getClassSecurities, data тип=string
2026-04-03 10:32:47.200 LOG 0: Запрос от C# 1 (req_id=75): {"id":75,"cmd":"getClassSecurities","t":1775201567073,"data":{"data":"TQUD","cmd":"getClassSecurities","t":1775201567073}}
2026-04-03 10:32:47.250 LOG 1: После dispatch: cmd=getClassSecurities, data тип=string
2026-04-03 10:32:47.300 LOG 0: Запрос от C# 1 (req_id=76): {"id":76,"cmd":"getClassSecurities","t":1775201567074,"data":{"data":"TQED","cmd":"getClassSecurities","t":1775201567074}}
2026-04-03 10:32:47.350 LOG 1: После dispatch: cmd=getClassSecurities, data тип=string
2026-04-03 10:32:47.400 LOG 0: Запрос от C# 1 (req_id=77): {"id":77,"cmd":"getClassSecurities","t":1775201567075,"data":{"data":"FQBR","cmd":"getClassSecurities","t":1775201567075}}
2026-04-03 10:32:47.450 LOG 1: После dispatch: cmd=getClassSecurities, data тип=string
2026-04-03 10:32:47.500 LOG 0: Запрос от C# 1 (req_id=78): {"id":78,"cmd":"getClassSecurities","t":1775201567076,"data":{"data":"SPBFUT","cmd":"getClassSecurities","t":1775201567076}}
2026-04-03 10:32:47.550 LOG 1: После dispatch: cmd=getClassSecurities, data тип=string
2026-04-03 10:32:47.600 LOG 0: Запрос от C# 1 (req_id=79): {"id":79,"cmd":"getClassSecurities","t":1775201567077,"data":{"data":"SPBOPT","cmd":"getClassSecurities","t":1775201567077}}
2026-04-03 10:32:47.650 LOG 1: После dispatch: cmd=getClassSecurities, data тип=string
2026-04-03 10:32:47.700 LOG 0: Запрос от C# 1 (req_id=80): {"id":80,"cmd":"getClassSecurities","t":1775201567099,"data":{"data":"USDRUB","cmd":"getClassSecurities","t":1775201567099}}
2026-04-03 10:32:47.750 LOG 1: После dispatch: cmd=getClassSecurities, data тип=string
2026-04-03 10:32:47.800 LOG 0: Запрос от C# 1 (req_id=81): {"id":81,"cmd":"getClassSecurities","t":1775201567101,"data":{"data":"OPTSPOT","cmd":"getClassSecurities","t":1775201567101}}
2026-04-03 10:32:47.850 LOG 1: После dispatch: cmd=getClassSecurities, data тип=string
2026-04-03 10:32:47.900 LOG 0: Запрос от C# 1 (req_id=82): {"id":82,"cmd":"getClassSecurities","t":1775201567131,"data":{"data":"OPTCURNCY","cmd":"getClassSecurities","t":1775201567131}}
2026-04-03 10:32:47.950 LOG 1: После dispatch: cmd=getClassSecurities, data тип=string
2026-04-03 10:32:47.000 LOG 0: Запрос от C# 1 (req_id=83): {"id":83,"cmd":"getClassSecurities","t":1775201567133,"data":{"data":"OPTCOMDTY","cmd":"getClassSecurities","t":1775201567133}}
2026-04-03 10:32:47.050 LOG 1: После dispatch: cmd=getClassSecurities, data тип=string
2026-04-03 10:32:47.100 LOG 0: Запрос от C# 1 (req_id=84): {"id":84,"cmd":"getClassSecurities","t":1775201567136,"data":{"data":"OPTIDX","cmd":"getClassSecurities","t":1775201567136}}
2026-04-03 10:32:47.150 LOG 1: После dispatch: cmd=getClassSecurities, data тип=string
2026-04-03 10:32:47.200 LOG 0: Запрос от C# 1 (req_id=85): {"id":85,"cmd":"getClassSecurities","t":1775201567141,"data":{"data":"RTSIDX","cmd":"getClassSecurities","t":1775201567141}}
2026-04-03 10:32:47.250 LOG 1: После dispatch: cmd=getClassSecurities, data тип=string
2026-04-03 10:32:47.300 LOG 0: Запрос от C# 1 (req_id=86): {"id":86,"cmd":"getClassSecurities","t":1775201567143,"data":{"data":"EQRP_INFO","cmd":"getClassSecurities","t":1775201567143}}
2026-04-03 10:32:47.350 LOG 1: После dispatch: cmd=getClassSecurities, data тип=string
2026-04-03 10:32:47.400 LOG 0: Запрос от C# 1 (req_id=87): {"id":87,"cmd":"getClassSecurities","t":1775201567155,"data":{"data":"FUTCLT","cmd":"getClassSecurities","t":1775201567155}}
2026-04-03 10:32:47.450 LOG 1: После dispatch: cmd=getClassSecurities, data тип=string
2026-04-03 10:32:47.500 LOG 0: Запрос от C# 1 (req_id=88): {"id":88,"cmd":"getClassSecurities","t":1775201567157,"data":{"data":"SPBXM","cmd":"getClassSecurities","t":1775201567157}}
2026-04-03 10:32:47.550 LOG 1: После dispatch: cmd=getClassSecurities, data тип=string
2026-04-03 10:32:47.600 LOG 0: Запрос от C# 1 (req_id=89): {"id":89,"cmd":"getClassSecurities","t":1775201567162,"data":{"data":"SPBDE","cmd":"getClassSecurities","t":1775201567162}}
2026-04-03 10:32:47.650 LOG 1: После dispatch: cmd=getClassSecurities, data тип=string
2026-04-03 10:32:47.700 LOG 0: Запрос от C# 1 (req_id=90): {"id":90,"cmd":"getClassSecurities","t":1775201567163,"data":{"data":"SPBEQRU","cmd":"getClassSecurities","t":1775201567163}}
2026-04-03 10:32:47.750 LOG 1: После dispatch: cmd=getClassSecurities, data тип=string
2026-04-03 10:32:47.800 LOG 0: Запрос от C# 1 (req_id=91): {"id":91,"cmd":"getClassSecurities","t":1775201567164,"data":{"data":"SPBRU","cmd":"getClassSecurities","t":1775201567164}}
2026-04-03 10:32:47.850 LOG 1: После dispatch: cmd=getClassSecurities, data тип=string
2026-04-03 10:32:47.900 LOG 0: Запрос от C# 1 (req_id=92): {"id":92,"cmd":"getClassSecurities","t":1775201567165,"data":{"data":"SPBRUBND","cmd":"getClassSecurities","t":1775201567165}}
2026-04-03 10:32:47.950 LOG 1: После dispatch: cmd=getClassSecurities, data тип=string
2026-04-03 10:32:47.000 LOG 0: Запрос от C# 1 (req_id=93): {"id":93,"cmd":"getClassSecurities","t":1775201567166,"data":{"data":"SPBRU_USD","cmd":"getClassSecurities","t":1775201567166}}
2026-04-03 10:32:47.050 LOG 1: После dispatch: cmd=getClassSecurities, data тип=string
2026-04-03 10:32:47.100 LOG 0: Запрос от C# 1 (req_id=94): {"id":94,"cmd":"getClassSecurities","t":1775201567167,"data":{"data":"PSSPBRUBNDDO","cmd":"getClassSecurities","t":1775201567167}}
2026-04-03 10:32:47.150 LOG 1: После dispatch: cmd=getClassSecurities, data тип=string
2026-04-03 10:32:47.200 LOG 0: Запрос от C# 1 (req_id=95): {"id":95,"cmd":"getClassSecurities","t":1775201567167,"data":{"data":"REPORT","cmd":"getClassSecurities","t":1775201567167}}
2026-04-03 10:32:47.250 LOG 1: После dispatch: cmd=getClassSecurities, data тип=string
2026-04-03 10:32:47.300 LOG 0: Запрос от C# 1 (req_id=96): {"id":96,"cmd":"getClassSecurities","t":1775201567168,"data":{"data":"REPORTFORTS","cmd":"getClassSecurities","t":1775201567168}}
2026-04-03 10:32:47.350 LOG 1: После dispatch: cmd=getClassSecurities, data тип=string
2026-04-03 10:32:47.400 LOG 0: Запрос от C# 1 (req_id=97): {"id":97,"cmd":"getClassSecurities","t":1775201567169,"data":{"data":"VTB_OTC","cmd":"getClassSecurities","t":1775201567169}}
2026-04-03 10:32:47.450 LOG 1: После dispatch: cmd=getClassSecurities, data тип=string
2026-04-03 10:32:47.500 LOG 0: Запрос от C# 1 (req_id=98): {"id":98,"cmd":"getClassSecurities","t":1775201567170,"data":{"data":"CROSSRATE","cmd":"getClassSecurities","t":1775201567170}}
2026-04-03 10:32:47.550 LOG 1: После dispatch: cmd=getClassSecurities, data тип=string
2026-04-03 10:32:47.600 LOG 0: Запрос от C# 1 (req_id=99): {"id":99,"cmd":"getClassSecurities","t":1775201567172,"data":{"data":"QT_BN","cmd":"getClassSecurities","t":1775201567172}}
2026-04-03 10:32:47.650 LOG 1: После dispatch: cmd=getClassSecurities, data тип=string
2026-04-03 10:32:47.700 LOG 0: Запрос от C# 1 (req_id=100): {"id":100,"cmd":"getClassSecurities","t":1775201567173,"data":{"data":"INDX","cmd":"getClassSecurities","t":1775201567173}}
2026-04-03 10:32:47.750 LOG 1: После dispatch: cmd=getClassSecurities, data тип=string
2026-04-03 10:32:47.800 LOG 0: Запрос от C# 1 (req_id=101): {"id":101,"cmd":"getClassSecurities","t":1775201567174,"data":{"data":"TQIF_HOL","cmd":"getClassSecurities","t":1775201567174}}
2026-04-03 10:32:47.850 LOG 1: После dispatch: cmd=getClassSecurities, data тип=string
2026-04-03 10:32:47.900 LOG 0: Запрос от C# 1 (req_id=102): {"id":102,"cmd":"getClassSecurities","t":1775201567176,"data":{"data":"TQTF_HOL","cmd":"getClassSecurities","t":1775201567176}}
2026-04-03 10:32:47.950 LOG 1: После dispatch: cmd=getClassSecurities, data тип=string
2026-04-03 10:32:47.000 LOG 0: Запрос от C# 1 (req_id=103): {"id":103,"cmd":"getClassSecurities","t":1775201567176,"data":{"data":"TQTF_W_HOL","cmd":"getClassSecurities","t":1775201567176}}
2026-04-03 10:32:47.050 LOG 1: После dispatch: cmd=getClassSecurities, data тип=string
2026-04-03 10:32:47.100 LOG 0: Запрос от C# 1 (req_id=104): {"id":104,"cmd":"getClassSecurities","t":1775201567177,"data":{"data":"UP","cmd":"getClassSecurities","t":1775201567177}}
2026-04-03 10:32:47.150 LOG 1: После dispatch: cmd=getClassSecurities, data тип=string
2026-04-03 10:32:47.200 LOG 0: Запрос от C# 1 (req_id=105): {"id":105,"cmd":"getClassSecurities","t":1775201567178,"data":{"data":"CETS","cmd":"getClassSecurities","t":1775201567178}}
2026-04-03 10:32:47.250 LOG 1: После dispatch: cmd=getClassSecurities, data тип=string
2026-04-03 10:32:47.300 LOG 0: Запрос от C# 1 (req_id=106): {"id":106,"cmd":"getClassSecurities","t":1775201567179,"data":{"data":"CETS_MTL","cmd":"getClassSecurities","t":1775201567179}}
2026-04-03 10:32:47.350 LOG 1: После dispatch: cmd=getClassSecurities, data тип=string
2026-04-03 10:32:47.400 LOG 0: Запрос от C# 1 (req_id=107): {"id":107,"cmd":"getClassSecurities","t":1775201567179,"data":{"data":"TQFD","cmd":"getClassSecurities","t":1775201567179}}
2026-04-03 10:32:47.450 LOG 1: После dispatch: cmd=getClassSecurities, data тип=string
2026-04-03 10:32:47.500 LOG 0: Запрос от C# 1 (req_id=108): {"id":108,"cmd":"getClassSecurities","t":1775201567180,"data":{"data":"TQFE","cmd":"getClassSecurities","t":1775201567180}}
2026-04-03 10:32:47.550 LOG 1: После dispatch: cmd=getClassSecurities, data тип=string
2026-04-03 10:32:47.600 LOG 0: Запрос от C# 1 (req_id=109): {"id":109,"cmd":"getClassSecurities","t":1775201567181,"data":{"data":"OCTR","cmd":"getClassSecurities","t":1775201567181}}
2026-04-03 10:32:47.650 LOG 1: После dispatch: cmd=getClassSecurities, data тип=string
2026-04-03 10:32:47.700 LOG 0: Запрос от C# 1 (req_id=110): {"id":110,"cmd":"getClassSecurities","t":1775201567183,"data":{"data":"TQTY","cmd":"getClassSecurities","t":1775201567183}}
2026-04-03 10:32:47.750 LOG 1: После dispatch: cmd=getClassSecurities, data тип=string
2026-04-03 10:32:47.800 LOG 0: Запрос от C# 1 (req_id=111): {"id":111,"cmd":"getClassSecurities","t":1775201567185,"data":{"data":"MTQR","cmd":"getClassSecurities","t":1775201567185}}
2026-04-03 10:32:47.850 LOG 1: После dispatch: cmd=getClassSecurities, data тип=string
2026-04-03 10:32:47.900 LOG 0: Запрос от C# 1 (req_id=112): {"id":112,"cmd":"getClassSecurities","t":1775201567187,"data":{"data":"SMAL","cmd":"getClassSecurities","t":1775201567187}}
2026-04-03 10:32:47.950 LOG 1: После dispatch: cmd=getClassSecurities, data тип=string
2026-04-03 10:32:47.000 LOG 0: Запрос от C# 1 (req_id=113): {"id":113,"cmd":"getClassSecurities","t":1775201567188,"data":{"data":"TQBR","cmd":"getClassSecurities","t":1775201567188}}
2026-04-03 10:32:47.050 LOG 1: После dispatch: cmd=getClassSecurities, data тип=string
2026-04-03 10:32:47.100 LOG 0: Запрос от C# 1 (req_id=114): {"id":114,"cmd":"getClassSecurities","t":1775201567189,"data":{"data":"TQOB","cmd":"getClassSecurities","t":1775201567189}}
2026-04-03 10:32:47.150 LOG 1: После dispatch: cmd=getClassSecurities, data тип=string
2026-04-03 10:32:47.200 LOG 0: Запрос от C# 1 (req_id=115): {"id":115,"cmd":"getClassSecurities","t":1775201567190,"data":{"data":"TQIF","cmd":"getClassSecurities","t":1775201567190}}
2026-04-03 10:32:47.250 LOG 1: После dispatch: cmd=getClassSecurities, data тип=string
2026-04-03 10:32:47.300 LOG 0: Запрос от C# 1 (req_id=116): {"id":116,"cmd":"getClassSecurities","t":1775201567191,"data":{"data":"TQTF","cmd":"getClassSecurities","t":1775201567191}}
2026-04-03 10:32:47.350 LOG 1: После dispatch: cmd=getClassSecurities, data тип=string
2026-04-03 10:32:47.400 LOG 0: Запрос от C# 1 (req_id=117): {"id":117,"cmd":"getClassSecurities","t":1775201567192,"data":{"data":"TQTF_W","cmd":"getClassSecurities","t":1775201567192}}
2026-04-03 10:32:47.450 LOG 1: После dispatch: cmd=getClassSecurities, data тип=string
2026-04-03 10:32:47.500 LOG 0: Запрос от C# 1 (req_id=118): {"id":118,"cmd":"getClassSecurities","t":1775201567194,"data":{"data":"TQBD","cmd":"getClassSecurities","t":1775201567194}}
2026-04-03 10:32:47.550 LOG 1: После dispatch: cmd=getClassSecurities, data тип=string
2026-04-03 10:32:47.600 LOG 0: Запрос от C# 1 (req_id=119): {"id":119,"cmd":"getClassSecurities","t":1775201567195,"data":{"data":"TQTD","cmd":"getClassSecurities","t":1775201567195}}
2026-04-03 10:32:47.650 LOG 1: После dispatch: cmd=getClassSecurities, data тип=string
2026-04-03 10:32:47.700 LOG 0: Запрос от C# 1 (req_id=120): {"id":120,"cmd":"getClassSecurities","t":1775201567196,"data":{"data":"TQOD","cmd":"getClassSecurities","t":1775201567196}}
2026-04-03 10:32:47.750 LOG 1: После dispatch: cmd=getClassSecurities, data тип=string
2026-04-03 10:32:47.800 LOG 0: Запрос от C# 1 (req_id=121): {"id":121,"cmd":"getClassSecurities","t":1775201567197,"data":{"data":"TQOY","cmd":"getClassSecurities","t":1775201567197}}
2026-04-03 10:32:47.850 LOG 1: После dispatch: cmd=getClassSecurities, data тип=string
2026-04-03 10:32:47.900 LOG 0: Запрос от C# 1 (req_id=122): {"id":122,"cmd":"getClassSecurities","t":1775201567197,"data":{"data":"TQTF_F_HOL","cmd":"getClassSecurities","t":1775201567197}}
2026-04-03 10:32:47.950 LOG 1: После dispatch: cmd=getClassSecurities, data тип=string
2026-04-03 10:32:47.000 LOG 0: Запрос от C# 1 (req_id=123): {"id":123,"cmd":"getClassSecurities","t":1775201567198,"data":{"data":"EES_OTC","cmd":"getClassSecurities","t":1775201567198}}
2026-04-03 10:32:47.050 LOG 1: После dispatch: cmd=getClassSecurities, data тип=string
2026-04-03 10:32:47.100 LOG 0: Запрос от C# 1 (req_id=124): {"id":124,"cmd":"getClassSecurities","t":1775201567199,"data":{"data":"TQTF_F","cmd":"getClassSecurities","t":1775201567199}}
2026-04-03 10:32:47.150 LOG 1: После dispatch: cmd=getClassSecurities, data тип=string
2026-04-03 10:32:47.200 LOG 0: Запрос от C# 1 (req_id=125): {"id":125,"cmd":"getClassSecurities","t":1775201567199,"data":{"data":"SMS","cmd":"getClassSecurities","t":1775201567199}}
2026-04-03 10:32:47.250 LOG 1: После dispatch: cmd=getClassSecurities, data тип=string
2026-04-03 10:32:47.300 LOG 0: Запрос от C# 1 (req_id=126): {"id":126,"cmd":"getClassSecurities","t":1775201567200,"data":{"data":"ALGO_ICEBERG","cmd":"getClassSecurities","t":1775201567200}}
2026-04-03 10:32:47.350 LOG 1: После dispatch: cmd=getClassSecurities, data тип=string
2026-04-03 10:32:47.400 LOG 0: Запрос от C# 1 (req_id=127): {"id":127,"cmd":"getClassSecurities","t":1775201567201,"data":{"data":"ALGO_VOLATIL","cmd":"getClassSecurities","t":1775201567201}}
2026-04-03 10:32:47.450 LOG 1: После dispatch: cmd=getClassSecurities, data тип=string
2026-04-03 10:32:47.500 LOG 0: Запрос от C# 1 (req_id=128): {"id":128,"cmd":"getClassSecurities","t":1775201567201,"data":{"data":"ALGO_TWAP","cmd":"getClassSecurities","t":1775201567201}}
2026-04-03 10:32:47.550 LOG 1: После dispatch: cmd=getClassSecurities, data тип=string
2026-04-03 10:32:47.600 LOG 0: Запрос от C# 1 (req_id=129): {"id":129,"cmd":"getClassSecurities","t":1775201567202,"data":{"data":"ALGO_VWAP","cmd":"getClassSecurities","t":1775201567202}}
2026-04-03 10:32:47.650 LOG 1: После dispatch: cmd=getClassSecurities, data тип=string
2026-04-03 10:32:47.700 LOG 0: Запрос от C# 1 (req_id=130): {"id":130,"cmd":"getClassSecurities","t":1775201567204,"data":{"data":"ALGO_GTD","cmd":"getClassSecurities","t":1775201567204}}
2026-04-03 10:32:47.750 LOG 1: После dispatch: cmd=getClassSecurities, data тип=string
2026-04-03 10:32:47.800 LOG 0: Запрос от C# 1 (req_id=131): {"id":131,"cmd":"getClassSecurities","t":1775201567204,"data":{"data":"MPAU","cmd":"getClassSecurities","t":1775201567204}}
2026-04-03 10:32:47.850 LOG 1: После dispatch: cmd=getClassSecurities, data тип=string
2026-04-03 10:32:47.900 LOG 0: Запрос от C# 1 (req_id=132): {"id":132,"cmd":"getClassSecurities","t":1775201567205,"data":{"data":"PSAU_FREE","cmd":"getClassSecurities","t":1775201567205}}
2026-04-03 10:32:47.950 LOG 1: После dispatch: cmd=getClassSecurities, data тип=string
2026-04-03 10:32:47.000 LOG 0: Запрос от C# 1 (req_id=133): {"id":133,"cmd":"getClassSecurities","t":1775201567206,"data":{"data":"PSAU","cmd":"getClassSecurities","t":1775201567206}}
2026-04-03 10:32:47.050 LOG 1: После dispatch: cmd=getClassSecurities, data тип=string
2026-04-03 10:32:47.100 LOG 0: Запрос от C# 1 (req_id=134): {"id":134,"cmd":"getClassSecurities","t":1775201567207,"data":{"data":"PSSU","cmd":"getClassSecurities","t":1775201567207}}
2026-04-03 10:32:47.150 LOG 1: После dispatch: cmd=getClassSecurities, data тип=string
2026-04-03 10:32:47.200 LOG 0: Запрос от C# 1 (req_id=135): {"id":135,"cmd":"getClassSecurities","t":1775201567207,"data":{"data":"PSSU_YAD","cmd":"getClassSecurities","t":1775201567207}}
2026-04-03 10:32:47.250 LOG 1: После dispatch: cmd=getClassSecurities, data тип=string
2026-04-03 10:32:47.300 LOG 0: Запрос от C# 1 (req_id=136): {"id":136,"cmd":"getClassSecurities","t":1775201567208,"data":{"data":"PACY","cmd":"getClassSecurities","t":1775201567208}}
2026-04-03 10:32:47.350 LOG 1: После dispatch: cmd=getClassSecurities, data тип=string
2026-04-03 10:32:47.400 LOG 0: Запрос от C# 1 (req_id=137): {"id":137,"cmd":"getClassSecurities","t":1775201567208,"data":{"data":"QT_EQ","cmd":"getClassSecurities","t":1775201567208}}
2026-04-03 10:32:47.450 LOG 1: После dispatch: cmd=getClassSecurities, data тип=string
2026-04-03 10:32:47.500 LOG 0: Запрос от C# 1 (req_id=138): {"id":138,"cmd":"getSecurityInfo","t":1775201567210,"data":{"data":"SPBFUT|RIM6","cmd":"getSecurityInfo","t":1775201567210}}
2026-04-03 10:32:47.550 LOG 1: После dispatch: cmd=getSecurityInfo, data тип=table
2026-04-03 10:33:28.050 LOG 0: Запрос от C# 1 (req_id=1): {"id":1,"cmd":"getClassesList","t":1775201608627,"data":{"data":"","cmd":"getClassesList","t":1775201608623}}
2026-04-03 10:33:28.100 LOG 0: Р’С‹Р·РѕРІ getClassesList, req_id=?
2026-04-03 10:33:28.150 LOG 1: После dispatch: cmd=getClassesList, data тип=string
2026-04-03 10:33:28.200 LOG 0: Запрос от C# 1 (req_id=2): {"id":2,"cmd":"getClassesList","t":1775201608863,"data":{"data":"","cmd":"getClassesList","t":1775201608863}}
2026-04-03 10:33:28.250 LOG 0: Р’С‹Р·РѕРІ getClassesList, req_id=?
2026-04-03 10:33:28.300 LOG 1: После dispatch: cmd=getClassesList, data тип=string
2026-04-03 10:33:28.350 LOG 0: Запрос от C# 1 (req_id=3): {"id":3,"cmd":"getClassInfo","t":1775201608865,"data":{"data":"TQTE","cmd":"getClassInfo","t":1775201608865}}
2026-04-03 10:33:28.400 LOG 1: После dispatch: cmd=getClassInfo, data тип=table
2026-04-03 10:33:28.450 LOG 0: Запрос от C# 1 (req_id=4): {"id":4,"cmd":"getClassInfo","t":1775201608870,"data":{"data":"TQCB","cmd":"getClassInfo","t":1775201608870}}
2026-04-03 10:33:28.500 LOG 1: После dispatch: cmd=getClassInfo, data тип=table
2026-04-03 10:33:28.550 LOG 0: Запрос от C# 1 (req_id=5): {"id":5,"cmd":"getClassInfo","t":1775201608871,"data":{"data":"TQOE","cmd":"getClassInfo","t":1775201608871}}
2026-04-03 10:33:28.600 LOG 1: После dispatch: cmd=getClassInfo, data тип=table
2026-04-03 10:33:28.650 LOG 0: Запрос от C# 1 (req_id=6): {"id":6,"cmd":"getClassInfo","t":1775201608872,"data":{"data":"TQRD","cmd":"getClassInfo","t":1775201608872}}
2026-04-03 10:33:28.700 LOG 1: После dispatch: cmd=getClassInfo, data тип=table
2026-04-03 10:33:28.750 LOG 0: Запрос от C# 1 (req_id=7): {"id":7,"cmd":"getClassInfo","t":1775201608873,"data":{"data":"TQUD","cmd":"getClassInfo","t":1775201608873}}
2026-04-03 10:33:28.800 LOG 1: После dispatch: cmd=getClassInfo, data тип=table
2026-04-03 10:33:28.850 LOG 0: Запрос от C# 1 (req_id=8): {"id":8,"cmd":"getClassInfo","t":1775201608873,"data":{"data":"TQED","cmd":"getClassInfo","t":1775201608873}}
2026-04-03 10:33:28.900 LOG 1: После dispatch: cmd=getClassInfo, data тип=table
2026-04-03 10:33:28.950 LOG 0: Запрос от C# 1 (req_id=9): {"id":9,"cmd":"getClassInfo","t":1775201608874,"data":{"data":"FQBR","cmd":"getClassInfo","t":1775201608874}}
2026-04-03 10:33:28.000 LOG 1: После dispatch: cmd=getClassInfo, data тип=table
2026-04-03 10:33:28.050 LOG 0: Запрос от C# 1 (req_id=10): {"id":10,"cmd":"getClassInfo","t":1775201608875,"data":{"data":"SPBFUT","cmd":"getClassInfo","t":1775201608875}}
2026-04-03 10:33:28.100 LOG 1: После dispatch: cmd=getClassInfo, data тип=table
2026-04-03 10:33:28.150 LOG 0: Запрос от C# 1 (req_id=11): {"id":11,"cmd":"getClassInfo","t":1775201608876,"data":{"data":"SPBOPT","cmd":"getClassInfo","t":1775201608876}}
2026-04-03 10:33:28.200 LOG 1: После dispatch: cmd=getClassInfo, data тип=table
2026-04-03 10:33:28.250 LOG 0: Запрос от C# 1 (req_id=12): {"id":12,"cmd":"getClassInfo","t":1775201608876,"data":{"data":"USDRUB","cmd":"getClassInfo","t":1775201608876}}
2026-04-03 10:33:28.300 LOG 1: После dispatch: cmd=getClassInfo, data тип=table
2026-04-03 10:33:28.350 LOG 0: Запрос от C# 1 (req_id=13): {"id":13,"cmd":"getClassInfo","t":1775201608877,"data":{"data":"OPTSPOT","cmd":"getClassInfo","t":1775201608877}}
2026-04-03 10:33:28.400 LOG 1: После dispatch: cmd=getClassInfo, data тип=table
2026-04-03 10:33:28.450 LOG 0: Запрос от C# 1 (req_id=14): {"id":14,"cmd":"getClassInfo","t":1775201608878,"data":{"data":"OPTCURNCY","cmd":"getClassInfo","t":1775201608878}}
2026-04-03 10:33:28.500 LOG 1: После dispatch: cmd=getClassInfo, data тип=table
2026-04-03 10:33:28.550 LOG 0: Запрос от C# 1 (req_id=15): {"id":15,"cmd":"getClassInfo","t":1775201608879,"data":{"data":"OPTCOMDTY","cmd":"getClassInfo","t":1775201608879}}
2026-04-03 10:33:28.600 LOG 1: После dispatch: cmd=getClassInfo, data тип=table
2026-04-03 10:33:28.650 LOG 0: Запрос от C# 1 (req_id=16): {"id":16,"cmd":"getClassInfo","t":1775201608880,"data":{"data":"OPTIDX","cmd":"getClassInfo","t":1775201608880}}
2026-04-03 10:33:28.700 LOG 1: После dispatch: cmd=getClassInfo, data тип=table
2026-04-03 10:33:28.750 LOG 0: Запрос от C# 1 (req_id=17): {"id":17,"cmd":"getClassInfo","t":1775201608881,"data":{"data":"RTSIDX","cmd":"getClassInfo","t":1775201608881}}
2026-04-03 10:33:28.800 LOG 1: После dispatch: cmd=getClassInfo, data тип=table
2026-04-03 10:33:28.850 LOG 0: Запрос от C# 1 (req_id=18): {"id":18,"cmd":"getClassInfo","t":1775201608882,"data":{"data":"EQRP_INFO","cmd":"getClassInfo","t":1775201608882}}
2026-04-03 10:33:28.900 LOG 1: После dispatch: cmd=getClassInfo, data тип=table
2026-04-03 10:33:28.950 LOG 0: Запрос от C# 1 (req_id=19): {"id":19,"cmd":"getClassInfo","t":1775201608883,"data":{"data":"FUTCLT","cmd":"getClassInfo","t":1775201608883}}
2026-04-03 10:33:28.000 LOG 1: После dispatch: cmd=getClassInfo, data тип=table
2026-04-03 10:33:28.050 LOG 0: Запрос от C# 1 (req_id=20): {"id":20,"cmd":"getClassInfo","t":1775201608884,"data":{"data":"SPBXM","cmd":"getClassInfo","t":1775201608884}}
2026-04-03 10:33:28.100 LOG 1: После dispatch: cmd=getClassInfo, data тип=table
2026-04-03 10:33:28.150 LOG 0: Запрос от C# 1 (req_id=21): {"id":21,"cmd":"getClassInfo","t":1775201608885,"data":{"data":"SPBDE","cmd":"getClassInfo","t":1775201608885}}
2026-04-03 10:33:28.200 LOG 1: После dispatch: cmd=getClassInfo, data тип=table
2026-04-03 10:33:28.250 LOG 0: Запрос от C# 1 (req_id=22): {"id":22,"cmd":"getClassInfo","t":1775201608886,"data":{"data":"SPBEQRU","cmd":"getClassInfo","t":1775201608886}}
2026-04-03 10:33:28.300 LOG 1: После dispatch: cmd=getClassInfo, data тип=table
2026-04-03 10:33:28.350 LOG 0: Запрос от C# 1 (req_id=23): {"id":23,"cmd":"getClassInfo","t":1775201608887,"data":{"data":"SPBRU","cmd":"getClassInfo","t":1775201608887}}
2026-04-03 10:33:28.400 LOG 1: После dispatch: cmd=getClassInfo, data тип=table
2026-04-03 10:33:28.450 LOG 0: Запрос от C# 1 (req_id=24): {"id":24,"cmd":"getClassInfo","t":1775201608888,"data":{"data":"SPBRUBND","cmd":"getClassInfo","t":1775201608888}}
2026-04-03 10:33:28.500 LOG 1: После dispatch: cmd=getClassInfo, data тип=table
2026-04-03 10:33:28.550 LOG 0: Запрос от C# 1 (req_id=25): {"id":25,"cmd":"getClassInfo","t":1775201608889,"data":{"data":"SPBRU_USD","cmd":"getClassInfo","t":1775201608889}}
2026-04-03 10:33:28.600 LOG 1: После dispatch: cmd=getClassInfo, data тип=table
2026-04-03 10:33:28.650 LOG 0: Запрос от C# 1 (req_id=26): {"id":26,"cmd":"getClassInfo","t":1775201608890,"data":{"data":"PSSPBRUBNDDO","cmd":"getClassInfo","t":1775201608890}}
2026-04-03 10:33:28.700 LOG 1: После dispatch: cmd=getClassInfo, data тип=table
2026-04-03 10:33:28.750 LOG 0: Запрос от C# 1 (req_id=27): {"id":27,"cmd":"getClassInfo","t":1775201608891,"data":{"data":"REPORT","cmd":"getClassInfo","t":1775201608891}}
2026-04-03 10:33:28.800 LOG 1: После dispatch: cmd=getClassInfo, data тип=table
2026-04-03 10:33:28.850 LOG 0: Запрос от C# 1 (req_id=28): {"id":28,"cmd":"getClassInfo","t":1775201608892,"data":{"data":"REPORTFORTS","cmd":"getClassInfo","t":1775201608892}}
2026-04-03 10:33:28.900 LOG 1: После dispatch: cmd=getClassInfo, data тип=table
2026-04-03 10:33:28.950 LOG 0: Запрос от C# 1 (req_id=29): {"id":29,"cmd":"getClassInfo","t":1775201608893,"data":{"data":"VTB_OTC","cmd":"getClassInfo","t":1775201608893}}
2026-04-03 10:33:28.000 LOG 1: После dispatch: cmd=getClassInfo, data тип=table
2026-04-03 10:33:28.050 LOG 0: Запрос от C# 1 (req_id=30): {"id":30,"cmd":"getClassInfo","t":1775201608894,"data":{"data":"CROSSRATE","cmd":"getClassInfo","t":1775201608894}}
2026-04-03 10:33:28.100 LOG 1: После dispatch: cmd=getClassInfo, data тип=table
2026-04-03 10:33:28.150 LOG 0: Запрос от C# 1 (req_id=31): {"id":31,"cmd":"getClassInfo","t":1775201608895,"data":{"data":"QT_BN","cmd":"getClassInfo","t":1775201608895}}
2026-04-03 10:33:28.200 LOG 1: После dispatch: cmd=getClassInfo, data тип=table
2026-04-03 10:33:28.250 LOG 0: Запрос от C# 1 (req_id=32): {"id":32,"cmd":"getClassInfo","t":1775201608895,"data":{"data":"INDX","cmd":"getClassInfo","t":1775201608895}}
2026-04-03 10:33:28.300 LOG 1: После dispatch: cmd=getClassInfo, data тип=table
2026-04-03 10:33:28.350 LOG 0: Запрос от C# 1 (req_id=33): {"id":33,"cmd":"getClassInfo","t":1775201608896,"data":{"data":"TQIF_HOL","cmd":"getClassInfo","t":1775201608896}}
2026-04-03 10:33:28.400 LOG 1: После dispatch: cmd=getClassInfo, data тип=table
2026-04-03 10:33:28.450 LOG 0: Запрос от C# 1 (req_id=34): {"id":34,"cmd":"getClassInfo","t":1775201608897,"data":{"data":"TQTF_HOL","cmd":"getClassInfo","t":1775201608897}}
2026-04-03 10:33:28.500 LOG 1: После dispatch: cmd=getClassInfo, data тип=table
2026-04-03 10:33:28.550 LOG 0: Запрос от C# 1 (req_id=35): {"id":35,"cmd":"getClassInfo","t":1775201608897,"data":{"data":"TQTF_W_HOL","cmd":"getClassInfo","t":1775201608897}}
2026-04-03 10:33:28.600 LOG 1: После dispatch: cmd=getClassInfo, data тип=table
2026-04-03 10:33:28.650 LOG 0: Запрос от C# 1 (req_id=36): {"id":36,"cmd":"getClassInfo","t":1775201608898,"data":{"data":"UP","cmd":"getClassInfo","t":1775201608898}}
2026-04-03 10:33:28.700 LOG 1: После dispatch: cmd=getClassInfo, data тип=table
2026-04-03 10:33:28.750 LOG 0: Запрос от C# 1 (req_id=37): {"id":37,"cmd":"getClassInfo","t":1775201608899,"data":{"data":"CETS","cmd":"getClassInfo","t":1775201608899}}
2026-04-03 10:33:28.800 LOG 1: После dispatch: cmd=getClassInfo, data тип=table
2026-04-03 10:33:28.850 LOG 0: Запрос от C# 1 (req_id=38): {"id":38,"cmd":"getClassInfo","t":1775201608899,"data":{"data":"CETS_MTL","cmd":"getClassInfo","t":1775201608899}}
2026-04-03 10:33:28.900 LOG 1: После dispatch: cmd=getClassInfo, data тип=table
2026-04-03 10:33:28.950 LOG 0: Запрос от C# 1 (req_id=39): {"id":39,"cmd":"getClassInfo","t":1775201608902,"data":{"data":"TQFD","cmd":"getClassInfo","t":1775201608902}}
2026-04-03 10:33:28.000 LOG 1: После dispatch: cmd=getClassInfo, data тип=table
2026-04-03 10:33:28.050 LOG 0: Запрос от C# 1 (req_id=40): {"id":40,"cmd":"getClassInfo","t":1775201608903,"data":{"data":"TQFE","cmd":"getClassInfo","t":1775201608903}}
2026-04-03 10:33:28.100 LOG 1: После dispatch: cmd=getClassInfo, data тип=table
2026-04-03 10:33:28.150 LOG 0: Запрос от C# 1 (req_id=41): {"id":41,"cmd":"getClassInfo","t":1775201608904,"data":{"data":"OCTR","cmd":"getClassInfo","t":1775201608904}}
2026-04-03 10:33:28.200 LOG 1: После dispatch: cmd=getClassInfo, data тип=table
2026-04-03 10:33:28.250 LOG 0: Запрос от C# 1 (req_id=42): {"id":42,"cmd":"getClassInfo","t":1775201608904,"data":{"data":"TQTY","cmd":"getClassInfo","t":1775201608904}}
2026-04-03 10:33:28.300 LOG 1: После dispatch: cmd=getClassInfo, data тип=table
2026-04-03 10:33:28.350 LOG 0: Запрос от C# 1 (req_id=43): {"id":43,"cmd":"getClassInfo","t":1775201608905,"data":{"data":"MTQR","cmd":"getClassInfo","t":1775201608905}}
2026-04-03 10:33:28.400 LOG 1: После dispatch: cmd=getClassInfo, data тип=table
2026-04-03 10:33:28.450 LOG 0: Запрос от C# 1 (req_id=44): {"id":44,"cmd":"getClassInfo","t":1775201608907,"data":{"data":"SMAL","cmd":"getClassInfo","t":1775201608907}}
2026-04-03 10:33:28.500 LOG 1: После dispatch: cmd=getClassInfo, data тип=table
2026-04-03 10:33:28.550 LOG 0: Запрос от C# 1 (req_id=45): {"id":45,"cmd":"getClassInfo","t":1775201608908,"data":{"data":"TQBR","cmd":"getClassInfo","t":1775201608908}}
2026-04-03 10:33:28.600 LOG 1: После dispatch: cmd=getClassInfo, data тип=table
2026-04-03 10:33:28.650 LOG 0: Запрос от C# 1 (req_id=46): {"id":46,"cmd":"getClassInfo","t":1775201608908,"data":{"data":"TQOB","cmd":"getClassInfo","t":1775201608908}}
2026-04-03 10:33:28.700 LOG 1: После dispatch: cmd=getClassInfo, data тип=table
2026-04-03 10:33:28.750 LOG 0: Запрос от C# 1 (req_id=47): {"id":47,"cmd":"getClassInfo","t":1775201608909,"data":{"data":"TQIF","cmd":"getClassInfo","t":1775201608909}}
2026-04-03 10:33:28.800 LOG 1: После dispatch: cmd=getClassInfo, data тип=table
2026-04-03 10:33:28.850 LOG 0: Запрос от C# 1 (req_id=48): {"id":48,"cmd":"getClassInfo","t":1775201608911,"data":{"data":"TQTF","cmd":"getClassInfo","t":1775201608911}}
2026-04-03 10:33:28.900 LOG 1: После dispatch: cmd=getClassInfo, data тип=table
2026-04-03 10:33:28.950 LOG 0: Запрос от C# 1 (req_id=49): {"id":49,"cmd":"getClassInfo","t":1775201608912,"data":{"data":"TQTF_W","cmd":"getClassInfo","t":1775201608912}}
2026-04-03 10:33:28.000 LOG 1: После dispatch: cmd=getClassInfo, data тип=table
2026-04-03 10:33:28.050 LOG 0: Запрос от C# 1 (req_id=50): {"id":50,"cmd":"getClassInfo","t":1775201608912,"data":{"data":"TQBD","cmd":"getClassInfo","t":1775201608912}}
2026-04-03 10:33:28.100 LOG 1: После dispatch: cmd=getClassInfo, data тип=table
2026-04-03 10:33:28.150 LOG 0: Запрос от C# 1 (req_id=51): {"id":51,"cmd":"getClassInfo","t":1775201608914,"data":{"data":"TQTD","cmd":"getClassInfo","t":1775201608914}}
2026-04-03 10:33:28.200 LOG 1: После dispatch: cmd=getClassInfo, data тип=table
2026-04-03 10:33:28.250 LOG 0: Запрос от C# 1 (req_id=52): {"id":52,"cmd":"getClassInfo","t":1775201608915,"data":{"data":"TQOD","cmd":"getClassInfo","t":1775201608915}}
2026-04-03 10:33:28.300 LOG 1: После dispatch: cmd=getClassInfo, data тип=table
2026-04-03 10:33:28.350 LOG 0: Запрос от C# 1 (req_id=53): {"id":53,"cmd":"getClassInfo","t":1775201608916,"data":{"data":"TQOY","cmd":"getClassInfo","t":1775201608916}}
2026-04-03 10:33:28.400 LOG 1: После dispatch: cmd=getClassInfo, data тип=table
2026-04-03 10:33:28.450 LOG 0: Запрос от C# 1 (req_id=54): {"id":54,"cmd":"getClassInfo","t":1775201608917,"data":{"data":"TQTF_F_HOL","cmd":"getClassInfo","t":1775201608917}}
2026-04-03 10:33:28.500 LOG 1: После dispatch: cmd=getClassInfo, data тип=table
2026-04-03 10:33:28.550 LOG 0: Запрос от C# 1 (req_id=55): {"id":55,"cmd":"getClassInfo","t":1775201608918,"data":{"data":"EES_OTC","cmd":"getClassInfo","t":1775201608918}}
2026-04-03 10:33:28.600 LOG 1: После dispatch: cmd=getClassInfo, data тип=table
2026-04-03 10:33:28.650 LOG 0: Запрос от C# 1 (req_id=56): {"id":56,"cmd":"getClassInfo","t":1775201608921,"data":{"data":"TQTF_F","cmd":"getClassInfo","t":1775201608921}}
2026-04-03 10:33:28.700 LOG 1: После dispatch: cmd=getClassInfo, data тип=table
2026-04-03 10:33:28.750 LOG 0: Запрос от C# 1 (req_id=57): {"id":57,"cmd":"getClassInfo","t":1775201608924,"data":{"data":"SMS","cmd":"getClassInfo","t":1775201608924}}
2026-04-03 10:33:28.800 LOG 1: После dispatch: cmd=getClassInfo, data тип=table
2026-04-03 10:33:28.850 LOG 0: Запрос от C# 1 (req_id=58): {"id":58,"cmd":"getClassInfo","t":1775201608924,"data":{"data":"ALGO_ICEBERG","cmd":"getClassInfo","t":1775201608924}}
2026-04-03 10:33:28.900 LOG 1: После dispatch: cmd=getClassInfo, data тип=table
2026-04-03 10:33:28.950 LOG 0: Запрос от C# 1 (req_id=59): {"id":59,"cmd":"getClassInfo","t":1775201608925,"data":{"data":"ALGO_VOLATIL","cmd":"getClassInfo","t":1775201608925}}
2026-04-03 10:33:28.000 LOG 1: После dispatch: cmd=getClassInfo, data тип=table
2026-04-03 10:33:28.050 LOG 0: Запрос от C# 1 (req_id=60): {"id":60,"cmd":"getClassInfo","t":1775201608925,"data":{"data":"ALGO_TWAP","cmd":"getClassInfo","t":1775201608925}}
2026-04-03 10:33:28.100 LOG 1: После dispatch: cmd=getClassInfo, data тип=table
2026-04-03 10:33:28.150 LOG 0: Запрос от C# 1 (req_id=61): {"id":61,"cmd":"getClassInfo","t":1775201608926,"data":{"data":"ALGO_VWAP","cmd":"getClassInfo","t":1775201608926}}
2026-04-03 10:33:28.200 LOG 1: После dispatch: cmd=getClassInfo, data тип=table
2026-04-03 10:33:28.250 LOG 0: Запрос от C# 1 (req_id=62): {"id":62,"cmd":"getClassInfo","t":1775201608927,"data":{"data":"ALGO_GTD","cmd":"getClassInfo","t":1775201608927}}
2026-04-03 10:33:28.300 LOG 1: После dispatch: cmd=getClassInfo, data тип=table
2026-04-03 10:33:28.350 LOG 0: Запрос от C# 1 (req_id=63): {"id":63,"cmd":"getClassInfo","t":1775201608927,"data":{"data":"MPAU","cmd":"getClassInfo","t":1775201608927}}
2026-04-03 10:33:28.400 LOG 1: После dispatch: cmd=getClassInfo, data тип=table
2026-04-03 10:33:28.450 LOG 0: Запрос от C# 1 (req_id=64): {"id":64,"cmd":"getClassInfo","t":1775201608928,"data":{"data":"PSAU_FREE","cmd":"getClassInfo","t":1775201608928}}
2026-04-03 10:33:28.500 LOG 1: После dispatch: cmd=getClassInfo, data тип=table
2026-04-03 10:33:28.550 LOG 0: Запрос от C# 1 (req_id=65): {"id":65,"cmd":"getClassInfo","t":1775201608929,"data":{"data":"PSAU","cmd":"getClassInfo","t":1775201608929}}
2026-04-03 10:33:28.600 LOG 1: После dispatch: cmd=getClassInfo, data тип=table
2026-04-03 10:33:28.650 LOG 0: Запрос от C# 1 (req_id=66): {"id":66,"cmd":"getClassInfo","t":1775201608931,"data":{"data":"PSSU","cmd":"getClassInfo","t":1775201608931}}
2026-04-03 10:33:28.700 LOG 1: После dispatch: cmd=getClassInfo, data тип=table
2026-04-03 10:33:28.750 LOG 0: Запрос от C# 1 (req_id=67): {"id":67,"cmd":"getClassInfo","t":1775201608932,"data":{"data":"PSSU_YAD","cmd":"getClassInfo","t":1775201608932}}
2026-04-03 10:33:28.800 LOG 1: После dispatch: cmd=getClassInfo, data тип=table
2026-04-03 10:33:28.850 LOG 0: Запрос от C# 1 (req_id=68): {"id":68,"cmd":"getClassInfo","t":1775201608933,"data":{"data":"PACY","cmd":"getClassInfo","t":1775201608933}}
2026-04-03 10:33:28.900 LOG 1: После dispatch: cmd=getClassInfo, data тип=table
2026-04-03 10:33:28.950 LOG 0: Запрос от C# 1 (req_id=69): {"id":69,"cmd":"getClassInfo","t":1775201608934,"data":{"data":"QT_EQ","cmd":"getClassInfo","t":1775201608934}}
2026-04-03 10:33:28.000 LOG 1: После dispatch: cmd=getClassInfo, data тип=table
2026-04-03 10:33:28.050 LOG 0: Запрос от C# 1 (req_id=70): {"id":70,"cmd":"getClassesList","t":1775201608936,"data":{"data":"","cmd":"getClassesList","t":1775201608936}}
2026-04-03 10:33:28.100 LOG 0: Р’С‹Р·РѕРІ getClassesList, req_id=?
2026-04-03 10:33:28.150 LOG 1: После dispatch: cmd=getClassesList, data тип=string
2026-04-03 10:33:28.200 LOG 0: Запрос от C# 1 (req_id=71): {"id":71,"cmd":"getClassSecurities","t":1775201608939,"data":{"data":"TQTE","cmd":"getClassSecurities","t":1775201608939}}
2026-04-03 10:33:28.250 LOG 1: После dispatch: cmd=getClassSecurities, data тип=string
2026-04-03 10:33:28.300 LOG 0: Запрос от C# 1 (req_id=72): {"id":72,"cmd":"getClassSecurities","t":1775201608941,"data":{"data":"TQCB","cmd":"getClassSecurities","t":1775201608941}}
2026-04-03 10:33:28.350 LOG 1: После dispatch: cmd=getClassSecurities, data тип=string
2026-04-03 10:33:28.400 LOG 0: Запрос от C# 1 (req_id=73): {"id":73,"cmd":"getClassSecurities","t":1775201608958,"data":{"data":"TQOE","cmd":"getClassSecurities","t":1775201608958}}
2026-04-03 10:33:28.450 LOG 1: После dispatch: cmd=getClassSecurities, data тип=string
2026-04-03 10:33:28.500 LOG 0: Запрос от C# 1 (req_id=74): {"id":74,"cmd":"getClassSecurities","t":1775201608960,"data":{"data":"TQRD","cmd":"getClassSecurities","t":1775201608960}}
2026-04-03 10:33:28.550 LOG 1: После dispatch: cmd=getClassSecurities, data тип=string
2026-04-03 10:33:28.600 LOG 0: Запрос от C# 1 (req_id=75): {"id":75,"cmd":"getClassSecurities","t":1775201608961,"data":{"data":"TQUD","cmd":"getClassSecurities","t":1775201608961}}
2026-04-03 10:33:28.650 LOG 1: После dispatch: cmd=getClassSecurities, data тип=string
2026-04-03 10:33:28.700 LOG 0: Запрос от C# 1 (req_id=76): {"id":76,"cmd":"getClassSecurities","t":1775201608962,"data":{"data":"TQED","cmd":"getClassSecurities","t":1775201608962}}
2026-04-03 10:33:28.750 LOG 1: После dispatch: cmd=getClassSecurities, data тип=string
2026-04-03 10:33:28.800 LOG 0: Запрос от C# 1 (req_id=77): {"id":77,"cmd":"getClassSecurities","t":1775201608963,"data":{"data":"FQBR","cmd":"getClassSecurities","t":1775201608963}}
2026-04-03 10:33:28.850 LOG 1: После dispatch: cmd=getClassSecurities, data тип=string
2026-04-03 10:33:28.900 LOG 0: Запрос от C# 1 (req_id=78): {"id":78,"cmd":"getClassSecurities","t":1775201608964,"data":{"data":"SPBFUT","cmd":"getClassSecurities","t":1775201608964}}
2026-04-03 10:33:28.950 LOG 1: После dispatch: cmd=getClassSecurities, data тип=string
2026-04-03 10:33:28.000 LOG 0: Запрос от C# 1 (req_id=79): {"id":79,"cmd":"getClassSecurities","t":1775201608966,"data":{"data":"SPBOPT","cmd":"getClassSecurities","t":1775201608966}}
2026-04-03 10:33:28.050 LOG 1: После dispatch: cmd=getClassSecurities, data тип=string
2026-04-03 10:33:28.100 LOG 0: Запрос от C# 1 (req_id=80): {"id":80,"cmd":"getClassSecurities","t":1775201608996,"data":{"data":"USDRUB","cmd":"getClassSecurities","t":1775201608996}}
2026-04-03 10:33:28.150 LOG 1: После dispatch: cmd=getClassSecurities, data тип=string
2026-04-03 10:33:28.200 LOG 0: Запрос от C# 1 (req_id=81): {"id":81,"cmd":"getClassSecurities","t":1775201608998,"data":{"data":"OPTSPOT","cmd":"getClassSecurities","t":1775201608998}}
2026-04-03 10:33:29.050 LOG 1: После dispatch: cmd=getClassSecurities, data тип=string
2026-04-03 10:33:29.100 LOG 0: Запрос от C# 1 (req_id=82): {"id":82,"cmd":"getClassSecurities","t":1775201609032,"data":{"data":"OPTCURNCY","cmd":"getClassSecurities","t":1775201609032}}
2026-04-03 10:33:29.150 LOG 1: После dispatch: cmd=getClassSecurities, data тип=string
2026-04-03 10:33:29.200 LOG 0: Запрос от C# 1 (req_id=83): {"id":83,"cmd":"getClassSecurities","t":1775201609034,"data":{"data":"OPTCOMDTY","cmd":"getClassSecurities","t":1775201609034}}
2026-04-03 10:33:29.250 LOG 1: После dispatch: cmd=getClassSecurities, data тип=string
2026-04-03 10:33:29.300 LOG 0: Запрос от C# 1 (req_id=84): {"id":84,"cmd":"getClassSecurities","t":1775201609037,"data":{"data":"OPTIDX","cmd":"getClassSecurities","t":1775201609037}}
2026-04-03 10:33:29.350 LOG 1: После dispatch: cmd=getClassSecurities, data тип=string
2026-04-03 10:33:29.400 LOG 0: Запрос от C# 1 (req_id=85): {"id":85,"cmd":"getClassSecurities","t":1775201609042,"data":{"data":"RTSIDX","cmd":"getClassSecurities","t":1775201609042}}
2026-04-03 10:33:29.450 LOG 1: После dispatch: cmd=getClassSecurities, data тип=string
2026-04-03 10:33:29.500 LOG 0: Запрос от C# 1 (req_id=86): {"id":86,"cmd":"getClassSecurities","t":1775201609045,"data":{"data":"EQRP_INFO","cmd":"getClassSecurities","t":1775201609045}}
2026-04-03 10:33:29.550 LOG 1: После dispatch: cmd=getClassSecurities, data тип=string
2026-04-03 10:33:29.600 LOG 0: Запрос от C# 1 (req_id=87): {"id":87,"cmd":"getClassSecurities","t":1775201609056,"data":{"data":"FUTCLT","cmd":"getClassSecurities","t":1775201609056}}
2026-04-03 10:33:29.650 LOG 1: После dispatch: cmd=getClassSecurities, data тип=string
2026-04-03 10:33:29.700 LOG 0: Запрос от C# 1 (req_id=88): {"id":88,"cmd":"getClassSecurities","t":1775201609057,"data":{"data":"SPBXM","cmd":"getClassSecurities","t":1775201609057}}
2026-04-03 10:33:29.750 LOG 1: После dispatch: cmd=getClassSecurities, data тип=string
2026-04-03 10:33:29.800 LOG 0: Запрос от C# 1 (req_id=89): {"id":89,"cmd":"getClassSecurities","t":1775201609061,"data":{"data":"SPBDE","cmd":"getClassSecurities","t":1775201609061}}
2026-04-03 10:33:29.850 LOG 1: После dispatch: cmd=getClassSecurities, data тип=string
2026-04-03 10:33:29.900 LOG 0: Запрос от C# 1 (req_id=90): {"id":90,"cmd":"getClassSecurities","t":1775201609062,"data":{"data":"SPBEQRU","cmd":"getClassSecurities","t":1775201609062}}
2026-04-03 10:33:29.950 LOG 1: После dispatch: cmd=getClassSecurities, data тип=string
2026-04-03 10:33:29.000 LOG 0: Запрос от C# 1 (req_id=91): {"id":91,"cmd":"getClassSecurities","t":1775201609063,"data":{"data":"SPBRU","cmd":"getClassSecurities","t":1775201609063}}
2026-04-03 10:33:29.050 LOG 1: После dispatch: cmd=getClassSecurities, data тип=string
2026-04-03 10:33:29.100 LOG 0: Запрос от C# 1 (req_id=92): {"id":92,"cmd":"getClassSecurities","t":1775201609065,"data":{"data":"SPBRUBND","cmd":"getClassSecurities","t":1775201609065}}
2026-04-03 10:33:29.150 LOG 1: После dispatch: cmd=getClassSecurities, data тип=string
2026-04-03 10:33:29.200 LOG 0: Запрос от C# 1 (req_id=93): {"id":93,"cmd":"getClassSecurities","t":1775201609067,"data":{"data":"SPBRU_USD","cmd":"getClassSecurities","t":1775201609067}}
2026-04-03 10:33:29.250 LOG 1: После dispatch: cmd=getClassSecurities, data тип=string
2026-04-03 10:33:29.300 LOG 0: Запрос от C# 1 (req_id=94): {"id":94,"cmd":"getClassSecurities","t":1775201609068,"data":{"data":"PSSPBRUBNDDO","cmd":"getClassSecurities","t":1775201609068}}
2026-04-03 10:33:29.350 LOG 1: После dispatch: cmd=getClassSecurities, data тип=string
2026-04-03 10:33:29.400 LOG 0: Запрос от C# 1 (req_id=95): {"id":95,"cmd":"getClassSecurities","t":1775201609070,"data":{"data":"REPORT","cmd":"getClassSecurities","t":1775201609070}}
2026-04-03 10:33:29.450 LOG 1: После dispatch: cmd=getClassSecurities, data тип=string
2026-04-03 10:33:29.500 LOG 0: Запрос от C# 1 (req_id=96): {"id":96,"cmd":"getClassSecurities","t":1775201609071,"data":{"data":"REPORTFORTS","cmd":"getClassSecurities","t":1775201609071}}
2026-04-03 10:33:29.550 LOG 1: После dispatch: cmd=getClassSecurities, data тип=string
2026-04-03 10:33:29.600 LOG 0: Запрос от C# 1 (req_id=97): {"id":97,"cmd":"getClassSecurities","t":1775201609072,"data":{"data":"VTB_OTC","cmd":"getClassSecurities","t":1775201609072}}
2026-04-03 10:33:29.650 LOG 1: После dispatch: cmd=getClassSecurities, data тип=string
2026-04-03 10:33:29.700 LOG 0: Запрос от C# 1 (req_id=98): {"id":98,"cmd":"getClassSecurities","t":1775201609073,"data":{"data":"CROSSRATE","cmd":"getClassSecurities","t":1775201609073}}
2026-04-03 10:33:29.750 LOG 1: После dispatch: cmd=getClassSecurities, data тип=string
2026-04-03 10:33:29.800 LOG 0: Запрос от C# 1 (req_id=99): {"id":99,"cmd":"getClassSecurities","t":1775201609074,"data":{"data":"QT_BN","cmd":"getClassSecurities","t":1775201609074}}
2026-04-03 10:33:29.850 LOG 1: После dispatch: cmd=getClassSecurities, data тип=string
2026-04-03 10:33:29.900 LOG 0: Запрос от C# 1 (req_id=100): {"id":100,"cmd":"getClassSecurities","t":1775201609075,"data":{"data":"INDX","cmd":"getClassSecurities","t":1775201609075}}
2026-04-03 10:33:29.950 LOG 1: После dispatch: cmd=getClassSecurities, data тип=string
2026-04-03 10:33:29.000 LOG 0: Запрос от C# 1 (req_id=101): {"id":101,"cmd":"getClassSecurities","t":1775201609076,"data":{"data":"TQIF_HOL","cmd":"getClassSecurities","t":1775201609076}}
2026-04-03 10:33:29.050 LOG 1: После dispatch: cmd=getClassSecurities, data тип=string
2026-04-03 10:33:29.100 LOG 0: Запрос от C# 1 (req_id=102): {"id":102,"cmd":"getClassSecurities","t":1775201609077,"data":{"data":"TQTF_HOL","cmd":"getClassSecurities","t":1775201609077}}
2026-04-03 10:33:29.150 LOG 1: После dispatch: cmd=getClassSecurities, data тип=string
2026-04-03 10:33:29.200 LOG 0: Запрос от C# 1 (req_id=103): {"id":103,"cmd":"getClassSecurities","t":1775201609078,"data":{"data":"TQTF_W_HOL","cmd":"getClassSecurities","t":1775201609078}}
2026-04-03 10:33:29.250 LOG 1: После dispatch: cmd=getClassSecurities, data тип=string
2026-04-03 10:33:29.300 LOG 0: Запрос от C# 1 (req_id=104): {"id":104,"cmd":"getClassSecurities","t":1775201609079,"data":{"data":"UP","cmd":"getClassSecurities","t":1775201609079}}
2026-04-03 10:33:29.350 LOG 1: После dispatch: cmd=getClassSecurities, data тип=string
2026-04-03 10:33:29.400 LOG 0: Запрос от C# 1 (req_id=105): {"id":105,"cmd":"getClassSecurities","t":1775201609081,"data":{"data":"CETS","cmd":"getClassSecurities","t":1775201609081}}
2026-04-03 10:33:29.450 LOG 1: После dispatch: cmd=getClassSecurities, data тип=string
2026-04-03 10:33:29.500 LOG 0: Запрос от C# 1 (req_id=106): {"id":106,"cmd":"getClassSecurities","t":1775201609082,"data":{"data":"CETS_MTL","cmd":"getClassSecurities","t":1775201609082}}
2026-04-03 10:33:29.550 LOG 1: После dispatch: cmd=getClassSecurities, data тип=string
2026-04-03 10:33:29.600 LOG 0: Запрос от C# 1 (req_id=107): {"id":107,"cmd":"getClassSecurities","t":1775201609083,"data":{"data":"TQFD","cmd":"getClassSecurities","t":1775201609083}}
2026-04-03 10:33:29.650 LOG 1: После dispatch: cmd=getClassSecurities, data тип=string
2026-04-03 10:33:29.700 LOG 0: Запрос от C# 1 (req_id=108): {"id":108,"cmd":"getClassSecurities","t":1775201609084,"data":{"data":"TQFE","cmd":"getClassSecurities","t":1775201609084}}
2026-04-03 10:33:29.750 LOG 1: После dispatch: cmd=getClassSecurities, data тип=string
2026-04-03 10:33:29.800 LOG 0: Запрос от C# 1 (req_id=109): {"id":109,"cmd":"getClassSecurities","t":1775201609085,"data":{"data":"OCTR","cmd":"getClassSecurities","t":1775201609085}}
2026-04-03 10:33:29.850 LOG 1: После dispatch: cmd=getClassSecurities, data тип=string
2026-04-03 10:33:29.900 LOG 0: Запрос от C# 1 (req_id=110): {"id":110,"cmd":"getClassSecurities","t":1775201609087,"data":{"data":"TQTY","cmd":"getClassSecurities","t":1775201609087}}
2026-04-03 10:33:29.950 LOG 1: После dispatch: cmd=getClassSecurities, data тип=string
2026-04-03 10:33:29.000 LOG 0: Запрос от C# 1 (req_id=111): {"id":111,"cmd":"getClassSecurities","t":1775201609087,"data":{"data":"MTQR","cmd":"getClassSecurities","t":1775201609087}}
2026-04-03 10:33:29.050 LOG 1: После dispatch: cmd=getClassSecurities, data тип=string
2026-04-03 10:33:29.100 LOG 0: Запрос от C# 1 (req_id=112): {"id":112,"cmd":"getClassSecurities","t":1775201609091,"data":{"data":"SMAL","cmd":"getClassSecurities","t":1775201609091}}
2026-04-03 10:33:29.150 LOG 1: После dispatch: cmd=getClassSecurities, data тип=string
2026-04-03 10:33:29.200 LOG 0: Запрос от C# 1 (req_id=113): {"id":113,"cmd":"getClassSecurities","t":1775201609092,"data":{"data":"TQBR","cmd":"getClassSecurities","t":1775201609092}}
2026-04-03 10:33:29.250 LOG 1: После dispatch: cmd=getClassSecurities, data тип=string
2026-04-03 10:33:29.300 LOG 0: Запрос от C# 1 (req_id=114): {"id":114,"cmd":"getClassSecurities","t":1775201609093,"data":{"data":"TQOB","cmd":"getClassSecurities","t":1775201609093}}
2026-04-03 10:33:29.350 LOG 1: После dispatch: cmd=getClassSecurities, data тип=string
2026-04-03 10:33:29.400 LOG 0: Запрос от C# 1 (req_id=115): {"id":115,"cmd":"getClassSecurities","t":1775201609095,"data":{"data":"TQIF","cmd":"getClassSecurities","t":1775201609095}}
2026-04-03 10:33:29.450 LOG 1: После dispatch: cmd=getClassSecurities, data тип=string
2026-04-03 10:33:29.500 LOG 0: Запрос от C# 1 (req_id=116): {"id":116,"cmd":"getClassSecurities","t":1775201609096,"data":{"data":"TQTF","cmd":"getClassSecurities","t":1775201609096}}
2026-04-03 10:33:29.550 LOG 1: После dispatch: cmd=getClassSecurities, data тип=string
2026-04-03 10:33:29.600 LOG 0: Запрос от C# 1 (req_id=117): {"id":117,"cmd":"getClassSecurities","t":1775201609097,"data":{"data":"TQTF_W","cmd":"getClassSecurities","t":1775201609097}}
2026-04-03 10:33:29.650 LOG 1: После dispatch: cmd=getClassSecurities, data тип=string
2026-04-03 10:33:29.700 LOG 0: Запрос от C# 1 (req_id=118): {"id":118,"cmd":"getClassSecurities","t":1775201609098,"data":{"data":"TQBD","cmd":"getClassSecurities","t":1775201609098}}
2026-04-03 10:33:29.750 LOG 1: После dispatch: cmd=getClassSecurities, data тип=string
2026-04-03 10:33:29.800 LOG 0: Запрос от C# 1 (req_id=119): {"id":119,"cmd":"getClassSecurities","t":1775201609101,"data":{"data":"TQTD","cmd":"getClassSecurities","t":1775201609101}}
2026-04-03 10:33:29.850 LOG 1: После dispatch: cmd=getClassSecurities, data тип=string
2026-04-03 10:33:29.900 LOG 0: Запрос от C# 1 (req_id=120): {"id":120,"cmd":"getClassSecurities","t":1775201609102,"data":{"data":"TQOD","cmd":"getClassSecurities","t":1775201609102}}
2026-04-03 10:33:29.950 LOG 1: После dispatch: cmd=getClassSecurities, data тип=string
2026-04-03 10:33:29.000 LOG 0: Запрос от C# 1 (req_id=121): {"id":121,"cmd":"getClassSecurities","t":1775201609103,"data":{"data":"TQOY","cmd":"getClassSecurities","t":1775201609103}}
2026-04-03 10:33:29.050 LOG 1: После dispatch: cmd=getClassSecurities, data тип=string
2026-04-03 10:33:29.100 LOG 0: Запрос от C# 1 (req_id=122): {"id":122,"cmd":"getClassSecurities","t":1775201609105,"data":{"data":"TQTF_F_HOL","cmd":"getClassSecurities","t":1775201609105}}
2026-04-03 10:33:29.150 LOG 1: После dispatch: cmd=getClassSecurities, data тип=string
2026-04-03 10:33:29.200 LOG 0: Запрос от C# 1 (req_id=123): {"id":123,"cmd":"getClassSecurities","t":1775201609106,"data":{"data":"EES_OTC","cmd":"getClassSecurities","t":1775201609106}}
2026-04-03 10:33:29.250 LOG 1: После dispatch: cmd=getClassSecurities, data тип=string
2026-04-03 10:33:29.300 LOG 0: Запрос от C# 1 (req_id=124): {"id":124,"cmd":"getClassSecurities","t":1775201609107,"data":{"data":"TQTF_F","cmd":"getClassSecurities","t":1775201609107}}
2026-04-03 10:33:29.350 LOG 1: После dispatch: cmd=getClassSecurities, data тип=string
2026-04-03 10:33:29.400 LOG 0: Запрос от C# 1 (req_id=125): {"id":125,"cmd":"getClassSecurities","t":1775201609109,"data":{"data":"SMS","cmd":"getClassSecurities","t":1775201609108}}
2026-04-03 10:33:29.450 LOG 1: После dispatch: cmd=getClassSecurities, data тип=string
2026-04-03 10:33:29.500 LOG 0: Запрос от C# 1 (req_id=126): {"id":126,"cmd":"getClassSecurities","t":1775201609111,"data":{"data":"ALGO_ICEBERG","cmd":"getClassSecurities","t":1775201609111}}
2026-04-03 10:33:29.550 LOG 1: После dispatch: cmd=getClassSecurities, data тип=string
2026-04-03 10:33:29.600 LOG 0: Запрос от C# 1 (req_id=127): {"id":127,"cmd":"getClassSecurities","t":1775201609112,"data":{"data":"ALGO_VOLATIL","cmd":"getClassSecurities","t":1775201609112}}
2026-04-03 10:33:29.650 LOG 1: После dispatch: cmd=getClassSecurities, data тип=string
2026-04-03 10:33:29.700 LOG 0: Запрос от C# 1 (req_id=128): {"id":128,"cmd":"getClassSecurities","t":1775201609113,"data":{"data":"ALGO_TWAP","cmd":"getClassSecurities","t":1775201609113}}
2026-04-03 10:33:29.750 LOG 1: После dispatch: cmd=getClassSecurities, data тип=string
2026-04-03 10:33:29.800 LOG 0: Запрос от C# 1 (req_id=129): {"id":129,"cmd":"getClassSecurities","t":1775201609114,"data":{"data":"ALGO_VWAP","cmd":"getClassSecurities","t":1775201609114}}
2026-04-03 10:33:29.850 LOG 1: После dispatch: cmd=getClassSecurities, data тип=string
2026-04-03 10:33:29.900 LOG 0: Запрос от C# 1 (req_id=130): {"id":130,"cmd":"getClassSecurities","t":1775201609115,"data":{"data":"ALGO_GTD","cmd":"getClassSecurities","t":1775201609115}}
2026-04-03 10:33:29.950 LOG 1: После dispatch: cmd=getClassSecurities, data тип=string
2026-04-03 10:33:29.000 LOG 0: Запрос от C# 1 (req_id=131): {"id":131,"cmd":"getClassSecurities","t":1775201609116,"data":{"data":"MPAU","cmd":"getClassSecurities","t":1775201609116}}
2026-04-03 10:33:29.050 LOG 1: После dispatch: cmd=getClassSecurities, data тип=string
2026-04-03 10:33:29.100 LOG 0: Запрос от C# 1 (req_id=132): {"id":132,"cmd":"getClassSecurities","t":1775201609117,"data":{"data":"PSAU_FREE","cmd":"getClassSecurities","t":1775201609117}}
2026-04-03 10:33:29.150 LOG 1: После dispatch: cmd=getClassSecurities, data тип=string
2026-04-03 10:33:29.200 LOG 0: Запрос от C# 1 (req_id=133): {"id":133,"cmd":"getClassSecurities","t":1775201609118,"data":{"data":"PSAU","cmd":"getClassSecurities","t":1775201609118}}
2026-04-03 10:33:29.250 LOG 1: После dispatch: cmd=getClassSecurities, data тип=string
2026-04-03 10:33:29.300 LOG 0: Запрос от C# 1 (req_id=134): {"id":134,"cmd":"getClassSecurities","t":1775201609121,"data":{"data":"PSSU","cmd":"getClassSecurities","t":1775201609121}}
2026-04-03 10:33:29.350 LOG 1: После dispatch: cmd=getClassSecurities, data тип=string
2026-04-03 10:33:29.400 LOG 0: Запрос от C# 1 (req_id=135): {"id":135,"cmd":"getClassSecurities","t":1775201609122,"data":{"data":"PSSU_YAD","cmd":"getClassSecurities","t":1775201609122}}
2026-04-03 10:33:29.450 LOG 1: После dispatch: cmd=getClassSecurities, data тип=string
2026-04-03 10:33:29.500 LOG 0: Запрос от C# 1 (req_id=136): {"id":136,"cmd":"getClassSecurities","t":1775201609123,"data":{"data":"PACY","cmd":"getClassSecurities","t":1775201609123}}
2026-04-03 10:33:29.550 LOG 1: После dispatch: cmd=getClassSecurities, data тип=string
2026-04-03 10:33:29.600 LOG 0: Запрос от C# 1 (req_id=137): {"id":137,"cmd":"getClassSecurities","t":1775201609124,"data":{"data":"QT_EQ","cmd":"getClassSecurities","t":1775201609124}}
2026-04-03 10:33:29.650 LOG 1: После dispatch: cmd=getClassSecurities, data тип=string
2026-04-03 10:33:29.700 LOG 0: Запрос от C# 1 (req_id=138): {"id":138,"cmd":"getSecurityInfo","t":1775201609129,"data":{"data":"SPBFUT|RIM6","cmd":"getSecurityInfo","t":1775201609129}}
2026-04-03 10:33:29.750 LOG 1: После dispatch: cmd=getSecurityInfo, data тип=table
2026-04-03 10:34:04.050 LOG 0: Запрос от C# 1 (req_id=1): {"id":1,"cmd":"getClassesList","t":1775201643966,"data":{"data":"","cmd":"getClassesList","t":1775201643957}}
2026-04-03 10:34:04.100 LOG 0: Р’С‹Р·РѕРІ getClassesList, req_id=?
2026-04-03 10:34:04.150 LOG 1: После dispatch: cmd=getClassesList, data тип=string
2026-04-03 10:34:04.200 LOG 0: Запрос от C# 1 (req_id=2): {"id":2,"cmd":"getClassesList","t":1775201644145,"data":{"data":"","cmd":"getClassesList","t":1775201644145}}
2026-04-03 10:34:04.250 LOG 0: Р’С‹Р·РѕРІ getClassesList, req_id=?
2026-04-03 10:34:04.300 LOG 1: После dispatch: cmd=getClassesList, data тип=string
2026-04-03 10:34:04.350 LOG 0: Запрос от C# 1 (req_id=3): {"id":3,"cmd":"getClassInfo","t":1775201644146,"data":{"data":"TQTE","cmd":"getClassInfo","t":1775201644146}}
2026-04-03 10:34:04.400 LOG 1: После dispatch: cmd=getClassInfo, data тип=table
2026-04-03 10:34:04.450 LOG 0: Запрос от C# 1 (req_id=4): {"id":4,"cmd":"getClassInfo","t":1775201644151,"data":{"data":"TQCB","cmd":"getClassInfo","t":1775201644151}}
2026-04-03 10:34:04.500 LOG 1: После dispatch: cmd=getClassInfo, data тип=table
2026-04-03 10:34:04.550 LOG 0: Запрос от C# 1 (req_id=5): {"id":5,"cmd":"getClassInfo","t":1775201644152,"data":{"data":"TQOE","cmd":"getClassInfo","t":1775201644152}}
2026-04-03 10:34:04.600 LOG 1: После dispatch: cmd=getClassInfo, data тип=table
2026-04-03 10:34:04.650 LOG 0: Запрос от C# 1 (req_id=6): {"id":6,"cmd":"getClassInfo","t":1775201644152,"data":{"data":"TQRD","cmd":"getClassInfo","t":1775201644152}}
2026-04-03 10:34:04.700 LOG 1: После dispatch: cmd=getClassInfo, data тип=table
2026-04-03 10:34:04.750 LOG 0: Запрос от C# 1 (req_id=7): {"id":7,"cmd":"getClassInfo","t":1775201644153,"data":{"data":"TQUD","cmd":"getClassInfo","t":1775201644153}}
2026-04-03 10:34:04.800 LOG 1: После dispatch: cmd=getClassInfo, data тип=table
2026-04-03 10:34:04.850 LOG 0: Запрос от C# 1 (req_id=8): {"id":8,"cmd":"getClassInfo","t":1775201644154,"data":{"data":"TQED","cmd":"getClassInfo","t":1775201644154}}
2026-04-03 10:34:04.900 LOG 1: После dispatch: cmd=getClassInfo, data тип=table
2026-04-03 10:34:04.950 LOG 0: Запрос от C# 1 (req_id=9): {"id":9,"cmd":"getClassInfo","t":1775201644155,"data":{"data":"FQBR","cmd":"getClassInfo","t":1775201644155}}
2026-04-03 10:34:04.000 LOG 1: После dispatch: cmd=getClassInfo, data тип=table
2026-04-03 10:34:04.050 LOG 0: Запрос от C# 1 (req_id=10): {"id":10,"cmd":"getClassInfo","t":1775201644156,"data":{"data":"SPBFUT","cmd":"getClassInfo","t":1775201644156}}
2026-04-03 10:34:04.100 LOG 1: После dispatch: cmd=getClassInfo, data тип=table
2026-04-03 10:34:04.150 LOG 0: Запрос от C# 1 (req_id=11): {"id":11,"cmd":"getClassInfo","t":1775201644157,"data":{"data":"SPBOPT","cmd":"getClassInfo","t":1775201644157}}
2026-04-03 10:34:04.200 LOG 1: После dispatch: cmd=getClassInfo, data тип=table
2026-04-03 10:34:04.250 LOG 0: Запрос от C# 1 (req_id=12): {"id":12,"cmd":"getClassInfo","t":1775201644158,"data":{"data":"USDRUB","cmd":"getClassInfo","t":1775201644158}}
2026-04-03 10:34:04.300 LOG 1: После dispatch: cmd=getClassInfo, data тип=table
2026-04-03 10:34:04.350 LOG 0: Запрос от C# 1 (req_id=13): {"id":13,"cmd":"getClassInfo","t":1775201644158,"data":{"data":"OPTSPOT","cmd":"getClassInfo","t":1775201644158}}
2026-04-03 10:34:04.400 LOG 1: После dispatch: cmd=getClassInfo, data тип=table
2026-04-03 10:34:04.450 LOG 0: Запрос от C# 1 (req_id=14): {"id":14,"cmd":"getClassInfo","t":1775201644159,"data":{"data":"OPTCURNCY","cmd":"getClassInfo","t":1775201644159}}
2026-04-03 10:34:04.500 LOG 1: После dispatch: cmd=getClassInfo, data тип=table
2026-04-03 10:34:04.550 LOG 0: Запрос от C# 1 (req_id=15): {"id":15,"cmd":"getClassInfo","t":1775201644160,"data":{"data":"OPTCOMDTY","cmd":"getClassInfo","t":1775201644160}}
2026-04-03 10:34:04.600 LOG 1: После dispatch: cmd=getClassInfo, data тип=table
2026-04-03 10:34:04.650 LOG 0: Запрос от C# 1 (req_id=16): {"id":16,"cmd":"getClassInfo","t":1775201644161,"data":{"data":"OPTIDX","cmd":"getClassInfo","t":1775201644161}}
2026-04-03 10:34:04.700 LOG 1: После dispatch: cmd=getClassInfo, data тип=table
2026-04-03 10:34:04.750 LOG 0: Запрос от C# 1 (req_id=17): {"id":17,"cmd":"getClassInfo","t":1775201644162,"data":{"data":"RTSIDX","cmd":"getClassInfo","t":1775201644162}}
2026-04-03 10:34:04.800 LOG 1: После dispatch: cmd=getClassInfo, data тип=table
2026-04-03 10:34:04.850 LOG 0: Запрос от C# 1 (req_id=18): {"id":18,"cmd":"getClassInfo","t":1775201644163,"data":{"data":"EQRP_INFO","cmd":"getClassInfo","t":1775201644163}}
2026-04-03 10:34:04.900 LOG 1: После dispatch: cmd=getClassInfo, data тип=table
2026-04-03 10:34:04.950 LOG 0: Запрос от C# 1 (req_id=19): {"id":19,"cmd":"getClassInfo","t":1775201644164,"data":{"data":"FUTCLT","cmd":"getClassInfo","t":1775201644164}}
2026-04-03 10:34:04.000 LOG 1: После dispatch: cmd=getClassInfo, data тип=table
2026-04-03 10:34:04.050 LOG 0: Запрос от C# 1 (req_id=20): {"id":20,"cmd":"getClassInfo","t":1775201644165,"data":{"data":"SPBXM","cmd":"getClassInfo","t":1775201644165}}
2026-04-03 10:34:04.100 LOG 1: После dispatch: cmd=getClassInfo, data тип=table
2026-04-03 10:34:04.150 LOG 0: Запрос от C# 1 (req_id=21): {"id":21,"cmd":"getClassInfo","t":1775201644166,"data":{"data":"SPBDE","cmd":"getClassInfo","t":1775201644166}}
2026-04-03 10:34:04.200 LOG 1: После dispatch: cmd=getClassInfo, data тип=table
2026-04-03 10:34:04.250 LOG 0: Запрос от C# 1 (req_id=22): {"id":22,"cmd":"getClassInfo","t":1775201644167,"data":{"data":"SPBEQRU","cmd":"getClassInfo","t":1775201644167}}
2026-04-03 10:34:04.300 LOG 1: После dispatch: cmd=getClassInfo, data тип=table
2026-04-03 10:34:04.350 LOG 0: Запрос от C# 1 (req_id=23): {"id":23,"cmd":"getClassInfo","t":1775201644168,"data":{"data":"SPBRU","cmd":"getClassInfo","t":1775201644168}}
2026-04-03 10:34:04.400 LOG 1: После dispatch: cmd=getClassInfo, data тип=table
2026-04-03 10:34:04.450 LOG 0: Запрос от C# 1 (req_id=24): {"id":24,"cmd":"getClassInfo","t":1775201644169,"data":{"data":"SPBRUBND","cmd":"getClassInfo","t":1775201644169}}
2026-04-03 10:34:04.500 LOG 1: После dispatch: cmd=getClassInfo, data тип=table
2026-04-03 10:34:04.550 LOG 0: Запрос от C# 1 (req_id=25): {"id":25,"cmd":"getClassInfo","t":1775201644170,"data":{"data":"SPBRU_USD","cmd":"getClassInfo","t":1775201644170}}
2026-04-03 10:34:04.600 LOG 1: После dispatch: cmd=getClassInfo, data тип=table
2026-04-03 10:34:04.650 LOG 0: Запрос от C# 1 (req_id=26): {"id":26,"cmd":"getClassInfo","t":1775201644171,"data":{"data":"PSSPBRUBNDDO","cmd":"getClassInfo","t":1775201644171}}
2026-04-03 10:34:04.700 LOG 1: После dispatch: cmd=getClassInfo, data тип=table
2026-04-03 10:34:04.750 LOG 0: Запрос от C# 1 (req_id=27): {"id":27,"cmd":"getClassInfo","t":1775201644171,"data":{"data":"REPORT","cmd":"getClassInfo","t":1775201644171}}
2026-04-03 10:34:04.800 LOG 1: После dispatch: cmd=getClassInfo, data тип=table
2026-04-03 10:34:04.850 LOG 0: Запрос от C# 1 (req_id=28): {"id":28,"cmd":"getClassInfo","t":1775201644175,"data":{"data":"REPORTFORTS","cmd":"getClassInfo","t":1775201644175}}
2026-04-03 10:34:04.900 LOG 1: После dispatch: cmd=getClassInfo, data тип=table
2026-04-03 10:34:04.950 LOG 0: Запрос от C# 1 (req_id=29): {"id":29,"cmd":"getClassInfo","t":1775201644176,"data":{"data":"VTB_OTC","cmd":"getClassInfo","t":1775201644176}}
2026-04-03 10:34:04.000 LOG 1: После dispatch: cmd=getClassInfo, data тип=table
2026-04-03 10:34:04.050 LOG 0: Запрос от C# 1 (req_id=30): {"id":30,"cmd":"getClassInfo","t":1775201644177,"data":{"data":"CROSSRATE","cmd":"getClassInfo","t":1775201644177}}
2026-04-03 10:34:04.100 LOG 1: После dispatch: cmd=getClassInfo, data тип=table
2026-04-03 10:34:04.150 LOG 0: Запрос от C# 1 (req_id=31): {"id":31,"cmd":"getClassInfo","t":1775201644178,"data":{"data":"QT_BN","cmd":"getClassInfo","t":1775201644178}}
2026-04-03 10:34:04.200 LOG 1: После dispatch: cmd=getClassInfo, data тип=table
2026-04-03 10:34:04.250 LOG 0: Запрос от C# 1 (req_id=32): {"id":32,"cmd":"getClassInfo","t":1775201644179,"data":{"data":"INDX","cmd":"getClassInfo","t":1775201644179}}
2026-04-03 10:34:04.300 LOG 1: После dispatch: cmd=getClassInfo, data тип=table
2026-04-03 10:34:04.350 LOG 0: Запрос от C# 1 (req_id=33): {"id":33,"cmd":"getClassInfo","t":1775201644179,"data":{"data":"TQIF_HOL","cmd":"getClassInfo","t":1775201644179}}
2026-04-03 10:34:04.400 LOG 1: После dispatch: cmd=getClassInfo, data тип=table
2026-04-03 10:34:04.450 LOG 0: Запрос от C# 1 (req_id=34): {"id":34,"cmd":"getClassInfo","t":1775201644180,"data":{"data":"TQTF_HOL","cmd":"getClassInfo","t":1775201644180}}
2026-04-03 10:34:04.500 LOG 1: После dispatch: cmd=getClassInfo, data тип=table
2026-04-03 10:34:04.550 LOG 0: Запрос от C# 1 (req_id=35): {"id":35,"cmd":"getClassInfo","t":1775201644181,"data":{"data":"TQTF_W_HOL","cmd":"getClassInfo","t":1775201644181}}
2026-04-03 10:34:04.600 LOG 1: После dispatch: cmd=getClassInfo, data тип=table
2026-04-03 10:34:04.650 LOG 0: Запрос от C# 1 (req_id=36): {"id":36,"cmd":"getClassInfo","t":1775201644182,"data":{"data":"UP","cmd":"getClassInfo","t":1775201644182}}
2026-04-03 10:34:04.700 LOG 1: После dispatch: cmd=getClassInfo, data тип=table
2026-04-03 10:34:04.750 LOG 0: Запрос от C# 1 (req_id=37): {"id":37,"cmd":"getClassInfo","t":1775201644183,"data":{"data":"CETS","cmd":"getClassInfo","t":1775201644183}}
2026-04-03 10:34:04.800 LOG 1: После dispatch: cmd=getClassInfo, data тип=table
2026-04-03 10:34:04.850 LOG 0: Запрос от C# 1 (req_id=38): {"id":38,"cmd":"getClassInfo","t":1775201644185,"data":{"data":"CETS_MTL","cmd":"getClassInfo","t":1775201644185}}
2026-04-03 10:34:04.900 LOG 1: После dispatch: cmd=getClassInfo, data тип=table
2026-04-03 10:34:04.950 LOG 0: Запрос от C# 1 (req_id=39): {"id":39,"cmd":"getClassInfo","t":1775201644186,"data":{"data":"TQFD","cmd":"getClassInfo","t":1775201644186}}
2026-04-03 10:34:04.000 LOG 1: После dispatch: cmd=getClassInfo, data тип=table
2026-04-03 10:34:04.050 LOG 0: Запрос от C# 1 (req_id=40): {"id":40,"cmd":"getClassInfo","t":1775201644187,"data":{"data":"TQFE","cmd":"getClassInfo","t":1775201644187}}
2026-04-03 10:34:04.100 LOG 1: После dispatch: cmd=getClassInfo, data тип=table
2026-04-03 10:34:04.150 LOG 0: Запрос от C# 1 (req_id=41): {"id":41,"cmd":"getClassInfo","t":1775201644189,"data":{"data":"OCTR","cmd":"getClassInfo","t":1775201644189}}
2026-04-03 10:34:04.200 LOG 1: После dispatch: cmd=getClassInfo, data тип=table
2026-04-03 10:34:04.250 LOG 0: Запрос от C# 1 (req_id=42): {"id":42,"cmd":"getClassInfo","t":1775201644190,"data":{"data":"TQTY","cmd":"getClassInfo","t":1775201644190}}
2026-04-03 10:34:04.300 LOG 1: После dispatch: cmd=getClassInfo, data тип=table
2026-04-03 10:34:04.350 LOG 0: Запрос от C# 1 (req_id=43): {"id":43,"cmd":"getClassInfo","t":1775201644191,"data":{"data":"MTQR","cmd":"getClassInfo","t":1775201644191}}
2026-04-03 10:34:04.400 LOG 1: После dispatch: cmd=getClassInfo, data тип=table
2026-04-03 10:34:04.450 LOG 0: Запрос от C# 1 (req_id=44): {"id":44,"cmd":"getClassInfo","t":1775201644192,"data":{"data":"SMAL","cmd":"getClassInfo","t":1775201644192}}
2026-04-03 10:34:04.500 LOG 1: После dispatch: cmd=getClassInfo, data тип=table
2026-04-03 10:34:04.550 LOG 0: Запрос от C# 1 (req_id=45): {"id":45,"cmd":"getClassInfo","t":1775201644193,"data":{"data":"TQBR","cmd":"getClassInfo","t":1775201644193}}
2026-04-03 10:34:04.600 LOG 1: После dispatch: cmd=getClassInfo, data тип=table
2026-04-03 10:34:04.650 LOG 0: Запрос от C# 1 (req_id=46): {"id":46,"cmd":"getClassInfo","t":1775201644194,"data":{"data":"TQOB","cmd":"getClassInfo","t":1775201644194}}
2026-04-03 10:34:04.700 LOG 1: После dispatch: cmd=getClassInfo, data тип=table
2026-04-03 10:34:04.750 LOG 0: Запрос от C# 1 (req_id=47): {"id":47,"cmd":"getClassInfo","t":1775201644196,"data":{"data":"TQIF","cmd":"getClassInfo","t":1775201644196}}
2026-04-03 10:34:04.800 LOG 1: После dispatch: cmd=getClassInfo, data тип=table
2026-04-03 10:34:04.850 LOG 0: Запрос от C# 1 (req_id=48): {"id":48,"cmd":"getClassInfo","t":1775201644197,"data":{"data":"TQTF","cmd":"getClassInfo","t":1775201644197}}
2026-04-03 10:34:04.900 LOG 1: После dispatch: cmd=getClassInfo, data тип=table
2026-04-03 10:34:04.950 LOG 0: Запрос от C# 1 (req_id=49): {"id":49,"cmd":"getClassInfo","t":1775201644200,"data":{"data":"TQTF_W","cmd":"getClassInfo","t":1775201644200}}
2026-04-03 10:34:04.000 LOG 1: После dispatch: cmd=getClassInfo, data тип=table
2026-04-03 10:34:04.050 LOG 0: Запрос от C# 1 (req_id=50): {"id":50,"cmd":"getClassInfo","t":1775201644201,"data":{"data":"TQBD","cmd":"getClassInfo","t":1775201644201}}
2026-04-03 10:34:04.100 LOG 1: После dispatch: cmd=getClassInfo, data тип=table
2026-04-03 10:34:04.150 LOG 0: Запрос от C# 1 (req_id=51): {"id":51,"cmd":"getClassInfo","t":1775201644202,"data":{"data":"TQTD","cmd":"getClassInfo","t":1775201644202}}
2026-04-03 10:34:04.200 LOG 1: После dispatch: cmd=getClassInfo, data тип=table
2026-04-03 10:34:04.250 LOG 0: Запрос от C# 1 (req_id=52): {"id":52,"cmd":"getClassInfo","t":1775201644203,"data":{"data":"TQOD","cmd":"getClassInfo","t":1775201644203}}
2026-04-03 10:34:04.300 LOG 1: После dispatch: cmd=getClassInfo, data тип=table
2026-04-03 10:34:04.350 LOG 0: Запрос от C# 1 (req_id=53): {"id":53,"cmd":"getClassInfo","t":1775201644205,"data":{"data":"TQOY","cmd":"getClassInfo","t":1775201644205}}
2026-04-03 10:34:04.400 LOG 1: После dispatch: cmd=getClassInfo, data тип=table
2026-04-03 10:34:04.450 LOG 0: Запрос от C# 1 (req_id=54): {"id":54,"cmd":"getClassInfo","t":1775201644206,"data":{"data":"TQTF_F_HOL","cmd":"getClassInfo","t":1775201644206}}
2026-04-03 10:34:04.500 LOG 1: После dispatch: cmd=getClassInfo, data тип=table
2026-04-03 10:34:04.550 LOG 0: Запрос от C# 1 (req_id=55): {"id":55,"cmd":"getClassInfo","t":1775201644207,"data":{"data":"EES_OTC","cmd":"getClassInfo","t":1775201644207}}
2026-04-03 10:34:04.600 LOG 1: После dispatch: cmd=getClassInfo, data тип=table
2026-04-03 10:34:04.650 LOG 0: Запрос от C# 1 (req_id=56): {"id":56,"cmd":"getClassInfo","t":1775201644208,"data":{"data":"TQTF_F","cmd":"getClassInfo","t":1775201644208}}
2026-04-03 10:34:04.700 LOG 1: После dispatch: cmd=getClassInfo, data тип=table
2026-04-03 10:34:04.750 LOG 0: Запрос от C# 1 (req_id=57): {"id":57,"cmd":"getClassInfo","t":1775201644209,"data":{"data":"SMS","cmd":"getClassInfo","t":1775201644209}}
2026-04-03 10:34:04.800 LOG 1: После dispatch: cmd=getClassInfo, data тип=table
2026-04-03 10:34:04.850 LOG 0: Запрос от C# 1 (req_id=58): {"id":58,"cmd":"getClassInfo","t":1775201644210,"data":{"data":"ALGO_ICEBERG","cmd":"getClassInfo","t":1775201644210}}
2026-04-03 10:34:04.900 LOG 1: После dispatch: cmd=getClassInfo, data тип=table
2026-04-03 10:34:04.950 LOG 0: Запрос от C# 1 (req_id=59): {"id":59,"cmd":"getClassInfo","t":1775201644211,"data":{"data":"ALGO_VOLATIL","cmd":"getClassInfo","t":1775201644211}}
2026-04-03 10:34:04.000 LOG 1: После dispatch: cmd=getClassInfo, data тип=table
2026-04-03 10:34:04.050 LOG 0: Запрос от C# 1 (req_id=60): {"id":60,"cmd":"getClassInfo","t":1775201644212,"data":{"data":"ALGO_TWAP","cmd":"getClassInfo","t":1775201644212}}
2026-04-03 10:34:04.100 LOG 1: После dispatch: cmd=getClassInfo, data тип=table
2026-04-03 10:34:04.150 LOG 0: Запрос от C# 1 (req_id=61): {"id":61,"cmd":"getClassInfo","t":1775201644213,"data":{"data":"ALGO_VWAP","cmd":"getClassInfo","t":1775201644213}}
2026-04-03 10:34:04.200 LOG 1: После dispatch: cmd=getClassInfo, data тип=table
2026-04-03 10:34:04.250 LOG 0: Запрос от C# 1 (req_id=62): {"id":62,"cmd":"getClassInfo","t":1775201644214,"data":{"data":"ALGO_GTD","cmd":"getClassInfo","t":1775201644214}}
2026-04-03 10:34:04.300 LOG 1: После dispatch: cmd=getClassInfo, data тип=table
2026-04-03 10:34:04.350 LOG 0: Запрос от C# 1 (req_id=63): {"id":63,"cmd":"getClassInfo","t":1775201644215,"data":{"data":"MPAU","cmd":"getClassInfo","t":1775201644215}}
2026-04-03 10:34:04.400 LOG 1: После dispatch: cmd=getClassInfo, data тип=table
2026-04-03 10:34:04.450 LOG 0: Запрос от C# 1 (req_id=64): {"id":64,"cmd":"getClassInfo","t":1775201644217,"data":{"data":"PSAU_FREE","cmd":"getClassInfo","t":1775201644217}}
2026-04-03 10:34:04.500 LOG 1: После dispatch: cmd=getClassInfo, data тип=table
2026-04-03 10:34:04.550 LOG 0: Запрос от C# 1 (req_id=65): {"id":65,"cmd":"getClassInfo","t":1775201644219,"data":{"data":"PSAU","cmd":"getClassInfo","t":1775201644219}}
2026-04-03 10:34:04.600 LOG 1: После dispatch: cmd=getClassInfo, data тип=table
2026-04-03 10:34:04.650 LOG 0: Запрос от C# 1 (req_id=66): {"id":66,"cmd":"getClassInfo","t":1775201644221,"data":{"data":"PSSU","cmd":"getClassInfo","t":1775201644221}}
2026-04-03 10:34:04.700 LOG 1: После dispatch: cmd=getClassInfo, data тип=table
2026-04-03 10:34:04.750 LOG 0: Запрос от C# 1 (req_id=67): {"id":67,"cmd":"getClassInfo","t":1775201644223,"data":{"data":"PSSU_YAD","cmd":"getClassInfo","t":1775201644223}}
2026-04-03 10:34:04.800 LOG 1: После dispatch: cmd=getClassInfo, data тип=table
2026-04-03 10:34:04.850 LOG 0: Запрос от C# 1 (req_id=68): {"id":68,"cmd":"getClassInfo","t":1775201644224,"data":{"data":"PACY","cmd":"getClassInfo","t":1775201644224}}
2026-04-03 10:34:04.900 LOG 1: После dispatch: cmd=getClassInfo, data тип=table
2026-04-03 10:34:04.950 LOG 0: Запрос от C# 1 (req_id=69): {"id":69,"cmd":"getClassInfo","t":1775201644227,"data":{"data":"QT_EQ","cmd":"getClassInfo","t":1775201644227}}
2026-04-03 10:34:04.000 LOG 1: После dispatch: cmd=getClassInfo, data тип=table
2026-04-03 10:34:04.050 LOG 0: Запрос от C# 1 (req_id=70): {"id":70,"cmd":"getClassesList","t":1775201644229,"data":{"data":"","cmd":"getClassesList","t":1775201644229}}
2026-04-03 10:34:04.100 LOG 0: Р’С‹Р·РѕРІ getClassesList, req_id=?
2026-04-03 10:34:04.150 LOG 1: После dispatch: cmd=getClassesList, data тип=string
2026-04-03 10:34:04.200 LOG 0: Запрос от C# 1 (req_id=71): {"id":71,"cmd":"getClassSecurities","t":1775201644230,"data":{"data":"TQTE","cmd":"getClassSecurities","t":1775201644230}}
2026-04-03 10:34:04.250 LOG 1: После dispatch: cmd=getClassSecurities, data тип=string
2026-04-03 10:34:04.300 LOG 0: Запрос от C# 1 (req_id=72): {"id":72,"cmd":"getClassSecurities","t":1775201644231,"data":{"data":"TQCB","cmd":"getClassSecurities","t":1775201644231}}
2026-04-03 10:34:04.350 LOG 1: После dispatch: cmd=getClassSecurities, data тип=string
2026-04-03 10:34:04.400 LOG 0: Запрос от C# 1 (req_id=73): {"id":73,"cmd":"getClassSecurities","t":1775201644239,"data":{"data":"TQOE","cmd":"getClassSecurities","t":1775201644239}}
2026-04-03 10:34:04.450 LOG 1: После dispatch: cmd=getClassSecurities, data тип=string
2026-04-03 10:34:04.500 LOG 0: Запрос от C# 1 (req_id=74): {"id":74,"cmd":"getClassSecurities","t":1775201644240,"data":{"data":"TQRD","cmd":"getClassSecurities","t":1775201644240}}
2026-04-03 10:34:04.550 LOG 1: После dispatch: cmd=getClassSecurities, data тип=string
2026-04-03 10:34:04.600 LOG 0: Запрос от C# 1 (req_id=75): {"id":75,"cmd":"getClassSecurities","t":1775201644240,"data":{"data":"TQUD","cmd":"getClassSecurities","t":1775201644240}}
2026-04-03 10:34:04.650 LOG 1: После dispatch: cmd=getClassSecurities, data тип=string
2026-04-03 10:34:04.700 LOG 0: Запрос от C# 1 (req_id=76): {"id":76,"cmd":"getClassSecurities","t":1775201644241,"data":{"data":"TQED","cmd":"getClassSecurities","t":1775201644241}}
2026-04-03 10:34:04.750 LOG 1: После dispatch: cmd=getClassSecurities, data тип=string
2026-04-03 10:34:04.800 LOG 0: Запрос от C# 1 (req_id=77): {"id":77,"cmd":"getClassSecurities","t":1775201644241,"data":{"data":"FQBR","cmd":"getClassSecurities","t":1775201644241}}
2026-04-03 10:34:04.850 LOG 1: После dispatch: cmd=getClassSecurities, data тип=string
2026-04-03 10:34:04.900 LOG 0: Запрос от C# 1 (req_id=78): {"id":78,"cmd":"getClassSecurities","t":1775201644242,"data":{"data":"SPBFUT","cmd":"getClassSecurities","t":1775201644242}}
2026-04-03 10:34:04.950 LOG 1: После dispatch: cmd=getClassSecurities, data тип=string
2026-04-03 10:34:04.000 LOG 0: Запрос от C# 1 (req_id=79): {"id":79,"cmd":"getClassSecurities","t":1775201644243,"data":{"data":"SPBOPT","cmd":"getClassSecurities","t":1775201644243}}
2026-04-03 10:34:04.050 LOG 1: После dispatch: cmd=getClassSecurities, data тип=string
2026-04-03 10:34:04.100 LOG 0: Запрос от C# 1 (req_id=80): {"id":80,"cmd":"getClassSecurities","t":1775201644263,"data":{"data":"USDRUB","cmd":"getClassSecurities","t":1775201644263}}
2026-04-03 10:34:04.150 LOG 1: После dispatch: cmd=getClassSecurities, data тип=string
2026-04-03 10:34:04.200 LOG 0: Запрос от C# 1 (req_id=81): {"id":81,"cmd":"getClassSecurities","t":1775201644264,"data":{"data":"OPTSPOT","cmd":"getClassSecurities","t":1775201644264}}
2026-04-03 10:34:04.250 LOG 1: После dispatch: cmd=getClassSecurities, data тип=string
2026-04-03 10:34:04.300 LOG 0: Запрос от C# 1 (req_id=82): {"id":82,"cmd":"getClassSecurities","t":1775201644296,"data":{"data":"OPTCURNCY","cmd":"getClassSecurities","t":1775201644296}}
2026-04-03 10:34:04.350 LOG 1: После dispatch: cmd=getClassSecurities, data тип=string
2026-04-03 10:34:04.400 LOG 0: Запрос от C# 1 (req_id=83): {"id":83,"cmd":"getClassSecurities","t":1775201644297,"data":{"data":"OPTCOMDTY","cmd":"getClassSecurities","t":1775201644297}}
2026-04-03 10:34:04.450 LOG 1: После dispatch: cmd=getClassSecurities, data тип=string
2026-04-03 10:34:04.500 LOG 0: Запрос от C# 1 (req_id=84): {"id":84,"cmd":"getClassSecurities","t":1775201644299,"data":{"data":"OPTIDX","cmd":"getClassSecurities","t":1775201644299}}
2026-04-03 10:34:04.550 LOG 1: После dispatch: cmd=getClassSecurities, data тип=string
2026-04-03 10:34:04.600 LOG 0: Запрос от C# 1 (req_id=85): {"id":85,"cmd":"getClassSecurities","t":1775201644302,"data":{"data":"RTSIDX","cmd":"getClassSecurities","t":1775201644302}}
2026-04-03 10:34:04.650 LOG 1: После dispatch: cmd=getClassSecurities, data тип=string
2026-04-03 10:34:04.700 LOG 0: Запрос от C# 1 (req_id=86): {"id":86,"cmd":"getClassSecurities","t":1775201644304,"data":{"data":"EQRP_INFO","cmd":"getClassSecurities","t":1775201644304}}
2026-04-03 10:34:04.750 LOG 1: После dispatch: cmd=getClassSecurities, data тип=string
2026-04-03 10:34:04.800 LOG 0: Запрос от C# 1 (req_id=87): {"id":87,"cmd":"getClassSecurities","t":1775201644314,"data":{"data":"FUTCLT","cmd":"getClassSecurities","t":1775201644314}}
2026-04-03 10:34:04.850 LOG 1: После dispatch: cmd=getClassSecurities, data тип=string
2026-04-03 10:34:04.900 LOG 0: Запрос от C# 1 (req_id=88): {"id":88,"cmd":"getClassSecurities","t":1775201644314,"data":{"data":"SPBXM","cmd":"getClassSecurities","t":1775201644314}}
2026-04-03 10:34:04.950 LOG 1: После dispatch: cmd=getClassSecurities, data тип=string
2026-04-03 10:34:04.000 LOG 0: Запрос от C# 1 (req_id=89): {"id":89,"cmd":"getClassSecurities","t":1775201644317,"data":{"data":"SPBDE","cmd":"getClassSecurities","t":1775201644317}}
2026-04-03 10:34:04.050 LOG 1: После dispatch: cmd=getClassSecurities, data тип=string
2026-04-03 10:34:04.100 LOG 0: Запрос от C# 1 (req_id=90): {"id":90,"cmd":"getClassSecurities","t":1775201644318,"data":{"data":"SPBEQRU","cmd":"getClassSecurities","t":1775201644318}}
2026-04-03 10:34:04.150 LOG 1: После dispatch: cmd=getClassSecurities, data тип=string
2026-04-03 10:34:04.200 LOG 0: Запрос от C# 1 (req_id=91): {"id":91,"cmd":"getClassSecurities","t":1775201644319,"data":{"data":"SPBRU","cmd":"getClassSecurities","t":1775201644319}}
2026-04-03 10:34:04.250 LOG 1: После dispatch: cmd=getClassSecurities, data тип=string
2026-04-03 10:34:04.300 LOG 0: Запрос от C# 1 (req_id=92): {"id":92,"cmd":"getClassSecurities","t":1775201644319,"data":{"data":"SPBRUBND","cmd":"getClassSecurities","t":1775201644319}}
2026-04-03 10:34:04.350 LOG 1: После dispatch: cmd=getClassSecurities, data тип=string
2026-04-03 10:34:04.400 LOG 0: Запрос от C# 1 (req_id=93): {"id":93,"cmd":"getClassSecurities","t":1775201644320,"data":{"data":"SPBRU_USD","cmd":"getClassSecurities","t":1775201644320}}
2026-04-03 10:34:04.450 LOG 1: После dispatch: cmd=getClassSecurities, data тип=string
2026-04-03 10:34:04.500 LOG 0: Запрос от C# 1 (req_id=94): {"id":94,"cmd":"getClassSecurities","t":1775201644321,"data":{"data":"PSSPBRUBNDDO","cmd":"getClassSecurities","t":1775201644321}}
2026-04-03 10:34:04.550 LOG 1: После dispatch: cmd=getClassSecurities, data тип=string
2026-04-03 10:34:04.600 LOG 0: Запрос от C# 1 (req_id=95): {"id":95,"cmd":"getClassSecurities","t":1775201644321,"data":{"data":"REPORT","cmd":"getClassSecurities","t":1775201644321}}
2026-04-03 10:34:04.650 LOG 1: После dispatch: cmd=getClassSecurities, data тип=string
2026-04-03 10:34:04.700 LOG 0: Запрос от C# 1 (req_id=96): {"id":96,"cmd":"getClassSecurities","t":1775201644322,"data":{"data":"REPORTFORTS","cmd":"getClassSecurities","t":1775201644322}}
2026-04-03 10:34:04.750 LOG 1: После dispatch: cmd=getClassSecurities, data тип=string
2026-04-03 10:34:04.800 LOG 0: Запрос от C# 1 (req_id=97): {"id":97,"cmd":"getClassSecurities","t":1775201644323,"data":{"data":"VTB_OTC","cmd":"getClassSecurities","t":1775201644323}}
2026-04-03 10:34:04.850 LOG 1: После dispatch: cmd=getClassSecurities, data тип=string
2026-04-03 10:34:04.900 LOG 0: Запрос от C# 1 (req_id=98): {"id":98,"cmd":"getClassSecurities","t":1775201644324,"data":{"data":"CROSSRATE","cmd":"getClassSecurities","t":1775201644324}}
2026-04-03 10:34:04.950 LOG 1: После dispatch: cmd=getClassSecurities, data тип=string
2026-04-03 10:34:04.000 LOG 0: Запрос от C# 1 (req_id=99): {"id":99,"cmd":"getClassSecurities","t":1775201644326,"data":{"data":"QT_BN","cmd":"getClassSecurities","t":1775201644326}}
2026-04-03 10:34:04.050 LOG 1: После dispatch: cmd=getClassSecurities, data тип=string
2026-04-03 10:34:04.100 LOG 0: Запрос от C# 1 (req_id=100): {"id":100,"cmd":"getClassSecurities","t":1775201644327,"data":{"data":"INDX","cmd":"getClassSecurities","t":1775201644327}}
2026-04-03 10:34:04.150 LOG 1: После dispatch: cmd=getClassSecurities, data тип=string
2026-04-03 10:34:04.200 LOG 0: Запрос от C# 1 (req_id=101): {"id":101,"cmd":"getClassSecurities","t":1775201644328,"data":{"data":"TQIF_HOL","cmd":"getClassSecurities","t":1775201644328}}
2026-04-03 10:34:04.250 LOG 1: После dispatch: cmd=getClassSecurities, data тип=string
2026-04-03 10:34:04.300 LOG 0: Запрос от C# 1 (req_id=102): {"id":102,"cmd":"getClassSecurities","t":1775201644329,"data":{"data":"TQTF_HOL","cmd":"getClassSecurities","t":1775201644329}}
2026-04-03 10:34:04.350 LOG 1: После dispatch: cmd=getClassSecurities, data тип=string
2026-04-03 10:34:04.400 LOG 0: Запрос от C# 1 (req_id=103): {"id":103,"cmd":"getClassSecurities","t":1775201644329,"data":{"data":"TQTF_W_HOL","cmd":"getClassSecurities","t":1775201644329}}
2026-04-03 10:34:04.450 LOG 1: После dispatch: cmd=getClassSecurities, data тип=string
2026-04-03 10:34:04.500 LOG 0: Запрос от C# 1 (req_id=104): {"id":104,"cmd":"getClassSecurities","t":1775201644330,"data":{"data":"UP","cmd":"getClassSecurities","t":1775201644330}}
2026-04-03 10:34:04.550 LOG 1: После dispatch: cmd=getClassSecurities, data тип=string
2026-04-03 10:34:04.600 LOG 0: Запрос от C# 1 (req_id=105): {"id":105,"cmd":"getClassSecurities","t":1775201644331,"data":{"data":"CETS","cmd":"getClassSecurities","t":1775201644331}}
2026-04-03 10:34:04.650 LOG 1: После dispatch: cmd=getClassSecurities, data тип=string
2026-04-03 10:34:04.700 LOG 0: Запрос от C# 1 (req_id=106): {"id":106,"cmd":"getClassSecurities","t":1775201644332,"data":{"data":"CETS_MTL","cmd":"getClassSecurities","t":1775201644332}}
2026-04-03 10:34:04.750 LOG 1: После dispatch: cmd=getClassSecurities, data тип=string
2026-04-03 10:34:04.800 LOG 0: Запрос от C# 1 (req_id=107): {"id":107,"cmd":"getClassSecurities","t":1775201644333,"data":{"data":"TQFD","cmd":"getClassSecurities","t":1775201644333}}
2026-04-03 10:34:04.850 LOG 1: После dispatch: cmd=getClassSecurities, data тип=string
2026-04-03 10:34:04.900 LOG 0: Запрос от C# 1 (req_id=108): {"id":108,"cmd":"getClassSecurities","t":1775201644334,"data":{"data":"TQFE","cmd":"getClassSecurities","t":1775201644334}}
2026-04-03 10:34:04.950 LOG 1: После dispatch: cmd=getClassSecurities, data тип=string
2026-04-03 10:34:04.000 LOG 0: Запрос от C# 1 (req_id=109): {"id":109,"cmd":"getClassSecurities","t":1775201644336,"data":{"data":"OCTR","cmd":"getClassSecurities","t":1775201644336}}
2026-04-03 10:34:04.050 LOG 1: После dispatch: cmd=getClassSecurities, data тип=string
2026-04-03 10:34:04.100 LOG 0: Запрос от C# 1 (req_id=110): {"id":110,"cmd":"getClassSecurities","t":1775201644338,"data":{"data":"TQTY","cmd":"getClassSecurities","t":1775201644338}}
2026-04-03 10:34:04.150 LOG 1: После dispatch: cmd=getClassSecurities, data тип=string
2026-04-03 10:34:04.200 LOG 0: Запрос от C# 1 (req_id=111): {"id":111,"cmd":"getClassSecurities","t":1775201644338,"data":{"data":"MTQR","cmd":"getClassSecurities","t":1775201644338}}
2026-04-03 10:34:04.250 LOG 1: После dispatch: cmd=getClassSecurities, data тип=string
2026-04-03 10:34:04.300 LOG 0: Запрос от C# 1 (req_id=112): {"id":112,"cmd":"getClassSecurities","t":1775201644340,"data":{"data":"SMAL","cmd":"getClassSecurities","t":1775201644340}}
2026-04-03 10:34:04.350 LOG 1: После dispatch: cmd=getClassSecurities, data тип=string
2026-04-03 10:34:04.400 LOG 0: Запрос от C# 1 (req_id=113): {"id":113,"cmd":"getClassSecurities","t":1775201644341,"data":{"data":"TQBR","cmd":"getClassSecurities","t":1775201644341}}
2026-04-03 10:34:04.450 LOG 1: После dispatch: cmd=getClassSecurities, data тип=string
2026-04-03 10:34:04.500 LOG 0: Запрос от C# 1 (req_id=114): {"id":114,"cmd":"getClassSecurities","t":1775201644342,"data":{"data":"TQOB","cmd":"getClassSecurities","t":1775201644342}}
2026-04-03 10:34:04.550 LOG 1: После dispatch: cmd=getClassSecurities, data тип=string
2026-04-03 10:34:04.600 LOG 0: Запрос от C# 1 (req_id=115): {"id":115,"cmd":"getClassSecurities","t":1775201644343,"data":{"data":"TQIF","cmd":"getClassSecurities","t":1775201644343}}
2026-04-03 10:34:04.650 LOG 1: После dispatch: cmd=getClassSecurities, data тип=string
2026-04-03 10:34:04.700 LOG 0: Запрос от C# 1 (req_id=116): {"id":116,"cmd":"getClassSecurities","t":1775201644344,"data":{"data":"TQTF","cmd":"getClassSecurities","t":1775201644344}}
2026-04-03 10:34:04.750 LOG 1: После dispatch: cmd=getClassSecurities, data тип=string
2026-04-03 10:34:04.800 LOG 0: Запрос от C# 1 (req_id=117): {"id":117,"cmd":"getClassSecurities","t":1775201644346,"data":{"data":"TQTF_W","cmd":"getClassSecurities","t":1775201644346}}
2026-04-03 10:34:04.850 LOG 1: После dispatch: cmd=getClassSecurities, data тип=string
2026-04-03 10:34:04.900 LOG 0: Запрос от C# 1 (req_id=118): {"id":118,"cmd":"getClassSecurities","t":1775201644346,"data":{"data":"TQBD","cmd":"getClassSecurities","t":1775201644346}}
2026-04-03 10:34:04.950 LOG 1: После dispatch: cmd=getClassSecurities, data тип=string
2026-04-03 10:34:04.000 LOG 0: Запрос от C# 1 (req_id=119): {"id":119,"cmd":"getClassSecurities","t":1775201644347,"data":{"data":"TQTD","cmd":"getClassSecurities","t":1775201644347}}
2026-04-03 10:34:04.050 LOG 1: После dispatch: cmd=getClassSecurities, data тип=string
2026-04-03 10:34:04.100 LOG 0: Запрос от C# 1 (req_id=120): {"id":120,"cmd":"getClassSecurities","t":1775201644348,"data":{"data":"TQOD","cmd":"getClassSecurities","t":1775201644348}}
2026-04-03 10:34:04.150 LOG 1: После dispatch: cmd=getClassSecurities, data тип=string
2026-04-03 10:34:04.200 LOG 0: Запрос от C# 1 (req_id=121): {"id":121,"cmd":"getClassSecurities","t":1775201644348,"data":{"data":"TQOY","cmd":"getClassSecurities","t":1775201644348}}
2026-04-03 10:34:04.250 LOG 1: После dispatch: cmd=getClassSecurities, data тип=string
2026-04-03 10:34:04.300 LOG 0: Запрос от C# 1 (req_id=122): {"id":122,"cmd":"getClassSecurities","t":1775201644349,"data":{"data":"TQTF_F_HOL","cmd":"getClassSecurities","t":1775201644349}}
2026-04-03 10:34:04.350 LOG 1: После dispatch: cmd=getClassSecurities, data тип=string
2026-04-03 10:34:04.400 LOG 0: Запрос от C# 1 (req_id=123): {"id":123,"cmd":"getClassSecurities","t":1775201644350,"data":{"data":"EES_OTC","cmd":"getClassSecurities","t":1775201644350}}
2026-04-03 10:34:04.450 LOG 1: После dispatch: cmd=getClassSecurities, data тип=string
2026-04-03 10:34:04.500 LOG 0: Запрос от C# 1 (req_id=124): {"id":124,"cmd":"getClassSecurities","t":1775201644350,"data":{"data":"TQTF_F","cmd":"getClassSecurities","t":1775201644350}}
2026-04-03 10:34:04.550 LOG 1: После dispatch: cmd=getClassSecurities, data тип=string
2026-04-03 10:34:04.600 LOG 0: Запрос от C# 1 (req_id=125): {"id":125,"cmd":"getClassSecurities","t":1775201644351,"data":{"data":"SMS","cmd":"getClassSecurities","t":1775201644351}}
2026-04-03 10:34:04.650 LOG 1: После dispatch: cmd=getClassSecurities, data тип=string
2026-04-03 10:34:04.700 LOG 0: Запрос от C# 1 (req_id=126): {"id":126,"cmd":"getClassSecurities","t":1775201644351,"data":{"data":"ALGO_ICEBERG","cmd":"getClassSecurities","t":1775201644351}}
2026-04-03 10:34:04.750 LOG 1: После dispatch: cmd=getClassSecurities, data тип=string
2026-04-03 10:34:04.800 LOG 0: Запрос от C# 1 (req_id=127): {"id":127,"cmd":"getClassSecurities","t":1775201644352,"data":{"data":"ALGO_VOLATIL","cmd":"getClassSecurities","t":1775201644352}}
2026-04-03 10:34:04.850 LOG 1: После dispatch: cmd=getClassSecurities, data тип=string
2026-04-03 10:34:04.900 LOG 0: Запрос от C# 1 (req_id=128): {"id":128,"cmd":"getClassSecurities","t":1775201644352,"data":{"data":"ALGO_TWAP","cmd":"getClassSecurities","t":1775201644352}}
2026-04-03 10:34:04.950 LOG 1: После dispatch: cmd=getClassSecurities, data тип=string
2026-04-03 10:34:04.000 LOG 0: Запрос от C# 1 (req_id=129): {"id":129,"cmd":"getClassSecurities","t":1775201644353,"data":{"data":"ALGO_VWAP","cmd":"getClassSecurities","t":1775201644353}}
2026-04-03 10:34:04.050 LOG 1: После dispatch: cmd=getClassSecurities, data тип=string
2026-04-03 10:34:04.100 LOG 0: Запрос от C# 1 (req_id=130): {"id":130,"cmd":"getClassSecurities","t":1775201644353,"data":{"data":"ALGO_GTD","cmd":"getClassSecurities","t":1775201644353}}
2026-04-03 10:34:04.150 LOG 1: После dispatch: cmd=getClassSecurities, data тип=string
2026-04-03 10:34:04.200 LOG 0: Запрос от C# 1 (req_id=131): {"id":131,"cmd":"getClassSecurities","t":1775201644354,"data":{"data":"MPAU","cmd":"getClassSecurities","t":1775201644354}}
2026-04-03 10:34:04.250 LOG 1: После dispatch: cmd=getClassSecurities, data тип=string
2026-04-03 10:34:04.300 LOG 0: Запрос от C# 1 (req_id=132): {"id":132,"cmd":"getClassSecurities","t":1775201644356,"data":{"data":"PSAU_FREE","cmd":"getClassSecurities","t":1775201644356}}
2026-04-03 10:34:04.350 LOG 1: После dispatch: cmd=getClassSecurities, data тип=string
2026-04-03 10:34:04.400 LOG 0: Запрос от C# 1 (req_id=133): {"id":133,"cmd":"getClassSecurities","t":1775201644357,"data":{"data":"PSAU","cmd":"getClassSecurities","t":1775201644357}}
2026-04-03 10:34:04.450 LOG 1: После dispatch: cmd=getClassSecurities, data тип=string
2026-04-03 10:34:04.500 LOG 0: Запрос от C# 1 (req_id=134): {"id":134,"cmd":"getClassSecurities","t":1775201644358,"data":{"data":"PSSU","cmd":"getClassSecurities","t":1775201644358}}
2026-04-03 10:34:04.550 LOG 1: После dispatch: cmd=getClassSecurities, data тип=string
2026-04-03 10:34:04.600 LOG 0: Запрос от C# 1 (req_id=135): {"id":135,"cmd":"getClassSecurities","t":1775201644358,"data":{"data":"PSSU_YAD","cmd":"getClassSecurities","t":1775201644358}}
2026-04-03 10:34:04.650 LOG 1: После dispatch: cmd=getClassSecurities, data тип=string
2026-04-03 10:34:04.700 LOG 0: Запрос от C# 1 (req_id=136): {"id":136,"cmd":"getClassSecurities","t":1775201644360,"data":{"data":"PACY","cmd":"getClassSecurities","t":1775201644360}}
2026-04-03 10:34:04.750 LOG 1: После dispatch: cmd=getClassSecurities, data тип=string
2026-04-03 10:34:04.800 LOG 0: Запрос от C# 1 (req_id=137): {"id":137,"cmd":"getClassSecurities","t":1775201644360,"data":{"data":"QT_EQ","cmd":"getClassSecurities","t":1775201644360}}
2026-04-03 10:34:04.850 LOG 1: После dispatch: cmd=getClassSecurities, data тип=string
2026-04-03 10:34:04.900 LOG 0: Запрос от C# 1 (req_id=138): {"id":138,"cmd":"getSecurityInfo","t":1775201644363,"data":{"data":"SPBFUT|RIM6","cmd":"getSecurityInfo","t":1775201644362}}
2026-04-03 10:34:04.950 LOG 1: После dispatch: cmd=getSecurityInfo, data тип=table
2026-04-03 10:34:41.050 LOG 0: Запрос от C# 1 (req_id=1): {"id":1,"cmd":"getClassesList","t":1775201681487,"data":{"data":"","cmd":"getClassesList","t":1775201681483}}
2026-04-03 10:34:41.100 LOG 0: Р’С‹Р·РѕРІ getClassesList, req_id=?
2026-04-03 10:34:41.150 LOG 1: После dispatch: cmd=getClassesList, data тип=string
2026-04-03 10:34:41.200 LOG 0: Запрос от C# 1 (req_id=2): {"id":2,"cmd":"getClassesList","t":1775201681637,"data":{"data":"","cmd":"getClassesList","t":1775201681637}}
2026-04-03 10:34:41.250 LOG 0: Р’С‹Р·РѕРІ getClassesList, req_id=?
2026-04-03 10:34:41.300 LOG 1: После dispatch: cmd=getClassesList, data тип=string
2026-04-03 10:34:41.350 LOG 0: Запрос от C# 1 (req_id=3): {"id":3,"cmd":"getClassInfo","t":1775201681639,"data":{"data":"TQTE","cmd":"getClassInfo","t":1775201681639}}
2026-04-03 10:34:41.400 LOG 1: После dispatch: cmd=getClassInfo, data тип=table
2026-04-03 10:34:41.450 LOG 0: Запрос от C# 1 (req_id=4): {"id":4,"cmd":"getClassInfo","t":1775201681648,"data":{"data":"TQCB","cmd":"getClassInfo","t":1775201681648}}
2026-04-03 10:34:41.500 LOG 1: После dispatch: cmd=getClassInfo, data тип=table
2026-04-03 10:34:41.550 LOG 0: Запрос от C# 1 (req_id=5): {"id":5,"cmd":"getClassInfo","t":1775201681650,"data":{"data":"TQOE","cmd":"getClassInfo","t":1775201681650}}
2026-04-03 10:34:41.600 LOG 1: После dispatch: cmd=getClassInfo, data тип=table
2026-04-03 10:34:41.650 LOG 0: Запрос от C# 1 (req_id=6): {"id":6,"cmd":"getClassInfo","t":1775201681654,"data":{"data":"TQRD","cmd":"getClassInfo","t":1775201681654}}
2026-04-03 10:34:41.700 LOG 1: После dispatch: cmd=getClassInfo, data тип=table
2026-04-03 10:34:41.750 LOG 0: Запрос от C# 1 (req_id=7): {"id":7,"cmd":"getClassInfo","t":1775201681655,"data":{"data":"TQUD","cmd":"getClassInfo","t":1775201681655}}
2026-04-03 10:34:41.800 LOG 1: После dispatch: cmd=getClassInfo, data тип=table
2026-04-03 10:34:41.850 LOG 0: Запрос от C# 1 (req_id=8): {"id":8,"cmd":"getClassInfo","t":1775201681656,"data":{"data":"TQED","cmd":"getClassInfo","t":1775201681656}}
2026-04-03 10:34:41.900 LOG 1: После dispatch: cmd=getClassInfo, data тип=table
2026-04-03 10:34:41.950 LOG 0: Запрос от C# 1 (req_id=9): {"id":9,"cmd":"getClassInfo","t":1775201681657,"data":{"data":"FQBR","cmd":"getClassInfo","t":1775201681657}}
2026-04-03 10:34:41.000 LOG 1: После dispatch: cmd=getClassInfo, data тип=table
2026-04-03 10:34:41.050 LOG 0: Запрос от C# 1 (req_id=10): {"id":10,"cmd":"getClassInfo","t":1775201681658,"data":{"data":"SPBFUT","cmd":"getClassInfo","t":1775201681658}}
2026-04-03 10:34:41.100 LOG 1: После dispatch: cmd=getClassInfo, data тип=table
2026-04-03 10:34:41.150 LOG 0: Запрос от C# 1 (req_id=11): {"id":11,"cmd":"getClassInfo","t":1775201681658,"data":{"data":"SPBOPT","cmd":"getClassInfo","t":1775201681658}}
2026-04-03 10:34:41.200 LOG 1: После dispatch: cmd=getClassInfo, data тип=table
2026-04-03 10:34:41.250 LOG 0: Запрос от C# 1 (req_id=12): {"id":12,"cmd":"getClassInfo","t":1775201681659,"data":{"data":"USDRUB","cmd":"getClassInfo","t":1775201681659}}
2026-04-03 10:34:41.300 LOG 1: После dispatch: cmd=getClassInfo, data тип=table
2026-04-03 10:34:41.350 LOG 0: Запрос от C# 1 (req_id=13): {"id":13,"cmd":"getClassInfo","t":1775201681660,"data":{"data":"OPTSPOT","cmd":"getClassInfo","t":1775201681660}}
2026-04-03 10:34:41.400 LOG 1: После dispatch: cmd=getClassInfo, data тип=table
2026-04-03 10:34:41.450 LOG 0: Запрос от C# 1 (req_id=14): {"id":14,"cmd":"getClassInfo","t":1775201681660,"data":{"data":"OPTCURNCY","cmd":"getClassInfo","t":1775201681660}}
2026-04-03 10:34:41.500 LOG 1: После dispatch: cmd=getClassInfo, data тип=table
2026-04-03 10:34:41.550 LOG 0: Запрос от C# 1 (req_id=15): {"id":15,"cmd":"getClassInfo","t":1775201681661,"data":{"data":"OPTCOMDTY","cmd":"getClassInfo","t":1775201681661}}
2026-04-03 10:34:41.600 LOG 1: После dispatch: cmd=getClassInfo, data тип=table
2026-04-03 10:34:41.650 LOG 0: Запрос от C# 1 (req_id=16): {"id":16,"cmd":"getClassInfo","t":1775201681663,"data":{"data":"OPTIDX","cmd":"getClassInfo","t":1775201681663}}
2026-04-03 10:34:41.700 LOG 1: После dispatch: cmd=getClassInfo, data тип=table
2026-04-03 10:34:41.750 LOG 0: Запрос от C# 1 (req_id=17): {"id":17,"cmd":"getClassInfo","t":1775201681664,"data":{"data":"RTSIDX","cmd":"getClassInfo","t":1775201681664}}
2026-04-03 10:34:41.800 LOG 1: После dispatch: cmd=getClassInfo, data тип=table
2026-04-03 10:34:41.850 LOG 0: Запрос от C# 1 (req_id=18): {"id":18,"cmd":"getClassInfo","t":1775201681665,"data":{"data":"EQRP_INFO","cmd":"getClassInfo","t":1775201681665}}
2026-04-03 10:34:41.900 LOG 1: После dispatch: cmd=getClassInfo, data тип=table
2026-04-03 10:34:41.950 LOG 0: Запрос от C# 1 (req_id=19): {"id":19,"cmd":"getClassInfo","t":1775201681666,"data":{"data":"FUTCLT","cmd":"getClassInfo","t":1775201681666}}
2026-04-03 10:34:41.000 LOG 1: После dispatch: cmd=getClassInfo, data тип=table
2026-04-03 10:34:41.050 LOG 0: Запрос от C# 1 (req_id=20): {"id":20,"cmd":"getClassInfo","t":1775201681667,"data":{"data":"SPBXM","cmd":"getClassInfo","t":1775201681667}}
2026-04-03 10:34:41.100 LOG 1: После dispatch: cmd=getClassInfo, data тип=table
2026-04-03 10:34:41.150 LOG 0: Запрос от C# 1 (req_id=21): {"id":21,"cmd":"getClassInfo","t":1775201681668,"data":{"data":"SPBDE","cmd":"getClassInfo","t":1775201681668}}
2026-04-03 10:34:41.200 LOG 1: После dispatch: cmd=getClassInfo, data тип=table
2026-04-03 10:34:41.250 LOG 0: Запрос от C# 1 (req_id=22): {"id":22,"cmd":"getClassInfo","t":1775201681669,"data":{"data":"SPBEQRU","cmd":"getClassInfo","t":1775201681669}}
2026-04-03 10:34:41.300 LOG 1: После dispatch: cmd=getClassInfo, data тип=table
2026-04-03 10:34:41.350 LOG 0: Запрос от C# 1 (req_id=23): {"id":23,"cmd":"getClassInfo","t":1775201681670,"data":{"data":"SPBRU","cmd":"getClassInfo","t":1775201681670}}
2026-04-03 10:34:41.400 LOG 1: После dispatch: cmd=getClassInfo, data тип=table
2026-04-03 10:34:41.450 LOG 0: Запрос от C# 1 (req_id=24): {"id":24,"cmd":"getClassInfo","t":1775201681671,"data":{"data":"SPBRUBND","cmd":"getClassInfo","t":1775201681671}}
2026-04-03 10:34:41.500 LOG 1: После dispatch: cmd=getClassInfo, data тип=table
2026-04-03 10:34:41.550 LOG 0: Запрос от C# 1 (req_id=25): {"id":25,"cmd":"getClassInfo","t":1775201681672,"data":{"data":"SPBRU_USD","cmd":"getClassInfo","t":1775201681672}}
2026-04-03 10:34:41.600 LOG 1: После dispatch: cmd=getClassInfo, data тип=table
2026-04-03 10:34:41.650 LOG 0: Запрос от C# 1 (req_id=26): {"id":26,"cmd":"getClassInfo","t":1775201681675,"data":{"data":"PSSPBRUBNDDO","cmd":"getClassInfo","t":1775201681675}}
2026-04-03 10:34:41.700 LOG 1: После dispatch: cmd=getClassInfo, data тип=table
2026-04-03 10:34:41.750 LOG 0: Запрос от C# 1 (req_id=27): {"id":27,"cmd":"getClassInfo","t":1775201681676,"data":{"data":"REPORT","cmd":"getClassInfo","t":1775201681676}}
2026-04-03 10:34:41.800 LOG 1: После dispatch: cmd=getClassInfo, data тип=table
2026-04-03 10:34:41.850 LOG 0: Запрос от C# 1 (req_id=28): {"id":28,"cmd":"getClassInfo","t":1775201681678,"data":{"data":"REPORTFORTS","cmd":"getClassInfo","t":1775201681678}}
2026-04-03 10:34:41.900 LOG 1: После dispatch: cmd=getClassInfo, data тип=table
2026-04-03 10:34:41.950 LOG 0: Запрос от C# 1 (req_id=29): {"id":29,"cmd":"getClassInfo","t":1775201681678,"data":{"data":"VTB_OTC","cmd":"getClassInfo","t":1775201681678}}
2026-04-03 10:34:41.000 LOG 1: После dispatch: cmd=getClassInfo, data тип=table
2026-04-03 10:34:41.050 LOG 0: Запрос от C# 1 (req_id=30): {"id":30,"cmd":"getClassInfo","t":1775201681679,"data":{"data":"CROSSRATE","cmd":"getClassInfo","t":1775201681679}}
2026-04-03 10:34:41.100 LOG 1: После dispatch: cmd=getClassInfo, data тип=table
2026-04-03 10:34:41.150 LOG 0: Запрос от C# 1 (req_id=31): {"id":31,"cmd":"getClassInfo","t":1775201681680,"data":{"data":"QT_BN","cmd":"getClassInfo","t":1775201681680}}
2026-04-03 10:34:41.200 LOG 1: После dispatch: cmd=getClassInfo, data тип=table
2026-04-03 10:34:41.250 LOG 0: Запрос от C# 1 (req_id=32): {"id":32,"cmd":"getClassInfo","t":1775201681681,"data":{"data":"INDX","cmd":"getClassInfo","t":1775201681681}}
2026-04-03 10:34:41.300 LOG 1: После dispatch: cmd=getClassInfo, data тип=table
2026-04-03 10:34:41.350 LOG 0: Запрос от C# 1 (req_id=33): {"id":33,"cmd":"getClassInfo","t":1775201681682,"data":{"data":"TQIF_HOL","cmd":"getClassInfo","t":1775201681682}}
2026-04-03 10:34:41.400 LOG 1: После dispatch: cmd=getClassInfo, data тип=table
2026-04-03 10:34:41.450 LOG 0: Запрос от C# 1 (req_id=34): {"id":34,"cmd":"getClassInfo","t":1775201681683,"data":{"data":"TQTF_HOL","cmd":"getClassInfo","t":1775201681683}}
2026-04-03 10:34:41.500 LOG 1: После dispatch: cmd=getClassInfo, data тип=table
2026-04-03 10:34:41.550 LOG 0: Запрос от C# 1 (req_id=35): {"id":35,"cmd":"getClassInfo","t":1775201681686,"data":{"data":"TQTF_W_HOL","cmd":"getClassInfo","t":1775201681686}}
2026-04-03 10:34:41.600 LOG 1: После dispatch: cmd=getClassInfo, data тип=table
2026-04-03 10:34:41.650 LOG 0: Запрос от C# 1 (req_id=36): {"id":36,"cmd":"getClassInfo","t":1775201681687,"data":{"data":"UP","cmd":"getClassInfo","t":1775201681687}}
2026-04-03 10:34:41.700 LOG 1: После dispatch: cmd=getClassInfo, data тип=table
2026-04-03 10:34:41.750 LOG 0: Запрос от C# 1 (req_id=37): {"id":37,"cmd":"getClassInfo","t":1775201681689,"data":{"data":"CETS","cmd":"getClassInfo","t":1775201681689}}
2026-04-03 10:34:41.800 LOG 1: После dispatch: cmd=getClassInfo, data тип=table
2026-04-03 10:34:41.850 LOG 0: Запрос от C# 1 (req_id=38): {"id":38,"cmd":"getClassInfo","t":1775201681690,"data":{"data":"CETS_MTL","cmd":"getClassInfo","t":1775201681690}}
2026-04-03 10:34:41.900 LOG 1: После dispatch: cmd=getClassInfo, data тип=table
2026-04-03 10:34:41.950 LOG 0: Запрос от C# 1 (req_id=39): {"id":39,"cmd":"getClassInfo","t":1775201681691,"data":{"data":"TQFD","cmd":"getClassInfo","t":1775201681691}}
2026-04-03 10:34:41.000 LOG 1: После dispatch: cmd=getClassInfo, data тип=table
2026-04-03 10:34:41.050 LOG 0: Запрос от C# 1 (req_id=40): {"id":40,"cmd":"getClassInfo","t":1775201681692,"data":{"data":"TQFE","cmd":"getClassInfo","t":1775201681692}}
2026-04-03 10:34:41.100 LOG 1: После dispatch: cmd=getClassInfo, data тип=table
2026-04-03 10:34:41.150 LOG 0: Запрос от C# 1 (req_id=41): {"id":41,"cmd":"getClassInfo","t":1775201681693,"data":{"data":"OCTR","cmd":"getClassInfo","t":1775201681693}}
2026-04-03 10:34:41.200 LOG 1: После dispatch: cmd=getClassInfo, data тип=table
2026-04-03 10:34:41.250 LOG 0: Запрос от C# 1 (req_id=42): {"id":42,"cmd":"getClassInfo","t":1775201681694,"data":{"data":"TQTY","cmd":"getClassInfo","t":1775201681694}}
2026-04-03 10:34:41.300 LOG 1: После dispatch: cmd=getClassInfo, data тип=table
2026-04-03 10:34:41.350 LOG 0: Запрос от C# 1 (req_id=43): {"id":43,"cmd":"getClassInfo","t":1775201681696,"data":{"data":"MTQR","cmd":"getClassInfo","t":1775201681696}}
2026-04-03 10:34:41.400 LOG 1: После dispatch: cmd=getClassInfo, data тип=table
2026-04-03 10:34:41.450 LOG 0: Запрос от C# 1 (req_id=44): {"id":44,"cmd":"getClassInfo","t":1775201681697,"data":{"data":"SMAL","cmd":"getClassInfo","t":1775201681697}}
2026-04-03 10:34:41.500 LOG 1: После dispatch: cmd=getClassInfo, data тип=table
2026-04-03 10:34:41.550 LOG 0: Запрос от C# 1 (req_id=45): {"id":45,"cmd":"getClassInfo","t":1775201681698,"data":{"data":"TQBR","cmd":"getClassInfo","t":1775201681698}}
2026-04-03 10:34:41.600 LOG 1: После dispatch: cmd=getClassInfo, data тип=table
2026-04-03 10:34:41.650 LOG 0: Запрос от C# 1 (req_id=46): {"id":46,"cmd":"getClassInfo","t":1775201681699,"data":{"data":"TQOB","cmd":"getClassInfo","t":1775201681699}}
2026-04-03 10:34:41.700 LOG 1: После dispatch: cmd=getClassInfo, data тип=table
2026-04-03 10:34:41.750 LOG 0: Запрос от C# 1 (req_id=47): {"id":47,"cmd":"getClassInfo","t":1775201681700,"data":{"data":"TQIF","cmd":"getClassInfo","t":1775201681700}}
2026-04-03 10:34:41.800 LOG 1: После dispatch: cmd=getClassInfo, data тип=table
2026-04-03 10:34:41.850 LOG 0: Запрос от C# 1 (req_id=48): {"id":48,"cmd":"getClassInfo","t":1775201681701,"data":{"data":"TQTF","cmd":"getClassInfo","t":1775201681701}}
2026-04-03 10:34:41.900 LOG 1: После dispatch: cmd=getClassInfo, data тип=table
2026-04-03 10:34:41.950 LOG 0: Запрос от C# 1 (req_id=49): {"id":49,"cmd":"getClassInfo","t":1775201681702,"data":{"data":"TQTF_W","cmd":"getClassInfo","t":1775201681702}}
2026-04-03 10:34:41.000 LOG 1: После dispatch: cmd=getClassInfo, data тип=table
2026-04-03 10:34:41.050 LOG 0: Запрос от C# 1 (req_id=50): {"id":50,"cmd":"getClassInfo","t":1775201681702,"data":{"data":"TQBD","cmd":"getClassInfo","t":1775201681702}}
2026-04-03 10:34:41.100 LOG 1: После dispatch: cmd=getClassInfo, data тип=table
2026-04-03 10:34:41.150 LOG 0: Запрос от C# 1 (req_id=51): {"id":51,"cmd":"getClassInfo","t":1775201681704,"data":{"data":"TQTD","cmd":"getClassInfo","t":1775201681704}}
2026-04-03 10:34:41.200 LOG 1: После dispatch: cmd=getClassInfo, data тип=table
2026-04-03 10:34:41.250 LOG 0: Запрос от C# 1 (req_id=52): {"id":52,"cmd":"getClassInfo","t":1775201681705,"data":{"data":"TQOD","cmd":"getClassInfo","t":1775201681705}}
2026-04-03 10:34:41.300 LOG 1: После dispatch: cmd=getClassInfo, data тип=table
2026-04-03 10:34:41.350 LOG 0: Запрос от C# 1 (req_id=53): {"id":53,"cmd":"getClassInfo","t":1775201681707,"data":{"data":"TQOY","cmd":"getClassInfo","t":1775201681707}}
2026-04-03 10:34:41.400 LOG 1: После dispatch: cmd=getClassInfo, data тип=table
2026-04-03 10:34:41.450 LOG 0: Запрос от C# 1 (req_id=54): {"id":54,"cmd":"getClassInfo","t":1775201681709,"data":{"data":"TQTF_F_HOL","cmd":"getClassInfo","t":1775201681709}}
2026-04-03 10:34:41.500 LOG 1: После dispatch: cmd=getClassInfo, data тип=table
2026-04-03 10:34:41.550 LOG 0: Запрос от C# 1 (req_id=55): {"id":55,"cmd":"getClassInfo","t":1775201681711,"data":{"data":"EES_OTC","cmd":"getClassInfo","t":1775201681711}}
2026-04-03 10:34:41.600 LOG 1: После dispatch: cmd=getClassInfo, data тип=table
2026-04-03 10:34:41.650 LOG 0: Запрос от C# 1 (req_id=56): {"id":56,"cmd":"getClassInfo","t":1775201681712,"data":{"data":"TQTF_F","cmd":"getClassInfo","t":1775201681712}}
2026-04-03 10:34:41.700 LOG 1: После dispatch: cmd=getClassInfo, data тип=table
2026-04-03 10:34:41.750 LOG 0: Запрос от C# 1 (req_id=57): {"id":57,"cmd":"getClassInfo","t":1775201681713,"data":{"data":"SMS","cmd":"getClassInfo","t":1775201681713}}
2026-04-03 10:34:41.800 LOG 1: После dispatch: cmd=getClassInfo, data тип=table
2026-04-03 10:34:41.850 LOG 0: Запрос от C# 1 (req_id=58): {"id":58,"cmd":"getClassInfo","t":1775201681715,"data":{"data":"ALGO_ICEBERG","cmd":"getClassInfo","t":1775201681715}}
2026-04-03 10:34:41.900 LOG 1: После dispatch: cmd=getClassInfo, data тип=table
2026-04-03 10:34:41.950 LOG 0: Запрос от C# 1 (req_id=59): {"id":59,"cmd":"getClassInfo","t":1775201681719,"data":{"data":"ALGO_VOLATIL","cmd":"getClassInfo","t":1775201681719}}
2026-04-03 10:34:41.000 LOG 1: После dispatch: cmd=getClassInfo, data тип=table
2026-04-03 10:34:41.050 LOG 0: Запрос от C# 1 (req_id=60): {"id":60,"cmd":"getClassInfo","t":1775201681722,"data":{"data":"ALGO_TWAP","cmd":"getClassInfo","t":1775201681722}}
2026-04-03 10:34:41.100 LOG 1: После dispatch: cmd=getClassInfo, data тип=table
2026-04-03 10:34:41.150 LOG 0: Запрос от C# 1 (req_id=61): {"id":61,"cmd":"getClassInfo","t":1775201681723,"data":{"data":"ALGO_VWAP","cmd":"getClassInfo","t":1775201681723}}
2026-04-03 10:34:41.200 LOG 1: После dispatch: cmd=getClassInfo, data тип=table
2026-04-03 10:34:41.250 LOG 0: Запрос от C# 1 (req_id=62): {"id":62,"cmd":"getClassInfo","t":1775201681725,"data":{"data":"ALGO_GTD","cmd":"getClassInfo","t":1775201681725}}
2026-04-03 10:34:41.300 LOG 1: После dispatch: cmd=getClassInfo, data тип=table
2026-04-03 10:34:41.350 LOG 0: Запрос от C# 1 (req_id=63): {"id":63,"cmd":"getClassInfo","t":1775201681726,"data":{"data":"MPAU","cmd":"getClassInfo","t":1775201681726}}
2026-04-03 10:34:41.400 LOG 1: После dispatch: cmd=getClassInfo, data тип=table
2026-04-03 10:34:41.450 LOG 0: Запрос от C# 1 (req_id=64): {"id":64,"cmd":"getClassInfo","t":1775201681728,"data":{"data":"PSAU_FREE","cmd":"getClassInfo","t":1775201681728}}
2026-04-03 10:34:41.500 LOG 1: После dispatch: cmd=getClassInfo, data тип=table
2026-04-03 10:34:41.550 LOG 0: Запрос от C# 1 (req_id=65): {"id":65,"cmd":"getClassInfo","t":1775201681729,"data":{"data":"PSAU","cmd":"getClassInfo","t":1775201681729}}
2026-04-03 10:34:41.600 LOG 1: После dispatch: cmd=getClassInfo, data тип=table
2026-04-03 10:34:41.650 LOG 0: Запрос от C# 1 (req_id=66): {"id":66,"cmd":"getClassInfo","t":1775201681729,"data":{"data":"PSSU","cmd":"getClassInfo","t":1775201681729}}
2026-04-03 10:34:41.700 LOG 1: После dispatch: cmd=getClassInfo, data тип=table
2026-04-03 10:34:41.750 LOG 0: Запрос от C# 1 (req_id=67): {"id":67,"cmd":"getClassInfo","t":1775201681730,"data":{"data":"PSSU_YAD","cmd":"getClassInfo","t":1775201681730}}
2026-04-03 10:34:41.800 LOG 1: После dispatch: cmd=getClassInfo, data тип=table
2026-04-03 10:34:41.850 LOG 0: Запрос от C# 1 (req_id=68): {"id":68,"cmd":"getClassInfo","t":1775201681731,"data":{"data":"PACY","cmd":"getClassInfo","t":1775201681731}}
2026-04-03 10:34:41.900 LOG 1: После dispatch: cmd=getClassInfo, data тип=table
2026-04-03 10:34:41.950 LOG 0: Запрос от C# 1 (req_id=69): {"id":69,"cmd":"getClassInfo","t":1775201681732,"data":{"data":"QT_EQ","cmd":"getClassInfo","t":1775201681732}}
2026-04-03 10:34:41.000 LOG 1: После dispatch: cmd=getClassInfo, data тип=table
2026-04-03 10:34:41.050 LOG 0: Запрос от C# 1 (req_id=70): {"id":70,"cmd":"getClassesList","t":1775201681733,"data":{"data":"","cmd":"getClassesList","t":1775201681733}}
2026-04-03 10:34:41.100 LOG 0: Р’С‹Р·РѕРІ getClassesList, req_id=?
2026-04-03 10:34:41.150 LOG 1: После dispatch: cmd=getClassesList, data тип=string
2026-04-03 10:34:41.200 LOG 0: Запрос от C# 1 (req_id=71): {"id":71,"cmd":"getClassSecurities","t":1775201681735,"data":{"data":"TQTE","cmd":"getClassSecurities","t":1775201681735}}
2026-04-03 10:34:41.250 LOG 1: После dispatch: cmd=getClassSecurities, data тип=string
2026-04-03 10:34:41.300 LOG 0: Запрос от C# 1 (req_id=72): {"id":72,"cmd":"getClassSecurities","t":1775201681736,"data":{"data":"TQCB","cmd":"getClassSecurities","t":1775201681736}}
2026-04-03 10:34:41.350 LOG 1: После dispatch: cmd=getClassSecurities, data тип=string
2026-04-03 10:34:41.400 LOG 0: Запрос от C# 1 (req_id=73): {"id":73,"cmd":"getClassSecurities","t":1775201681755,"data":{"data":"TQOE","cmd":"getClassSecurities","t":1775201681755}}
2026-04-03 10:34:41.450 LOG 1: После dispatch: cmd=getClassSecurities, data тип=string
2026-04-03 10:34:41.500 LOG 0: Запрос от C# 1 (req_id=74): {"id":74,"cmd":"getClassSecurities","t":1775201681757,"data":{"data":"TQRD","cmd":"getClassSecurities","t":1775201681757}}
2026-04-03 10:34:41.550 LOG 1: После dispatch: cmd=getClassSecurities, data тип=string
2026-04-03 10:34:41.600 LOG 0: Запрос от C# 1 (req_id=75): {"id":75,"cmd":"getClassSecurities","t":1775201681759,"data":{"data":"TQUD","cmd":"getClassSecurities","t":1775201681759}}
2026-04-03 10:34:41.650 LOG 1: После dispatch: cmd=getClassSecurities, data тип=string
2026-04-03 10:34:41.700 LOG 0: Запрос от C# 1 (req_id=76): {"id":76,"cmd":"getClassSecurities","t":1775201681760,"data":{"data":"TQED","cmd":"getClassSecurities","t":1775201681760}}
2026-04-03 10:34:41.750 LOG 1: После dispatch: cmd=getClassSecurities, data тип=string
2026-04-03 10:34:41.800 LOG 0: Запрос от C# 1 (req_id=77): {"id":77,"cmd":"getClassSecurities","t":1775201681761,"data":{"data":"FQBR","cmd":"getClassSecurities","t":1775201681761}}
2026-04-03 10:34:41.850 LOG 1: После dispatch: cmd=getClassSecurities, data тип=string
2026-04-03 10:34:41.900 LOG 0: Запрос от C# 1 (req_id=78): {"id":78,"cmd":"getClassSecurities","t":1775201681762,"data":{"data":"SPBFUT","cmd":"getClassSecurities","t":1775201681762}}
2026-04-03 10:34:41.950 LOG 1: После dispatch: cmd=getClassSecurities, data тип=string
2026-04-03 10:34:41.000 LOG 0: Запрос от C# 1 (req_id=79): {"id":79,"cmd":"getClassSecurities","t":1775201681763,"data":{"data":"SPBOPT","cmd":"getClassSecurities","t":1775201681763}}
2026-04-03 10:34:41.050 LOG 1: После dispatch: cmd=getClassSecurities, data тип=string
2026-04-03 10:34:41.100 LOG 0: Запрос от C# 1 (req_id=80): {"id":80,"cmd":"getClassSecurities","t":1775201681792,"data":{"data":"USDRUB","cmd":"getClassSecurities","t":1775201681792}}
2026-04-03 10:34:41.150 LOG 1: После dispatch: cmd=getClassSecurities, data тип=string
2026-04-03 10:34:41.200 LOG 0: Запрос от C# 1 (req_id=81): {"id":81,"cmd":"getClassSecurities","t":1775201681793,"data":{"data":"OPTSPOT","cmd":"getClassSecurities","t":1775201681793}}
2026-04-03 10:34:41.250 LOG 1: После dispatch: cmd=getClassSecurities, data тип=string
2026-04-03 10:34:41.300 LOG 0: Запрос от C# 1 (req_id=82): {"id":82,"cmd":"getClassSecurities","t":1775201681828,"data":{"data":"OPTCURNCY","cmd":"getClassSecurities","t":1775201681828}}
2026-04-03 10:34:41.350 LOG 1: После dispatch: cmd=getClassSecurities, data тип=string
2026-04-03 10:34:41.400 LOG 0: Запрос от C# 1 (req_id=83): {"id":83,"cmd":"getClassSecurities","t":1775201681829,"data":{"data":"OPTCOMDTY","cmd":"getClassSecurities","t":1775201681829}}
2026-04-03 10:34:41.450 LOG 1: После dispatch: cmd=getClassSecurities, data тип=string
2026-04-03 10:34:41.500 LOG 0: Запрос от C# 1 (req_id=84): {"id":84,"cmd":"getClassSecurities","t":1775201681831,"data":{"data":"OPTIDX","cmd":"getClassSecurities","t":1775201681831}}
2026-04-03 10:34:41.550 LOG 1: После dispatch: cmd=getClassSecurities, data тип=string
2026-04-03 10:34:41.600 LOG 0: Запрос от C# 1 (req_id=85): {"id":85,"cmd":"getClassSecurities","t":1775201681834,"data":{"data":"RTSIDX","cmd":"getClassSecurities","t":1775201681834}}
2026-04-03 10:34:41.650 LOG 1: После dispatch: cmd=getClassSecurities, data тип=string
2026-04-03 10:34:41.700 LOG 0: Запрос от C# 1 (req_id=86): {"id":86,"cmd":"getClassSecurities","t":1775201681835,"data":{"data":"EQRP_INFO","cmd":"getClassSecurities","t":1775201681835}}
2026-04-03 10:34:41.750 LOG 1: После dispatch: cmd=getClassSecurities, data тип=string
2026-04-03 10:34:41.800 LOG 0: Запрос от C# 1 (req_id=87): {"id":87,"cmd":"getClassSecurities","t":1775201681846,"data":{"data":"FUTCLT","cmd":"getClassSecurities","t":1775201681846}}
2026-04-03 10:34:41.850 LOG 1: После dispatch: cmd=getClassSecurities, data тип=string
2026-04-03 10:34:41.900 LOG 0: Запрос от C# 1 (req_id=88): {"id":88,"cmd":"getClassSecurities","t":1775201681848,"data":{"data":"SPBXM","cmd":"getClassSecurities","t":1775201681848}}
2026-04-03 10:34:41.950 LOG 1: После dispatch: cmd=getClassSecurities, data тип=string
2026-04-03 10:34:41.000 LOG 0: Запрос от C# 1 (req_id=89): {"id":89,"cmd":"getClassSecurities","t":1775201681852,"data":{"data":"SPBDE","cmd":"getClassSecurities","t":1775201681852}}
2026-04-03 10:34:41.050 LOG 1: После dispatch: cmd=getClassSecurities, data тип=string
2026-04-03 10:34:41.100 LOG 0: Запрос от C# 1 (req_id=90): {"id":90,"cmd":"getClassSecurities","t":1775201681853,"data":{"data":"SPBEQRU","cmd":"getClassSecurities","t":1775201681853}}
2026-04-03 10:34:41.150 LOG 1: После dispatch: cmd=getClassSecurities, data тип=string
2026-04-03 10:34:41.200 LOG 0: Запрос от C# 1 (req_id=91): {"id":91,"cmd":"getClassSecurities","t":1775201681853,"data":{"data":"SPBRU","cmd":"getClassSecurities","t":1775201681853}}
2026-04-03 10:34:41.250 LOG 1: После dispatch: cmd=getClassSecurities, data тип=string
2026-04-03 10:34:41.300 LOG 0: Запрос от C# 1 (req_id=92): {"id":92,"cmd":"getClassSecurities","t":1775201681854,"data":{"data":"SPBRUBND","cmd":"getClassSecurities","t":1775201681854}}
2026-04-03 10:34:41.350 LOG 1: После dispatch: cmd=getClassSecurities, data тип=string
2026-04-03 10:34:41.400 LOG 0: Запрос от C# 1 (req_id=93): {"id":93,"cmd":"getClassSecurities","t":1775201681855,"data":{"data":"SPBRU_USD","cmd":"getClassSecurities","t":1775201681855}}
2026-04-03 10:34:41.450 LOG 1: После dispatch: cmd=getClassSecurities, data тип=string
2026-04-03 10:34:41.500 LOG 0: Запрос от C# 1 (req_id=94): {"id":94,"cmd":"getClassSecurities","t":1775201681855,"data":{"data":"PSSPBRUBNDDO","cmd":"getClassSecurities","t":1775201681855}}
2026-04-03 10:34:41.550 LOG 1: После dispatch: cmd=getClassSecurities, data тип=string
2026-04-03 10:34:41.600 LOG 0: Запрос от C# 1 (req_id=95): {"id":95,"cmd":"getClassSecurities","t":1775201681856,"data":{"data":"REPORT","cmd":"getClassSecurities","t":1775201681856}}
2026-04-03 10:34:41.650 LOG 1: После dispatch: cmd=getClassSecurities, data тип=string
2026-04-03 10:34:41.700 LOG 0: Запрос от C# 1 (req_id=96): {"id":96,"cmd":"getClassSecurities","t":1775201681858,"data":{"data":"REPORTFORTS","cmd":"getClassSecurities","t":1775201681858}}
2026-04-03 10:34:41.750 LOG 1: После dispatch: cmd=getClassSecurities, data тип=string
2026-04-03 10:34:41.800 LOG 0: Запрос от C# 1 (req_id=97): {"id":97,"cmd":"getClassSecurities","t":1775201681859,"data":{"data":"VTB_OTC","cmd":"getClassSecurities","t":1775201681859}}
2026-04-03 10:34:41.850 LOG 1: После dispatch: cmd=getClassSecurities, data тип=string
2026-04-03 10:34:41.900 LOG 0: Запрос от C# 1 (req_id=98): {"id":98,"cmd":"getClassSecurities","t":1775201681860,"data":{"data":"CROSSRATE","cmd":"getClassSecurities","t":1775201681860}}
2026-04-03 10:34:41.950 LOG 1: После dispatch: cmd=getClassSecurities, data тип=string
2026-04-03 10:34:41.000 LOG 0: Запрос от C# 1 (req_id=99): {"id":99,"cmd":"getClassSecurities","t":1775201681861,"data":{"data":"QT_BN","cmd":"getClassSecurities","t":1775201681861}}
2026-04-03 10:34:41.050 LOG 1: После dispatch: cmd=getClassSecurities, data тип=string
2026-04-03 10:34:41.100 LOG 0: Запрос от C# 1 (req_id=100): {"id":100,"cmd":"getClassSecurities","t":1775201681862,"data":{"data":"INDX","cmd":"getClassSecurities","t":1775201681862}}
2026-04-03 10:34:41.150 LOG 1: После dispatch: cmd=getClassSecurities, data тип=string
2026-04-03 10:34:41.200 LOG 0: Запрос от C# 1 (req_id=101): {"id":101,"cmd":"getClassSecurities","t":1775201681863,"data":{"data":"TQIF_HOL","cmd":"getClassSecurities","t":1775201681863}}
2026-04-03 10:34:41.250 LOG 1: После dispatch: cmd=getClassSecurities, data тип=string
2026-04-03 10:34:41.300 LOG 0: Запрос от C# 1 (req_id=102): {"id":102,"cmd":"getClassSecurities","t":1775201681864,"data":{"data":"TQTF_HOL","cmd":"getClassSecurities","t":1775201681864}}
2026-04-03 10:34:41.350 LOG 1: После dispatch: cmd=getClassSecurities, data тип=string
2026-04-03 10:34:41.400 LOG 0: Запрос от C# 1 (req_id=103): {"id":103,"cmd":"getClassSecurities","t":1775201681869,"data":{"data":"TQTF_W_HOL","cmd":"getClassSecurities","t":1775201681869}}
2026-04-03 10:34:41.450 LOG 1: После dispatch: cmd=getClassSecurities, data тип=string
2026-04-03 10:34:41.500 LOG 0: Запрос от C# 1 (req_id=104): {"id":104,"cmd":"getClassSecurities","t":1775201681870,"data":{"data":"UP","cmd":"getClassSecurities","t":1775201681870}}
2026-04-03 10:34:41.550 LOG 1: После dispatch: cmd=getClassSecurities, data тип=string
2026-04-03 10:34:41.600 LOG 0: Запрос от C# 1 (req_id=105): {"id":105,"cmd":"getClassSecurities","t":1775201681871,"data":{"data":"CETS","cmd":"getClassSecurities","t":1775201681871}}
2026-04-03 10:34:41.650 LOG 1: После dispatch: cmd=getClassSecurities, data тип=string
2026-04-03 10:34:41.700 LOG 0: Запрос от C# 1 (req_id=106): {"id":106,"cmd":"getClassSecurities","t":1775201681873,"data":{"data":"CETS_MTL","cmd":"getClassSecurities","t":1775201681873}}
2026-04-03 10:34:41.750 LOG 1: После dispatch: cmd=getClassSecurities, data тип=string
2026-04-03 10:34:41.800 LOG 0: Запрос от C# 1 (req_id=107): {"id":107,"cmd":"getClassSecurities","t":1775201681873,"data":{"data":"TQFD","cmd":"getClassSecurities","t":1775201681873}}
2026-04-03 10:34:41.850 LOG 1: После dispatch: cmd=getClassSecurities, data тип=string
2026-04-03 10:34:41.900 LOG 0: Запрос от C# 1 (req_id=108): {"id":108,"cmd":"getClassSecurities","t":1775201681875,"data":{"data":"TQFE","cmd":"getClassSecurities","t":1775201681875}}
2026-04-03 10:34:41.950 LOG 1: После dispatch: cmd=getClassSecurities, data тип=string
2026-04-03 10:34:41.000 LOG 0: Запрос от C# 1 (req_id=109): {"id":109,"cmd":"getClassSecurities","t":1775201681875,"data":{"data":"OCTR","cmd":"getClassSecurities","t":1775201681875}}
2026-04-03 10:34:41.050 LOG 1: После dispatch: cmd=getClassSecurities, data тип=string
2026-04-03 10:34:41.100 LOG 0: Запрос от C# 1 (req_id=110): {"id":110,"cmd":"getClassSecurities","t":1775201681877,"data":{"data":"TQTY","cmd":"getClassSecurities","t":1775201681877}}
2026-04-03 10:34:41.150 LOG 1: После dispatch: cmd=getClassSecurities, data тип=string
2026-04-03 10:34:41.200 LOG 0: Запрос от C# 1 (req_id=111): {"id":111,"cmd":"getClassSecurities","t":1775201681877,"data":{"data":"MTQR","cmd":"getClassSecurities","t":1775201681877}}
2026-04-03 10:34:41.250 LOG 1: После dispatch: cmd=getClassSecurities, data тип=string
2026-04-03 10:34:41.300 LOG 0: Запрос от C# 1 (req_id=112): {"id":112,"cmd":"getClassSecurities","t":1775201681879,"data":{"data":"SMAL","cmd":"getClassSecurities","t":1775201681879}}
2026-04-03 10:34:41.350 LOG 1: После dispatch: cmd=getClassSecurities, data тип=string
2026-04-03 10:34:41.400 LOG 0: Запрос от C# 1 (req_id=113): {"id":113,"cmd":"getClassSecurities","t":1775201681880,"data":{"data":"TQBR","cmd":"getClassSecurities","t":1775201681880}}
2026-04-03 10:34:41.450 LOG 1: После dispatch: cmd=getClassSecurities, data тип=string
2026-04-03 10:34:41.500 LOG 0: Запрос от C# 1 (req_id=114): {"id":114,"cmd":"getClassSecurities","t":1775201681881,"data":{"data":"TQOB","cmd":"getClassSecurities","t":1775201681881}}
2026-04-03 10:34:41.550 LOG 1: После dispatch: cmd=getClassSecurities, data тип=string
2026-04-03 10:34:41.600 LOG 0: Запрос от C# 1 (req_id=115): {"id":115,"cmd":"getClassSecurities","t":1775201681881,"data":{"data":"TQIF","cmd":"getClassSecurities","t":1775201681881}}
2026-04-03 10:34:41.650 LOG 1: После dispatch: cmd=getClassSecurities, data тип=string
2026-04-03 10:34:41.700 LOG 0: Запрос от C# 1 (req_id=116): {"id":116,"cmd":"getClassSecurities","t":1775201681882,"data":{"data":"TQTF","cmd":"getClassSecurities","t":1775201681882}}
2026-04-03 10:34:41.750 LOG 1: После dispatch: cmd=getClassSecurities, data тип=string
2026-04-03 10:34:41.800 LOG 0: Запрос от C# 1 (req_id=117): {"id":117,"cmd":"getClassSecurities","t":1775201681883,"data":{"data":"TQTF_W","cmd":"getClassSecurities","t":1775201681883}}
2026-04-03 10:34:41.850 LOG 1: После dispatch: cmd=getClassSecurities, data тип=string
2026-04-03 10:34:41.900 LOG 0: Запрос от C# 1 (req_id=118): {"id":118,"cmd":"getClassSecurities","t":1775201681883,"data":{"data":"TQBD","cmd":"getClassSecurities","t":1775201681883}}
2026-04-03 10:34:41.950 LOG 1: После dispatch: cmd=getClassSecurities, data тип=string
2026-04-03 10:34:41.000 LOG 0: Запрос от C# 1 (req_id=119): {"id":119,"cmd":"getClassSecurities","t":1775201681884,"data":{"data":"TQTD","cmd":"getClassSecurities","t":1775201681884}}
2026-04-03 10:34:41.050 LOG 1: После dispatch: cmd=getClassSecurities, data тип=string
2026-04-03 10:34:41.100 LOG 0: Запрос от C# 1 (req_id=120): {"id":120,"cmd":"getClassSecurities","t":1775201681884,"data":{"data":"TQOD","cmd":"getClassSecurities","t":1775201681884}}
2026-04-03 10:34:41.150 LOG 1: После dispatch: cmd=getClassSecurities, data тип=string
2026-04-03 10:34:41.200 LOG 0: Запрос от C# 1 (req_id=121): {"id":121,"cmd":"getClassSecurities","t":1775201681885,"data":{"data":"TQOY","cmd":"getClassSecurities","t":1775201681885}}
2026-04-03 10:34:41.250 LOG 1: После dispatch: cmd=getClassSecurities, data тип=string
2026-04-03 10:34:41.300 LOG 0: Запрос от C# 1 (req_id=122): {"id":122,"cmd":"getClassSecurities","t":1775201681886,"data":{"data":"TQTF_F_HOL","cmd":"getClassSecurities","t":1775201681886}}
2026-04-03 10:34:41.350 LOG 1: После dispatch: cmd=getClassSecurities, data тип=string
2026-04-03 10:34:41.400 LOG 0: Запрос от C# 1 (req_id=123): {"id":123,"cmd":"getClassSecurities","t":1775201681887,"data":{"data":"EES_OTC","cmd":"getClassSecurities","t":1775201681887}}
2026-04-03 10:34:41.450 LOG 1: После dispatch: cmd=getClassSecurities, data тип=string
2026-04-03 10:34:41.500 LOG 0: Запрос от C# 1 (req_id=124): {"id":124,"cmd":"getClassSecurities","t":1775201681887,"data":{"data":"TQTF_F","cmd":"getClassSecurities","t":1775201681887}}
2026-04-03 10:34:41.550 LOG 1: После dispatch: cmd=getClassSecurities, data тип=string
2026-04-03 10:34:41.600 LOG 0: Запрос от C# 1 (req_id=125): {"id":125,"cmd":"getClassSecurities","t":1775201681888,"data":{"data":"SMS","cmd":"getClassSecurities","t":1775201681888}}
2026-04-03 10:34:41.650 LOG 1: После dispatch: cmd=getClassSecurities, data тип=string
2026-04-03 10:34:41.700 LOG 0: Запрос от C# 1 (req_id=126): {"id":126,"cmd":"getClassSecurities","t":1775201681890,"data":{"data":"ALGO_ICEBERG","cmd":"getClassSecurities","t":1775201681890}}
2026-04-03 10:34:41.750 LOG 1: После dispatch: cmd=getClassSecurities, data тип=string
2026-04-03 10:34:41.800 LOG 0: Запрос от C# 1 (req_id=127): {"id":127,"cmd":"getClassSecurities","t":1775201681891,"data":{"data":"ALGO_VOLATIL","cmd":"getClassSecurities","t":1775201681891}}
2026-04-03 10:34:41.850 LOG 1: После dispatch: cmd=getClassSecurities, data тип=string
2026-04-03 10:34:41.900 LOG 0: Запрос от C# 1 (req_id=128): {"id":128,"cmd":"getClassSecurities","t":1775201681892,"data":{"data":"ALGO_TWAP","cmd":"getClassSecurities","t":1775201681892}}
2026-04-03 10:34:41.950 LOG 1: После dispatch: cmd=getClassSecurities, data тип=string
2026-04-03 10:34:41.000 LOG 0: Запрос от C# 1 (req_id=129): {"id":129,"cmd":"getClassSecurities","t":1775201681892,"data":{"data":"ALGO_VWAP","cmd":"getClassSecurities","t":1775201681892}}
2026-04-03 10:34:41.050 LOG 1: После dispatch: cmd=getClassSecurities, data тип=string
2026-04-03 10:34:41.100 LOG 0: Запрос от C# 1 (req_id=130): {"id":130,"cmd":"getClassSecurities","t":1775201681893,"data":{"data":"ALGO_GTD","cmd":"getClassSecurities","t":1775201681893}}
2026-04-03 10:34:41.150 LOG 1: После dispatch: cmd=getClassSecurities, data тип=string
2026-04-03 10:34:41.200 LOG 0: Запрос от C# 1 (req_id=131): {"id":131,"cmd":"getClassSecurities","t":1775201681893,"data":{"data":"MPAU","cmd":"getClassSecurities","t":1775201681893}}
2026-04-03 10:34:41.250 LOG 1: После dispatch: cmd=getClassSecurities, data тип=string
2026-04-03 10:34:41.300 LOG 0: Запрос от C# 1 (req_id=132): {"id":132,"cmd":"getClassSecurities","t":1775201681894,"data":{"data":"PSAU_FREE","cmd":"getClassSecurities","t":1775201681894}}
2026-04-03 10:34:41.350 LOG 1: После dispatch: cmd=getClassSecurities, data тип=string
2026-04-03 10:34:41.400 LOG 0: Запрос от C# 1 (req_id=133): {"id":133,"cmd":"getClassSecurities","t":1775201681895,"data":{"data":"PSAU","cmd":"getClassSecurities","t":1775201681895}}
2026-04-03 10:34:41.450 LOG 1: После dispatch: cmd=getClassSecurities, data тип=string
2026-04-03 10:34:41.500 LOG 0: Запрос от C# 1 (req_id=134): {"id":134,"cmd":"getClassSecurities","t":1775201681896,"data":{"data":"PSSU","cmd":"getClassSecurities","t":1775201681896}}
2026-04-03 10:34:41.550 LOG 1: После dispatch: cmd=getClassSecurities, data тип=string
2026-04-03 10:34:41.600 LOG 0: Запрос от C# 1 (req_id=135): {"id":135,"cmd":"getClassSecurities","t":1775201681896,"data":{"data":"PSSU_YAD","cmd":"getClassSecurities","t":1775201681896}}
2026-04-03 10:34:41.650 LOG 1: После dispatch: cmd=getClassSecurities, data тип=string
2026-04-03 10:34:41.700 LOG 0: Запрос от C# 1 (req_id=136): {"id":136,"cmd":"getClassSecurities","t":1775201681897,"data":{"data":"PACY","cmd":"getClassSecurities","t":1775201681897}}
2026-04-03 10:34:41.750 LOG 1: После dispatch: cmd=getClassSecurities, data тип=string
2026-04-03 10:34:41.800 LOG 0: Запрос от C# 1 (req_id=137): {"id":137,"cmd":"getClassSecurities","t":1775201681897,"data":{"data":"QT_EQ","cmd":"getClassSecurities","t":1775201681897}}
2026-04-03 10:34:41.850 LOG 1: После dispatch: cmd=getClassSecurities, data тип=string
2026-04-03 10:35:02.050 LOG 0: Запрос от C# 1 (req_id=138): {"id":138,"cmd":"getSecurityInfo","t":1775201698743,"data":{"data":"SPBFUT|RIM6","cmd":"getSecurityInfo","t":1775201690790}}
2026-04-03 10:35:02.100 LOG 1: После dispatch: cmd=getSecurityInfo, data тип=table
2026-04-03 10:36:18.050 LOG 0: Запрос от C# 1 (req_id=1): {"id":1,"cmd":"getClassesList","t":1775201778042,"data":{"data":"","cmd":"getClassesList","t":1775201778039}}
2026-04-03 10:36:18.100 LOG 0: Р’С‹Р·РѕРІ getClassesList, req_id=?
2026-04-03 10:36:18.150 LOG 1: После dispatch: cmd=getClassesList, data тип=string
2026-04-03 10:36:18.200 LOG 0: Запрос от C# 1 (req_id=2): {"id":2,"cmd":"getClassesList","t":1775201778195,"data":{"data":"","cmd":"getClassesList","t":1775201778195}}
2026-04-03 10:36:18.250 LOG 0: Р’С‹Р·РѕРІ getClassesList, req_id=?
2026-04-03 10:36:18.300 LOG 1: После dispatch: cmd=getClassesList, data тип=string
2026-04-03 10:36:18.350 LOG 0: Запрос от C# 1 (req_id=3): {"id":3,"cmd":"getClassInfo","t":1775201778197,"data":{"data":"TQTE","cmd":"getClassInfo","t":1775201778196}}
2026-04-03 10:36:18.400 LOG 1: После dispatch: cmd=getClassInfo, data тип=table
2026-04-03 10:36:18.450 LOG 0: Запрос от C# 1 (req_id=4): {"id":4,"cmd":"getClassInfo","t":1775201778212,"data":{"data":"TQCB","cmd":"getClassInfo","t":1775201778212}}
2026-04-03 10:36:18.500 LOG 1: После dispatch: cmd=getClassInfo, data тип=table
2026-04-03 10:36:18.550 LOG 0: Запрос от C# 1 (req_id=5): {"id":5,"cmd":"getClassInfo","t":1775201778213,"data":{"data":"TQOE","cmd":"getClassInfo","t":1775201778213}}
2026-04-03 10:36:18.600 LOG 1: После dispatch: cmd=getClassInfo, data тип=table
2026-04-03 10:36:18.650 LOG 0: Запрос от C# 1 (req_id=6): {"id":6,"cmd":"getClassInfo","t":1775201778214,"data":{"data":"TQRD","cmd":"getClassInfo","t":1775201778214}}
2026-04-03 10:36:18.700 LOG 1: После dispatch: cmd=getClassInfo, data тип=table
2026-04-03 10:36:18.750 LOG 0: Запрос от C# 1 (req_id=7): {"id":7,"cmd":"getClassInfo","t":1775201778215,"data":{"data":"TQUD","cmd":"getClassInfo","t":1775201778215}}
2026-04-03 10:36:18.800 LOG 1: После dispatch: cmd=getClassInfo, data тип=table
2026-04-03 10:36:18.850 LOG 0: Запрос от C# 1 (req_id=8): {"id":8,"cmd":"getClassInfo","t":1775201778216,"data":{"data":"TQED","cmd":"getClassInfo","t":1775201778216}}
2026-04-03 10:36:18.900 LOG 1: После dispatch: cmd=getClassInfo, data тип=table
2026-04-03 10:36:18.950 LOG 0: Запрос от C# 1 (req_id=9): {"id":9,"cmd":"getClassInfo","t":1775201778216,"data":{"data":"FQBR","cmd":"getClassInfo","t":1775201778216}}
2026-04-03 10:36:18.000 LOG 1: После dispatch: cmd=getClassInfo, data тип=table
2026-04-03 10:36:18.050 LOG 0: Запрос от C# 1 (req_id=10): {"id":10,"cmd":"getClassInfo","t":1775201778217,"data":{"data":"SPBFUT","cmd":"getClassInfo","t":1775201778217}}
2026-04-03 10:36:18.100 LOG 1: После dispatch: cmd=getClassInfo, data тип=table
2026-04-03 10:36:18.150 LOG 0: Запрос от C# 1 (req_id=11): {"id":11,"cmd":"getClassInfo","t":1775201778218,"data":{"data":"SPBOPT","cmd":"getClassInfo","t":1775201778218}}
2026-04-03 10:36:18.200 LOG 1: После dispatch: cmd=getClassInfo, data тип=table
2026-04-03 10:36:18.250 LOG 0: Запрос от C# 1 (req_id=12): {"id":12,"cmd":"getClassInfo","t":1775201778218,"data":{"data":"USDRUB","cmd":"getClassInfo","t":1775201778218}}
2026-04-03 10:36:18.300 LOG 1: После dispatch: cmd=getClassInfo, data тип=table
2026-04-03 10:36:18.350 LOG 0: Запрос от C# 1 (req_id=13): {"id":13,"cmd":"getClassInfo","t":1775201778219,"data":{"data":"OPTSPOT","cmd":"getClassInfo","t":1775201778219}}
2026-04-03 10:36:18.400 LOG 1: После dispatch: cmd=getClassInfo, data тип=table
2026-04-03 10:36:18.450 LOG 0: Запрос от C# 1 (req_id=14): {"id":14,"cmd":"getClassInfo","t":1775201778219,"data":{"data":"OPTCURNCY","cmd":"getClassInfo","t":1775201778219}}
2026-04-03 10:36:18.500 LOG 1: После dispatch: cmd=getClassInfo, data тип=table
2026-04-03 10:36:18.550 LOG 0: Запрос от C# 1 (req_id=15): {"id":15,"cmd":"getClassInfo","t":1775201778221,"data":{"data":"OPTCOMDTY","cmd":"getClassInfo","t":1775201778221}}
2026-04-03 10:36:18.600 LOG 1: После dispatch: cmd=getClassInfo, data тип=table
2026-04-03 10:36:18.650 LOG 0: Запрос от C# 1 (req_id=16): {"id":16,"cmd":"getClassInfo","t":1775201778223,"data":{"data":"OPTIDX","cmd":"getClassInfo","t":1775201778223}}
2026-04-03 10:36:18.700 LOG 1: После dispatch: cmd=getClassInfo, data тип=table
2026-04-03 10:36:18.750 LOG 0: Запрос от C# 1 (req_id=17): {"id":17,"cmd":"getClassInfo","t":1775201778224,"data":{"data":"RTSIDX","cmd":"getClassInfo","t":1775201778224}}
2026-04-03 10:36:18.800 LOG 1: После dispatch: cmd=getClassInfo, data тип=table
2026-04-03 10:36:18.850 LOG 0: Запрос от C# 1 (req_id=18): {"id":18,"cmd":"getClassInfo","t":1775201778225,"data":{"data":"EQRP_INFO","cmd":"getClassInfo","t":1775201778225}}
2026-04-03 10:36:18.900 LOG 1: После dispatch: cmd=getClassInfo, data тип=table
2026-04-03 10:36:18.950 LOG 0: Запрос от C# 1 (req_id=19): {"id":19,"cmd":"getClassInfo","t":1775201778227,"data":{"data":"FUTCLT","cmd":"getClassInfo","t":1775201778227}}
2026-04-03 10:36:18.000 LOG 1: После dispatch: cmd=getClassInfo, data тип=table
2026-04-03 10:36:18.050 LOG 0: Запрос от C# 1 (req_id=20): {"id":20,"cmd":"getClassInfo","t":1775201778229,"data":{"data":"SPBXM","cmd":"getClassInfo","t":1775201778229}}
2026-04-03 10:36:18.100 LOG 1: После dispatch: cmd=getClassInfo, data тип=table
2026-04-03 10:36:18.150 LOG 0: Запрос от C# 1 (req_id=21): {"id":21,"cmd":"getClassInfo","t":1775201778232,"data":{"data":"SPBDE","cmd":"getClassInfo","t":1775201778232}}
2026-04-03 10:36:18.200 LOG 1: После dispatch: cmd=getClassInfo, data тип=table
2026-04-03 10:36:18.250 LOG 0: Запрос от C# 1 (req_id=22): {"id":22,"cmd":"getClassInfo","t":1775201778233,"data":{"data":"SPBEQRU","cmd":"getClassInfo","t":1775201778233}}
2026-04-03 10:36:18.300 LOG 1: После dispatch: cmd=getClassInfo, data тип=table
2026-04-03 10:36:18.350 LOG 0: Запрос от C# 1 (req_id=23): {"id":23,"cmd":"getClassInfo","t":1775201778234,"data":{"data":"SPBRU","cmd":"getClassInfo","t":1775201778234}}
2026-04-03 10:36:18.400 LOG 1: После dispatch: cmd=getClassInfo, data тип=table
2026-04-03 10:36:18.450 LOG 0: Запрос от C# 1 (req_id=24): {"id":24,"cmd":"getClassInfo","t":1775201778235,"data":{"data":"SPBRUBND","cmd":"getClassInfo","t":1775201778235}}
2026-04-03 10:36:18.500 LOG 1: После dispatch: cmd=getClassInfo, data тип=table
2026-04-03 10:36:18.550 LOG 0: Запрос от C# 1 (req_id=25): {"id":25,"cmd":"getClassInfo","t":1775201778236,"data":{"data":"SPBRU_USD","cmd":"getClassInfo","t":1775201778236}}
2026-04-03 10:36:18.600 LOG 1: После dispatch: cmd=getClassInfo, data тип=table
2026-04-03 10:36:18.650 LOG 0: Запрос от C# 1 (req_id=26): {"id":26,"cmd":"getClassInfo","t":1775201778238,"data":{"data":"PSSPBRUBNDDO","cmd":"getClassInfo","t":1775201778238}}
2026-04-03 10:36:18.700 LOG 1: После dispatch: cmd=getClassInfo, data тип=table
2026-04-03 10:36:18.750 LOG 0: Запрос от C# 1 (req_id=27): {"id":27,"cmd":"getClassInfo","t":1775201778240,"data":{"data":"REPORT","cmd":"getClassInfo","t":1775201778240}}
2026-04-03 10:36:18.800 LOG 1: После dispatch: cmd=getClassInfo, data тип=table
2026-04-03 10:36:18.850 LOG 0: Запрос от C# 1 (req_id=28): {"id":28,"cmd":"getClassInfo","t":1775201778241,"data":{"data":"REPORTFORTS","cmd":"getClassInfo","t":1775201778241}}
2026-04-03 10:36:18.900 LOG 1: После dispatch: cmd=getClassInfo, data тип=table
2026-04-03 10:36:18.950 LOG 0: Запрос от C# 1 (req_id=29): {"id":29,"cmd":"getClassInfo","t":1775201778242,"data":{"data":"VTB_OTC","cmd":"getClassInfo","t":1775201778242}}
2026-04-03 10:36:18.000 LOG 1: После dispatch: cmd=getClassInfo, data тип=table
2026-04-03 10:36:18.050 LOG 0: Запрос от C# 1 (req_id=30): {"id":30,"cmd":"getClassInfo","t":1775201778243,"data":{"data":"CROSSRATE","cmd":"getClassInfo","t":1775201778243}}
2026-04-03 10:36:18.100 LOG 1: После dispatch: cmd=getClassInfo, data тип=table
2026-04-03 10:36:18.150 LOG 0: Запрос от C# 1 (req_id=31): {"id":31,"cmd":"getClassInfo","t":1775201778244,"data":{"data":"QT_BN","cmd":"getClassInfo","t":1775201778244}}
2026-04-03 10:36:18.200 LOG 1: После dispatch: cmd=getClassInfo, data тип=table
2026-04-03 10:36:18.250 LOG 0: Запрос от C# 1 (req_id=32): {"id":32,"cmd":"getClassInfo","t":1775201778245,"data":{"data":"INDX","cmd":"getClassInfo","t":1775201778245}}
2026-04-03 10:36:18.300 LOG 1: После dispatch: cmd=getClassInfo, data тип=table
2026-04-03 10:36:18.350 LOG 0: Запрос от C# 1 (req_id=33): {"id":33,"cmd":"getClassInfo","t":1775201778247,"data":{"data":"TQIF_HOL","cmd":"getClassInfo","t":1775201778247}}
2026-04-03 10:36:18.400 LOG 1: После dispatch: cmd=getClassInfo, data тип=table
2026-04-03 10:36:18.450 LOG 0: Запрос от C# 1 (req_id=34): {"id":34,"cmd":"getClassInfo","t":1775201778248,"data":{"data":"TQTF_HOL","cmd":"getClassInfo","t":1775201778248}}
2026-04-03 10:36:18.500 LOG 1: После dispatch: cmd=getClassInfo, data тип=table
2026-04-03 10:36:18.550 LOG 0: Запрос от C# 1 (req_id=35): {"id":35,"cmd":"getClassInfo","t":1775201778249,"data":{"data":"TQTF_W_HOL","cmd":"getClassInfo","t":1775201778249}}
2026-04-03 10:36:18.600 LOG 1: После dispatch: cmd=getClassInfo, data тип=table
2026-04-03 10:36:18.650 LOG 0: Запрос от C# 1 (req_id=36): {"id":36,"cmd":"getClassInfo","t":1775201778251,"data":{"data":"UP","cmd":"getClassInfo","t":1775201778251}}
2026-04-03 10:36:18.700 LOG 1: После dispatch: cmd=getClassInfo, data тип=table
2026-04-03 10:36:18.750 LOG 0: Запрос от C# 1 (req_id=37): {"id":37,"cmd":"getClassInfo","t":1775201778251,"data":{"data":"CETS","cmd":"getClassInfo","t":1775201778251}}
2026-04-03 10:36:18.800 LOG 1: После dispatch: cmd=getClassInfo, data тип=table
2026-04-03 10:36:18.850 LOG 0: Запрос от C# 1 (req_id=38): {"id":38,"cmd":"getClassInfo","t":1775201778253,"data":{"data":"CETS_MTL","cmd":"getClassInfo","t":1775201778253}}
2026-04-03 10:36:18.900 LOG 1: После dispatch: cmd=getClassInfo, data тип=table
2026-04-03 10:36:18.950 LOG 0: Запрос от C# 1 (req_id=39): {"id":39,"cmd":"getClassInfo","t":1775201778254,"data":{"data":"TQFD","cmd":"getClassInfo","t":1775201778254}}
2026-04-03 10:36:18.000 LOG 1: После dispatch: cmd=getClassInfo, data тип=table
2026-04-03 10:36:18.050 LOG 0: Запрос от C# 1 (req_id=40): {"id":40,"cmd":"getClassInfo","t":1775201778255,"data":{"data":"TQFE","cmd":"getClassInfo","t":1775201778255}}
2026-04-03 10:36:18.100 LOG 1: После dispatch: cmd=getClassInfo, data тип=table
2026-04-03 10:36:18.150 LOG 0: Запрос от C# 1 (req_id=41): {"id":41,"cmd":"getClassInfo","t":1775201778256,"data":{"data":"OCTR","cmd":"getClassInfo","t":1775201778256}}
2026-04-03 10:36:18.200 LOG 1: После dispatch: cmd=getClassInfo, data тип=table
2026-04-03 10:36:18.250 LOG 0: Запрос от C# 1 (req_id=42): {"id":42,"cmd":"getClassInfo","t":1775201778257,"data":{"data":"TQTY","cmd":"getClassInfo","t":1775201778257}}
2026-04-03 10:36:18.300 LOG 1: После dispatch: cmd=getClassInfo, data тип=table
2026-04-03 10:36:18.350 LOG 0: Запрос от C# 1 (req_id=43): {"id":43,"cmd":"getClassInfo","t":1775201778258,"data":{"data":"MTQR","cmd":"getClassInfo","t":1775201778258}}
2026-04-03 10:36:18.400 LOG 1: После dispatch: cmd=getClassInfo, data тип=table
2026-04-03 10:36:18.450 LOG 0: Запрос от C# 1 (req_id=44): {"id":44,"cmd":"getClassInfo","t":1775201778259,"data":{"data":"SMAL","cmd":"getClassInfo","t":1775201778259}}
2026-04-03 10:36:18.500 LOG 1: После dispatch: cmd=getClassInfo, data тип=table
2026-04-03 10:36:18.550 LOG 0: Запрос от C# 1 (req_id=45): {"id":45,"cmd":"getClassInfo","t":1775201778261,"data":{"data":"TQBR","cmd":"getClassInfo","t":1775201778261}}
2026-04-03 10:36:18.600 LOG 1: После dispatch: cmd=getClassInfo, data тип=table
2026-04-03 10:36:18.650 LOG 0: Запрос от C# 1 (req_id=46): {"id":46,"cmd":"getClassInfo","t":1775201778262,"data":{"data":"TQOB","cmd":"getClassInfo","t":1775201778262}}
2026-04-03 10:36:18.700 LOG 1: После dispatch: cmd=getClassInfo, data тип=table
2026-04-03 10:36:18.750 LOG 0: Запрос от C# 1 (req_id=47): {"id":47,"cmd":"getClassInfo","t":1775201778263,"data":{"data":"TQIF","cmd":"getClassInfo","t":1775201778263}}
2026-04-03 10:36:18.800 LOG 1: После dispatch: cmd=getClassInfo, data тип=table
2026-04-03 10:36:18.850 LOG 0: Запрос от C# 1 (req_id=48): {"id":48,"cmd":"getClassInfo","t":1775201778263,"data":{"data":"TQTF","cmd":"getClassInfo","t":1775201778263}}
2026-04-03 10:36:18.900 LOG 1: После dispatch: cmd=getClassInfo, data тип=table
2026-04-03 10:36:18.950 LOG 0: Запрос от C# 1 (req_id=49): {"id":49,"cmd":"getClassInfo","t":1775201778265,"data":{"data":"TQTF_W","cmd":"getClassInfo","t":1775201778265}}
2026-04-03 10:36:18.000 LOG 1: После dispatch: cmd=getClassInfo, data тип=table
2026-04-03 10:36:18.050 LOG 0: Запрос от C# 1 (req_id=50): {"id":50,"cmd":"getClassInfo","t":1775201778268,"data":{"data":"TQBD","cmd":"getClassInfo","t":1775201778268}}
2026-04-03 10:36:18.100 LOG 1: После dispatch: cmd=getClassInfo, data тип=table
2026-04-03 10:36:18.150 LOG 0: Запрос от C# 1 (req_id=51): {"id":51,"cmd":"getClassInfo","t":1775201778269,"data":{"data":"TQTD","cmd":"getClassInfo","t":1775201778269}}
2026-04-03 10:36:18.200 LOG 1: После dispatch: cmd=getClassInfo, data тип=table
2026-04-03 10:36:18.250 LOG 0: Запрос от C# 1 (req_id=52): {"id":52,"cmd":"getClassInfo","t":1775201778273,"data":{"data":"TQOD","cmd":"getClassInfo","t":1775201778273}}
2026-04-03 10:36:18.300 LOG 1: После dispatch: cmd=getClassInfo, data тип=table
2026-04-03 10:36:18.350 LOG 0: Запрос от C# 1 (req_id=53): {"id":53,"cmd":"getClassInfo","t":1775201778274,"data":{"data":"TQOY","cmd":"getClassInfo","t":1775201778274}}
2026-04-03 10:36:18.400 LOG 1: После dispatch: cmd=getClassInfo, data тип=table
2026-04-03 10:36:18.450 LOG 0: Запрос от C# 1 (req_id=54): {"id":54,"cmd":"getClassInfo","t":1775201778275,"data":{"data":"TQTF_F_HOL","cmd":"getClassInfo","t":1775201778275}}
2026-04-03 10:36:18.500 LOG 1: После dispatch: cmd=getClassInfo, data тип=table
2026-04-03 10:36:18.550 LOG 0: Запрос от C# 1 (req_id=55): {"id":55,"cmd":"getClassInfo","t":1775201778276,"data":{"data":"EES_OTC","cmd":"getClassInfo","t":1775201778276}}
2026-04-03 10:36:18.600 LOG 1: После dispatch: cmd=getClassInfo, data тип=table
2026-04-03 10:36:18.650 LOG 0: Запрос от C# 1 (req_id=56): {"id":56,"cmd":"getClassInfo","t":1775201778277,"data":{"data":"TQTF_F","cmd":"getClassInfo","t":1775201778277}}
2026-04-03 10:36:18.700 LOG 1: После dispatch: cmd=getClassInfo, data тип=table
2026-04-03 10:36:18.750 LOG 0: Запрос от C# 1 (req_id=57): {"id":57,"cmd":"getClassInfo","t":1775201778278,"data":{"data":"SMS","cmd":"getClassInfo","t":1775201778278}}
2026-04-03 10:36:18.800 LOG 1: После dispatch: cmd=getClassInfo, data тип=table
2026-04-03 10:36:18.850 LOG 0: Запрос от C# 1 (req_id=58): {"id":58,"cmd":"getClassInfo","t":1775201778281,"data":{"data":"ALGO_ICEBERG","cmd":"getClassInfo","t":1775201778281}}
2026-04-03 10:36:18.900 LOG 1: После dispatch: cmd=getClassInfo, data тип=table
2026-04-03 10:36:18.950 LOG 0: Запрос от C# 1 (req_id=59): {"id":59,"cmd":"getClassInfo","t":1775201778282,"data":{"data":"ALGO_VOLATIL","cmd":"getClassInfo","t":1775201778282}}
2026-04-03 10:36:18.000 LOG 1: После dispatch: cmd=getClassInfo, data тип=table
2026-04-03 10:36:18.050 LOG 0: Запрос от C# 1 (req_id=60): {"id":60,"cmd":"getClassInfo","t":1775201778283,"data":{"data":"ALGO_TWAP","cmd":"getClassInfo","t":1775201778283}}
2026-04-03 10:36:18.100 LOG 1: После dispatch: cmd=getClassInfo, data тип=table
2026-04-03 10:36:18.150 LOG 0: Запрос от C# 1 (req_id=61): {"id":61,"cmd":"getClassInfo","t":1775201778284,"data":{"data":"ALGO_VWAP","cmd":"getClassInfo","t":1775201778284}}
2026-04-03 10:36:18.200 LOG 1: После dispatch: cmd=getClassInfo, data тип=table
2026-04-03 10:36:18.250 LOG 0: Запрос от C# 1 (req_id=62): {"id":62,"cmd":"getClassInfo","t":1775201778285,"data":{"data":"ALGO_GTD","cmd":"getClassInfo","t":1775201778285}}
2026-04-03 10:36:18.300 LOG 1: После dispatch: cmd=getClassInfo, data тип=table
2026-04-03 10:36:18.350 LOG 0: Запрос от C# 1 (req_id=63): {"id":63,"cmd":"getClassInfo","t":1775201778286,"data":{"data":"MPAU","cmd":"getClassInfo","t":1775201778286}}
2026-04-03 10:36:18.400 LOG 1: После dispatch: cmd=getClassInfo, data тип=table
2026-04-03 10:36:18.450 LOG 0: Запрос от C# 1 (req_id=64): {"id":64,"cmd":"getClassInfo","t":1775201778287,"data":{"data":"PSAU_FREE","cmd":"getClassInfo","t":1775201778287}}
2026-04-03 10:36:18.500 LOG 1: После dispatch: cmd=getClassInfo, data тип=table
2026-04-03 10:36:18.550 LOG 0: Запрос от C# 1 (req_id=65): {"id":65,"cmd":"getClassInfo","t":1775201778288,"data":{"data":"PSAU","cmd":"getClassInfo","t":1775201778288}}
2026-04-03 10:36:18.600 LOG 1: После dispatch: cmd=getClassInfo, data тип=table
2026-04-03 10:36:18.650 LOG 0: Запрос от C# 1 (req_id=66): {"id":66,"cmd":"getClassInfo","t":1775201778290,"data":{"data":"PSSU","cmd":"getClassInfo","t":1775201778290}}
2026-04-03 10:36:18.700 LOG 1: После dispatch: cmd=getClassInfo, data тип=table
2026-04-03 10:36:18.750 LOG 0: Запрос от C# 1 (req_id=67): {"id":67,"cmd":"getClassInfo","t":1775201778292,"data":{"data":"PSSU_YAD","cmd":"getClassInfo","t":1775201778292}}
2026-04-03 10:36:18.800 LOG 1: После dispatch: cmd=getClassInfo, data тип=table
2026-04-03 10:36:18.850 LOG 0: Запрос от C# 1 (req_id=68): {"id":68,"cmd":"getClassInfo","t":1775201778293,"data":{"data":"PACY","cmd":"getClassInfo","t":1775201778293}}
2026-04-03 10:36:18.900 LOG 1: После dispatch: cmd=getClassInfo, data тип=table
2026-04-03 10:36:18.950 LOG 0: Запрос от C# 1 (req_id=69): {"id":69,"cmd":"getClassInfo","t":1775201778294,"data":{"data":"QT_EQ","cmd":"getClassInfo","t":1775201778294}}
2026-04-03 10:36:18.000 LOG 1: После dispatch: cmd=getClassInfo, data тип=table
2026-04-03 10:36:18.050 LOG 0: Запрос от C# 1 (req_id=70): {"id":70,"cmd":"getClassesList","t":1775201778298,"data":{"data":"","cmd":"getClassesList","t":1775201778298}}
2026-04-03 10:36:18.100 LOG 0: Р’С‹Р·РѕРІ getClassesList, req_id=?
2026-04-03 10:36:18.150 LOG 1: После dispatch: cmd=getClassesList, data тип=string
2026-04-03 10:36:18.200 LOG 0: Запрос от C# 1 (req_id=71): {"id":71,"cmd":"getClassSecurities","t":1775201778303,"data":{"data":"TQTE","cmd":"getClassSecurities","t":1775201778303}}
2026-04-03 10:36:18.250 LOG 1: После dispatch: cmd=getClassSecurities, data тип=string
2026-04-03 10:36:18.300 LOG 0: Запрос от C# 1 (req_id=72): {"id":72,"cmd":"getClassSecurities","t":1775201778304,"data":{"data":"TQCB","cmd":"getClassSecurities","t":1775201778304}}
2026-04-03 10:36:18.350 LOG 1: После dispatch: cmd=getClassSecurities, data тип=string
2026-04-03 10:36:18.400 LOG 0: Запрос от C# 1 (req_id=73): {"id":73,"cmd":"getClassSecurities","t":1775201778310,"data":{"data":"TQOE","cmd":"getClassSecurities","t":1775201778310}}
2026-04-03 10:36:18.450 LOG 1: После dispatch: cmd=getClassSecurities, data тип=string
2026-04-03 10:36:18.500 LOG 0: Запрос от C# 1 (req_id=74): {"id":74,"cmd":"getClassSecurities","t":1775201778311,"data":{"data":"TQRD","cmd":"getClassSecurities","t":1775201778311}}
2026-04-03 10:36:18.550 LOG 1: После dispatch: cmd=getClassSecurities, data тип=string
2026-04-03 10:36:18.600 LOG 0: Запрос от C# 1 (req_id=75): {"id":75,"cmd":"getClassSecurities","t":1775201778312,"data":{"data":"TQUD","cmd":"getClassSecurities","t":1775201778312}}
2026-04-03 10:36:18.650 LOG 1: После dispatch: cmd=getClassSecurities, data тип=string
2026-04-03 10:36:18.700 LOG 0: Запрос от C# 1 (req_id=76): {"id":76,"cmd":"getClassSecurities","t":1775201778313,"data":{"data":"TQED","cmd":"getClassSecurities","t":1775201778313}}
2026-04-03 10:36:18.750 LOG 1: После dispatch: cmd=getClassSecurities, data тип=string
2026-04-03 10:36:18.800 LOG 0: Запрос от C# 1 (req_id=77): {"id":77,"cmd":"getClassSecurities","t":1775201778314,"data":{"data":"FQBR","cmd":"getClassSecurities","t":1775201778314}}
2026-04-03 10:36:18.850 LOG 1: После dispatch: cmd=getClassSecurities, data тип=string
2026-04-03 10:36:18.900 LOG 0: Запрос от C# 1 (req_id=78): {"id":78,"cmd":"getClassSecurities","t":1775201778315,"data":{"data":"SPBFUT","cmd":"getClassSecurities","t":1775201778315}}
2026-04-03 10:36:18.950 LOG 1: После dispatch: cmd=getClassSecurities, data тип=string
2026-04-03 10:36:18.000 LOG 0: Запрос от C# 1 (req_id=79): {"id":79,"cmd":"getClassSecurities","t":1775201778316,"data":{"data":"SPBOPT","cmd":"getClassSecurities","t":1775201778316}}
2026-04-03 10:36:18.050 LOG 1: После dispatch: cmd=getClassSecurities, data тип=string
2026-04-03 10:36:18.100 LOG 0: Запрос от C# 1 (req_id=80): {"id":80,"cmd":"getClassSecurities","t":1775201778338,"data":{"data":"USDRUB","cmd":"getClassSecurities","t":1775201778338}}
2026-04-03 10:36:18.150 LOG 1: После dispatch: cmd=getClassSecurities, data тип=string
2026-04-03 10:36:18.200 LOG 0: Запрос от C# 1 (req_id=81): {"id":81,"cmd":"getClassSecurities","t":1775201778340,"data":{"data":"OPTSPOT","cmd":"getClassSecurities","t":1775201778340}}
2026-04-03 10:36:18.250 LOG 1: После dispatch: cmd=getClassSecurities, data тип=string
2026-04-03 10:36:18.300 LOG 0: Запрос от C# 1 (req_id=82): {"id":82,"cmd":"getClassSecurities","t":1775201778369,"data":{"data":"OPTCURNCY","cmd":"getClassSecurities","t":1775201778369}}
2026-04-03 10:36:18.350 LOG 1: После dispatch: cmd=getClassSecurities, data тип=string
2026-04-03 10:36:18.400 LOG 0: Запрос от C# 1 (req_id=83): {"id":83,"cmd":"getClassSecurities","t":1775201778371,"data":{"data":"OPTCOMDTY","cmd":"getClassSecurities","t":1775201778371}}
2026-04-03 10:36:18.450 LOG 1: После dispatch: cmd=getClassSecurities, data тип=string
2026-04-03 10:36:18.500 LOG 0: Запрос от C# 1 (req_id=84): {"id":84,"cmd":"getClassSecurities","t":1775201778372,"data":{"data":"OPTIDX","cmd":"getClassSecurities","t":1775201778372}}
2026-04-03 10:36:18.550 LOG 1: После dispatch: cmd=getClassSecurities, data тип=string
2026-04-03 10:36:18.600 LOG 0: Запрос от C# 1 (req_id=85): {"id":85,"cmd":"getClassSecurities","t":1775201778375,"data":{"data":"RTSIDX","cmd":"getClassSecurities","t":1775201778375}}
2026-04-03 10:36:18.650 LOG 1: После dispatch: cmd=getClassSecurities, data тип=string
2026-04-03 10:36:18.700 LOG 0: Запрос от C# 1 (req_id=86): {"id":86,"cmd":"getClassSecurities","t":1775201778377,"data":{"data":"EQRP_INFO","cmd":"getClassSecurities","t":1775201778377}}
2026-04-03 10:36:18.750 LOG 1: После dispatch: cmd=getClassSecurities, data тип=string
2026-04-03 10:36:18.800 LOG 0: Запрос от C# 1 (req_id=87): {"id":87,"cmd":"getClassSecurities","t":1775201778386,"data":{"data":"FUTCLT","cmd":"getClassSecurities","t":1775201778386}}
2026-04-03 10:36:18.850 LOG 1: После dispatch: cmd=getClassSecurities, data тип=string
2026-04-03 10:36:18.900 LOG 0: Запрос от C# 1 (req_id=88): {"id":88,"cmd":"getClassSecurities","t":1775201778387,"data":{"data":"SPBXM","cmd":"getClassSecurities","t":1775201778387}}
2026-04-03 10:36:18.950 LOG 1: После dispatch: cmd=getClassSecurities, data тип=string
2026-04-03 10:36:18.000 LOG 0: Запрос от C# 1 (req_id=89): {"id":89,"cmd":"getClassSecurities","t":1775201778390,"data":{"data":"SPBDE","cmd":"getClassSecurities","t":1775201778390}}
2026-04-03 10:36:18.050 LOG 1: После dispatch: cmd=getClassSecurities, data тип=string
2026-04-03 10:36:18.100 LOG 0: Запрос от C# 1 (req_id=90): {"id":90,"cmd":"getClassSecurities","t":1775201778391,"data":{"data":"SPBEQRU","cmd":"getClassSecurities","t":1775201778391}}
2026-04-03 10:36:18.150 LOG 1: После dispatch: cmd=getClassSecurities, data тип=string
2026-04-03 10:36:18.200 LOG 0: Запрос от C# 1 (req_id=91): {"id":91,"cmd":"getClassSecurities","t":1775201778392,"data":{"data":"SPBRU","cmd":"getClassSecurities","t":1775201778392}}
2026-04-03 10:36:18.250 LOG 1: После dispatch: cmd=getClassSecurities, data тип=string
2026-04-03 10:36:18.300 LOG 0: Запрос от C# 1 (req_id=92): {"id":92,"cmd":"getClassSecurities","t":1775201778393,"data":{"data":"SPBRUBND","cmd":"getClassSecurities","t":1775201778393}}
2026-04-03 10:36:18.350 LOG 1: После dispatch: cmd=getClassSecurities, data тип=string
2026-04-03 10:36:18.400 LOG 0: Запрос от C# 1 (req_id=93): {"id":93,"cmd":"getClassSecurities","t":1775201778394,"data":{"data":"SPBRU_USD","cmd":"getClassSecurities","t":1775201778394}}
2026-04-03 10:36:18.450 LOG 1: После dispatch: cmd=getClassSecurities, data тип=string
2026-04-03 10:36:18.500 LOG 0: Запрос от C# 1 (req_id=94): {"id":94,"cmd":"getClassSecurities","t":1775201778395,"data":{"data":"PSSPBRUBNDDO","cmd":"getClassSecurities","t":1775201778395}}
2026-04-03 10:36:18.550 LOG 1: После dispatch: cmd=getClassSecurities, data тип=string
2026-04-03 10:36:18.600 LOG 0: Запрос от C# 1 (req_id=95): {"id":95,"cmd":"getClassSecurities","t":1775201778396,"data":{"data":"REPORT","cmd":"getClassSecurities","t":1775201778396}}
2026-04-03 10:36:18.650 LOG 1: После dispatch: cmd=getClassSecurities, data тип=string
2026-04-03 10:36:18.700 LOG 0: Запрос от C# 1 (req_id=96): {"id":96,"cmd":"getClassSecurities","t":1775201778396,"data":{"data":"REPORTFORTS","cmd":"getClassSecurities","t":1775201778396}}
2026-04-03 10:36:18.750 LOG 1: После dispatch: cmd=getClassSecurities, data тип=string
2026-04-03 10:36:18.800 LOG 0: Запрос от C# 1 (req_id=97): {"id":97,"cmd":"getClassSecurities","t":1775201778397,"data":{"data":"VTB_OTC","cmd":"getClassSecurities","t":1775201778397}}
2026-04-03 10:36:18.850 LOG 1: После dispatch: cmd=getClassSecurities, data тип=string
2026-04-03 10:36:18.900 LOG 0: Запрос от C# 1 (req_id=98): {"id":98,"cmd":"getClassSecurities","t":1775201778399,"data":{"data":"CROSSRATE","cmd":"getClassSecurities","t":1775201778399}}
2026-04-03 10:36:18.950 LOG 1: После dispatch: cmd=getClassSecurities, data тип=string
2026-04-03 10:36:18.000 LOG 0: Запрос от C# 1 (req_id=99): {"id":99,"cmd":"getClassSecurities","t":1775201778401,"data":{"data":"QT_BN","cmd":"getClassSecurities","t":1775201778401}}
2026-04-03 10:36:18.050 LOG 1: После dispatch: cmd=getClassSecurities, data тип=string
2026-04-03 10:36:18.100 LOG 0: Запрос от C# 1 (req_id=100): {"id":100,"cmd":"getClassSecurities","t":1775201778405,"data":{"data":"INDX","cmd":"getClassSecurities","t":1775201778405}}
2026-04-03 10:36:18.150 LOG 1: После dispatch: cmd=getClassSecurities, data тип=string
2026-04-03 10:36:18.200 LOG 0: Запрос от C# 1 (req_id=101): {"id":101,"cmd":"getClassSecurities","t":1775201778406,"data":{"data":"TQIF_HOL","cmd":"getClassSecurities","t":1775201778406}}
2026-04-03 10:36:18.250 LOG 1: После dispatch: cmd=getClassSecurities, data тип=string
2026-04-03 10:36:18.300 LOG 0: Запрос от C# 1 (req_id=102): {"id":102,"cmd":"getClassSecurities","t":1775201778409,"data":{"data":"TQTF_HOL","cmd":"getClassSecurities","t":1775201778409}}
2026-04-03 10:36:18.350 LOG 1: После dispatch: cmd=getClassSecurities, data тип=string
2026-04-03 10:36:18.400 LOG 0: Запрос от C# 1 (req_id=103): {"id":103,"cmd":"getClassSecurities","t":1775201778411,"data":{"data":"TQTF_W_HOL","cmd":"getClassSecurities","t":1775201778411}}
2026-04-03 10:36:18.450 LOG 1: После dispatch: cmd=getClassSecurities, data тип=string
2026-04-03 10:36:18.500 LOG 0: Запрос от C# 1 (req_id=104): {"id":104,"cmd":"getClassSecurities","t":1775201778412,"data":{"data":"UP","cmd":"getClassSecurities","t":1775201778412}}
2026-04-03 10:36:18.550 LOG 1: После dispatch: cmd=getClassSecurities, data тип=string
2026-04-03 10:36:18.600 LOG 0: Запрос от C# 1 (req_id=105): {"id":105,"cmd":"getClassSecurities","t":1775201778414,"data":{"data":"CETS","cmd":"getClassSecurities","t":1775201778414}}
2026-04-03 10:36:18.650 LOG 1: После dispatch: cmd=getClassSecurities, data тип=string
2026-04-03 10:36:18.700 LOG 0: Запрос от C# 1 (req_id=106): {"id":106,"cmd":"getClassSecurities","t":1775201778415,"data":{"data":"CETS_MTL","cmd":"getClassSecurities","t":1775201778415}}
2026-04-03 10:36:18.750 LOG 1: После dispatch: cmd=getClassSecurities, data тип=string
2026-04-03 10:36:18.800 LOG 0: Запрос от C# 1 (req_id=107): {"id":107,"cmd":"getClassSecurities","t":1775201778419,"data":{"data":"TQFD","cmd":"getClassSecurities","t":1775201778419}}
2026-04-03 10:36:18.850 LOG 1: После dispatch: cmd=getClassSecurities, data тип=string
2026-04-03 10:36:18.900 LOG 0: Запрос от C# 1 (req_id=108): {"id":108,"cmd":"getClassSecurities","t":1775201778421,"data":{"data":"TQFE","cmd":"getClassSecurities","t":1775201778421}}
2026-04-03 10:36:18.950 LOG 1: После dispatch: cmd=getClassSecurities, data тип=string
2026-04-03 10:36:18.000 LOG 0: Запрос от C# 1 (req_id=109): {"id":109,"cmd":"getClassSecurities","t":1775201778422,"data":{"data":"OCTR","cmd":"getClassSecurities","t":1775201778421}}
2026-04-03 10:36:18.050 LOG 1: После dispatch: cmd=getClassSecurities, data тип=string
2026-04-03 10:36:18.100 LOG 0: Запрос от C# 1 (req_id=110): {"id":110,"cmd":"getClassSecurities","t":1775201778424,"data":{"data":"TQTY","cmd":"getClassSecurities","t":1775201778424}}
2026-04-03 10:36:18.150 LOG 1: После dispatch: cmd=getClassSecurities, data тип=string
2026-04-03 10:36:18.200 LOG 0: Запрос от C# 1 (req_id=111): {"id":111,"cmd":"getClassSecurities","t":1775201778425,"data":{"data":"MTQR","cmd":"getClassSecurities","t":1775201778425}}
2026-04-03 10:36:18.250 LOG 1: После dispatch: cmd=getClassSecurities, data тип=string
2026-04-03 10:36:18.300 LOG 0: Запрос от C# 1 (req_id=112): {"id":112,"cmd":"getClassSecurities","t":1775201778427,"data":{"data":"SMAL","cmd":"getClassSecurities","t":1775201778427}}
2026-04-03 10:36:18.350 LOG 1: После dispatch: cmd=getClassSecurities, data тип=string
2026-04-03 10:36:18.400 LOG 0: Запрос от C# 1 (req_id=113): {"id":113,"cmd":"getClassSecurities","t":1775201778429,"data":{"data":"TQBR","cmd":"getClassSecurities","t":1775201778429}}
2026-04-03 10:36:18.450 LOG 1: После dispatch: cmd=getClassSecurities, data тип=string
2026-04-03 10:36:18.500 LOG 0: Запрос от C# 1 (req_id=114): {"id":114,"cmd":"getClassSecurities","t":1775201778430,"data":{"data":"TQOB","cmd":"getClassSecurities","t":1775201778430}}
2026-04-03 10:36:18.550 LOG 1: После dispatch: cmd=getClassSecurities, data тип=string
2026-04-03 10:36:18.600 LOG 0: Запрос от C# 1 (req_id=115): {"id":115,"cmd":"getClassSecurities","t":1775201778431,"data":{"data":"TQIF","cmd":"getClassSecurities","t":1775201778431}}
2026-04-03 10:36:18.650 LOG 1: После dispatch: cmd=getClassSecurities, data тип=string
2026-04-03 10:36:18.700 LOG 0: Запрос от C# 1 (req_id=116): {"id":116,"cmd":"getClassSecurities","t":1775201778432,"data":{"data":"TQTF","cmd":"getClassSecurities","t":1775201778432}}
2026-04-03 10:36:18.750 LOG 1: После dispatch: cmd=getClassSecurities, data тип=string
2026-04-03 10:36:18.800 LOG 0: Запрос от C# 1 (req_id=117): {"id":117,"cmd":"getClassSecurities","t":1775201778433,"data":{"data":"TQTF_W","cmd":"getClassSecurities","t":1775201778433}}
2026-04-03 10:36:18.850 LOG 1: После dispatch: cmd=getClassSecurities, data тип=string
2026-04-03 10:36:18.900 LOG 0: Запрос от C# 1 (req_id=118): {"id":118,"cmd":"getClassSecurities","t":1775201778434,"data":{"data":"TQBD","cmd":"getClassSecurities","t":1775201778434}}
2026-04-03 10:36:18.950 LOG 1: После dispatch: cmd=getClassSecurities, data тип=string
2026-04-03 10:36:18.000 LOG 0: Запрос от C# 1 (req_id=119): {"id":119,"cmd":"getClassSecurities","t":1775201778436,"data":{"data":"TQTD","cmd":"getClassSecurities","t":1775201778436}}
2026-04-03 10:36:18.050 LOG 1: После dispatch: cmd=getClassSecurities, data тип=string
2026-04-03 10:36:18.100 LOG 0: Запрос от C# 1 (req_id=120): {"id":120,"cmd":"getClassSecurities","t":1775201778436,"data":{"data":"TQOD","cmd":"getClassSecurities","t":1775201778436}}
2026-04-03 10:36:18.150 LOG 1: После dispatch: cmd=getClassSecurities, data тип=string
2026-04-03 10:36:18.200 LOG 0: Запрос от C# 1 (req_id=121): {"id":121,"cmd":"getClassSecurities","t":1775201778439,"data":{"data":"TQOY","cmd":"getClassSecurities","t":1775201778439}}
2026-04-03 10:36:18.250 LOG 1: После dispatch: cmd=getClassSecurities, data тип=string
2026-04-03 10:36:18.300 LOG 0: Запрос от C# 1 (req_id=122): {"id":122,"cmd":"getClassSecurities","t":1775201778440,"data":{"data":"TQTF_F_HOL","cmd":"getClassSecurities","t":1775201778440}}
2026-04-03 10:36:18.350 LOG 1: После dispatch: cmd=getClassSecurities, data тип=string
2026-04-03 10:36:18.400 LOG 0: Запрос от C# 1 (req_id=123): {"id":123,"cmd":"getClassSecurities","t":1775201778441,"data":{"data":"EES_OTC","cmd":"getClassSecurities","t":1775201778441}}
2026-04-03 10:36:18.450 LOG 1: После dispatch: cmd=getClassSecurities, data тип=string
2026-04-03 10:36:18.500 LOG 0: Запрос от C# 1 (req_id=124): {"id":124,"cmd":"getClassSecurities","t":1775201778441,"data":{"data":"TQTF_F","cmd":"getClassSecurities","t":1775201778441}}
2026-04-03 10:36:18.550 LOG 1: После dispatch: cmd=getClassSecurities, data тип=string
2026-04-03 10:36:18.600 LOG 0: Запрос от C# 1 (req_id=125): {"id":125,"cmd":"getClassSecurities","t":1775201778443,"data":{"data":"SMS","cmd":"getClassSecurities","t":1775201778443}}
2026-04-03 10:36:18.650 LOG 1: После dispatch: cmd=getClassSecurities, data тип=string
2026-04-03 10:36:18.700 LOG 0: Запрос от C# 1 (req_id=126): {"id":126,"cmd":"getClassSecurities","t":1775201778443,"data":{"data":"ALGO_ICEBERG","cmd":"getClassSecurities","t":1775201778443}}
2026-04-03 10:36:18.750 LOG 1: После dispatch: cmd=getClassSecurities, data тип=string
2026-04-03 10:36:18.800 LOG 0: Запрос от C# 1 (req_id=127): {"id":127,"cmd":"getClassSecurities","t":1775201778445,"data":{"data":"ALGO_VOLATIL","cmd":"getClassSecurities","t":1775201778445}}
2026-04-03 10:36:18.850 LOG 1: После dispatch: cmd=getClassSecurities, data тип=string
2026-04-03 10:36:18.900 LOG 0: Запрос от C# 1 (req_id=128): {"id":128,"cmd":"getClassSecurities","t":1775201778446,"data":{"data":"ALGO_TWAP","cmd":"getClassSecurities","t":1775201778446}}
2026-04-03 10:36:18.950 LOG 1: После dispatch: cmd=getClassSecurities, data тип=string
2026-04-03 10:36:18.000 LOG 0: Запрос от C# 1 (req_id=129): {"id":129,"cmd":"getClassSecurities","t":1775201778450,"data":{"data":"ALGO_VWAP","cmd":"getClassSecurities","t":1775201778450}}
2026-04-03 10:36:18.050 LOG 1: После dispatch: cmd=getClassSecurities, data тип=string
2026-04-03 10:36:18.100 LOG 0: Запрос от C# 1 (req_id=130): {"id":130,"cmd":"getClassSecurities","t":1775201778452,"data":{"data":"ALGO_GTD","cmd":"getClassSecurities","t":1775201778452}}
2026-04-03 10:36:18.150 LOG 1: После dispatch: cmd=getClassSecurities, data тип=string
2026-04-03 10:36:18.200 LOG 0: Запрос от C# 1 (req_id=131): {"id":131,"cmd":"getClassSecurities","t":1775201778453,"data":{"data":"MPAU","cmd":"getClassSecurities","t":1775201778453}}
2026-04-03 10:36:18.250 LOG 1: После dispatch: cmd=getClassSecurities, data тип=string
2026-04-03 10:36:18.300 LOG 0: Запрос от C# 1 (req_id=132): {"id":132,"cmd":"getClassSecurities","t":1775201778454,"data":{"data":"PSAU_FREE","cmd":"getClassSecurities","t":1775201778454}}
2026-04-03 10:36:18.350 LOG 1: После dispatch: cmd=getClassSecurities, data тип=string
2026-04-03 10:36:18.400 LOG 0: Запрос от C# 1 (req_id=133): {"id":133,"cmd":"getClassSecurities","t":1775201778455,"data":{"data":"PSAU","cmd":"getClassSecurities","t":1775201778455}}
2026-04-03 10:36:18.450 LOG 1: После dispatch: cmd=getClassSecurities, data тип=string
2026-04-03 10:36:18.500 LOG 0: Запрос от C# 1 (req_id=134): {"id":134,"cmd":"getClassSecurities","t":1775201778456,"data":{"data":"PSSU","cmd":"getClassSecurities","t":1775201778456}}
2026-04-03 10:36:18.550 LOG 1: После dispatch: cmd=getClassSecurities, data тип=string
2026-04-03 10:36:18.600 LOG 0: Запрос от C# 1 (req_id=135): {"id":135,"cmd":"getClassSecurities","t":1775201778458,"data":{"data":"PSSU_YAD","cmd":"getClassSecurities","t":1775201778458}}
2026-04-03 10:36:18.650 LOG 1: После dispatch: cmd=getClassSecurities, data тип=string
2026-04-03 10:36:18.700 LOG 0: Запрос от C# 1 (req_id=136): {"id":136,"cmd":"getClassSecurities","t":1775201778459,"data":{"data":"PACY","cmd":"getClassSecurities","t":1775201778459}}
2026-04-03 10:36:18.750 LOG 1: После dispatch: cmd=getClassSecurities, data тип=string
2026-04-03 10:36:18.800 LOG 0: Запрос от C# 1 (req_id=137): {"id":137,"cmd":"getClassSecurities","t":1775201778460,"data":{"data":"QT_EQ","cmd":"getClassSecurities","t":1775201778460}}
2026-04-03 10:36:18.850 LOG 1: После dispatch: cmd=getClassSecurities, data тип=string
2026-04-03 10:36:20.050 LOG 0: Запрос от C# 1 (req_id=138): {"id":138,"cmd":"getSecurityInfo","t":1775201780389,"data":{"data":"SPBFUT|RIM6","cmd":"getSecurityInfo","t":1775201780389}}
2026-04-03 10:36:20.100 LOG 1: После dispatch: cmd=getSecurityInfo, data тип=table
2026-04-03 10:39:09.050 LOG 0: Запрос от C# 1 (req_id=1): {"id":1,"cmd":"getClassesList","t":1775201949809,"data":{"data":"","cmd":"getClassesList","t":1775201949807}}
2026-04-03 10:39:09.100 LOG 0: Р’С‹Р·РѕРІ getClassesList, req_id=?
2026-04-03 10:39:09.150 LOG 1: После dispatch: cmd=getClassesList, data тип=string
2026-04-03 10:39:09.200 LOG 0: Запрос от C# 1 (req_id=2): {"id":2,"cmd":"getClassesList","t":1775201949938,"data":{"data":"","cmd":"getClassesList","t":1775201949938}}
2026-04-03 10:39:09.250 LOG 0: Р’С‹Р·РѕРІ getClassesList, req_id=?
2026-04-03 10:39:09.300 LOG 1: После dispatch: cmd=getClassesList, data тип=string
2026-04-03 10:39:09.350 LOG 0: Запрос от C# 1 (req_id=3): {"id":3,"cmd":"getClassInfo","t":1775201949940,"data":{"data":"TQTE","cmd":"getClassInfo","t":1775201949940}}
2026-04-03 10:39:09.400 LOG 1: После dispatch: cmd=getClassInfo, data тип=table
2026-04-03 10:39:09.450 LOG 0: Запрос от C# 1 (req_id=4): {"id":4,"cmd":"getClassInfo","t":1775201949945,"data":{"data":"TQCB","cmd":"getClassInfo","t":1775201949945}}
2026-04-03 10:39:09.500 LOG 1: После dispatch: cmd=getClassInfo, data тип=table
2026-04-03 10:39:09.550 LOG 0: Запрос от C# 1 (req_id=5): {"id":5,"cmd":"getClassInfo","t":1775201949950,"data":{"data":"TQOE","cmd":"getClassInfo","t":1775201949950}}
2026-04-03 10:39:09.600 LOG 1: После dispatch: cmd=getClassInfo, data тип=table
2026-04-03 10:39:09.650 LOG 0: Запрос от C# 1 (req_id=6): {"id":6,"cmd":"getClassInfo","t":1775201949952,"data":{"data":"TQRD","cmd":"getClassInfo","t":1775201949952}}
2026-04-03 10:39:09.700 LOG 1: После dispatch: cmd=getClassInfo, data тип=table
2026-04-03 10:39:09.750 LOG 0: Запрос от C# 1 (req_id=7): {"id":7,"cmd":"getClassInfo","t":1775201949954,"data":{"data":"TQUD","cmd":"getClassInfo","t":1775201949954}}
2026-04-03 10:39:09.800 LOG 1: После dispatch: cmd=getClassInfo, data тип=table
2026-04-03 10:39:09.850 LOG 0: Запрос от C# 1 (req_id=8): {"id":8,"cmd":"getClassInfo","t":1775201949955,"data":{"data":"TQED","cmd":"getClassInfo","t":1775201949955}}
2026-04-03 10:39:09.900 LOG 1: После dispatch: cmd=getClassInfo, data тип=table
2026-04-03 10:39:09.950 LOG 0: Запрос от C# 1 (req_id=9): {"id":9,"cmd":"getClassInfo","t":1775201949959,"data":{"data":"FQBR","cmd":"getClassInfo","t":1775201949959}}
2026-04-03 10:39:09.000 LOG 1: После dispatch: cmd=getClassInfo, data тип=table
2026-04-03 10:39:09.050 LOG 0: Запрос от C# 1 (req_id=10): {"id":10,"cmd":"getClassInfo","t":1775201949960,"data":{"data":"SPBFUT","cmd":"getClassInfo","t":1775201949960}}
2026-04-03 10:39:09.100 LOG 1: После dispatch: cmd=getClassInfo, data тип=table
2026-04-03 10:39:09.150 LOG 0: Запрос от C# 1 (req_id=11): {"id":11,"cmd":"getClassInfo","t":1775201949964,"data":{"data":"SPBOPT","cmd":"getClassInfo","t":1775201949964}}
2026-04-03 10:39:09.200 LOG 1: После dispatch: cmd=getClassInfo, data тип=table
2026-04-03 10:39:09.250 LOG 0: Запрос от C# 1 (req_id=12): {"id":12,"cmd":"getClassInfo","t":1775201949969,"data":{"data":"USDRUB","cmd":"getClassInfo","t":1775201949969}}
2026-04-03 10:39:09.300 LOG 1: После dispatch: cmd=getClassInfo, data тип=table
2026-04-03 10:39:09.350 LOG 0: Запрос от C# 1 (req_id=13): {"id":13,"cmd":"getClassInfo","t":1775201949972,"data":{"data":"OPTSPOT","cmd":"getClassInfo","t":1775201949972}}
2026-04-03 10:39:09.400 LOG 1: После dispatch: cmd=getClassInfo, data тип=table
2026-04-03 10:39:09.450 LOG 0: Запрос от C# 1 (req_id=14): {"id":14,"cmd":"getClassInfo","t":1775201949975,"data":{"data":"OPTCURNCY","cmd":"getClassInfo","t":1775201949975}}
2026-04-03 10:39:09.500 LOG 1: После dispatch: cmd=getClassInfo, data тип=table
2026-04-03 10:39:09.550 LOG 0: Запрос от C# 1 (req_id=15): {"id":15,"cmd":"getClassInfo","t":1775201949980,"data":{"data":"OPTCOMDTY","cmd":"getClassInfo","t":1775201949980}}
2026-04-03 10:39:09.600 LOG 1: После dispatch: cmd=getClassInfo, data тип=table
2026-04-03 10:39:09.650 LOG 0: Запрос от C# 1 (req_id=16): {"id":16,"cmd":"getClassInfo","t":1775201949983,"data":{"data":"OPTIDX","cmd":"getClassInfo","t":1775201949983}}
2026-04-03 10:39:09.700 LOG 1: После dispatch: cmd=getClassInfo, data тип=table
2026-04-03 10:39:09.750 LOG 0: Запрос от C# 1 (req_id=17): {"id":17,"cmd":"getClassInfo","t":1775201949985,"data":{"data":"RTSIDX","cmd":"getClassInfo","t":1775201949985}}
2026-04-03 10:39:09.800 LOG 1: После dispatch: cmd=getClassInfo, data тип=table
2026-04-03 10:39:09.850 LOG 0: Запрос от C# 1 (req_id=18): {"id":18,"cmd":"getClassInfo","t":1775201949987,"data":{"data":"EQRP_INFO","cmd":"getClassInfo","t":1775201949987}}
2026-04-03 10:39:09.900 LOG 1: После dispatch: cmd=getClassInfo, data тип=table
2026-04-03 10:39:09.950 LOG 0: Запрос от C# 1 (req_id=19): {"id":19,"cmd":"getClassInfo","t":1775201949988,"data":{"data":"FUTCLT","cmd":"getClassInfo","t":1775201949988}}
2026-04-03 10:39:09.000 LOG 1: После dispatch: cmd=getClassInfo, data тип=table
2026-04-03 10:39:09.050 LOG 0: Запрос от C# 1 (req_id=20): {"id":20,"cmd":"getClassInfo","t":1775201949992,"data":{"data":"SPBXM","cmd":"getClassInfo","t":1775201949992}}
2026-04-03 10:39:09.100 LOG 1: После dispatch: cmd=getClassInfo, data тип=table
2026-04-03 10:39:09.150 LOG 0: Запрос от C# 1 (req_id=21): {"id":21,"cmd":"getClassInfo","t":1775201949995,"data":{"data":"SPBDE","cmd":"getClassInfo","t":1775201949995}}
2026-04-03 10:39:09.200 LOG 1: После dispatch: cmd=getClassInfo, data тип=table
2026-04-03 10:39:09.250 LOG 0: Запрос от C# 1 (req_id=22): {"id":22,"cmd":"getClassInfo","t":1775201949997,"data":{"data":"SPBEQRU","cmd":"getClassInfo","t":1775201949997}}
2026-04-03 10:39:09.300 LOG 1: После dispatch: cmd=getClassInfo, data тип=table
2026-04-03 10:39:09.350 LOG 0: Запрос от C# 1 (req_id=23): {"id":23,"cmd":"getClassInfo","t":1775201949999,"data":{"data":"SPBRU","cmd":"getClassInfo","t":1775201949999}}
2026-04-03 10:39:09.400 LOG 1: После dispatch: cmd=getClassInfo, data тип=table
2026-04-03 10:39:10.050 LOG 0: Запрос от C# 1 (req_id=24): {"id":24,"cmd":"getClassInfo","t":1775201950003,"data":{"data":"SPBRUBND","cmd":"getClassInfo","t":1775201950003}}
2026-04-03 10:39:10.100 LOG 1: После dispatch: cmd=getClassInfo, data тип=table
2026-04-03 10:39:10.150 LOG 0: Запрос от C# 1 (req_id=25): {"id":25,"cmd":"getClassInfo","t":1775201950006,"data":{"data":"SPBRU_USD","cmd":"getClassInfo","t":1775201950006}}
2026-04-03 10:39:10.200 LOG 1: После dispatch: cmd=getClassInfo, data тип=table
2026-04-03 10:39:10.250 LOG 0: Запрос от C# 1 (req_id=26): {"id":26,"cmd":"getClassInfo","t":1775201950009,"data":{"data":"PSSPBRUBNDDO","cmd":"getClassInfo","t":1775201950009}}
2026-04-03 10:39:10.300 LOG 1: После dispatch: cmd=getClassInfo, data тип=table
2026-04-03 10:39:10.350 LOG 0: Запрос от C# 1 (req_id=27): {"id":27,"cmd":"getClassInfo","t":1775201950013,"data":{"data":"REPORT","cmd":"getClassInfo","t":1775201950013}}
2026-04-03 10:39:10.400 LOG 1: После dispatch: cmd=getClassInfo, data тип=table
2026-04-03 10:39:10.450 LOG 0: Запрос от C# 1 (req_id=28): {"id":28,"cmd":"getClassInfo","t":1775201950014,"data":{"data":"REPORTFORTS","cmd":"getClassInfo","t":1775201950014}}
2026-04-03 10:39:10.500 LOG 1: После dispatch: cmd=getClassInfo, data тип=table
2026-04-03 10:39:10.550 LOG 0: Запрос от C# 1 (req_id=29): {"id":29,"cmd":"getClassInfo","t":1775201950016,"data":{"data":"VTB_OTC","cmd":"getClassInfo","t":1775201950016}}
2026-04-03 10:39:10.600 LOG 1: После dispatch: cmd=getClassInfo, data тип=table
2026-04-03 10:39:10.650 LOG 0: Запрос от C# 1 (req_id=30): {"id":30,"cmd":"getClassInfo","t":1775201950018,"data":{"data":"CROSSRATE","cmd":"getClassInfo","t":1775201950018}}
2026-04-03 10:39:10.700 LOG 1: После dispatch: cmd=getClassInfo, data тип=table
2026-04-03 10:39:10.750 LOG 0: Запрос от C# 1 (req_id=31): {"id":31,"cmd":"getClassInfo","t":1775201950020,"data":{"data":"QT_BN","cmd":"getClassInfo","t":1775201950020}}
2026-04-03 10:39:10.800 LOG 1: После dispatch: cmd=getClassInfo, data тип=table
2026-04-03 10:39:10.850 LOG 0: Запрос от C# 1 (req_id=32): {"id":32,"cmd":"getClassInfo","t":1775201950024,"data":{"data":"INDX","cmd":"getClassInfo","t":1775201950024}}
2026-04-03 10:39:10.900 LOG 1: После dispatch: cmd=getClassInfo, data тип=table
2026-04-03 10:39:10.950 LOG 0: Запрос от C# 1 (req_id=33): {"id":33,"cmd":"getClassInfo","t":1775201950027,"data":{"data":"TQIF_HOL","cmd":"getClassInfo","t":1775201950027}}
2026-04-03 10:39:10.000 LOG 1: После dispatch: cmd=getClassInfo, data тип=table
2026-04-03 10:39:10.050 LOG 0: Запрос от C# 1 (req_id=34): {"id":34,"cmd":"getClassInfo","t":1775201950029,"data":{"data":"TQTF_HOL","cmd":"getClassInfo","t":1775201950029}}
2026-04-03 10:39:10.100 LOG 1: После dispatch: cmd=getClassInfo, data тип=table
2026-04-03 10:39:10.150 LOG 0: Запрос от C# 1 (req_id=35): {"id":35,"cmd":"getClassInfo","t":1775201950031,"data":{"data":"TQTF_W_HOL","cmd":"getClassInfo","t":1775201950031}}
2026-04-03 10:39:10.200 LOG 1: После dispatch: cmd=getClassInfo, data тип=table
2026-04-03 10:39:10.250 LOG 0: Запрос от C# 1 (req_id=36): {"id":36,"cmd":"getClassInfo","t":1775201950035,"data":{"data":"UP","cmd":"getClassInfo","t":1775201950035}}
2026-04-03 10:39:10.300 LOG 1: После dispatch: cmd=getClassInfo, data тип=table
2026-04-03 10:39:10.350 LOG 0: Запрос от C# 1 (req_id=37): {"id":37,"cmd":"getClassInfo","t":1775201950037,"data":{"data":"CETS","cmd":"getClassInfo","t":1775201950037}}
2026-04-03 10:39:10.400 LOG 1: После dispatch: cmd=getClassInfo, data тип=table
2026-04-03 10:39:10.450 LOG 0: Запрос от C# 1 (req_id=38): {"id":38,"cmd":"getClassInfo","t":1775201950040,"data":{"data":"CETS_MTL","cmd":"getClassInfo","t":1775201950040}}
2026-04-03 10:39:10.500 LOG 1: После dispatch: cmd=getClassInfo, data тип=table
2026-04-03 10:39:10.550 LOG 0: Запрос от C# 1 (req_id=39): {"id":39,"cmd":"getClassInfo","t":1775201950042,"data":{"data":"TQFD","cmd":"getClassInfo","t":1775201950042}}
2026-04-03 10:39:10.600 LOG 1: После dispatch: cmd=getClassInfo, data тип=table
2026-04-03 10:39:10.650 LOG 0: Запрос от C# 1 (req_id=40): {"id":40,"cmd":"getClassInfo","t":1775201950045,"data":{"data":"TQFE","cmd":"getClassInfo","t":1775201950045}}
2026-04-03 10:39:10.700 LOG 1: После dispatch: cmd=getClassInfo, data тип=table
2026-04-03 10:39:10.750 LOG 0: Запрос от C# 1 (req_id=41): {"id":41,"cmd":"getClassInfo","t":1775201950047,"data":{"data":"OCTR","cmd":"getClassInfo","t":1775201950047}}
2026-04-03 10:39:10.800 LOG 1: После dispatch: cmd=getClassInfo, data тип=table
2026-04-03 10:39:10.850 LOG 0: Запрос от C# 1 (req_id=42): {"id":42,"cmd":"getClassInfo","t":1775201950049,"data":{"data":"TQTY","cmd":"getClassInfo","t":1775201950049}}
2026-04-03 10:39:10.900 LOG 1: После dispatch: cmd=getClassInfo, data тип=table
2026-04-03 10:39:10.950 LOG 0: Запрос от C# 1 (req_id=43): {"id":43,"cmd":"getClassInfo","t":1775201950050,"data":{"data":"MTQR","cmd":"getClassInfo","t":1775201950050}}
2026-04-03 10:39:10.000 LOG 1: После dispatch: cmd=getClassInfo, data тип=table
2026-04-03 10:39:10.050 LOG 0: Запрос от C# 1 (req_id=44): {"id":44,"cmd":"getClassInfo","t":1775201950052,"data":{"data":"SMAL","cmd":"getClassInfo","t":1775201950052}}
2026-04-03 10:39:10.100 LOG 1: После dispatch: cmd=getClassInfo, data тип=table
2026-04-03 10:39:10.150 LOG 0: Запрос от C# 1 (req_id=45): {"id":45,"cmd":"getClassInfo","t":1775201950057,"data":{"data":"TQBR","cmd":"getClassInfo","t":1775201950057}}
2026-04-03 10:39:10.200 LOG 1: После dispatch: cmd=getClassInfo, data тип=table
2026-04-03 10:39:10.250 LOG 0: Запрос от C# 1 (req_id=46): {"id":46,"cmd":"getClassInfo","t":1775201950059,"data":{"data":"TQOB","cmd":"getClassInfo","t":1775201950059}}
2026-04-03 10:39:10.300 LOG 1: После dispatch: cmd=getClassInfo, data тип=table
2026-04-03 10:39:10.350 LOG 0: Запрос от C# 1 (req_id=47): {"id":47,"cmd":"getClassInfo","t":1775201950060,"data":{"data":"TQIF","cmd":"getClassInfo","t":1775201950060}}
2026-04-03 10:39:10.400 LOG 1: После dispatch: cmd=getClassInfo, data тип=table
2026-04-03 10:39:10.450 LOG 0: Запрос от C# 1 (req_id=48): {"id":48,"cmd":"getClassInfo","t":1775201950063,"data":{"data":"TQTF","cmd":"getClassInfo","t":1775201950063}}
2026-04-03 10:39:10.500 LOG 1: После dispatch: cmd=getClassInfo, data тип=table
2026-04-03 10:39:10.550 LOG 0: Запрос от C# 1 (req_id=49): {"id":49,"cmd":"getClassInfo","t":1775201950065,"data":{"data":"TQTF_W","cmd":"getClassInfo","t":1775201950065}}
2026-04-03 10:39:10.600 LOG 1: После dispatch: cmd=getClassInfo, data тип=table
2026-04-03 10:39:10.650 LOG 0: Запрос от C# 1 (req_id=50): {"id":50,"cmd":"getClassInfo","t":1775201950069,"data":{"data":"TQBD","cmd":"getClassInfo","t":1775201950069}}
2026-04-03 10:39:10.700 LOG 1: После dispatch: cmd=getClassInfo, data тип=table
2026-04-03 10:39:10.750 LOG 0: Запрос от C# 1 (req_id=51): {"id":51,"cmd":"getClassInfo","t":1775201950071,"data":{"data":"TQTD","cmd":"getClassInfo","t":1775201950071}}
2026-04-03 10:39:10.800 LOG 1: После dispatch: cmd=getClassInfo, data тип=table
2026-04-03 10:39:10.850 LOG 0: Запрос от C# 1 (req_id=52): {"id":52,"cmd":"getClassInfo","t":1775201950073,"data":{"data":"TQOD","cmd":"getClassInfo","t":1775201950073}}
2026-04-03 10:39:10.900 LOG 1: После dispatch: cmd=getClassInfo, data тип=table
2026-04-03 10:39:10.950 LOG 0: Запрос от C# 1 (req_id=53): {"id":53,"cmd":"getClassInfo","t":1775201950075,"data":{"data":"TQOY","cmd":"getClassInfo","t":1775201950075}}
2026-04-03 10:39:10.000 LOG 1: После dispatch: cmd=getClassInfo, data тип=table
2026-04-03 10:39:10.050 LOG 0: Запрос от C# 1 (req_id=54): {"id":54,"cmd":"getClassInfo","t":1775201950080,"data":{"data":"TQTF_F_HOL","cmd":"getClassInfo","t":1775201950080}}
2026-04-03 10:39:10.100 LOG 1: После dispatch: cmd=getClassInfo, data тип=table
2026-04-03 10:39:10.150 LOG 0: Запрос от C# 1 (req_id=55): {"id":55,"cmd":"getClassInfo","t":1775201950081,"data":{"data":"EES_OTC","cmd":"getClassInfo","t":1775201950081}}
2026-04-03 10:39:10.200 LOG 1: После dispatch: cmd=getClassInfo, data тип=table
2026-04-03 10:39:10.250 LOG 0: Запрос от C# 1 (req_id=56): {"id":56,"cmd":"getClassInfo","t":1775201950083,"data":{"data":"TQTF_F","cmd":"getClassInfo","t":1775201950083}}
2026-04-03 10:39:10.300 LOG 1: После dispatch: cmd=getClassInfo, data тип=table
2026-04-03 10:39:10.350 LOG 0: Запрос от C# 1 (req_id=57): {"id":57,"cmd":"getClassInfo","t":1775201950090,"data":{"data":"SMS","cmd":"getClassInfo","t":1775201950090}}
2026-04-03 10:39:10.400 LOG 1: После dispatch: cmd=getClassInfo, data тип=table
2026-04-03 10:39:10.450 LOG 0: Запрос от C# 1 (req_id=58): {"id":58,"cmd":"getClassInfo","t":1775201950094,"data":{"data":"ALGO_ICEBERG","cmd":"getClassInfo","t":1775201950094}}
2026-04-03 10:39:10.500 LOG 1: После dispatch: cmd=getClassInfo, data тип=table
2026-04-03 10:39:10.550 LOG 0: Запрос от C# 1 (req_id=59): {"id":59,"cmd":"getClassInfo","t":1775201950096,"data":{"data":"ALGO_VOLATIL","cmd":"getClassInfo","t":1775201950096}}
2026-04-03 10:39:10.600 LOG 1: После dispatch: cmd=getClassInfo, data тип=table
2026-04-03 10:39:10.650 LOG 0: Запрос от C# 1 (req_id=60): {"id":60,"cmd":"getClassInfo","t":1775201950100,"data":{"data":"ALGO_TWAP","cmd":"getClassInfo","t":1775201950100}}
2026-04-03 10:39:10.700 LOG 1: После dispatch: cmd=getClassInfo, data тип=table
2026-04-03 10:39:10.750 LOG 0: Запрос от C# 1 (req_id=61): {"id":61,"cmd":"getClassInfo","t":1775201950102,"data":{"data":"ALGO_VWAP","cmd":"getClassInfo","t":1775201950102}}
2026-04-03 10:39:10.800 LOG 1: После dispatch: cmd=getClassInfo, data тип=table
2026-04-03 10:39:10.850 LOG 0: Запрос от C# 1 (req_id=62): {"id":62,"cmd":"getClassInfo","t":1775201950104,"data":{"data":"ALGO_GTD","cmd":"getClassInfo","t":1775201950104}}
2026-04-03 10:39:10.900 LOG 1: После dispatch: cmd=getClassInfo, data тип=table
2026-04-03 10:39:10.950 LOG 0: Запрос от C# 1 (req_id=63): {"id":63,"cmd":"getClassInfo","t":1775201950106,"data":{"data":"MPAU","cmd":"getClassInfo","t":1775201950106}}
2026-04-03 10:39:10.000 LOG 1: После dispatch: cmd=getClassInfo, data тип=table
2026-04-03 10:39:10.050 LOG 0: Запрос от C# 1 (req_id=64): {"id":64,"cmd":"getClassInfo","t":1775201950110,"data":{"data":"PSAU_FREE","cmd":"getClassInfo","t":1775201950110}}
2026-04-03 10:39:10.100 LOG 1: После dispatch: cmd=getClassInfo, data тип=table
2026-04-03 10:39:10.150 LOG 0: Запрос от C# 1 (req_id=65): {"id":65,"cmd":"getClassInfo","t":1775201950112,"data":{"data":"PSAU","cmd":"getClassInfo","t":1775201950112}}
2026-04-03 10:39:10.200 LOG 1: После dispatch: cmd=getClassInfo, data тип=table
2026-04-03 10:39:10.250 LOG 0: Запрос от C# 1 (req_id=66): {"id":66,"cmd":"getClassInfo","t":1775201950114,"data":{"data":"PSSU","cmd":"getClassInfo","t":1775201950114}}
2026-04-03 10:39:10.300 LOG 1: После dispatch: cmd=getClassInfo, data тип=table
2026-04-03 10:39:10.350 LOG 0: Запрос от C# 1 (req_id=67): {"id":67,"cmd":"getClassInfo","t":1775201950116,"data":{"data":"PSSU_YAD","cmd":"getClassInfo","t":1775201950116}}
2026-04-03 10:39:10.400 LOG 1: После dispatch: cmd=getClassInfo, data тип=table
2026-04-03 10:39:10.450 LOG 0: Запрос от C# 1 (req_id=68): {"id":68,"cmd":"getClassInfo","t":1775201950120,"data":{"data":"PACY","cmd":"getClassInfo","t":1775201950120}}
2026-04-03 10:39:10.500 LOG 1: После dispatch: cmd=getClassInfo, data тип=table
2026-04-03 10:39:10.550 LOG 0: Запрос от C# 1 (req_id=69): {"id":69,"cmd":"getClassInfo","t":1775201950122,"data":{"data":"QT_EQ","cmd":"getClassInfo","t":1775201950122}}
2026-04-03 10:39:10.600 LOG 1: После dispatch: cmd=getClassInfo, data тип=table
2026-04-03 10:39:10.650 LOG 0: Запрос от C# 1 (req_id=70): {"id":70,"cmd":"getClassesList","t":1775201950124,"data":{"data":"","cmd":"getClassesList","t":1775201950124}}
2026-04-03 10:39:10.700 LOG 0: Р’С‹Р·РѕРІ getClassesList, req_id=?
2026-04-03 10:39:10.750 LOG 1: После dispatch: cmd=getClassesList, data тип=string
2026-04-03 10:39:10.800 LOG 0: Запрос от C# 1 (req_id=71): {"id":71,"cmd":"getClassSecurities","t":1775201950127,"data":{"data":"TQTE","cmd":"getClassSecurities","t":1775201950127}}
2026-04-03 10:39:10.850 LOG 1: После dispatch: cmd=getClassSecurities, data тип=string
2026-04-03 10:39:10.900 LOG 0: Запрос от C# 1 (req_id=72): {"id":72,"cmd":"getClassSecurities","t":1775201950131,"data":{"data":"TQCB","cmd":"getClassSecurities","t":1775201950131}}
2026-04-03 10:39:10.950 LOG 1: После dispatch: cmd=getClassSecurities, data тип=string
2026-04-03 10:39:10.000 LOG 0: Запрос от C# 1 (req_id=73): {"id":73,"cmd":"getClassSecurities","t":1775201950217,"data":{"data":"TQOE","cmd":"getClassSecurities","t":1775201950217}}
2026-04-03 10:39:10.050 LOG 1: После dispatch: cmd=getClassSecurities, data тип=string
2026-04-03 10:39:10.100 LOG 0: Запрос от C# 1 (req_id=74): {"id":74,"cmd":"getClassSecurities","t":1775201950219,"data":{"data":"TQRD","cmd":"getClassSecurities","t":1775201950219}}
2026-04-03 10:39:10.150 LOG 1: После dispatch: cmd=getClassSecurities, data тип=string
2026-04-03 10:39:10.200 LOG 0: Запрос от C# 1 (req_id=75): {"id":75,"cmd":"getClassSecurities","t":1775201950222,"data":{"data":"TQUD","cmd":"getClassSecurities","t":1775201950222}}
2026-04-03 10:39:10.250 LOG 1: После dispatch: cmd=getClassSecurities, data тип=string
2026-04-03 10:39:10.300 LOG 0: Запрос от C# 1 (req_id=76): {"id":76,"cmd":"getClassSecurities","t":1775201950226,"data":{"data":"TQED","cmd":"getClassSecurities","t":1775201950226}}
2026-04-03 10:39:10.350 LOG 1: После dispatch: cmd=getClassSecurities, data тип=string
2026-04-03 10:39:10.400 LOG 0: Запрос от C# 1 (req_id=77): {"id":77,"cmd":"getClassSecurities","t":1775201950228,"data":{"data":"FQBR","cmd":"getClassSecurities","t":1775201950228}}
2026-04-03 10:39:10.450 LOG 1: После dispatch: cmd=getClassSecurities, data тип=string
2026-04-03 10:39:10.500 LOG 0: Запрос от C# 1 (req_id=78): {"id":78,"cmd":"getClassSecurities","t":1775201950230,"data":{"data":"SPBFUT","cmd":"getClassSecurities","t":1775201950230}}
2026-04-03 10:39:10.550 LOG 1: После dispatch: cmd=getClassSecurities, data тип=string
2026-04-03 10:39:10.600 LOG 0: Запрос от C# 1 (req_id=79): {"id":79,"cmd":"getClassSecurities","t":1775201950238,"data":{"data":"SPBOPT","cmd":"getClassSecurities","t":1775201950238}}
2026-04-03 10:39:10.650 LOG 1: После dispatch: cmd=getClassSecurities, data тип=string
2026-04-03 10:39:10.700 LOG 0: Запрос от C# 1 (req_id=80): {"id":80,"cmd":"getClassSecurities","t":1775201950540,"data":{"data":"USDRUB","cmd":"getClassSecurities","t":1775201950540}}
2026-04-03 10:39:10.750 LOG 1: После dispatch: cmd=getClassSecurities, data тип=string
2026-04-03 10:39:10.800 LOG 0: Запрос от C# 1 (req_id=81): {"id":81,"cmd":"getClassSecurities","t":1775201950545,"data":{"data":"OPTSPOT","cmd":"getClassSecurities","t":1775201950545}}
2026-04-03 10:39:10.850 LOG 1: После dispatch: cmd=getClassSecurities, data тип=string
2026-04-03 10:39:11.050 LOG 0: Запрос от C# 1 (req_id=82): {"id":82,"cmd":"getClassSecurities","t":1775201951217,"data":{"data":"OPTCURNCY","cmd":"getClassSecurities","t":1775201951217}}
2026-04-03 10:39:11.100 LOG 1: После dispatch: cmd=getClassSecurities, data тип=string
2026-04-03 10:39:11.150 LOG 0: Запрос от C# 1 (req_id=83): {"id":83,"cmd":"getClassSecurities","t":1775201951234,"data":{"data":"OPTCOMDTY","cmd":"getClassSecurities","t":1775201951234}}
2026-04-03 10:39:11.200 LOG 1: После dispatch: cmd=getClassSecurities, data тип=string
2026-04-03 10:39:11.250 LOG 0: Запрос от C# 1 (req_id=84): {"id":84,"cmd":"getClassSecurities","t":1775201951258,"data":{"data":"OPTIDX","cmd":"getClassSecurities","t":1775201951258}}
2026-04-03 10:39:11.300 LOG 1: После dispatch: cmd=getClassSecurities, data тип=string
2026-04-03 10:39:11.350 LOG 0: Запрос от C# 1 (req_id=85): {"id":85,"cmd":"getClassSecurities","t":1775201951297,"data":{"data":"RTSIDX","cmd":"getClassSecurities","t":1775201951297}}
2026-04-03 10:39:11.400 LOG 1: После dispatch: cmd=getClassSecurities, data тип=string
2026-04-03 10:39:11.450 LOG 0: Запрос от C# 1 (req_id=86): {"id":86,"cmd":"getClassSecurities","t":1775201951316,"data":{"data":"EQRP_INFO","cmd":"getClassSecurities","t":1775201951316}}
2026-04-03 10:39:11.500 LOG 1: После dispatch: cmd=getClassSecurities, data тип=string
2026-04-03 10:39:11.550 LOG 0: Запрос от C# 1 (req_id=87): {"id":87,"cmd":"getClassSecurities","t":1775201951464,"data":{"data":"FUTCLT","cmd":"getClassSecurities","t":1775201951464}}
2026-04-03 10:39:11.600 LOG 1: После dispatch: cmd=getClassSecurities, data тип=string
2026-04-03 10:39:11.650 LOG 0: Запрос от C# 1 (req_id=88): {"id":88,"cmd":"getClassSecurities","t":1775201951469,"data":{"data":"SPBXM","cmd":"getClassSecurities","t":1775201951469}}
2026-04-03 10:39:11.700 LOG 1: После dispatch: cmd=getClassSecurities, data тип=string
2026-04-03 10:39:11.750 LOG 0: Запрос от C# 1 (req_id=89): {"id":89,"cmd":"getClassSecurities","t":1775201951503,"data":{"data":"SPBDE","cmd":"getClassSecurities","t":1775201951503}}
2026-04-03 10:39:11.800 LOG 1: После dispatch: cmd=getClassSecurities, data тип=string
2026-04-03 10:39:11.850 LOG 0: Запрос от C# 1 (req_id=90): {"id":90,"cmd":"getClassSecurities","t":1775201951506,"data":{"data":"SPBEQRU","cmd":"getClassSecurities","t":1775201951506}}
2026-04-03 10:39:11.900 LOG 1: После dispatch: cmd=getClassSecurities, data тип=string
2026-04-03 10:39:11.950 LOG 0: Запрос от C# 1 (req_id=91): {"id":91,"cmd":"getClassSecurities","t":1775201951508,"data":{"data":"SPBRU","cmd":"getClassSecurities","t":1775201951508}}
2026-04-03 10:39:11.000 LOG 1: После dispatch: cmd=getClassSecurities, data тип=string
2026-04-03 10:39:11.050 LOG 0: Запрос от C# 1 (req_id=92): {"id":92,"cmd":"getClassSecurities","t":1775201951516,"data":{"data":"SPBRUBND","cmd":"getClassSecurities","t":1775201951516}}
2026-04-03 10:39:11.100 LOG 1: После dispatch: cmd=getClassSecurities, data тип=string
2026-04-03 10:39:11.150 LOG 0: Запрос от C# 1 (req_id=93): {"id":93,"cmd":"getClassSecurities","t":1775201951518,"data":{"data":"SPBRU_USD","cmd":"getClassSecurities","t":1775201951518}}
2026-04-03 10:39:11.200 LOG 1: После dispatch: cmd=getClassSecurities, data тип=string
2026-04-03 10:39:11.250 LOG 0: Запрос от C# 1 (req_id=94): {"id":94,"cmd":"getClassSecurities","t":1775201951523,"data":{"data":"PSSPBRUBNDDO","cmd":"getClassSecurities","t":1775201951523}}
2026-04-03 10:39:11.300 LOG 1: После dispatch: cmd=getClassSecurities, data тип=string
2026-04-03 10:39:11.350 LOG 0: Запрос от C# 1 (req_id=95): {"id":95,"cmd":"getClassSecurities","t":1775201951526,"data":{"data":"REPORT","cmd":"getClassSecurities","t":1775201951526}}
2026-04-03 10:39:11.400 LOG 1: После dispatch: cmd=getClassSecurities, data тип=string
2026-04-03 10:39:11.450 LOG 0: Запрос от C# 1 (req_id=96): {"id":96,"cmd":"getClassSecurities","t":1775201951529,"data":{"data":"REPORTFORTS","cmd":"getClassSecurities","t":1775201951529}}
2026-04-03 10:39:11.500 LOG 1: После dispatch: cmd=getClassSecurities, data тип=string
2026-04-03 10:39:11.550 LOG 0: Запрос от C# 1 (req_id=97): {"id":97,"cmd":"getClassSecurities","t":1775201951534,"data":{"data":"VTB_OTC","cmd":"getClassSecurities","t":1775201951534}}
2026-04-03 10:39:11.600 LOG 1: После dispatch: cmd=getClassSecurities, data тип=string
2026-04-03 10:39:11.650 LOG 0: Запрос от C# 1 (req_id=98): {"id":98,"cmd":"getClassSecurities","t":1775201951536,"data":{"data":"CROSSRATE","cmd":"getClassSecurities","t":1775201951536}}
2026-04-03 10:39:11.700 LOG 1: После dispatch: cmd=getClassSecurities, data тип=string
2026-04-03 10:39:11.750 LOG 0: Запрос от C# 1 (req_id=99): {"id":99,"cmd":"getClassSecurities","t":1775201951543,"data":{"data":"QT_BN","cmd":"getClassSecurities","t":1775201951543}}
2026-04-03 10:39:11.800 LOG 1: После dispatch: cmd=getClassSecurities, data тип=string
2026-04-03 10:39:11.850 LOG 0: Запрос от C# 1 (req_id=100): {"id":100,"cmd":"getClassSecurities","t":1775201951547,"data":{"data":"INDX","cmd":"getClassSecurities","t":1775201951547}}
2026-04-03 10:39:11.900 LOG 1: После dispatch: cmd=getClassSecurities, data тип=string
2026-04-03 10:39:11.950 LOG 0: Запрос от C# 1 (req_id=101): {"id":101,"cmd":"getClassSecurities","t":1775201951550,"data":{"data":"TQIF_HOL","cmd":"getClassSecurities","t":1775201951550}}
2026-04-03 10:39:11.000 LOG 1: После dispatch: cmd=getClassSecurities, data тип=string
2026-04-03 10:39:11.050 LOG 0: Запрос от C# 1 (req_id=102): {"id":102,"cmd":"getClassSecurities","t":1775201951556,"data":{"data":"TQTF_HOL","cmd":"getClassSecurities","t":1775201951556}}
2026-04-03 10:39:11.100 LOG 1: После dispatch: cmd=getClassSecurities, data тип=string
2026-04-03 10:39:11.150 LOG 0: Запрос от C# 1 (req_id=103): {"id":103,"cmd":"getClassSecurities","t":1775201951559,"data":{"data":"TQTF_W_HOL","cmd":"getClassSecurities","t":1775201951559}}
2026-04-03 10:39:11.200 LOG 1: После dispatch: cmd=getClassSecurities, data тип=string
2026-04-03 10:39:11.250 LOG 0: Запрос от C# 1 (req_id=104): {"id":104,"cmd":"getClassSecurities","t":1775201951562,"data":{"data":"UP","cmd":"getClassSecurities","t":1775201951562}}
2026-04-03 10:39:11.300 LOG 1: После dispatch: cmd=getClassSecurities, data тип=string
2026-04-03 10:39:11.350 LOG 0: Запрос от C# 1 (req_id=105): {"id":105,"cmd":"getClassSecurities","t":1775201951568,"data":{"data":"CETS","cmd":"getClassSecurities","t":1775201951568}}
2026-04-03 10:39:11.400 LOG 1: После dispatch: cmd=getClassSecurities, data тип=string
2026-04-03 10:39:11.450 LOG 0: Запрос от C# 1 (req_id=106): {"id":106,"cmd":"getClassSecurities","t":1775201951574,"data":{"data":"CETS_MTL","cmd":"getClassSecurities","t":1775201951574}}
2026-04-03 10:39:11.500 LOG 1: После dispatch: cmd=getClassSecurities, data тип=string
2026-04-03 10:39:11.550 LOG 0: Запрос от C# 1 (req_id=107): {"id":107,"cmd":"getClassSecurities","t":1775201951581,"data":{"data":"TQFD","cmd":"getClassSecurities","t":1775201951581}}
2026-04-03 10:39:11.600 LOG 1: После dispatch: cmd=getClassSecurities, data тип=string
2026-04-03 10:39:11.650 LOG 0: Запрос от C# 1 (req_id=108): {"id":108,"cmd":"getClassSecurities","t":1775201951583,"data":{"data":"TQFE","cmd":"getClassSecurities","t":1775201951583}}
2026-04-03 10:39:11.700 LOG 1: После dispatch: cmd=getClassSecurities, data тип=string
2026-04-03 10:39:11.750 LOG 0: Запрос от C# 1 (req_id=109): {"id":109,"cmd":"getClassSecurities","t":1775201951585,"data":{"data":"OCTR","cmd":"getClassSecurities","t":1775201951585}}
2026-04-03 10:39:11.800 LOG 1: После dispatch: cmd=getClassSecurities, data тип=string
2026-04-03 10:39:11.850 LOG 0: Запрос от C# 1 (req_id=110): {"id":110,"cmd":"getClassSecurities","t":1775201951606,"data":{"data":"TQTY","cmd":"getClassSecurities","t":1775201951606}}
2026-04-03 10:39:11.900 LOG 1: После dispatch: cmd=getClassSecurities, data тип=string
2026-04-03 10:39:11.950 LOG 0: Запрос от C# 1 (req_id=111): {"id":111,"cmd":"getClassSecurities","t":1775201951610,"data":{"data":"MTQR","cmd":"getClassSecurities","t":1775201951610}}
2026-04-03 10:39:11.000 LOG 1: После dispatch: cmd=getClassSecurities, data тип=string
2026-04-03 10:39:11.050 LOG 0: Запрос от C# 1 (req_id=112): {"id":112,"cmd":"getClassSecurities","t":1775201951625,"data":{"data":"SMAL","cmd":"getClassSecurities","t":1775201951625}}
2026-04-03 10:39:11.100 LOG 1: После dispatch: cmd=getClassSecurities, data тип=string
2026-04-03 10:39:11.150 LOG 0: Запрос от C# 1 (req_id=113): {"id":113,"cmd":"getClassSecurities","t":1775201951629,"data":{"data":"TQBR","cmd":"getClassSecurities","t":1775201951629}}
2026-04-03 10:39:11.200 LOG 1: После dispatch: cmd=getClassSecurities, data тип=string
2026-04-03 10:39:11.250 LOG 0: Запрос от C# 1 (req_id=114): {"id":114,"cmd":"getClassSecurities","t":1775201951635,"data":{"data":"TQOB","cmd":"getClassSecurities","t":1775201951635}}
2026-04-03 10:39:11.300 LOG 1: После dispatch: cmd=getClassSecurities, data тип=string
2026-04-03 10:39:11.350 LOG 0: Запрос от C# 1 (req_id=115): {"id":115,"cmd":"getClassSecurities","t":1775201951638,"data":{"data":"TQIF","cmd":"getClassSecurities","t":1775201951638}}
2026-04-03 10:39:11.400 LOG 1: После dispatch: cmd=getClassSecurities, data тип=string
2026-04-03 10:39:11.450 LOG 0: Запрос от C# 1 (req_id=116): {"id":116,"cmd":"getClassSecurities","t":1775201951645,"data":{"data":"TQTF","cmd":"getClassSecurities","t":1775201951645}}
2026-04-03 10:39:11.500 LOG 1: После dispatch: cmd=getClassSecurities, data тип=string
2026-04-03 10:39:11.550 LOG 0: Запрос от C# 1 (req_id=117): {"id":117,"cmd":"getClassSecurities","t":1775201951648,"data":{"data":"TQTF_W","cmd":"getClassSecurities","t":1775201951648}}
2026-04-03 10:39:11.600 LOG 1: После dispatch: cmd=getClassSecurities, data тип=string
2026-04-03 10:39:11.650 LOG 0: Запрос от C# 1 (req_id=118): {"id":118,"cmd":"getClassSecurities","t":1775201951650,"data":{"data":"TQBD","cmd":"getClassSecurities","t":1775201951650}}
2026-04-03 10:39:11.700 LOG 1: После dispatch: cmd=getClassSecurities, data тип=string
2026-04-03 10:39:11.750 LOG 0: Запрос от C# 1 (req_id=119): {"id":119,"cmd":"getClassSecurities","t":1775201951654,"data":{"data":"TQTD","cmd":"getClassSecurities","t":1775201951654}}
2026-04-03 10:39:11.800 LOG 1: После dispatch: cmd=getClassSecurities, data тип=string
2026-04-03 10:39:11.850 LOG 0: Запрос от C# 1 (req_id=120): {"id":120,"cmd":"getClassSecurities","t":1775201951656,"data":{"data":"TQOD","cmd":"getClassSecurities","t":1775201951656}}
2026-04-03 10:39:11.900 LOG 1: После dispatch: cmd=getClassSecurities, data тип=string
2026-04-03 10:39:11.950 LOG 0: Запрос от C# 1 (req_id=121): {"id":121,"cmd":"getClassSecurities","t":1775201951659,"data":{"data":"TQOY","cmd":"getClassSecurities","t":1775201951659}}
2026-04-03 10:39:11.000 LOG 1: После dispatch: cmd=getClassSecurities, data тип=string
2026-04-03 10:39:11.050 LOG 0: Запрос от C# 1 (req_id=122): {"id":122,"cmd":"getClassSecurities","t":1775201951661,"data":{"data":"TQTF_F_HOL","cmd":"getClassSecurities","t":1775201951661}}
2026-04-03 10:39:11.100 LOG 1: После dispatch: cmd=getClassSecurities, data тип=string
2026-04-03 10:39:11.150 LOG 0: Запрос от C# 1 (req_id=123): {"id":123,"cmd":"getClassSecurities","t":1775201951664,"data":{"data":"EES_OTC","cmd":"getClassSecurities","t":1775201951664}}
2026-04-03 10:39:11.200 LOG 1: После dispatch: cmd=getClassSecurities, data тип=string
2026-04-03 10:39:11.250 LOG 0: Запрос от C# 1 (req_id=124): {"id":124,"cmd":"getClassSecurities","t":1775201951668,"data":{"data":"TQTF_F","cmd":"getClassSecurities","t":1775201951668}}
2026-04-03 10:39:11.300 LOG 1: После dispatch: cmd=getClassSecurities, data тип=string
2026-04-03 10:39:11.350 LOG 0: Запрос от C# 1 (req_id=125): {"id":125,"cmd":"getClassSecurities","t":1775201951670,"data":{"data":"SMS","cmd":"getClassSecurities","t":1775201951670}}
2026-04-03 10:39:11.400 LOG 1: После dispatch: cmd=getClassSecurities, data тип=string
2026-04-03 10:39:11.450 LOG 0: Запрос от C# 1 (req_id=126): {"id":126,"cmd":"getClassSecurities","t":1775201951674,"data":{"data":"ALGO_ICEBERG","cmd":"getClassSecurities","t":1775201951674}}
2026-04-03 10:39:11.500 LOG 1: После dispatch: cmd=getClassSecurities, data тип=string
2026-04-03 10:39:11.550 LOG 0: Запрос от C# 1 (req_id=127): {"id":127,"cmd":"getClassSecurities","t":1775201951677,"data":{"data":"ALGO_VOLATIL","cmd":"getClassSecurities","t":1775201951677}}
2026-04-03 10:39:11.600 LOG 1: После dispatch: cmd=getClassSecurities, data тип=string
2026-04-03 10:39:11.650 LOG 0: Запрос от C# 1 (req_id=128): {"id":128,"cmd":"getClassSecurities","t":1775201951679,"data":{"data":"ALGO_TWAP","cmd":"getClassSecurities","t":1775201951679}}
2026-04-03 10:39:11.700 LOG 1: После dispatch: cmd=getClassSecurities, data тип=string
2026-04-03 10:39:11.750 LOG 0: Запрос от C# 1 (req_id=129): {"id":129,"cmd":"getClassSecurities","t":1775201951681,"data":{"data":"ALGO_VWAP","cmd":"getClassSecurities","t":1775201951681}}
2026-04-03 10:39:11.800 LOG 1: После dispatch: cmd=getClassSecurities, data тип=string
2026-04-03 10:39:11.850 LOG 0: Запрос от C# 1 (req_id=130): {"id":130,"cmd":"getClassSecurities","t":1775201951685,"data":{"data":"ALGO_GTD","cmd":"getClassSecurities","t":1775201951685}}
2026-04-03 10:39:11.900 LOG 1: После dispatch: cmd=getClassSecurities, data тип=string
2026-04-03 10:39:11.950 LOG 0: Запрос от C# 1 (req_id=131): {"id":131,"cmd":"getClassSecurities","t":1775201951687,"data":{"data":"MPAU","cmd":"getClassSecurities","t":1775201951687}}
2026-04-03 10:39:11.000 LOG 1: После dispatch: cmd=getClassSecurities, data тип=string
2026-04-03 10:39:11.050 LOG 0: Запрос от C# 1 (req_id=132): {"id":132,"cmd":"getClassSecurities","t":1775201951689,"data":{"data":"PSAU_FREE","cmd":"getClassSecurities","t":1775201951689}}
2026-04-03 10:39:11.100 LOG 1: После dispatch: cmd=getClassSecurities, data тип=string
2026-04-03 10:39:11.150 LOG 0: Запрос от C# 1 (req_id=133): {"id":133,"cmd":"getClassSecurities","t":1775201951691,"data":{"data":"PSAU","cmd":"getClassSecurities","t":1775201951691}}
2026-04-03 10:39:11.200 LOG 1: После dispatch: cmd=getClassSecurities, data тип=string
2026-04-03 10:39:11.250 LOG 0: Запрос от C# 1 (req_id=134): {"id":134,"cmd":"getClassSecurities","t":1775201951696,"data":{"data":"PSSU","cmd":"getClassSecurities","t":1775201951696}}
2026-04-03 10:39:11.300 LOG 1: После dispatch: cmd=getClassSecurities, data тип=string
2026-04-03 10:39:11.350 LOG 0: Запрос от C# 1 (req_id=135): {"id":135,"cmd":"getClassSecurities","t":1775201951699,"data":{"data":"PSSU_YAD","cmd":"getClassSecurities","t":1775201951699}}
2026-04-03 10:39:11.400 LOG 1: После dispatch: cmd=getClassSecurities, data тип=string
2026-04-03 10:39:11.450 LOG 0: Запрос от C# 1 (req_id=136): {"id":136,"cmd":"getClassSecurities","t":1775201951701,"data":{"data":"PACY","cmd":"getClassSecurities","t":1775201951701}}
2026-04-03 10:39:11.500 LOG 1: После dispatch: cmd=getClassSecurities, data тип=string
2026-04-03 10:39:11.550 LOG 0: Запрос от C# 1 (req_id=137): {"id":137,"cmd":"getClassSecurities","t":1775201951705,"data":{"data":"QT_EQ","cmd":"getClassSecurities","t":1775201951705}}
2026-04-03 10:39:11.600 LOG 1: После dispatch: cmd=getClassSecurities, data тип=string
2026-04-03 10:39:40.050 LOG 0: Запрос от C# 1 (req_id=138): {"id":138,"cmd":"getSecurityInfo","t":1775201980970,"data":{"data":"SPBFUT|RIM6","cmd":"getSecurityInfo","t":1775201980970}}
2026-04-03 10:39:40.100 LOG 1: После dispatch: cmd=getSecurityInfo, data тип=table
2026-04-03 17:43:40.050 LOG 0: Запрос от C# 1 (req_id=1): {"id":1,"cmd":"getClassesList","t":1775227420576,"data":{"data":"","cmd":"getClassesList","t":1775227420574}}
2026-04-03 17:43:40.100 LOG 0: Р’С‹Р·РѕРІ getClassesList, req_id=?
2026-04-03 17:43:40.150 LOG 1: После dispatch: cmd=getClassesList, data тип=string
2026-04-03 17:43:40.200 LOG 0: Запрос от C# 1 (req_id=2): {"id":2,"cmd":"getClassesList","t":1775227420768,"data":{"data":"","cmd":"getClassesList","t":1775227420768}}
2026-04-03 17:43:40.250 LOG 0: Р’С‹Р·РѕРІ getClassesList, req_id=?
2026-04-03 17:43:40.300 LOG 1: После dispatch: cmd=getClassesList, data тип=string
2026-04-03 17:43:40.350 LOG 0: Запрос от C# 1 (req_id=3): {"id":3,"cmd":"getClassInfo","t":1775227420772,"data":{"data":"TQTE","cmd":"getClassInfo","t":1775227420772}}
2026-04-03 17:43:40.400 LOG 1: После dispatch: cmd=getClassInfo, data тип=table
2026-04-03 17:43:40.450 LOG 0: Запрос от C# 1 (req_id=4): {"id":4,"cmd":"getClassInfo","t":1775227420778,"data":{"data":"TQCB","cmd":"getClassInfo","t":1775227420778}}
2026-04-03 17:43:40.500 LOG 1: После dispatch: cmd=getClassInfo, data тип=table
2026-04-03 17:43:40.550 LOG 0: Запрос от C# 1 (req_id=5): {"id":5,"cmd":"getClassInfo","t":1775227420781,"data":{"data":"TQOE","cmd":"getClassInfo","t":1775227420781}}
2026-04-03 17:43:40.600 LOG 1: После dispatch: cmd=getClassInfo, data тип=table
2026-04-03 17:43:40.650 LOG 0: Запрос от C# 1 (req_id=6): {"id":6,"cmd":"getClassInfo","t":1775227420783,"data":{"data":"TQRD","cmd":"getClassInfo","t":1775227420783}}
2026-04-03 17:43:40.700 LOG 1: После dispatch: cmd=getClassInfo, data тип=table
2026-04-03 17:43:40.750 LOG 0: Запрос от C# 1 (req_id=7): {"id":7,"cmd":"getClassInfo","t":1775227420785,"data":{"data":"TQUD","cmd":"getClassInfo","t":1775227420785}}
2026-04-03 17:43:40.800 LOG 1: После dispatch: cmd=getClassInfo, data тип=table
2026-04-03 17:43:40.850 LOG 0: Запрос от C# 1 (req_id=8): {"id":8,"cmd":"getClassInfo","t":1775227420789,"data":{"data":"TQED","cmd":"getClassInfo","t":1775227420789}}
2026-04-03 17:43:40.900 LOG 1: После dispatch: cmd=getClassInfo, data тип=table
2026-04-03 17:43:40.950 LOG 0: Запрос от C# 1 (req_id=9): {"id":9,"cmd":"getClassInfo","t":1775227420792,"data":{"data":"FQBR","cmd":"getClassInfo","t":1775227420792}}
2026-04-03 17:43:40.000 LOG 1: После dispatch: cmd=getClassInfo, data тип=table
2026-04-03 17:43:40.050 LOG 0: Запрос от C# 1 (req_id=10): {"id":10,"cmd":"getClassInfo","t":1775227420794,"data":{"data":"SPBFUT","cmd":"getClassInfo","t":1775227420794}}
2026-04-03 17:43:40.100 LOG 1: После dispatch: cmd=getClassInfo, data тип=table
2026-04-03 17:43:40.150 LOG 0: Запрос от C# 1 (req_id=11): {"id":11,"cmd":"getClassInfo","t":1775227420796,"data":{"data":"SPBOPT","cmd":"getClassInfo","t":1775227420796}}
2026-04-03 17:43:40.200 LOG 1: После dispatch: cmd=getClassInfo, data тип=table
2026-04-03 17:43:40.250 LOG 0: Запрос от C# 1 (req_id=12): {"id":12,"cmd":"getClassInfo","t":1775227420800,"data":{"data":"USDRUB","cmd":"getClassInfo","t":1775227420800}}
2026-04-03 17:43:40.300 LOG 1: После dispatch: cmd=getClassInfo, data тип=table
2026-04-03 17:43:40.350 LOG 0: Запрос от C# 1 (req_id=13): {"id":13,"cmd":"getClassInfo","t":1775227420802,"data":{"data":"OPTSPOT","cmd":"getClassInfo","t":1775227420802}}
2026-04-03 17:43:40.400 LOG 1: После dispatch: cmd=getClassInfo, data тип=table
2026-04-03 17:43:40.450 LOG 0: Запрос от C# 1 (req_id=14): {"id":14,"cmd":"getClassInfo","t":1775227420804,"data":{"data":"OPTCURNCY","cmd":"getClassInfo","t":1775227420804}}
2026-04-03 17:43:40.500 LOG 1: После dispatch: cmd=getClassInfo, data тип=table
2026-04-03 17:43:40.550 LOG 0: Запрос от C# 1 (req_id=15): {"id":15,"cmd":"getClassInfo","t":1775227420806,"data":{"data":"OPTCOMDTY","cmd":"getClassInfo","t":1775227420806}}
2026-04-03 17:43:40.600 LOG 1: После dispatch: cmd=getClassInfo, data тип=table
2026-04-03 17:43:40.650 LOG 0: Запрос от C# 1 (req_id=16): {"id":16,"cmd":"getClassInfo","t":1775227420810,"data":{"data":"OPTIDX","cmd":"getClassInfo","t":1775227420810}}
2026-04-03 17:43:40.700 LOG 1: После dispatch: cmd=getClassInfo, data тип=table
2026-04-03 17:43:40.750 LOG 0: Запрос от C# 1 (req_id=17): {"id":17,"cmd":"getClassInfo","t":1775227420812,"data":{"data":"RTSIDX","cmd":"getClassInfo","t":1775227420812}}
2026-04-03 17:43:40.800 LOG 1: После dispatch: cmd=getClassInfo, data тип=table
2026-04-03 17:43:40.850 LOG 0: Запрос от C# 1 (req_id=18): {"id":18,"cmd":"getClassInfo","t":1775227420814,"data":{"data":"EQRP_INFO","cmd":"getClassInfo","t":1775227420814}}
2026-04-03 17:43:40.900 LOG 1: После dispatch: cmd=getClassInfo, data тип=table
2026-04-03 17:43:40.950 LOG 0: Запрос от C# 1 (req_id=19): {"id":19,"cmd":"getClassInfo","t":1775227420816,"data":{"data":"FUTCLT","cmd":"getClassInfo","t":1775227420816}}
2026-04-03 17:43:40.000 LOG 1: После dispatch: cmd=getClassInfo, data тип=table
2026-04-03 17:43:40.050 LOG 0: Запрос от C# 1 (req_id=20): {"id":20,"cmd":"getClassInfo","t":1775227420818,"data":{"data":"SPBXM","cmd":"getClassInfo","t":1775227420818}}
2026-04-03 17:43:40.100 LOG 1: После dispatch: cmd=getClassInfo, data тип=table
2026-04-03 17:43:40.150 LOG 0: Запрос от C# 1 (req_id=21): {"id":21,"cmd":"getClassInfo","t":1775227420821,"data":{"data":"SPBDE","cmd":"getClassInfo","t":1775227420821}}
2026-04-03 17:43:40.200 LOG 1: После dispatch: cmd=getClassInfo, data тип=table
2026-04-03 17:43:40.250 LOG 0: Запрос от C# 1 (req_id=22): {"id":22,"cmd":"getClassInfo","t":1775227420824,"data":{"data":"SPBEQRU","cmd":"getClassInfo","t":1775227420824}}
2026-04-03 17:43:40.300 LOG 1: После dispatch: cmd=getClassInfo, data тип=table
2026-04-03 17:43:40.350 LOG 0: Запрос от C# 1 (req_id=23): {"id":23,"cmd":"getClassInfo","t":1775227420827,"data":{"data":"SPBRU","cmd":"getClassInfo","t":1775227420827}}
2026-04-03 17:43:40.400 LOG 1: После dispatch: cmd=getClassInfo, data тип=table
2026-04-03 17:43:40.450 LOG 0: Запрос от C# 1 (req_id=24): {"id":24,"cmd":"getClassInfo","t":1775227420831,"data":{"data":"SPBRUBND","cmd":"getClassInfo","t":1775227420831}}
2026-04-03 17:43:40.500 LOG 1: После dispatch: cmd=getClassInfo, data тип=table
2026-04-03 17:43:40.550 LOG 0: Запрос от C# 1 (req_id=25): {"id":25,"cmd":"getClassInfo","t":1775227420833,"data":{"data":"SPBRU_USD","cmd":"getClassInfo","t":1775227420833}}
2026-04-03 17:43:40.600 LOG 1: После dispatch: cmd=getClassInfo, data тип=table
2026-04-03 17:43:40.650 LOG 0: Запрос от C# 1 (req_id=26): {"id":26,"cmd":"getClassInfo","t":1775227420835,"data":{"data":"PSSPBRUBNDDO","cmd":"getClassInfo","t":1775227420835}}
2026-04-03 17:43:40.700 LOG 1: После dispatch: cmd=getClassInfo, data тип=table
2026-04-03 17:43:40.750 LOG 0: Запрос от C# 1 (req_id=27): {"id":27,"cmd":"getClassInfo","t":1775227420838,"data":{"data":"REPORT","cmd":"getClassInfo","t":1775227420838}}
2026-04-03 17:43:40.800 LOG 1: После dispatch: cmd=getClassInfo, data тип=table
2026-04-03 17:43:40.850 LOG 0: Запрос от C# 1 (req_id=28): {"id":28,"cmd":"getClassInfo","t":1775227420842,"data":{"data":"REPORTFORTS","cmd":"getClassInfo","t":1775227420842}}
2026-04-03 17:43:40.900 LOG 1: После dispatch: cmd=getClassInfo, data тип=table
2026-04-03 17:43:40.950 LOG 0: Запрос от C# 1 (req_id=29): {"id":29,"cmd":"getClassInfo","t":1775227420844,"data":{"data":"VTB_OTC","cmd":"getClassInfo","t":1775227420844}}
2026-04-03 17:43:40.000 LOG 1: После dispatch: cmd=getClassInfo, data тип=table
2026-04-03 17:43:40.050 LOG 0: Запрос от C# 1 (req_id=30): {"id":30,"cmd":"getClassInfo","t":1775227420846,"data":{"data":"CROSSRATE","cmd":"getClassInfo","t":1775227420846}}
2026-04-03 17:43:40.100 LOG 1: После dispatch: cmd=getClassInfo, data тип=table
2026-04-03 17:43:40.150 LOG 0: Запрос от C# 1 (req_id=31): {"id":31,"cmd":"getClassInfo","t":1775227420848,"data":{"data":"QT_BN","cmd":"getClassInfo","t":1775227420848}}
2026-04-03 17:43:40.200 LOG 1: После dispatch: cmd=getClassInfo, data тип=table
2026-04-03 17:43:40.250 LOG 0: Запрос от C# 1 (req_id=32): {"id":32,"cmd":"getClassInfo","t":1775227420849,"data":{"data":"INDX","cmd":"getClassInfo","t":1775227420849}}
2026-04-03 17:43:40.300 LOG 1: После dispatch: cmd=getClassInfo, data тип=table
2026-04-03 17:43:40.350 LOG 0: Запрос от C# 1 (req_id=33): {"id":33,"cmd":"getClassInfo","t":1775227420854,"data":{"data":"TQIF_HOL","cmd":"getClassInfo","t":1775227420854}}
2026-04-03 17:43:40.400 LOG 1: После dispatch: cmd=getClassInfo, data тип=table
2026-04-03 17:43:40.450 LOG 0: Запрос от C# 1 (req_id=34): {"id":34,"cmd":"getClassInfo","t":1775227420856,"data":{"data":"TQTF_HOL","cmd":"getClassInfo","t":1775227420856}}
2026-04-03 17:43:40.500 LOG 1: После dispatch: cmd=getClassInfo, data тип=table
2026-04-03 17:43:40.550 LOG 0: Запрос от C# 1 (req_id=35): {"id":35,"cmd":"getClassInfo","t":1775227420858,"data":{"data":"TQTF_W_HOL","cmd":"getClassInfo","t":1775227420858}}
2026-04-03 17:43:40.600 LOG 1: После dispatch: cmd=getClassInfo, data тип=table
2026-04-03 17:43:40.650 LOG 0: Запрос от C# 1 (req_id=36): {"id":36,"cmd":"getClassInfo","t":1775227420860,"data":{"data":"UP","cmd":"getClassInfo","t":1775227420860}}
2026-04-03 17:43:40.700 LOG 1: После dispatch: cmd=getClassInfo, data тип=table
2026-04-03 17:43:40.750 LOG 0: Запрос от C# 1 (req_id=37): {"id":37,"cmd":"getClassInfo","t":1775227420864,"data":{"data":"CETS","cmd":"getClassInfo","t":1775227420864}}
2026-04-03 17:43:40.800 LOG 1: После dispatch: cmd=getClassInfo, data тип=table
2026-04-03 17:43:40.850 LOG 0: Запрос от C# 1 (req_id=38): {"id":38,"cmd":"getClassInfo","t":1775227420866,"data":{"data":"CETS_MTL","cmd":"getClassInfo","t":1775227420866}}
2026-04-03 17:43:40.900 LOG 1: После dispatch: cmd=getClassInfo, data тип=table
2026-04-03 17:43:40.950 LOG 0: Запрос от C# 1 (req_id=39): {"id":39,"cmd":"getClassInfo","t":1775227420869,"data":{"data":"TQFD","cmd":"getClassInfo","t":1775227420869}}
2026-04-03 17:43:40.000 LOG 1: После dispatch: cmd=getClassInfo, data тип=table
2026-04-03 17:43:40.050 LOG 0: Запрос от C# 1 (req_id=40): {"id":40,"cmd":"getClassInfo","t":1775227420871,"data":{"data":"TQFE","cmd":"getClassInfo","t":1775227420871}}
2026-04-03 17:43:40.100 LOG 1: После dispatch: cmd=getClassInfo, data тип=table
2026-04-03 17:43:40.150 LOG 0: Запрос от C# 1 (req_id=41): {"id":41,"cmd":"getClassInfo","t":1775227420875,"data":{"data":"OCTR","cmd":"getClassInfo","t":1775227420875}}
2026-04-03 17:43:40.200 LOG 1: После dispatch: cmd=getClassInfo, data тип=table
2026-04-03 17:43:40.250 LOG 0: Запрос от C# 1 (req_id=42): {"id":42,"cmd":"getClassInfo","t":1775227420877,"data":{"data":"TQTY","cmd":"getClassInfo","t":1775227420877}}
2026-04-03 17:43:40.300 LOG 1: После dispatch: cmd=getClassInfo, data тип=table
2026-04-03 17:43:40.350 LOG 0: Запрос от C# 1 (req_id=43): {"id":43,"cmd":"getClassInfo","t":1775227420879,"data":{"data":"MTQR","cmd":"getClassInfo","t":1775227420879}}
2026-04-03 17:43:40.400 LOG 1: После dispatch: cmd=getClassInfo, data тип=table
2026-04-03 17:43:40.450 LOG 0: Запрос от C# 1 (req_id=44): {"id":44,"cmd":"getClassInfo","t":1775227420880,"data":{"data":"SMAL","cmd":"getClassInfo","t":1775227420880}}
2026-04-03 17:43:40.500 LOG 1: После dispatch: cmd=getClassInfo, data тип=table
2026-04-03 17:43:40.550 LOG 0: Запрос от C# 1 (req_id=45): {"id":45,"cmd":"getClassInfo","t":1775227420882,"data":{"data":"TQBR","cmd":"getClassInfo","t":1775227420882}}
2026-04-03 17:43:40.600 LOG 1: После dispatch: cmd=getClassInfo, data тип=table
2026-04-03 17:43:40.650 LOG 0: Запрос от C# 1 (req_id=46): {"id":46,"cmd":"getClassInfo","t":1775227420886,"data":{"data":"TQOB","cmd":"getClassInfo","t":1775227420886}}
2026-04-03 17:43:40.700 LOG 1: После dispatch: cmd=getClassInfo, data тип=table
2026-04-03 17:43:40.750 LOG 0: Запрос от C# 1 (req_id=47): {"id":47,"cmd":"getClassInfo","t":1775227420890,"data":{"data":"TQIF","cmd":"getClassInfo","t":1775227420890}}
2026-04-03 17:43:40.800 LOG 1: После dispatch: cmd=getClassInfo, data тип=table
2026-04-03 17:43:40.850 LOG 0: Запрос от C# 1 (req_id=48): {"id":48,"cmd":"getClassInfo","t":1775227420895,"data":{"data":"TQTF","cmd":"getClassInfo","t":1775227420895}}
2026-04-03 17:43:40.900 LOG 1: После dispatch: cmd=getClassInfo, data тип=table
2026-04-03 17:43:40.950 LOG 0: Запрос от C# 1 (req_id=49): {"id":49,"cmd":"getClassInfo","t":1775227420897,"data":{"data":"TQTF_W","cmd":"getClassInfo","t":1775227420897}}
2026-04-03 17:43:40.000 LOG 1: После dispatch: cmd=getClassInfo, data тип=table
2026-04-03 17:43:40.050 LOG 0: Запрос от C# 1 (req_id=50): {"id":50,"cmd":"getClassInfo","t":1775227420899,"data":{"data":"TQBD","cmd":"getClassInfo","t":1775227420899}}
2026-04-03 17:43:40.100 LOG 1: После dispatch: cmd=getClassInfo, data тип=table
2026-04-03 17:43:40.150 LOG 0: Запрос от C# 1 (req_id=51): {"id":51,"cmd":"getClassInfo","t":1775227420901,"data":{"data":"TQTD","cmd":"getClassInfo","t":1775227420901}}
2026-04-03 17:43:40.200 LOG 1: После dispatch: cmd=getClassInfo, data тип=table
2026-04-03 17:43:40.250 LOG 0: Запрос от C# 1 (req_id=52): {"id":52,"cmd":"getClassInfo","t":1775227420906,"data":{"data":"TQOD","cmd":"getClassInfo","t":1775227420906}}
2026-04-03 17:43:40.300 LOG 1: После dispatch: cmd=getClassInfo, data тип=table
2026-04-03 17:43:40.350 LOG 0: Запрос от C# 1 (req_id=53): {"id":53,"cmd":"getClassInfo","t":1775227420908,"data":{"data":"TQOY","cmd":"getClassInfo","t":1775227420908}}
2026-04-03 17:43:40.400 LOG 1: После dispatch: cmd=getClassInfo, data тип=table
2026-04-03 17:43:40.450 LOG 0: Запрос от C# 1 (req_id=54): {"id":54,"cmd":"getClassInfo","t":1775227420911,"data":{"data":"TQTF_F_HOL","cmd":"getClassInfo","t":1775227420911}}
2026-04-03 17:43:40.500 LOG 1: После dispatch: cmd=getClassInfo, data тип=table
2026-04-03 17:43:40.550 LOG 0: Запрос от C# 1 (req_id=55): {"id":55,"cmd":"getClassInfo","t":1775227420913,"data":{"data":"EES_OTC","cmd":"getClassInfo","t":1775227420913}}
2026-04-03 17:43:40.600 LOG 1: После dispatch: cmd=getClassInfo, data тип=table
2026-04-03 17:43:40.650 LOG 0: Запрос от C# 1 (req_id=56): {"id":56,"cmd":"getClassInfo","t":1775227420917,"data":{"data":"TQTF_F","cmd":"getClassInfo","t":1775227420917}}
2026-04-03 17:43:40.700 LOG 1: После dispatch: cmd=getClassInfo, data тип=table
2026-04-03 17:43:40.750 LOG 0: Запрос от C# 1 (req_id=57): {"id":57,"cmd":"getClassInfo","t":1775227420921,"data":{"data":"SMS","cmd":"getClassInfo","t":1775227420921}}
2026-04-03 17:43:40.800 LOG 1: После dispatch: cmd=getClassInfo, data тип=table
2026-04-03 17:43:40.850 LOG 0: Запрос от C# 1 (req_id=58): {"id":58,"cmd":"getClassInfo","t":1775227420923,"data":{"data":"ALGO_ICEBERG","cmd":"getClassInfo","t":1775227420923}}
2026-04-03 17:43:40.900 LOG 1: После dispatch: cmd=getClassInfo, data тип=table
2026-04-03 17:43:40.950 LOG 0: Запрос от C# 1 (req_id=59): {"id":59,"cmd":"getClassInfo","t":1775227420927,"data":{"data":"ALGO_VOLATIL","cmd":"getClassInfo","t":1775227420927}}
2026-04-03 17:43:40.000 LOG 1: После dispatch: cmd=getClassInfo, data тип=table
2026-04-03 17:43:40.050 LOG 0: Запрос от C# 1 (req_id=60): {"id":60,"cmd":"getClassInfo","t":1775227420929,"data":{"data":"ALGO_TWAP","cmd":"getClassInfo","t":1775227420929}}
2026-04-03 17:43:40.100 LOG 1: После dispatch: cmd=getClassInfo, data тип=table
2026-04-03 17:43:40.150 LOG 0: Запрос от C# 1 (req_id=61): {"id":61,"cmd":"getClassInfo","t":1775227420931,"data":{"data":"ALGO_VWAP","cmd":"getClassInfo","t":1775227420931}}
2026-04-03 17:43:40.200 LOG 1: После dispatch: cmd=getClassInfo, data тип=table
2026-04-03 17:43:40.250 LOG 0: Запрос от C# 1 (req_id=62): {"id":62,"cmd":"getClassInfo","t":1775227420934,"data":{"data":"ALGO_GTD","cmd":"getClassInfo","t":1775227420934}}
2026-04-03 17:43:40.300 LOG 1: После dispatch: cmd=getClassInfo, data тип=table
2026-04-03 17:43:40.350 LOG 0: Запрос от C# 1 (req_id=63): {"id":63,"cmd":"getClassInfo","t":1775227420938,"data":{"data":"MPAU","cmd":"getClassInfo","t":1775227420938}}
2026-04-03 17:43:40.400 LOG 1: После dispatch: cmd=getClassInfo, data тип=table
2026-04-03 17:43:40.450 LOG 0: Запрос от C# 1 (req_id=64): {"id":64,"cmd":"getClassInfo","t":1775227420941,"data":{"data":"PSAU_FREE","cmd":"getClassInfo","t":1775227420941}}
2026-04-03 17:43:40.500 LOG 1: После dispatch: cmd=getClassInfo, data тип=table
2026-04-03 17:43:40.550 LOG 0: Запрос от C# 1 (req_id=65): {"id":65,"cmd":"getClassInfo","t":1775227420943,"data":{"data":"PSAU","cmd":"getClassInfo","t":1775227420943}}
2026-04-03 17:43:40.600 LOG 1: После dispatch: cmd=getClassInfo, data тип=table
2026-04-03 17:43:40.650 LOG 0: Запрос от C# 1 (req_id=66): {"id":66,"cmd":"getClassInfo","t":1775227420950,"data":{"data":"PSSU","cmd":"getClassInfo","t":1775227420950}}
2026-04-03 17:43:40.700 LOG 1: После dispatch: cmd=getClassInfo, data тип=table
2026-04-03 17:43:40.750 LOG 0: Запрос от C# 1 (req_id=67): {"id":67,"cmd":"getClassInfo","t":1775227420953,"data":{"data":"PSSU_YAD","cmd":"getClassInfo","t":1775227420953}}
2026-04-03 17:43:40.800 LOG 1: После dispatch: cmd=getClassInfo, data тип=table
2026-04-03 17:43:40.850 LOG 0: Запрос от C# 1 (req_id=68): {"id":68,"cmd":"getClassInfo","t":1775227420955,"data":{"data":"PACY","cmd":"getClassInfo","t":1775227420955}}
2026-04-03 17:43:40.900 LOG 1: После dispatch: cmd=getClassInfo, data тип=table
2026-04-03 17:43:40.950 LOG 0: Запрос от C# 1 (req_id=69): {"id":69,"cmd":"getClassInfo","t":1775227420959,"data":{"data":"QT_EQ","cmd":"getClassInfo","t":1775227420959}}
2026-04-03 17:43:40.000 LOG 1: После dispatch: cmd=getClassInfo, data тип=table
2026-04-03 17:43:40.050 LOG 0: Запрос от C# 1 (req_id=70): {"id":70,"cmd":"getClassesList","t":1775227420962,"data":{"data":"","cmd":"getClassesList","t":1775227420962}}
2026-04-03 17:43:40.100 LOG 0: Р’С‹Р·РѕРІ getClassesList, req_id=?
2026-04-03 17:43:40.150 LOG 1: После dispatch: cmd=getClassesList, data тип=string
2026-04-03 17:43:40.200 LOG 0: Запрос от C# 1 (req_id=71): {"id":71,"cmd":"getClassSecurities","t":1775227420967,"data":{"data":"TQTE","cmd":"getClassSecurities","t":1775227420967}}
2026-04-03 17:43:40.250 LOG 1: После dispatch: cmd=getClassSecurities, data тип=string
2026-04-03 17:43:40.300 LOG 0: Запрос от C# 1 (req_id=72): {"id":72,"cmd":"getClassSecurities","t":1775227420970,"data":{"data":"TQCB","cmd":"getClassSecurities","t":1775227420970}}
2026-04-03 17:43:40.350 LOG 1: После dispatch: cmd=getClassSecurities, data тип=string
2026-04-03 17:43:41.050 LOG 0: Запрос от C# 1 (req_id=73): {"id":73,"cmd":"getClassSecurities","t":1775227421068,"data":{"data":"TQOE","cmd":"getClassSecurities","t":1775227421068}}
2026-04-03 17:43:41.100 LOG 1: После dispatch: cmd=getClassSecurities, data тип=string
2026-04-03 17:43:41.150 LOG 0: Запрос от C# 1 (req_id=74): {"id":74,"cmd":"getClassSecurities","t":1775227421072,"data":{"data":"TQRD","cmd":"getClassSecurities","t":1775227421072}}
2026-04-03 17:43:41.200 LOG 1: После dispatch: cmd=getClassSecurities, data тип=string
2026-04-03 17:43:41.250 LOG 0: Запрос от C# 1 (req_id=75): {"id":75,"cmd":"getClassSecurities","t":1775227421075,"data":{"data":"TQUD","cmd":"getClassSecurities","t":1775227421075}}
2026-04-03 17:43:41.300 LOG 1: После dispatch: cmd=getClassSecurities, data тип=string
2026-04-03 17:43:41.350 LOG 0: Запрос от C# 1 (req_id=76): {"id":76,"cmd":"getClassSecurities","t":1775227421078,"data":{"data":"TQED","cmd":"getClassSecurities","t":1775227421078}}
2026-04-03 17:43:41.400 LOG 1: После dispatch: cmd=getClassSecurities, data тип=string
2026-04-03 17:43:41.450 LOG 0: Запрос от C# 1 (req_id=77): {"id":77,"cmd":"getClassSecurities","t":1775227421080,"data":{"data":"FQBR","cmd":"getClassSecurities","t":1775227421080}}
2026-04-03 17:43:41.500 LOG 1: После dispatch: cmd=getClassSecurities, data тип=string
2026-04-03 17:43:41.550 LOG 0: Запрос от C# 1 (req_id=78): {"id":78,"cmd":"getClassSecurities","t":1775227421083,"data":{"data":"SPBFUT","cmd":"getClassSecurities","t":1775227421083}}
2026-04-03 17:43:41.600 LOG 1: После dispatch: cmd=getClassSecurities, data тип=string
2026-04-03 17:43:41.650 LOG 0: Запрос от C# 1 (req_id=79): {"id":79,"cmd":"getClassSecurities","t":1775227421088,"data":{"data":"SPBOPT","cmd":"getClassSecurities","t":1775227421088}}
2026-04-03 17:43:41.700 LOG 1: После dispatch: cmd=getClassSecurities, data тип=string
2026-04-03 17:43:41.750 LOG 0: Запрос от C# 1 (req_id=80): {"id":80,"cmd":"getClassSecurities","t":1775227421399,"data":{"data":"USDRUB","cmd":"getClassSecurities","t":1775227421399}}
2026-04-03 17:43:41.800 LOG 1: После dispatch: cmd=getClassSecurities, data тип=string
2026-04-03 17:43:41.850 LOG 0: Запрос от C# 1 (req_id=81): {"id":81,"cmd":"getClassSecurities","t":1775227421403,"data":{"data":"OPTSPOT","cmd":"getClassSecurities","t":1775227421403}}
2026-04-03 17:43:41.900 LOG 1: После dispatch: cmd=getClassSecurities, data тип=string
2026-04-03 17:43:41.950 LOG 0: Запрос от C# 1 (req_id=82): {"id":82,"cmd":"getClassSecurities","t":1775227421847,"data":{"data":"OPTCURNCY","cmd":"getClassSecurities","t":1775227421847}}
2026-04-03 17:43:41.000 LOG 1: После dispatch: cmd=getClassSecurities, data тип=string
2026-04-03 17:43:41.050 LOG 0: Запрос от C# 1 (req_id=83): {"id":83,"cmd":"getClassSecurities","t":1775227421854,"data":{"data":"OPTCOMDTY","cmd":"getClassSecurities","t":1775227421854}}
2026-04-03 17:43:41.100 LOG 1: После dispatch: cmd=getClassSecurities, data тип=string
2026-04-03 17:43:41.150 LOG 0: Запрос от C# 1 (req_id=84): {"id":84,"cmd":"getClassSecurities","t":1775227421879,"data":{"data":"OPTIDX","cmd":"getClassSecurities","t":1775227421879}}
2026-04-03 17:43:41.200 LOG 1: После dispatch: cmd=getClassSecurities, data тип=string
2026-04-03 17:43:41.250 LOG 0: Запрос от C# 1 (req_id=85): {"id":85,"cmd":"getClassSecurities","t":1775227421921,"data":{"data":"RTSIDX","cmd":"getClassSecurities","t":1775227421921}}
2026-04-03 17:43:41.300 LOG 1: После dispatch: cmd=getClassSecurities, data тип=string
2026-04-03 17:43:41.350 LOG 0: Запрос от C# 1 (req_id=86): {"id":86,"cmd":"getClassSecurities","t":1775227421933,"data":{"data":"EQRP_INFO","cmd":"getClassSecurities","t":1775227421933}}
2026-04-03 17:43:41.400 LOG 1: После dispatch: cmd=getClassSecurities, data тип=string
2026-04-03 17:43:42.050 LOG 0: Запрос от C# 1 (req_id=87): {"id":87,"cmd":"getClassSecurities","t":1775227422074,"data":{"data":"FUTCLT","cmd":"getClassSecurities","t":1775227422074}}
2026-04-03 17:43:42.100 LOG 1: После dispatch: cmd=getClassSecurities, data тип=string
2026-04-03 17:43:42.150 LOG 0: Запрос от C# 1 (req_id=88): {"id":88,"cmd":"getClassSecurities","t":1775227422080,"data":{"data":"SPBXM","cmd":"getClassSecurities","t":1775227422080}}
2026-04-03 17:43:42.200 LOG 1: После dispatch: cmd=getClassSecurities, data тип=string
2026-04-03 17:43:42.250 LOG 0: Запрос от C# 1 (req_id=89): {"id":89,"cmd":"getClassSecurities","t":1775227422123,"data":{"data":"SPBDE","cmd":"getClassSecurities","t":1775227422123}}
2026-04-03 17:43:42.300 LOG 1: После dispatch: cmd=getClassSecurities, data тип=string
2026-04-03 17:43:42.350 LOG 0: Запрос от C# 1 (req_id=90): {"id":90,"cmd":"getClassSecurities","t":1775227422126,"data":{"data":"SPBEQRU","cmd":"getClassSecurities","t":1775227422126}}
2026-04-03 17:43:42.400 LOG 1: После dispatch: cmd=getClassSecurities, data тип=string
2026-04-03 17:43:42.450 LOG 0: Запрос от C# 1 (req_id=91): {"id":91,"cmd":"getClassSecurities","t":1775227422128,"data":{"data":"SPBRU","cmd":"getClassSecurities","t":1775227422128}}
2026-04-03 17:43:42.500 LOG 1: После dispatch: cmd=getClassSecurities, data тип=string
2026-04-03 17:43:42.550 LOG 0: Запрос от C# 1 (req_id=92): {"id":92,"cmd":"getClassSecurities","t":1775227422137,"data":{"data":"SPBRUBND","cmd":"getClassSecurities","t":1775227422137}}
2026-04-03 17:43:42.600 LOG 1: После dispatch: cmd=getClassSecurities, data тип=string
2026-04-03 17:43:42.650 LOG 0: Запрос от C# 1 (req_id=93): {"id":93,"cmd":"getClassSecurities","t":1775227422143,"data":{"data":"SPBRU_USD","cmd":"getClassSecurities","t":1775227422143}}
2026-04-03 17:43:42.700 LOG 1: После dispatch: cmd=getClassSecurities, data тип=string
2026-04-03 17:43:42.750 LOG 0: Запрос от C# 1 (req_id=94): {"id":94,"cmd":"getClassSecurities","t":1775227422146,"data":{"data":"PSSPBRUBNDDO","cmd":"getClassSecurities","t":1775227422146}}
2026-04-03 17:43:42.800 LOG 1: После dispatch: cmd=getClassSecurities, data тип=string
2026-04-03 17:43:42.850 LOG 0: Запрос от C# 1 (req_id=95): {"id":95,"cmd":"getClassSecurities","t":1775227422148,"data":{"data":"REPORT","cmd":"getClassSecurities","t":1775227422148}}
2026-04-03 17:43:42.900 LOG 1: После dispatch: cmd=getClassSecurities, data тип=string
2026-04-03 17:43:42.950 LOG 0: Запрос от C# 1 (req_id=96): {"id":96,"cmd":"getClassSecurities","t":1775227422150,"data":{"data":"REPORTFORTS","cmd":"getClassSecurities","t":1775227422150}}
2026-04-03 17:43:42.000 LOG 1: После dispatch: cmd=getClassSecurities, data тип=string
2026-04-03 17:43:42.050 LOG 0: Запрос от C# 1 (req_id=97): {"id":97,"cmd":"getClassSecurities","t":1775227422153,"data":{"data":"VTB_OTC","cmd":"getClassSecurities","t":1775227422153}}
2026-04-03 17:43:42.100 LOG 1: После dispatch: cmd=getClassSecurities, data тип=string
2026-04-03 17:43:42.150 LOG 0: Запрос от C# 1 (req_id=98): {"id":98,"cmd":"getClassSecurities","t":1775227422155,"data":{"data":"CROSSRATE","cmd":"getClassSecurities","t":1775227422155}}
2026-04-03 17:43:42.200 LOG 1: После dispatch: cmd=getClassSecurities, data тип=string
2026-04-03 17:43:42.250 LOG 0: Запрос от C# 1 (req_id=99): {"id":99,"cmd":"getClassSecurities","t":1775227422158,"data":{"data":"QT_BN","cmd":"getClassSecurities","t":1775227422158}}
2026-04-03 17:43:42.300 LOG 1: После dispatch: cmd=getClassSecurities, data тип=string
2026-04-03 17:43:42.350 LOG 0: Запрос от C# 1 (req_id=100): {"id":100,"cmd":"getClassSecurities","t":1775227422163,"data":{"data":"INDX","cmd":"getClassSecurities","t":1775227422163}}
2026-04-03 17:43:42.400 LOG 1: После dispatch: cmd=getClassSecurities, data тип=string
2026-04-03 17:43:42.450 LOG 0: Запрос от C# 1 (req_id=101): {"id":101,"cmd":"getClassSecurities","t":1775227422166,"data":{"data":"TQIF_HOL","cmd":"getClassSecurities","t":1775227422166}}
2026-04-03 17:43:42.500 LOG 1: После dispatch: cmd=getClassSecurities, data тип=string
2026-04-03 17:43:42.550 LOG 0: Запрос от C# 1 (req_id=102): {"id":102,"cmd":"getClassSecurities","t":1775227422174,"data":{"data":"TQTF_HOL","cmd":"getClassSecurities","t":1775227422174}}
2026-04-03 17:43:42.600 LOG 1: После dispatch: cmd=getClassSecurities, data тип=string
2026-04-03 17:43:42.650 LOG 0: Запрос от C# 1 (req_id=103): {"id":103,"cmd":"getClassSecurities","t":1775227422177,"data":{"data":"TQTF_W_HOL","cmd":"getClassSecurities","t":1775227422177}}
2026-04-03 17:43:42.700 LOG 1: После dispatch: cmd=getClassSecurities, data тип=string
2026-04-03 17:43:42.750 LOG 0: Запрос от C# 1 (req_id=104): {"id":104,"cmd":"getClassSecurities","t":1775227422179,"data":{"data":"UP","cmd":"getClassSecurities","t":1775227422179}}
2026-04-03 17:43:42.800 LOG 1: После dispatch: cmd=getClassSecurities, data тип=string
2026-04-03 17:43:42.850 LOG 0: Запрос от C# 1 (req_id=105): {"id":105,"cmd":"getClassSecurities","t":1775227422182,"data":{"data":"CETS","cmd":"getClassSecurities","t":1775227422182}}
2026-04-03 17:43:42.900 LOG 1: После dispatch: cmd=getClassSecurities, data тип=string
2026-04-03 17:43:42.950 LOG 0: Запрос от C# 1 (req_id=106): {"id":106,"cmd":"getClassSecurities","t":1775227422190,"data":{"data":"CETS_MTL","cmd":"getClassSecurities","t":1775227422190}}
2026-04-03 17:43:42.000 LOG 1: После dispatch: cmd=getClassSecurities, data тип=string
2026-04-03 17:43:42.050 LOG 0: Запрос от C# 1 (req_id=107): {"id":107,"cmd":"getClassSecurities","t":1775227422193,"data":{"data":"TQFD","cmd":"getClassSecurities","t":1775227422193}}
2026-04-03 17:43:42.100 LOG 1: После dispatch: cmd=getClassSecurities, data тип=string
2026-04-03 17:43:42.150 LOG 0: Запрос от C# 1 (req_id=108): {"id":108,"cmd":"getClassSecurities","t":1775227422197,"data":{"data":"TQFE","cmd":"getClassSecurities","t":1775227422197}}
2026-04-03 17:43:42.200 LOG 1: После dispatch: cmd=getClassSecurities, data тип=string
2026-04-03 17:43:42.250 LOG 0: Запрос от C# 1 (req_id=109): {"id":109,"cmd":"getClassSecurities","t":1775227422199,"data":{"data":"OCTR","cmd":"getClassSecurities","t":1775227422199}}
2026-04-03 17:43:42.300 LOG 1: После dispatch: cmd=getClassSecurities, data тип=string
2026-04-03 17:43:42.350 LOG 0: Запрос от C# 1 (req_id=110): {"id":110,"cmd":"getClassSecurities","t":1775227422223,"data":{"data":"TQTY","cmd":"getClassSecurities","t":1775227422223}}
2026-04-03 17:43:42.400 LOG 1: После dispatch: cmd=getClassSecurities, data тип=string
2026-04-03 17:43:42.450 LOG 0: Запрос от C# 1 (req_id=111): {"id":111,"cmd":"getClassSecurities","t":1775227422225,"data":{"data":"MTQR","cmd":"getClassSecurities","t":1775227422225}}
2026-04-03 17:43:42.500 LOG 1: После dispatch: cmd=getClassSecurities, data тип=string
2026-04-03 17:43:42.550 LOG 0: Запрос от C# 1 (req_id=112): {"id":112,"cmd":"getClassSecurities","t":1775227422243,"data":{"data":"SMAL","cmd":"getClassSecurities","t":1775227422243}}
2026-04-03 17:43:42.600 LOG 1: После dispatch: cmd=getClassSecurities, data тип=string
2026-04-03 17:43:42.650 LOG 0: Запрос от C# 1 (req_id=113): {"id":113,"cmd":"getClassSecurities","t":1775227422247,"data":{"data":"TQBR","cmd":"getClassSecurities","t":1775227422247}}
2026-04-03 17:43:42.700 LOG 1: После dispatch: cmd=getClassSecurities, data тип=string
2026-04-03 17:43:42.750 LOG 0: Запрос от C# 1 (req_id=114): {"id":114,"cmd":"getClassSecurities","t":1775227422255,"data":{"data":"TQOB","cmd":"getClassSecurities","t":1775227422255}}
2026-04-03 17:43:42.800 LOG 1: После dispatch: cmd=getClassSecurities, data тип=string
2026-04-03 17:43:42.850 LOG 0: Запрос от C# 1 (req_id=115): {"id":115,"cmd":"getClassSecurities","t":1775227422261,"data":{"data":"TQIF","cmd":"getClassSecurities","t":1775227422261}}
2026-04-03 17:43:42.900 LOG 1: После dispatch: cmd=getClassSecurities, data тип=string
2026-04-03 17:43:42.950 LOG 0: Запрос от C# 1 (req_id=116): {"id":116,"cmd":"getClassSecurities","t":1775227422266,"data":{"data":"TQTF","cmd":"getClassSecurities","t":1775227422266}}
2026-04-03 17:43:42.000 LOG 1: После dispatch: cmd=getClassSecurities, data тип=string
2026-04-03 17:43:42.050 LOG 0: Запрос от C# 1 (req_id=117): {"id":117,"cmd":"getClassSecurities","t":1775227422269,"data":{"data":"TQTF_W","cmd":"getClassSecurities","t":1775227422269}}
2026-04-03 17:43:42.100 LOG 1: После dispatch: cmd=getClassSecurities, data тип=string
2026-04-03 17:43:42.150 LOG 0: Запрос от C# 1 (req_id=118): {"id":118,"cmd":"getClassSecurities","t":1775227422274,"data":{"data":"TQBD","cmd":"getClassSecurities","t":1775227422274}}
2026-04-03 17:43:42.200 LOG 1: После dispatch: cmd=getClassSecurities, data тип=string
2026-04-03 17:43:42.250 LOG 0: Запрос от C# 1 (req_id=119): {"id":119,"cmd":"getClassSecurities","t":1775227422278,"data":{"data":"TQTD","cmd":"getClassSecurities","t":1775227422278}}
2026-04-03 17:43:42.300 LOG 1: После dispatch: cmd=getClassSecurities, data тип=string
2026-04-03 17:43:42.350 LOG 0: Запрос от C# 1 (req_id=120): {"id":120,"cmd":"getClassSecurities","t":1775227422280,"data":{"data":"TQOD","cmd":"getClassSecurities","t":1775227422280}}
2026-04-03 17:43:42.400 LOG 1: После dispatch: cmd=getClassSecurities, data тип=string
2026-04-03 17:43:42.450 LOG 0: Запрос от C# 1 (req_id=121): {"id":121,"cmd":"getClassSecurities","t":1775227422285,"data":{"data":"TQOY","cmd":"getClassSecurities","t":1775227422285}}
2026-04-03 17:43:42.500 LOG 1: После dispatch: cmd=getClassSecurities, data тип=string
2026-04-03 17:43:42.550 LOG 0: Запрос от C# 1 (req_id=122): {"id":122,"cmd":"getClassSecurities","t":1775227422288,"data":{"data":"TQTF_F_HOL","cmd":"getClassSecurities","t":1775227422288}}
2026-04-03 17:43:42.600 LOG 1: После dispatch: cmd=getClassSecurities, data тип=string
2026-04-03 17:43:42.650 LOG 0: Запрос от C# 1 (req_id=123): {"id":123,"cmd":"getClassSecurities","t":1775227422291,"data":{"data":"EES_OTC","cmd":"getClassSecurities","t":1775227422291}}
2026-04-03 17:43:42.700 LOG 1: После dispatch: cmd=getClassSecurities, data тип=string
2026-04-03 17:43:42.750 LOG 0: Запрос от C# 1 (req_id=124): {"id":124,"cmd":"getClassSecurities","t":1775227422295,"data":{"data":"TQTF_F","cmd":"getClassSecurities","t":1775227422295}}
2026-04-03 17:43:42.800 LOG 1: После dispatch: cmd=getClassSecurities, data тип=string
2026-04-03 17:43:42.850 LOG 0: Запрос от C# 1 (req_id=125): {"id":125,"cmd":"getClassSecurities","t":1775227422297,"data":{"data":"SMS","cmd":"getClassSecurities","t":1775227422297}}
2026-04-03 17:43:42.900 LOG 1: После dispatch: cmd=getClassSecurities, data тип=string
2026-04-03 17:43:42.950 LOG 0: Запрос от C# 1 (req_id=126): {"id":126,"cmd":"getClassSecurities","t":1775227422300,"data":{"data":"ALGO_ICEBERG","cmd":"getClassSecurities","t":1775227422300}}
2026-04-03 17:43:42.000 LOG 1: После dispatch: cmd=getClassSecurities, data тип=string
2026-04-03 17:43:42.050 LOG 0: Запрос от C# 1 (req_id=127): {"id":127,"cmd":"getClassSecurities","t":1775227422302,"data":{"data":"ALGO_VOLATIL","cmd":"getClassSecurities","t":1775227422302}}
2026-04-03 17:43:42.100 LOG 1: После dispatch: cmd=getClassSecurities, data тип=string
2026-04-03 17:43:42.150 LOG 0: Запрос от C# 1 (req_id=128): {"id":128,"cmd":"getClassSecurities","t":1775227422306,"data":{"data":"ALGO_TWAP","cmd":"getClassSecurities","t":1775227422306}}
2026-04-03 17:43:42.200 LOG 1: После dispatch: cmd=getClassSecurities, data тип=string
2026-04-03 17:43:42.250 LOG 0: Запрос от C# 1 (req_id=129): {"id":129,"cmd":"getClassSecurities","t":1775227422309,"data":{"data":"ALGO_VWAP","cmd":"getClassSecurities","t":1775227422309}}
2026-04-03 17:43:42.300 LOG 1: После dispatch: cmd=getClassSecurities, data тип=string
2026-04-03 17:43:42.350 LOG 0: Запрос от C# 1 (req_id=130): {"id":130,"cmd":"getClassSecurities","t":1775227422312,"data":{"data":"ALGO_GTD","cmd":"getClassSecurities","t":1775227422312}}
2026-04-03 17:43:42.400 LOG 1: После dispatch: cmd=getClassSecurities, data тип=string
2026-04-03 17:43:42.450 LOG 0: Запрос от C# 1 (req_id=131): {"id":131,"cmd":"getClassSecurities","t":1775227422316,"data":{"data":"MPAU","cmd":"getClassSecurities","t":1775227422316}}
2026-04-03 17:43:42.500 LOG 1: После dispatch: cmd=getClassSecurities, data тип=string
2026-04-03 17:43:42.550 LOG 0: Запрос от C# 1 (req_id=132): {"id":132,"cmd":"getClassSecurities","t":1775227422319,"data":{"data":"PSAU_FREE","cmd":"getClassSecurities","t":1775227422319}}
2026-04-03 17:43:42.600 LOG 1: После dispatch: cmd=getClassSecurities, data тип=string
2026-04-03 17:43:42.650 LOG 0: Запрос от C# 1 (req_id=133): {"id":133,"cmd":"getClassSecurities","t":1775227422323,"data":{"data":"PSAU","cmd":"getClassSecurities","t":1775227422323}}
2026-04-03 17:43:42.700 LOG 1: После dispatch: cmd=getClassSecurities, data тип=string
2026-04-03 17:43:42.750 LOG 0: Запрос от C# 1 (req_id=134): {"id":134,"cmd":"getClassSecurities","t":1775227422329,"data":{"data":"PSSU","cmd":"getClassSecurities","t":1775227422329}}
2026-04-03 17:43:42.800 LOG 1: После dispatch: cmd=getClassSecurities, data тип=string
2026-04-03 17:43:42.850 LOG 0: Запрос от C# 1 (req_id=135): {"id":135,"cmd":"getClassSecurities","t":1775227422330,"data":{"data":"PSSU_YAD","cmd":"getClassSecurities","t":1775227422330}}
2026-04-03 17:43:42.900 LOG 1: После dispatch: cmd=getClassSecurities, data тип=string
2026-04-03 17:43:42.950 LOG 0: Запрос от C# 1 (req_id=136): {"id":136,"cmd":"getClassSecurities","t":1775227422332,"data":{"data":"PACY","cmd":"getClassSecurities","t":1775227422332}}
2026-04-03 17:43:42.000 LOG 1: После dispatch: cmd=getClassSecurities, data тип=string
2026-04-03 17:43:42.050 LOG 0: Запрос от C# 1 (req_id=137): {"id":137,"cmd":"getClassSecurities","t":1775227422337,"data":{"data":"QT_EQ","cmd":"getClassSecurities","t":1775227422337}}
2026-04-03 17:43:42.100 LOG 1: После dispatch: cmd=getClassSecurities, data тип=string
2026-04-03 17:43:46.050 LOG 0: Запрос от C# 1 (req_id=138): {"id":138,"cmd":"getSecurityInfo","t":1775227426312,"data":{"data":"SPBFUT|RIM6","cmd":"getSecurityInfo","t":1775227426312}}
2026-04-03 17:43:46.100 LOG 1: После dispatch: cmd=getSecurityInfo, data тип=table
2026-04-03 17:45:22.050 LOG 0: Запрос от C# 1 (req_id=1): {"id":1,"cmd":"getClassesList","t":1775227522825,"data":{"data":"","cmd":"getClassesList","t":1775227522809}}
2026-04-03 17:45:22.100 LOG 0: Р’С‹Р·РѕРІ getClassesList, req_id=?
2026-04-03 17:45:22.150 LOG 1: После dispatch: cmd=getClassesList, data тип=string
2026-04-03 17:45:23.050 LOG 0: Запрос от C# 1 (req_id=2): {"id":2,"cmd":"getClassesList","t":1775227523026,"data":{"data":"","cmd":"getClassesList","t":1775227523026}}
2026-04-03 17:45:23.100 LOG 0: Р’С‹Р·РѕРІ getClassesList, req_id=?
2026-04-03 17:45:23.150 LOG 1: После dispatch: cmd=getClassesList, data тип=string
2026-04-03 17:45:23.200 LOG 0: Запрос от C# 1 (req_id=3): {"id":3,"cmd":"getClassInfo","t":1775227523029,"data":{"data":"TQTE","cmd":"getClassInfo","t":1775227523029}}
2026-04-03 17:45:23.250 LOG 1: После dispatch: cmd=getClassInfo, data тип=table
2026-04-03 17:45:23.300 LOG 0: Запрос от C# 1 (req_id=4): {"id":4,"cmd":"getClassInfo","t":1775227523034,"data":{"data":"TQCB","cmd":"getClassInfo","t":1775227523034}}
2026-04-03 17:45:23.350 LOG 1: После dispatch: cmd=getClassInfo, data тип=table
2026-04-03 17:45:23.400 LOG 0: Запрос от C# 1 (req_id=5): {"id":5,"cmd":"getClassInfo","t":1775227523038,"data":{"data":"TQOE","cmd":"getClassInfo","t":1775227523038}}
2026-04-03 17:45:23.450 LOG 1: После dispatch: cmd=getClassInfo, data тип=table
2026-04-03 17:45:23.500 LOG 0: Запрос от C# 1 (req_id=6): {"id":6,"cmd":"getClassInfo","t":1775227523040,"data":{"data":"TQRD","cmd":"getClassInfo","t":1775227523040}}
2026-04-03 17:45:23.550 LOG 1: После dispatch: cmd=getClassInfo, data тип=table
2026-04-03 17:45:23.600 LOG 0: Запрос от C# 1 (req_id=7): {"id":7,"cmd":"getClassInfo","t":1775227523042,"data":{"data":"TQUD","cmd":"getClassInfo","t":1775227523042}}
2026-04-03 17:45:23.650 LOG 1: После dispatch: cmd=getClassInfo, data тип=table
2026-04-03 17:45:23.700 LOG 0: Запрос от C# 1 (req_id=8): {"id":8,"cmd":"getClassInfo","t":1775227523045,"data":{"data":"TQED","cmd":"getClassInfo","t":1775227523045}}
2026-04-03 17:45:23.750 LOG 1: После dispatch: cmd=getClassInfo, data тип=table
2026-04-03 17:45:23.800 LOG 0: Запрос от C# 1 (req_id=9): {"id":9,"cmd":"getClassInfo","t":1775227523048,"data":{"data":"FQBR","cmd":"getClassInfo","t":1775227523048}}
2026-04-03 17:45:23.850 LOG 1: После dispatch: cmd=getClassInfo, data тип=table
2026-04-03 17:45:23.900 LOG 0: Запрос от C# 1 (req_id=10): {"id":10,"cmd":"getClassInfo","t":1775227523051,"data":{"data":"SPBFUT","cmd":"getClassInfo","t":1775227523051}}
2026-04-03 17:45:23.950 LOG 1: После dispatch: cmd=getClassInfo, data тип=table
2026-04-03 17:45:23.000 LOG 0: Запрос от C# 1 (req_id=11): {"id":11,"cmd":"getClassInfo","t":1775227523053,"data":{"data":"SPBOPT","cmd":"getClassInfo","t":1775227523053}}
2026-04-03 17:45:23.050 LOG 1: После dispatch: cmd=getClassInfo, data тип=table
2026-04-03 17:45:23.100 LOG 0: Запрос от C# 1 (req_id=12): {"id":12,"cmd":"getClassInfo","t":1775227523055,"data":{"data":"USDRUB","cmd":"getClassInfo","t":1775227523055}}
2026-04-03 17:45:23.150 LOG 1: После dispatch: cmd=getClassInfo, data тип=table
2026-04-03 17:45:23.200 LOG 0: Запрос от C# 1 (req_id=13): {"id":13,"cmd":"getClassInfo","t":1775227523060,"data":{"data":"OPTSPOT","cmd":"getClassInfo","t":1775227523060}}
2026-04-03 17:45:23.250 LOG 1: После dispatch: cmd=getClassInfo, data тип=table
2026-04-03 17:45:23.300 LOG 0: Запрос от C# 1 (req_id=14): {"id":14,"cmd":"getClassInfo","t":1775227523064,"data":{"data":"OPTCURNCY","cmd":"getClassInfo","t":1775227523064}}
2026-04-03 17:45:23.350 LOG 1: После dispatch: cmd=getClassInfo, data тип=table
2026-04-03 17:45:23.400 LOG 0: Запрос от C# 1 (req_id=15): {"id":15,"cmd":"getClassInfo","t":1775227523074,"data":{"data":"OPTCOMDTY","cmd":"getClassInfo","t":1775227523074}}
2026-04-03 17:45:23.450 LOG 1: После dispatch: cmd=getClassInfo, data тип=table
2026-04-03 17:45:23.500 LOG 0: Запрос от C# 1 (req_id=16): {"id":16,"cmd":"getClassInfo","t":1775227523077,"data":{"data":"OPTIDX","cmd":"getClassInfo","t":1775227523077}}
2026-04-03 17:45:23.550 LOG 1: После dispatch: cmd=getClassInfo, data тип=table
2026-04-03 17:45:23.600 LOG 0: Запрос от C# 1 (req_id=17): {"id":17,"cmd":"getClassInfo","t":1775227523080,"data":{"data":"RTSIDX","cmd":"getClassInfo","t":1775227523080}}
2026-04-03 17:45:23.650 LOG 1: После dispatch: cmd=getClassInfo, data тип=table
2026-04-03 17:45:23.700 LOG 0: Запрос от C# 1 (req_id=18): {"id":18,"cmd":"getClassInfo","t":1775227523083,"data":{"data":"EQRP_INFO","cmd":"getClassInfo","t":1775227523083}}
2026-04-03 17:45:23.750 LOG 1: После dispatch: cmd=getClassInfo, data тип=table
2026-04-03 17:45:23.800 LOG 0: Запрос от C# 1 (req_id=19): {"id":19,"cmd":"getClassInfo","t":1775227523090,"data":{"data":"FUTCLT","cmd":"getClassInfo","t":1775227523090}}
2026-04-03 17:45:23.850 LOG 1: После dispatch: cmd=getClassInfo, data тип=table
2026-04-03 17:45:23.900 LOG 0: Запрос от C# 1 (req_id=20): {"id":20,"cmd":"getClassInfo","t":1775227523099,"data":{"data":"SPBXM","cmd":"getClassInfo","t":1775227523099}}
2026-04-03 17:45:23.950 LOG 1: После dispatch: cmd=getClassInfo, data тип=table
2026-04-03 17:45:23.000 LOG 0: Запрос от C# 1 (req_id=21): {"id":21,"cmd":"getClassInfo","t":1775227523107,"data":{"data":"SPBDE","cmd":"getClassInfo","t":1775227523107}}
2026-04-03 17:45:23.050 LOG 1: После dispatch: cmd=getClassInfo, data тип=table
2026-04-03 17:45:23.100 LOG 0: Запрос от C# 1 (req_id=22): {"id":22,"cmd":"getClassInfo","t":1775227523110,"data":{"data":"SPBEQRU","cmd":"getClassInfo","t":1775227523110}}
2026-04-03 17:45:23.150 LOG 1: После dispatch: cmd=getClassInfo, data тип=table
2026-04-03 17:45:23.200 LOG 0: Запрос от C# 1 (req_id=23): {"id":23,"cmd":"getClassInfo","t":1775227523113,"data":{"data":"SPBRU","cmd":"getClassInfo","t":1775227523113}}
2026-04-03 17:45:23.250 LOG 1: После dispatch: cmd=getClassInfo, data тип=table
2026-04-03 17:45:23.300 LOG 0: Запрос от C# 1 (req_id=24): {"id":24,"cmd":"getClassInfo","t":1775227523115,"data":{"data":"SPBRUBND","cmd":"getClassInfo","t":1775227523115}}
2026-04-03 17:45:23.350 LOG 1: После dispatch: cmd=getClassInfo, data тип=table
2026-04-03 17:45:23.400 LOG 0: Запрос от C# 1 (req_id=25): {"id":25,"cmd":"getClassInfo","t":1775227523119,"data":{"data":"SPBRU_USD","cmd":"getClassInfo","t":1775227523119}}
2026-04-03 17:45:23.450 LOG 1: После dispatch: cmd=getClassInfo, data тип=table
2026-04-03 17:45:23.500 LOG 0: Запрос от C# 1 (req_id=26): {"id":26,"cmd":"getClassInfo","t":1775227523122,"data":{"data":"PSSPBRUBNDDO","cmd":"getClassInfo","t":1775227523122}}
2026-04-03 17:45:23.550 LOG 1: После dispatch: cmd=getClassInfo, data тип=table
2026-04-03 17:45:23.600 LOG 0: Запрос от C# 1 (req_id=27): {"id":27,"cmd":"getClassInfo","t":1775227523124,"data":{"data":"REPORT","cmd":"getClassInfo","t":1775227523124}}
2026-04-03 17:45:23.650 LOG 1: После dispatch: cmd=getClassInfo, data тип=table
2026-04-03 17:45:23.700 LOG 0: Запрос от C# 1 (req_id=28): {"id":28,"cmd":"getClassInfo","t":1775227523127,"data":{"data":"REPORTFORTS","cmd":"getClassInfo","t":1775227523127}}
2026-04-03 17:45:23.750 LOG 1: После dispatch: cmd=getClassInfo, data тип=table
2026-04-03 17:45:23.800 LOG 0: Запрос от C# 1 (req_id=29): {"id":29,"cmd":"getClassInfo","t":1775227523130,"data":{"data":"VTB_OTC","cmd":"getClassInfo","t":1775227523130}}
2026-04-03 17:45:23.850 LOG 1: После dispatch: cmd=getClassInfo, data тип=table
2026-04-03 17:45:23.900 LOG 0: Запрос от C# 1 (req_id=30): {"id":30,"cmd":"getClassInfo","t":1775227523132,"data":{"data":"CROSSRATE","cmd":"getClassInfo","t":1775227523132}}
2026-04-03 17:45:23.950 LOG 1: После dispatch: cmd=getClassInfo, data тип=table
2026-04-03 17:45:23.000 LOG 0: Запрос от C# 1 (req_id=31): {"id":31,"cmd":"getClassInfo","t":1775227523135,"data":{"data":"QT_BN","cmd":"getClassInfo","t":1775227523135}}
2026-04-03 17:45:23.050 LOG 1: После dispatch: cmd=getClassInfo, data тип=table
2026-04-03 17:45:23.100 LOG 0: Запрос от C# 1 (req_id=32): {"id":32,"cmd":"getClassInfo","t":1775227523138,"data":{"data":"INDX","cmd":"getClassInfo","t":1775227523138}}
2026-04-03 17:45:23.150 LOG 1: После dispatch: cmd=getClassInfo, data тип=table
2026-04-03 17:45:23.200 LOG 0: Запрос от C# 1 (req_id=33): {"id":33,"cmd":"getClassInfo","t":1775227523141,"data":{"data":"TQIF_HOL","cmd":"getClassInfo","t":1775227523141}}
2026-04-03 17:45:23.250 LOG 1: После dispatch: cmd=getClassInfo, data тип=table
2026-04-03 17:45:23.300 LOG 0: Запрос от C# 1 (req_id=34): {"id":34,"cmd":"getClassInfo","t":1775227523143,"data":{"data":"TQTF_HOL","cmd":"getClassInfo","t":1775227523143}}
2026-04-03 17:45:23.350 LOG 1: После dispatch: cmd=getClassInfo, data тип=table
2026-04-03 17:45:23.400 LOG 0: Запрос от C# 1 (req_id=35): {"id":35,"cmd":"getClassInfo","t":1775227523145,"data":{"data":"TQTF_W_HOL","cmd":"getClassInfo","t":1775227523145}}
2026-04-03 17:45:23.450 LOG 1: После dispatch: cmd=getClassInfo, data тип=table
2026-04-03 17:45:23.500 LOG 0: Запрос от C# 1 (req_id=36): {"id":36,"cmd":"getClassInfo","t":1775227523150,"data":{"data":"UP","cmd":"getClassInfo","t":1775227523150}}
2026-04-03 17:45:23.550 LOG 1: После dispatch: cmd=getClassInfo, data тип=table
2026-04-03 17:45:23.600 LOG 0: Запрос от C# 1 (req_id=37): {"id":37,"cmd":"getClassInfo","t":1775227523152,"data":{"data":"CETS","cmd":"getClassInfo","t":1775227523152}}
2026-04-03 17:45:23.650 LOG 1: После dispatch: cmd=getClassInfo, data тип=table
2026-04-03 17:45:23.700 LOG 0: Запрос от C# 1 (req_id=38): {"id":38,"cmd":"getClassInfo","t":1775227523154,"data":{"data":"CETS_MTL","cmd":"getClassInfo","t":1775227523154}}
2026-04-03 17:45:23.750 LOG 1: После dispatch: cmd=getClassInfo, data тип=table
2026-04-03 17:45:23.800 LOG 0: Запрос от C# 1 (req_id=39): {"id":39,"cmd":"getClassInfo","t":1775227523156,"data":{"data":"TQFD","cmd":"getClassInfo","t":1775227523156}}
2026-04-03 17:45:23.850 LOG 1: После dispatch: cmd=getClassInfo, data тип=table
2026-04-03 17:45:23.900 LOG 0: Запрос от C# 1 (req_id=40): {"id":40,"cmd":"getClassInfo","t":1775227523160,"data":{"data":"TQFE","cmd":"getClassInfo","t":1775227523160}}
2026-04-03 17:45:23.950 LOG 1: После dispatch: cmd=getClassInfo, data тип=table
2026-04-03 17:45:23.000 LOG 0: Запрос от C# 1 (req_id=41): {"id":41,"cmd":"getClassInfo","t":1775227523162,"data":{"data":"OCTR","cmd":"getClassInfo","t":1775227523162}}
2026-04-03 17:45:23.050 LOG 1: После dispatch: cmd=getClassInfo, data тип=table
2026-04-03 17:45:23.100 LOG 0: Запрос от C# 1 (req_id=42): {"id":42,"cmd":"getClassInfo","t":1775227523164,"data":{"data":"TQTY","cmd":"getClassInfo","t":1775227523164}}
2026-04-03 17:45:23.150 LOG 1: После dispatch: cmd=getClassInfo, data тип=table
2026-04-03 17:45:23.200 LOG 0: Запрос от C# 1 (req_id=43): {"id":43,"cmd":"getClassInfo","t":1775227523172,"data":{"data":"MTQR","cmd":"getClassInfo","t":1775227523172}}
2026-04-03 17:45:23.250 LOG 1: После dispatch: cmd=getClassInfo, data тип=table
2026-04-03 17:45:23.300 LOG 0: Запрос от C# 1 (req_id=44): {"id":44,"cmd":"getClassInfo","t":1775227523174,"data":{"data":"SMAL","cmd":"getClassInfo","t":1775227523174}}
2026-04-03 17:45:23.350 LOG 1: После dispatch: cmd=getClassInfo, data тип=table
2026-04-03 17:45:23.400 LOG 0: Запрос от C# 1 (req_id=45): {"id":45,"cmd":"getClassInfo","t":1775227523176,"data":{"data":"TQBR","cmd":"getClassInfo","t":1775227523176}}
2026-04-03 17:45:23.450 LOG 1: После dispatch: cmd=getClassInfo, data тип=table
2026-04-03 17:45:23.500 LOG 0: Запрос от C# 1 (req_id=46): {"id":46,"cmd":"getClassInfo","t":1775227523180,"data":{"data":"TQOB","cmd":"getClassInfo","t":1775227523180}}
2026-04-03 17:45:23.550 LOG 1: После dispatch: cmd=getClassInfo, data тип=table
2026-04-03 17:45:23.600 LOG 0: Запрос от C# 1 (req_id=47): {"id":47,"cmd":"getClassInfo","t":1775227523182,"data":{"data":"TQIF","cmd":"getClassInfo","t":1775227523182}}
2026-04-03 17:45:23.650 LOG 1: После dispatch: cmd=getClassInfo, data тип=table
2026-04-03 17:45:23.700 LOG 0: Запрос от C# 1 (req_id=48): {"id":48,"cmd":"getClassInfo","t":1775227523185,"data":{"data":"TQTF","cmd":"getClassInfo","t":1775227523185}}
2026-04-03 17:45:23.750 LOG 1: После dispatch: cmd=getClassInfo, data тип=table
2026-04-03 17:45:23.800 LOG 0: Запрос от C# 1 (req_id=49): {"id":49,"cmd":"getClassInfo","t":1775227523190,"data":{"data":"TQTF_W","cmd":"getClassInfo","t":1775227523190}}
2026-04-03 17:45:23.850 LOG 1: После dispatch: cmd=getClassInfo, data тип=table
2026-04-03 17:45:23.900 LOG 0: Запрос от C# 1 (req_id=50): {"id":50,"cmd":"getClassInfo","t":1775227523193,"data":{"data":"TQBD","cmd":"getClassInfo","t":1775227523193}}
2026-04-03 17:45:23.950 LOG 1: После dispatch: cmd=getClassInfo, data тип=table
2026-04-03 17:45:23.000 LOG 0: Запрос от C# 1 (req_id=51): {"id":51,"cmd":"getClassInfo","t":1775227523196,"data":{"data":"TQTD","cmd":"getClassInfo","t":1775227523196}}
2026-04-03 17:45:23.050 LOG 1: После dispatch: cmd=getClassInfo, data тип=table
2026-04-03 17:45:23.100 LOG 0: Запрос от C# 1 (req_id=52): {"id":52,"cmd":"getClassInfo","t":1775227523201,"data":{"data":"TQOD","cmd":"getClassInfo","t":1775227523201}}
2026-04-03 17:45:23.150 LOG 1: После dispatch: cmd=getClassInfo, data тип=table
2026-04-03 17:45:23.200 LOG 0: Запрос от C# 1 (req_id=53): {"id":53,"cmd":"getClassInfo","t":1775227523203,"data":{"data":"TQOY","cmd":"getClassInfo","t":1775227523203}}
2026-04-03 17:45:23.250 LOG 1: После dispatch: cmd=getClassInfo, data тип=table
2026-04-03 17:45:23.300 LOG 0: Запрос от C# 1 (req_id=54): {"id":54,"cmd":"getClassInfo","t":1775227523205,"data":{"data":"TQTF_F_HOL","cmd":"getClassInfo","t":1775227523205}}
2026-04-03 17:45:23.350 LOG 1: После dispatch: cmd=getClassInfo, data тип=table
2026-04-03 17:45:23.400 LOG 0: Запрос от C# 1 (req_id=55): {"id":55,"cmd":"getClassInfo","t":1775227523207,"data":{"data":"EES_OTC","cmd":"getClassInfo","t":1775227523207}}
2026-04-03 17:45:23.450 LOG 1: После dispatch: cmd=getClassInfo, data тип=table
2026-04-03 17:45:23.500 LOG 0: Запрос от C# 1 (req_id=56): {"id":56,"cmd":"getClassInfo","t":1775227523211,"data":{"data":"TQTF_F","cmd":"getClassInfo","t":1775227523211}}
2026-04-03 17:45:23.550 LOG 1: После dispatch: cmd=getClassInfo, data тип=table
2026-04-03 17:45:23.600 LOG 0: Запрос от C# 1 (req_id=57): {"id":57,"cmd":"getClassInfo","t":1775227523213,"data":{"data":"SMS","cmd":"getClassInfo","t":1775227523213}}
2026-04-03 17:45:23.650 LOG 1: После dispatch: cmd=getClassInfo, data тип=table
2026-04-03 17:45:23.700 LOG 0: Запрос от C# 1 (req_id=58): {"id":58,"cmd":"getClassInfo","t":1775227523227,"data":{"data":"ALGO_ICEBERG","cmd":"getClassInfo","t":1775227523227}}
2026-04-03 17:45:23.750 LOG 1: После dispatch: cmd=getClassInfo, data тип=table
2026-04-03 17:45:23.800 LOG 0: Запрос от C# 1 (req_id=59): {"id":59,"cmd":"getClassInfo","t":1775227523241,"data":{"data":"ALGO_VOLATIL","cmd":"getClassInfo","t":1775227523241}}
2026-04-03 17:45:23.850 LOG 1: После dispatch: cmd=getClassInfo, data тип=table
2026-04-03 17:45:23.900 LOG 0: Запрос от C# 1 (req_id=60): {"id":60,"cmd":"getClassInfo","t":1775227523257,"data":{"data":"ALGO_TWAP","cmd":"getClassInfo","t":1775227523257}}
2026-04-03 17:45:23.950 LOG 1: После dispatch: cmd=getClassInfo, data тип=table
2026-04-03 17:45:23.000 LOG 0: Запрос от C# 1 (req_id=61): {"id":61,"cmd":"getClassInfo","t":1775227523260,"data":{"data":"ALGO_VWAP","cmd":"getClassInfo","t":1775227523260}}
2026-04-03 17:45:23.050 LOG 1: После dispatch: cmd=getClassInfo, data тип=table
2026-04-03 17:45:23.100 LOG 0: Запрос от C# 1 (req_id=62): {"id":62,"cmd":"getClassInfo","t":1775227523264,"data":{"data":"ALGO_GTD","cmd":"getClassInfo","t":1775227523264}}
2026-04-03 17:45:23.150 LOG 1: После dispatch: cmd=getClassInfo, data тип=table
2026-04-03 17:45:23.200 LOG 0: Запрос от C# 1 (req_id=63): {"id":63,"cmd":"getClassInfo","t":1775227523269,"data":{"data":"MPAU","cmd":"getClassInfo","t":1775227523269}}
2026-04-03 17:45:23.250 LOG 1: После dispatch: cmd=getClassInfo, data тип=table
2026-04-03 17:45:23.300 LOG 0: Запрос от C# 1 (req_id=64): {"id":64,"cmd":"getClassInfo","t":1775227523280,"data":{"data":"PSAU_FREE","cmd":"getClassInfo","t":1775227523280}}
2026-04-03 17:45:23.350 LOG 1: После dispatch: cmd=getClassInfo, data тип=table
2026-04-03 17:45:23.400 LOG 0: Запрос от C# 1 (req_id=65): {"id":65,"cmd":"getClassInfo","t":1775227523287,"data":{"data":"PSAU","cmd":"getClassInfo","t":1775227523287}}
2026-04-03 17:45:23.450 LOG 1: После dispatch: cmd=getClassInfo, data тип=table
2026-04-03 17:45:23.500 LOG 0: Запрос от C# 1 (req_id=66): {"id":66,"cmd":"getClassInfo","t":1775227523292,"data":{"data":"PSSU","cmd":"getClassInfo","t":1775227523292}}
2026-04-03 17:45:23.550 LOG 1: После dispatch: cmd=getClassInfo, data тип=table
2026-04-03 17:45:23.600 LOG 0: Запрос от C# 1 (req_id=67): {"id":67,"cmd":"getClassInfo","t":1775227523296,"data":{"data":"PSSU_YAD","cmd":"getClassInfo","t":1775227523296}}
2026-04-03 17:45:23.650 LOG 1: После dispatch: cmd=getClassInfo, data тип=table
2026-04-03 17:45:23.700 LOG 0: Запрос от C# 1 (req_id=68): {"id":68,"cmd":"getClassInfo","t":1775227523298,"data":{"data":"PACY","cmd":"getClassInfo","t":1775227523298}}
2026-04-03 17:45:23.750 LOG 1: После dispatch: cmd=getClassInfo, data тип=table
2026-04-03 17:45:23.800 LOG 0: Запрос от C# 1 (req_id=69): {"id":69,"cmd":"getClassInfo","t":1775227523301,"data":{"data":"QT_EQ","cmd":"getClassInfo","t":1775227523301}}
2026-04-03 17:45:23.850 LOG 1: После dispatch: cmd=getClassInfo, data тип=table
2026-04-03 17:45:23.900 LOG 0: Запрос от C# 1 (req_id=70): {"id":70,"cmd":"getClassesList","t":1775227523305,"data":{"data":"","cmd":"getClassesList","t":1775227523305}}
2026-04-03 17:45:23.950 LOG 0: Р’С‹Р·РѕРІ getClassesList, req_id=?
2026-04-03 17:45:23.000 LOG 1: После dispatch: cmd=getClassesList, data тип=string
2026-04-03 17:45:23.050 LOG 0: Запрос от C# 1 (req_id=71): {"id":71,"cmd":"getClassSecurities","t":1775227523310,"data":{"data":"TQTE","cmd":"getClassSecurities","t":1775227523310}}
2026-04-03 17:45:23.100 LOG 1: После dispatch: cmd=getClassSecurities, data тип=string
2026-04-03 17:45:23.150 LOG 0: Запрос от C# 1 (req_id=72): {"id":72,"cmd":"getClassSecurities","t":1775227523313,"data":{"data":"TQCB","cmd":"getClassSecurities","t":1775227523313}}
2026-04-03 17:45:23.200 LOG 1: После dispatch: cmd=getClassSecurities, data тип=string
2026-04-03 17:45:23.250 LOG 0: Запрос от C# 1 (req_id=73): {"id":73,"cmd":"getClassSecurities","t":1775227523400,"data":{"data":"TQOE","cmd":"getClassSecurities","t":1775227523400}}
2026-04-03 17:45:23.300 LOG 1: После dispatch: cmd=getClassSecurities, data тип=string
2026-04-03 17:45:23.350 LOG 0: Запрос от C# 1 (req_id=74): {"id":74,"cmd":"getClassSecurities","t":1775227523403,"data":{"data":"TQRD","cmd":"getClassSecurities","t":1775227523403}}
2026-04-03 17:45:23.400 LOG 1: После dispatch: cmd=getClassSecurities, data тип=string
2026-04-03 17:45:23.450 LOG 0: Запрос от C# 1 (req_id=75): {"id":75,"cmd":"getClassSecurities","t":1775227523405,"data":{"data":"TQUD","cmd":"getClassSecurities","t":1775227523405}}
2026-04-03 17:45:23.500 LOG 1: После dispatch: cmd=getClassSecurities, data тип=string
2026-04-03 17:45:23.550 LOG 0: Запрос от C# 1 (req_id=76): {"id":76,"cmd":"getClassSecurities","t":1775227523409,"data":{"data":"TQED","cmd":"getClassSecurities","t":1775227523409}}
2026-04-03 17:45:23.600 LOG 1: После dispatch: cmd=getClassSecurities, data тип=string
2026-04-03 17:45:23.650 LOG 0: Запрос от C# 1 (req_id=77): {"id":77,"cmd":"getClassSecurities","t":1775227523411,"data":{"data":"FQBR","cmd":"getClassSecurities","t":1775227523411}}
2026-04-03 17:45:23.700 LOG 1: После dispatch: cmd=getClassSecurities, data тип=string
2026-04-03 17:45:23.750 LOG 0: Запрос от C# 1 (req_id=78): {"id":78,"cmd":"getClassSecurities","t":1775227523413,"data":{"data":"SPBFUT","cmd":"getClassSecurities","t":1775227523413}}
2026-04-03 17:45:23.800 LOG 1: После dispatch: cmd=getClassSecurities, data тип=string
2026-04-03 17:45:23.850 LOG 0: Запрос от C# 1 (req_id=79): {"id":79,"cmd":"getClassSecurities","t":1775227523423,"data":{"data":"SPBOPT","cmd":"getClassSecurities","t":1775227523423}}
2026-04-03 17:45:23.900 LOG 1: После dispatch: cmd=getClassSecurities, data тип=string
2026-04-03 17:45:23.950 LOG 0: Запрос от C# 1 (req_id=80): {"id":80,"cmd":"getClassSecurities","t":1775227523697,"data":{"data":"USDRUB","cmd":"getClassSecurities","t":1775227523697}}
2026-04-03 17:45:23.000 LOG 1: После dispatch: cmd=getClassSecurities, data тип=string
2026-04-03 17:45:23.050 LOG 0: Запрос от C# 1 (req_id=81): {"id":81,"cmd":"getClassSecurities","t":1775227523699,"data":{"data":"OPTSPOT","cmd":"getClassSecurities","t":1775227523699}}
2026-04-03 17:45:23.100 LOG 1: После dispatch: cmd=getClassSecurities, data тип=string
2026-04-03 17:45:24.050 LOG 0: Запрос от C# 1 (req_id=82): {"id":82,"cmd":"getClassSecurities","t":1775227524157,"data":{"data":"OPTCURNCY","cmd":"getClassSecurities","t":1775227524157}}
2026-04-03 17:45:24.100 LOG 1: После dispatch: cmd=getClassSecurities, data тип=string
2026-04-03 17:45:24.150 LOG 0: Запрос от C# 1 (req_id=83): {"id":83,"cmd":"getClassSecurities","t":1775227524166,"data":{"data":"OPTCOMDTY","cmd":"getClassSecurities","t":1775227524166}}
2026-04-03 17:45:24.200 LOG 1: После dispatch: cmd=getClassSecurities, data тип=string
2026-04-03 17:45:24.250 LOG 0: Запрос от C# 1 (req_id=84): {"id":84,"cmd":"getClassSecurities","t":1775227524192,"data":{"data":"OPTIDX","cmd":"getClassSecurities","t":1775227524192}}
2026-04-03 17:45:24.300 LOG 1: После dispatch: cmd=getClassSecurities, data тип=string
2026-04-03 17:45:24.350 LOG 0: Запрос от C# 1 (req_id=85): {"id":85,"cmd":"getClassSecurities","t":1775227524240,"data":{"data":"RTSIDX","cmd":"getClassSecurities","t":1775227524240}}
2026-04-03 17:45:24.400 LOG 1: После dispatch: cmd=getClassSecurities, data тип=string
2026-04-03 17:45:24.450 LOG 0: Запрос от C# 1 (req_id=86): {"id":86,"cmd":"getClassSecurities","t":1775227524252,"data":{"data":"EQRP_INFO","cmd":"getClassSecurities","t":1775227524252}}
2026-04-03 17:45:24.500 LOG 1: После dispatch: cmd=getClassSecurities, data тип=string
2026-04-03 17:45:24.550 LOG 0: Запрос от C# 1 (req_id=87): {"id":87,"cmd":"getClassSecurities","t":1775227524398,"data":{"data":"FUTCLT","cmd":"getClassSecurities","t":1775227524398}}
2026-04-03 17:45:24.600 LOG 1: После dispatch: cmd=getClassSecurities, data тип=string
2026-04-03 17:45:24.650 LOG 0: Запрос от C# 1 (req_id=88): {"id":88,"cmd":"getClassSecurities","t":1775227524401,"data":{"data":"SPBXM","cmd":"getClassSecurities","t":1775227524401}}
2026-04-03 17:45:24.700 LOG 1: После dispatch: cmd=getClassSecurities, data тип=string
2026-04-03 17:45:24.750 LOG 0: Запрос от C# 1 (req_id=89): {"id":89,"cmd":"getClassSecurities","t":1775227524438,"data":{"data":"SPBDE","cmd":"getClassSecurities","t":1775227524438}}
2026-04-03 17:45:24.800 LOG 1: После dispatch: cmd=getClassSecurities, data тип=string
2026-04-03 17:45:24.850 LOG 0: Запрос от C# 1 (req_id=90): {"id":90,"cmd":"getClassSecurities","t":1775227524441,"data":{"data":"SPBEQRU","cmd":"getClassSecurities","t":1775227524441}}
2026-04-03 17:45:24.900 LOG 1: После dispatch: cmd=getClassSecurities, data тип=string
2026-04-03 17:45:24.950 LOG 0: Запрос от C# 1 (req_id=91): {"id":91,"cmd":"getClassSecurities","t":1775227524442,"data":{"data":"SPBRU","cmd":"getClassSecurities","t":1775227524442}}
2026-04-03 17:45:24.000 LOG 1: После dispatch: cmd=getClassSecurities, data тип=string
2026-04-03 17:45:24.050 LOG 0: Запрос от C# 1 (req_id=92): {"id":92,"cmd":"getClassSecurities","t":1775227524450,"data":{"data":"SPBRUBND","cmd":"getClassSecurities","t":1775227524450}}
2026-04-03 17:45:24.100 LOG 1: После dispatch: cmd=getClassSecurities, data тип=string
2026-04-03 17:45:24.150 LOG 0: Запрос от C# 1 (req_id=93): {"id":93,"cmd":"getClassSecurities","t":1775227524453,"data":{"data":"SPBRU_USD","cmd":"getClassSecurities","t":1775227524453}}
2026-04-03 17:45:24.200 LOG 1: После dispatch: cmd=getClassSecurities, data тип=string
2026-04-03 17:45:24.250 LOG 0: Запрос от C# 1 (req_id=94): {"id":94,"cmd":"getClassSecurities","t":1775227524455,"data":{"data":"PSSPBRUBNDDO","cmd":"getClassSecurities","t":1775227524455}}
2026-04-03 17:45:24.300 LOG 1: После dispatch: cmd=getClassSecurities, data тип=string
2026-04-03 17:45:24.350 LOG 0: Запрос от C# 1 (req_id=95): {"id":95,"cmd":"getClassSecurities","t":1775227524460,"data":{"data":"REPORT","cmd":"getClassSecurities","t":1775227524460}}
2026-04-03 17:45:24.400 LOG 1: После dispatch: cmd=getClassSecurities, data тип=string
2026-04-03 17:45:24.450 LOG 0: Запрос от C# 1 (req_id=96): {"id":96,"cmd":"getClassSecurities","t":1775227524462,"data":{"data":"REPORTFORTS","cmd":"getClassSecurities","t":1775227524462}}
2026-04-03 17:45:24.500 LOG 1: После dispatch: cmd=getClassSecurities, data тип=string
2026-04-03 17:45:24.550 LOG 0: Запрос от C# 1 (req_id=97): {"id":97,"cmd":"getClassSecurities","t":1775227524465,"data":{"data":"VTB_OTC","cmd":"getClassSecurities","t":1775227524465}}
2026-04-03 17:45:24.600 LOG 1: После dispatch: cmd=getClassSecurities, data тип=string
2026-04-03 17:45:24.650 LOG 0: Запрос от C# 1 (req_id=98): {"id":98,"cmd":"getClassSecurities","t":1775227524467,"data":{"data":"CROSSRATE","cmd":"getClassSecurities","t":1775227524467}}
2026-04-03 17:45:24.700 LOG 1: После dispatch: cmd=getClassSecurities, data тип=string
2026-04-03 17:45:24.750 LOG 0: Запрос от C# 1 (req_id=99): {"id":99,"cmd":"getClassSecurities","t":1775227524470,"data":{"data":"QT_BN","cmd":"getClassSecurities","t":1775227524470}}
2026-04-03 17:45:24.800 LOG 1: После dispatch: cmd=getClassSecurities, data тип=string
2026-04-03 17:45:24.850 LOG 0: Запрос от C# 1 (req_id=100): {"id":100,"cmd":"getClassSecurities","t":1775227524472,"data":{"data":"INDX","cmd":"getClassSecurities","t":1775227524472}}
2026-04-03 17:45:24.900 LOG 1: После dispatch: cmd=getClassSecurities, data тип=string
2026-04-03 17:45:24.950 LOG 0: Запрос от C# 1 (req_id=101): {"id":101,"cmd":"getClassSecurities","t":1775227524474,"data":{"data":"TQIF_HOL","cmd":"getClassSecurities","t":1775227524474}}
2026-04-03 17:45:24.000 LOG 1: После dispatch: cmd=getClassSecurities, data тип=string
2026-04-03 17:45:24.050 LOG 0: Запрос от C# 1 (req_id=102): {"id":102,"cmd":"getClassSecurities","t":1775227524481,"data":{"data":"TQTF_HOL","cmd":"getClassSecurities","t":1775227524481}}
2026-04-03 17:45:24.100 LOG 1: После dispatch: cmd=getClassSecurities, data тип=string
2026-04-03 17:45:24.150 LOG 0: Запрос от C# 1 (req_id=103): {"id":103,"cmd":"getClassSecurities","t":1775227524485,"data":{"data":"TQTF_W_HOL","cmd":"getClassSecurities","t":1775227524485}}
2026-04-03 17:45:24.200 LOG 1: После dispatch: cmd=getClassSecurities, data тип=string
2026-04-03 17:45:24.250 LOG 0: Запрос от C# 1 (req_id=104): {"id":104,"cmd":"getClassSecurities","t":1775227524487,"data":{"data":"UP","cmd":"getClassSecurities","t":1775227524487}}
2026-04-03 17:45:24.300 LOG 1: После dispatch: cmd=getClassSecurities, data тип=string
2026-04-03 17:45:24.350 LOG 0: Запрос от C# 1 (req_id=105): {"id":105,"cmd":"getClassSecurities","t":1775227524492,"data":{"data":"CETS","cmd":"getClassSecurities","t":1775227524492}}
2026-04-03 17:45:24.400 LOG 1: После dispatch: cmd=getClassSecurities, data тип=string
2026-04-03 17:45:24.450 LOG 0: Запрос от C# 1 (req_id=106): {"id":106,"cmd":"getClassSecurities","t":1775227524499,"data":{"data":"CETS_MTL","cmd":"getClassSecurities","t":1775227524499}}
2026-04-03 17:45:24.500 LOG 1: После dispatch: cmd=getClassSecurities, data тип=string
2026-04-03 17:45:24.550 LOG 0: Запрос от C# 1 (req_id=107): {"id":107,"cmd":"getClassSecurities","t":1775227524504,"data":{"data":"TQFD","cmd":"getClassSecurities","t":1775227524504}}
2026-04-03 17:45:24.600 LOG 1: После dispatch: cmd=getClassSecurities, data тип=string
2026-04-03 17:45:24.650 LOG 0: Запрос от C# 1 (req_id=108): {"id":108,"cmd":"getClassSecurities","t":1775227524506,"data":{"data":"TQFE","cmd":"getClassSecurities","t":1775227524506}}
2026-04-03 17:45:24.700 LOG 1: После dispatch: cmd=getClassSecurities, data тип=string
2026-04-03 17:45:24.750 LOG 0: Запрос от C# 1 (req_id=109): {"id":109,"cmd":"getClassSecurities","t":1775227524508,"data":{"data":"OCTR","cmd":"getClassSecurities","t":1775227524508}}
2026-04-03 17:45:24.800 LOG 1: После dispatch: cmd=getClassSecurities, data тип=string
2026-04-03 17:45:24.850 LOG 0: Запрос от C# 1 (req_id=110): {"id":110,"cmd":"getClassSecurities","t":1775227524527,"data":{"data":"TQTY","cmd":"getClassSecurities","t":1775227524527}}
2026-04-03 17:45:24.900 LOG 1: После dispatch: cmd=getClassSecurities, data тип=string
2026-04-03 17:45:24.950 LOG 0: Запрос от C# 1 (req_id=111): {"id":111,"cmd":"getClassSecurities","t":1775227524530,"data":{"data":"MTQR","cmd":"getClassSecurities","t":1775227524530}}
2026-04-03 17:45:24.000 LOG 1: После dispatch: cmd=getClassSecurities, data тип=string
2026-04-03 17:45:24.050 LOG 0: Запрос от C# 1 (req_id=112): {"id":112,"cmd":"getClassSecurities","t":1775227524545,"data":{"data":"SMAL","cmd":"getClassSecurities","t":1775227524545}}
2026-04-03 17:45:24.100 LOG 1: После dispatch: cmd=getClassSecurities, data тип=string
2026-04-03 17:45:24.150 LOG 0: Запрос от C# 1 (req_id=113): {"id":113,"cmd":"getClassSecurities","t":1775227524550,"data":{"data":"TQBR","cmd":"getClassSecurities","t":1775227524550}}
2026-04-03 17:45:24.200 LOG 1: После dispatch: cmd=getClassSecurities, data тип=string
2026-04-03 17:45:24.250 LOG 0: Запрос от C# 1 (req_id=114): {"id":114,"cmd":"getClassSecurities","t":1775227524556,"data":{"data":"TQOB","cmd":"getClassSecurities","t":1775227524556}}
2026-04-03 17:45:24.300 LOG 1: После dispatch: cmd=getClassSecurities, data тип=string
2026-04-03 17:45:24.350 LOG 0: Запрос от C# 1 (req_id=115): {"id":115,"cmd":"getClassSecurities","t":1775227524560,"data":{"data":"TQIF","cmd":"getClassSecurities","t":1775227524560}}
2026-04-03 17:45:24.400 LOG 1: После dispatch: cmd=getClassSecurities, data тип=string
2026-04-03 17:45:24.450 LOG 0: Запрос от C# 1 (req_id=116): {"id":116,"cmd":"getClassSecurities","t":1775227524567,"data":{"data":"TQTF","cmd":"getClassSecurities","t":1775227524567}}
2026-04-03 17:45:24.500 LOG 1: После dispatch: cmd=getClassSecurities, data тип=string
2026-04-03 17:45:24.550 LOG 0: Запрос от C# 1 (req_id=117): {"id":117,"cmd":"getClassSecurities","t":1775227524570,"data":{"data":"TQTF_W","cmd":"getClassSecurities","t":1775227524570}}
2026-04-03 17:45:24.600 LOG 1: После dispatch: cmd=getClassSecurities, data тип=string
2026-04-03 17:45:24.650 LOG 0: Запрос от C# 1 (req_id=118): {"id":118,"cmd":"getClassSecurities","t":1775227524571,"data":{"data":"TQBD","cmd":"getClassSecurities","t":1775227524571}}
2026-04-03 17:45:24.700 LOG 1: После dispatch: cmd=getClassSecurities, data тип=string
2026-04-03 17:45:24.750 LOG 0: Запрос от C# 1 (req_id=119): {"id":119,"cmd":"getClassSecurities","t":1775227524576,"data":{"data":"TQTD","cmd":"getClassSecurities","t":1775227524576}}
2026-04-03 17:45:24.800 LOG 1: После dispatch: cmd=getClassSecurities, data тип=string
2026-04-03 17:45:24.850 LOG 0: Запрос от C# 1 (req_id=120): {"id":120,"cmd":"getClassSecurities","t":1775227524577,"data":{"data":"TQOD","cmd":"getClassSecurities","t":1775227524577}}
2026-04-03 17:45:24.900 LOG 1: После dispatch: cmd=getClassSecurities, data тип=string
2026-04-03 17:45:24.950 LOG 0: Запрос от C# 1 (req_id=121): {"id":121,"cmd":"getClassSecurities","t":1775227524580,"data":{"data":"TQOY","cmd":"getClassSecurities","t":1775227524580}}
2026-04-03 17:45:24.000 LOG 1: После dispatch: cmd=getClassSecurities, data тип=string
2026-04-03 17:45:24.050 LOG 0: Запрос от C# 1 (req_id=122): {"id":122,"cmd":"getClassSecurities","t":1775227524583,"data":{"data":"TQTF_F_HOL","cmd":"getClassSecurities","t":1775227524583}}
2026-04-03 17:45:24.100 LOG 1: После dispatch: cmd=getClassSecurities, data тип=string
2026-04-03 17:45:24.150 LOG 0: Запрос от C# 1 (req_id=123): {"id":123,"cmd":"getClassSecurities","t":1775227524587,"data":{"data":"EES_OTC","cmd":"getClassSecurities","t":1775227524587}}
2026-04-03 17:45:24.200 LOG 1: После dispatch: cmd=getClassSecurities, data тип=string
2026-04-03 17:45:24.250 LOG 0: Запрос от C# 1 (req_id=124): {"id":124,"cmd":"getClassSecurities","t":1775227524590,"data":{"data":"TQTF_F","cmd":"getClassSecurities","t":1775227524590}}
2026-04-03 17:45:24.300 LOG 1: После dispatch: cmd=getClassSecurities, data тип=string
2026-04-03 17:45:24.350 LOG 0: Запрос от C# 1 (req_id=125): {"id":125,"cmd":"getClassSecurities","t":1775227524592,"data":{"data":"SMS","cmd":"getClassSecurities","t":1775227524592}}
2026-04-03 17:45:24.400 LOG 1: После dispatch: cmd=getClassSecurities, data тип=string
2026-04-03 17:45:24.450 LOG 0: Запрос от C# 1 (req_id=126): {"id":126,"cmd":"getClassSecurities","t":1775227524594,"data":{"data":"ALGO_ICEBERG","cmd":"getClassSecurities","t":1775227524594}}
2026-04-03 17:45:24.500 LOG 1: После dispatch: cmd=getClassSecurities, data тип=string
2026-04-03 17:45:24.550 LOG 0: Запрос от C# 1 (req_id=127): {"id":127,"cmd":"getClassSecurities","t":1775227524597,"data":{"data":"ALGO_VOLATIL","cmd":"getClassSecurities","t":1775227524597}}
2026-04-03 17:45:24.600 LOG 1: После dispatch: cmd=getClassSecurities, data тип=string
2026-04-03 17:45:24.650 LOG 0: Запрос от C# 1 (req_id=128): {"id":128,"cmd":"getClassSecurities","t":1775227524599,"data":{"data":"ALGO_TWAP","cmd":"getClassSecurities","t":1775227524599}}
2026-04-03 17:45:24.700 LOG 1: После dispatch: cmd=getClassSecurities, data тип=string
2026-04-03 17:45:24.750 LOG 0: Запрос от C# 1 (req_id=129): {"id":129,"cmd":"getClassSecurities","t":1775227524601,"data":{"data":"ALGO_VWAP","cmd":"getClassSecurities","t":1775227524601}}
2026-04-03 17:45:24.800 LOG 1: После dispatch: cmd=getClassSecurities, data тип=string
2026-04-03 17:45:24.850 LOG 0: Запрос от C# 1 (req_id=130): {"id":130,"cmd":"getClassSecurities","t":1775227524604,"data":{"data":"ALGO_GTD","cmd":"getClassSecurities","t":1775227524604}}
2026-04-03 17:45:24.900 LOG 1: После dispatch: cmd=getClassSecurities, data тип=string
2026-04-03 17:45:24.950 LOG 0: Запрос от C# 1 (req_id=131): {"id":131,"cmd":"getClassSecurities","t":1775227524605,"data":{"data":"MPAU","cmd":"getClassSecurities","t":1775227524605}}
2026-04-03 17:45:24.000 LOG 1: После dispatch: cmd=getClassSecurities, data тип=string
2026-04-03 17:45:24.050 LOG 0: Запрос от C# 1 (req_id=132): {"id":132,"cmd":"getClassSecurities","t":1775227524610,"data":{"data":"PSAU_FREE","cmd":"getClassSecurities","t":1775227524610}}
2026-04-03 17:45:24.100 LOG 1: После dispatch: cmd=getClassSecurities, data тип=string
2026-04-03 17:45:24.150 LOG 0: Запрос от C# 1 (req_id=133): {"id":133,"cmd":"getClassSecurities","t":1775227524613,"data":{"data":"PSAU","cmd":"getClassSecurities","t":1775227524613}}
2026-04-03 17:45:24.200 LOG 1: После dispatch: cmd=getClassSecurities, data тип=string
2026-04-03 17:45:24.250 LOG 0: Запрос от C# 1 (req_id=134): {"id":134,"cmd":"getClassSecurities","t":1775227524616,"data":{"data":"PSSU","cmd":"getClassSecurities","t":1775227524616}}
2026-04-03 17:45:24.300 LOG 1: После dispatch: cmd=getClassSecurities, data тип=string
2026-04-03 17:45:24.350 LOG 0: Запрос от C# 1 (req_id=135): {"id":135,"cmd":"getClassSecurities","t":1775227524620,"data":{"data":"PSSU_YAD","cmd":"getClassSecurities","t":1775227524620}}
2026-04-03 17:45:24.400 LOG 1: После dispatch: cmd=getClassSecurities, data тип=string
2026-04-03 17:45:24.450 LOG 0: Запрос от C# 1 (req_id=136): {"id":136,"cmd":"getClassSecurities","t":1775227524622,"data":{"data":"PACY","cmd":"getClassSecurities","t":1775227524622}}
2026-04-03 17:45:24.500 LOG 1: После dispatch: cmd=getClassSecurities, data тип=string
2026-04-03 17:45:24.550 LOG 0: Запрос от C# 1 (req_id=137): {"id":137,"cmd":"getClassSecurities","t":1775227524624,"data":{"data":"QT_EQ","cmd":"getClassSecurities","t":1775227524624}}
2026-04-03 17:45:24.600 LOG 1: После dispatch: cmd=getClassSecurities, data тип=string
2026-04-03 17:45:25.050 LOG 0: Запрос от C# 1 (req_id=138): {"id":138,"cmd":"getSecurityInfo","t":1775227525812,"data":{"data":"SPBFUT|RIM6","cmd":"getSecurityInfo","t":1775227525812}}
2026-04-03 17:45:25.100 LOG 1: После dispatch: cmd=getSecurityInfo, data тип=table
2026-04-03 17:45:33.050 LOG 0: Запрос от C# 1 (req_id=139): {"id":139,"cmd":"getSecurityInfo","t":1775227533729,"data":{"data":"TQBR|LKOH","cmd":"getSecurityInfo","t":1775227533729}}
2026-04-03 17:45:33.100 LOG 1: После dispatch: cmd=getSecurityInfo, data тип=table
2026-04-03 17:45:37.050 LOG 0: Запрос от C# 1 (req_id=140): {"id":140,"cmd":"getClassesList","t":1775227537339,"data":{"data":"","cmd":"getClassesList","t":1775227537339}}
2026-04-03 17:45:37.100 LOG 0: Р’С‹Р·РѕРІ getClassesList, req_id=?
2026-04-03 17:45:37.150 LOG 1: После dispatch: cmd=getClassesList, data тип=string
2026-04-03 17:45:37.200 LOG 0: Запрос от C# 1 (req_id=141): {"id":141,"cmd":"getSecurityClass","t":1775227537345,"data":{"data":"TQTE,TQCB,TQOE,TQRD,TQUD,TQED,FQBR,SPBFUT,SPBOPT,USDRUB,OPTSPOT,OPTCURNCY,OPTCOMDTY,OPTIDX,RTSIDX,EQRP_INFO,FUTCLT,SPBXM,SPBDE,SPBEQRU,SPBRU,SPBRUBND,SPBRU_USD,PSSPBRUBNDDO,REPORT,REPORTFORTS,VTB_OTC,CROSSRATE,QT_BN,INDX,TQIF_HOL,TQTF_HOL,TQTF_W_HOL,UP,CETS,CETS_MTL,TQFD,TQFE,OCTR,TQTY,MTQR,SMAL,TQBR,TQOB,TQIF,TQTF,TQTF_W,TQBD,TQTD,TQOD,TQOY,TQTF_F_HOL,EES_OTC,TQTF_F,SMS,ALGO_ICEBERG,ALGO_VOLATIL,ALGO_TWAP,ALGO_VWAP,ALGO_GTD,MPAU,PSAU_FREE,PSAU,PSSU,PSSU_YAD,PACY,QT_EQ|LKOH","cmd":"getSecurityClass","t":1775227537345}}
2026-04-03 17:45:37.250 LOG 1: После dispatch: cmd=getSecurityClass, data тип=string
2026-04-03 17:45:37.300 LOG 0: Запрос от C# 1 (req_id=142): {"id":142,"cmd":"getClientCode","t":1775227537350,"data":{"data":"","cmd":"getClientCode","t":1775227537350}}
2026-04-03 17:45:37.350 LOG 2: [QS DEBUG] getClientCode: MONEY_LIMITS count = 8
2026-04-03 17:45:37.400 LOG 2: [QS DEBUG] getClientCode: index 0 client_code = 136XHS
2026-04-03 17:45:37.450 LOG 1: После dispatch: cmd=getClientCode, data тип=string
2026-04-03 17:45:37.500 LOG 0: Запрос от C# 1 (req_id=143): {"id":143,"cmd":"getClientCodes","t":1775227537354,"data":{"data":"","cmd":"getClientCodes","t":1775227537354}}
2026-04-03 17:45:37.550 LOG 2: [QS DEBUG] getClientCodes: MONEY_LIMITS count = 8
2026-04-03 17:45:37.600 LOG 2: [QS DEBUG] getClientCodes: index 0 client_code = 136XHS
2026-04-03 17:45:37.650 LOG 2: [QS DEBUG] getClientCodes: index 1 client_code = 136XHS
2026-04-03 17:45:37.700 LOG 2: [QS DEBUG] getClientCodes: index 2 client_code = 136XHS
2026-04-03 17:45:37.750 LOG 2: [QS DEBUG] getClientCodes: index 3 client_code = 136XHS
2026-04-03 17:45:37.800 LOG 2: [QS DEBUG] getClientCodes: index 4 client_code = 136XHS
2026-04-03 17:45:37.850 LOG 2: [QS DEBUG] getClientCodes: index 5 client_code = 136XHS
2026-04-03 17:45:37.900 LOG 2: [QS DEBUG] getClientCodes: index 6 client_code = 136XHS
2026-04-03 17:45:37.950 LOG 2: [QS DEBUG] getClientCodes: index 7 client_code = 136XHS
2026-04-03 17:45:37.000 LOG 2: [QS DEBUG] getClientCodes: total unique = 1
2026-04-03 17:45:37.050 LOG 1: После dispatch: cmd=getClientCodes, data тип=table
2026-04-03 17:46:37.050 LOG 0: Запрос от C# 1 (req_id=1): {"id":1,"cmd":"Subscribe_Level_II_Quotes","t":1775227597282,"data":{"data":"SPBFUT|RIM6","cmd":"Subscribe_Level_II_Quotes","t":1775227597274}}
2026-04-03 17:46:37.100 LOG 1: Subscribe_Level_II_Quotes called | raw data: SPBFUT|RIM6
2026-04-03 17:46:37.150 LOG 1: Subscribe Level II: class=SPBFUT, sec=RIM6
2026-04-03 17:46:37.200 LOG 1: После dispatch: cmd=Subscribe_Level_II_Quotes, data тип=boolean
2026-04-03 17:47:16.050 LOG 0: Запрос от C# 1 (req_id=1): {"id":1,"cmd":"Subscribe_Level_II_Quotes","t":1775227636257,"data":{"data":"SPBFUT|RIM6","cmd":"Subscribe_Level_II_Quotes","t":1775227636254}}
2026-04-03 17:47:16.100 LOG 1: Subscribe_Level_II_Quotes called | raw data: SPBFUT|RIM6
2026-04-03 17:47:16.150 LOG 1: Subscribe Level II: class=SPBFUT, sec=RIM6
2026-04-03 17:47:16.200 LOG 1: После dispatch: cmd=Subscribe_Level_II_Quotes, data тип=boolean
2026-04-03 17:47:34.050 LOG 0: Запрос от C# 1 (req_id=1): {"id":1,"cmd":"get_order_by_number","t":1775227654769,"data":{"data":"TQBR|999999999999","cmd":"get_order_by_number","t":1775227654766}}
2026-04-03 17:47:34.100 LOG 3: get_order_by_number: Р·Р°СЏРІРєР° 999999999999 РЅРµ РЅР°Р№РґРµРЅР°
2026-04-03 17:47:34.150 LOG 1: После dispatch: cmd=lua_error, data тип=table
2026-04-03 17:47:35.050 LOG 0: Запрос от C# 1 (req_id=2): {"id":2,"cmd":"get_order_by_number","t":1775227655075,"data":{"data":"TQBR|14278245258","cmd":"get_order_by_number","t":1775227655075}}
2026-04-03 17:47:35.100 LOG 3: get_order_by_number: Р·Р°СЏРІРєР° 14278245258 РЅРµ РЅР°Р№РґРµРЅР°
2026-04-03 17:47:35.150 LOG 1: После dispatch: cmd=lua_error, data тип=table
2026-04-03 17:47:36.050 LOG 0: Запрос от C# 1 (req_id=3): {"id":3,"cmd":"get_orders","t":1775227656718,"data":{"data":"","cmd":"get_orders","t":1775227656718}}
2026-04-03 17:47:36.100 LOG 1: После dispatch: cmd=get_orders, data тип=table
2026-04-03 17:47:44.050 LOG 0: Запрос от C# 1 (req_id=4): {"id":4,"cmd":"getOrder_by_ID","t":1775227664011,"data":{"data":"TQBR|SBER|999999999","cmd":"getOrder_by_ID","t":1775227664011}}
2026-04-03 17:47:44.100 LOG 1: После dispatch: cmd=getOrder_by_ID, data тип=table
2026-04-03 17:48:29.050 LOG 0: Запрос от C# 1 (req_id=1): {"id":1,"cmd":"get_order_by_number","t":1775227709675,"data":{"data":"TQBR|999999999999","cmd":"get_order_by_number","t":1775227709673}}
2026-04-03 17:48:29.100 LOG 3: get_order_by_number: Р·Р°СЏРІРєР° 999999999999 РЅРµ РЅР°Р№РґРµРЅР°
2026-04-03 17:48:29.150 LOG 1: После dispatch: cmd=lua_error, data тип=table
2026-04-03 17:48:30.050 LOG 0: Запрос от C# 1 (req_id=2): {"id":2,"cmd":"get_order_by_number","t":1775227710571,"data":{"data":"TQBR|14278245258","cmd":"get_order_by_number","t":1775227710571}}
2026-04-03 17:48:30.100 LOG 3: get_order_by_number: Р·Р°СЏРІРєР° 14278245258 РЅРµ РЅР°Р№РґРµРЅР°
2026-04-03 17:48:30.150 LOG 1: После dispatch: cmd=lua_error, data тип=table
2026-04-03 17:48:32.050 LOG 0: Запрос от C# 1 (req_id=3): {"id":3,"cmd":"get_orders","t":1775227712307,"data":{"data":"","cmd":"get_orders","t":1775227712307}}
2026-04-03 17:48:32.100 LOG 1: После dispatch: cmd=get_orders, data тип=table
2026-04-03 17:48:45.050 LOG 0: Запрос от C# 1 (req_id=4): {"id":4,"cmd":"getOrder_by_ID","t":1775227725622,"data":{"data":"TQBR|SBER|999999999","cmd":"getOrder_by_ID","t":1775227725622}}
2026-04-03 17:48:45.100 LOG 1: После dispatch: cmd=getOrder_by_ID, data тип=table
2026-04-03 17:51:57.050 LOG 0: Detected Quik version: 1208, script path: C:\Programming\QuikSharp\lua
2026-04-03 17:51:57.100 LOG 1: Shared memory IPC (variant 2) initialized
2026-04-03 17:51:57.150 LOG 1: QUIK# connected via shared memory (variant 2)
2026-04-03 17:52:10.050 LOG 0: Запрос от C# 1 (req_id=1): {"id":1,"t":1775227930620,"cmd":"get_order_by_number","data":{"t":1775227930617,"cmd":"get_order_by_number","data":"TQBR|999999999999"}}
2026-04-03 17:52:10.100 LOG 3: get_order_by_number: Р·Р°СЏРІРєР° 999999999999 РЅРµ РЅР°Р№РґРµРЅР°
2026-04-03 17:52:10.150 LOG 1: После dispatch: cmd=lua_error, data тип=table
2026-04-03 17:52:10.200 LOG 0: Запрос от C# 1 (req_id=2): {"id":2,"t":1775227930924,"cmd":"get_order_by_number","data":{"t":1775227930924,"cmd":"get_order_by_number","data":"TQBR|14278245258"}}
2026-04-03 17:52:10.250 LOG 3: get_order_by_number: Р·Р°СЏРІРєР° 14278245258 РЅРµ РЅР°Р№РґРµРЅР°
2026-04-03 17:52:10.300 LOG 1: После dispatch: cmd=lua_error, data тип=table
2026-04-03 17:53:23.050 LOG 0: Запрос от C# 1 (req_id=1): {"id":1,"t":1775228003117,"cmd":"get_order_by_number","data":{"t":1775228003114,"cmd":"get_order_by_number","data":"TQBR|999999999999"}}
2026-04-03 17:53:23.100 LOG 3: get_order_by_number: Р·Р°СЏРІРєР° 999999999999 РЅРµ РЅР°Р№РґРµРЅР°
2026-04-03 17:53:23.150 LOG 1: После dispatch: cmd=lua_error, data тип=table
2026-04-03 17:53:23.200 LOG 0: Запрос от C# 1 (req_id=2): {"id":2,"t":1775228003421,"cmd":"get_order_by_number","data":{"t":1775228003421,"cmd":"get_order_by_number","data":"TQBR|14278245258"}}
2026-04-03 17:53:23.250 LOG 3: get_order_by_number: Р·Р°СЏРІРєР° 14278245258 РЅРµ РЅР°Р№РґРµРЅР°
2026-04-03 17:53:23.300 LOG 1: После dispatch: cmd=lua_error, data тип=table
2026-04-03 17:53:37.050 LOG 0: Запрос от C# 1 (req_id=3): {"id":3,"t":1775228011446,"cmd":"get_orders","data":{"t":1775228006966,"cmd":"get_orders","data":""}}
2026-04-03 17:53:37.100 LOG 1: После dispatch: cmd=get_orders, data тип=table
2026-04-03 17:55:39.050 LOG 0: Detected Quik version: 1208, script path: C:\Programming\QuikSharp\lua
2026-04-03 17:55:39.100 LOG 1: Shared memory IPC (variant 2) initialized
2026-04-03 17:55:39.150 LOG 1: QUIK# connected via shared memory (variant 2)
2026-04-03 17:55:50.050 LOG 0: Запрос от C# 1 (req_id=1): {"id":1,"data":{"data":"","t":1775228150129,"cmd":"getClientCode"},"t":1775228150131,"cmd":"getClientCode"}
2026-04-03 17:55:50.100 LOG 2: [QS DEBUG] getClientCode: MONEY_LIMITS count = 8
2026-04-03 17:55:50.150 LOG 2: [QS DEBUG] getClientCode: index 0 client_code = 136XHS
2026-04-03 17:55:50.200 LOG 1: После dispatch: cmd=getClientCode, data тип=string
2026-04-03 17:56:05.050 LOG 0: Запрос от C# 1 (req_id=1): {"id":1,"data":{"data":"","t":1775228164988,"cmd":"getClientCode"},"t":1775228164990,"cmd":"getClientCode"}
2026-04-03 17:56:05.100 LOG 2: [QS DEBUG] getClientCode: MONEY_LIMITS count = 8
2026-04-03 17:56:05.150 LOG 2: [QS DEBUG] getClientCode: index 0 client_code = 136XHS
2026-04-03 17:56:05.200 LOG 1: После dispatch: cmd=getClientCode, data тип=string
2026-04-03 17:56:27.050 LOG 0: Detected Quik version: 1208, script path: C:\Programming\QuikSharp\lua
2026-04-03 17:56:27.100 LOG 1: Shared memory IPC (variant 2) initialized
2026-04-03 17:56:27.150 LOG 1: QUIK# connected via shared memory (variant 2)
2026-04-03 17:56:39.050 LOG 0: Запрос от C# 1 (req_id=1): {"id":1,"t":1775228199420,"data":{"data":"","t":1775228199417,"cmd":"getClientCode"},"cmd":"getClientCode"}
2026-04-03 17:56:39.100 LOG 2: [QS DEBUG] getClientCode: MONEY_LIMITS count = 8
2026-04-03 17:56:39.150 LOG 2: [QS DEBUG] getClientCode: index 0 client_code = 136XHS
2026-04-03 17:56:39.200 LOG 1: После dispatch: cmd=getClientCode, data тип=string
2026-04-03 17:57:04.050 LOG 0: Detected Quik version: 1208, script path: C:\Programming\QuikSharp\lua
2026-04-03 17:57:04.100 LOG 1: Shared memory IPC (variant 2) initialized
2026-04-03 17:57:04.150 LOG 1: QUIK# connected via shared memory (variant 2)
2026-04-03 17:57:10.050 LOG 0: Запрос от C# 1 (req_id=1): {"id":1,"data":{"t":1775228230178,"data":"TQBR|999999999999","cmd":"get_order_by_number"},"t":1775228230180,"cmd":"get_order_by_number"}
2026-04-03 17:57:10.100 LOG 3: get_order_by_number: Р·Р°СЏРІРєР° 999999999999 РЅРµ РЅР°Р№РґРµРЅР°
2026-04-03 17:57:10.150 LOG 1: После dispatch: cmd=lua_error, data тип=table
2026-04-03 17:57:10.200 LOG 0: Запрос от C# 1 (req_id=2): {"id":2,"data":{"t":1775228230476,"data":"TQBR|14278245258","cmd":"get_order_by_number"},"t":1775228230476,"cmd":"get_order_by_number"}
2026-04-03 17:57:10.250 LOG 3: get_order_by_number: Р·Р°СЏРІРєР° 14278245258 РЅРµ РЅР°Р№РґРµРЅР°
2026-04-03 17:57:10.300 LOG 1: После dispatch: cmd=lua_error, data тип=table
2026-04-03 17:57:24.050 LOG 0: Запрос от C# 1 (req_id=1): {"id":1,"data":{"t":1775228244027,"data":"TQBR|999999999999","cmd":"get_order_by_number"},"t":1775228244028,"cmd":"get_order_by_number"}
2026-04-03 17:57:24.100 LOG 3: get_order_by_number: Р·Р°СЏРІРєР° 999999999999 РЅРµ РЅР°Р№РґРµРЅР°
2026-04-03 17:57:24.150 LOG 1: После dispatch: cmd=lua_error, data тип=table
2026-04-03 17:57:24.200 LOG 0: Запрос от C# 1 (req_id=2): {"id":2,"data":{"t":1775228244324,"data":"TQBR|14278245258","cmd":"get_order_by_number"},"t":1775228244324,"cmd":"get_order_by_number"}
2026-04-03 17:57:24.250 LOG 3: get_order_by_number: Р·Р°СЏРІРєР° 14278245258 РЅРµ РЅР°Р№РґРµРЅР°
2026-04-03 17:57:24.300 LOG 1: После dispatch: cmd=lua_error, data тип=table
2026-04-03 17:57:25.050 LOG 0: Запрос от C# 1 (req_id=3): {"id":3,"data":{"t":1775228245218,"data":"","cmd":"get_orders"},"t":1775228245218,"cmd":"get_orders"}
2026-04-03 17:57:25.100 LOG 1: После dispatch: cmd=get_orders, data тип=table
2026-04-03 17:57:25.150 LOG 0: Запрос от C# 1 (req_id=4): {"id":4,"data":{"t":1775228245473,"data":"TQBR|SBER|999999999","cmd":"getOrder_by_ID"},"t":1775228245474,"cmd":"getOrder_by_ID"}
2026-04-03 17:57:25.200 LOG 1: После dispatch: cmd=getOrder_by_ID, data тип=table
2026-04-03 17:59:01.050 LOG 0: Detected Quik version: 1208, script path: C:\Programming\QuikSharp\lua
2026-04-03 17:59:01.100 LOG 1: Shared memory IPC (variant 2) initialized
2026-04-03 17:59:01.150 LOG 1: QUIK# connected via shared memory (variant 2)
2026-04-03 17:59:10.050 LOG 0: Запрос от C# 1 (req_id=1): {"cmd":"get_order_by_number","t":1775228349937,"id":1,"data":{"t":1775228349934,"cmd":"get_order_by_number","data":"TQBR|999999999999"}}
2026-04-03 17:59:10.100 LOG 3: get_order_by_number: Р·Р°СЏРІРєР° 999999999999 РЅРµ РЅР°Р№РґРµРЅР°
2026-04-03 17:59:10.150 LOG 1: После dispatch: cmd=lua_error, data тип=table
2026-04-03 17:59:10.200 LOG 0: Запрос от C# 1 (req_id=2): {"cmd":"get_order_by_number","t":1775228350234,"id":2,"data":{"t":1775228350233,"cmd":"get_order_by_number","data":"TQBR|14278245258"}}
2026-04-03 17:59:10.250 LOG 3: get_order_by_number: Р·Р°СЏРІРєР° 14278245258 РЅРµ РЅР°Р№РґРµРЅР°
2026-04-03 17:59:10.300 LOG 1: После dispatch: cmd=lua_error, data тип=table
2026-04-03 17:59:11.050 LOG 0: Запрос от C# 1 (req_id=3): {"cmd":"get_orders","t":1775228351540,"id":3,"data":{"t":1775228351540,"cmd":"get_orders","data":""}}
2026-04-03 17:59:11.100 LOG 1: После dispatch: cmd=get_orders, data тип=table
2026-04-03 17:59:11.150 LOG 0: Запрос от C# 1 (req_id=4): {"cmd":"getOrder_by_ID","t":1775228351829,"id":4,"data":{"t":1775228351829,"cmd":"getOrder_by_ID","data":"TQBR|SBER|999999999"}}
2026-04-03 17:59:11.200 LOG 1: После dispatch: cmd=getOrder_by_ID, data тип=table
2026-04-03 18:02:01.050 LOG 0: Detected Quik version: 1208, script path: C:\Programming\QuikSharp\lua
2026-04-03 18:02:01.100 LOG 1: Shared memory IPC (variant 2) initialized
2026-04-03 18:02:01.150 LOG 1: QUIK# connected via shared memory (variant 2)
2026-04-03 18:03:27.050 LOG 0: Запрос от C# 1 (req_id=1): {"cmd":"getClientCode","id":1,"t":1775228607132,"data":{"cmd":"getClientCode","t":1775228607130,"data":""}}
2026-04-03 18:03:27.100 LOG 2: [QS DEBUG] getClientCode: MONEY_LIMITS count = 8
2026-04-03 18:03:27.150 LOG 2: [QS DEBUG] getClientCode: index 0 client_code = 136XHS
2026-04-03 18:03:27.200 LOG 1: После dispatch: cmd=getClientCode, data тип=string
2026-04-03 18:03:43.050 LOG 0: Запрос от C# 1 (req_id=1): {"cmd":"get_order_by_number","id":1,"t":1775228622965,"data":{"cmd":"get_order_by_number","t":1775228622963,"data":"TQBR|999999999999"}}
2026-04-03 18:03:43.100 LOG 3: get_order_by_number: Р·Р°СЏРІРєР° 999999999999 РЅРµ РЅР°Р№РґРµРЅР°
2026-04-03 18:03:43.150 LOG 1: После dispatch: cmd=lua_error, data тип=table
2026-04-03 18:03:43.200 LOG 0: Запрос от C# 1 (req_id=2): {"cmd":"get_order_by_number","id":2,"t":1775228623263,"data":{"cmd":"get_order_by_number","t":1775228623263,"data":"TQBR|14278245258"}}
2026-04-03 18:03:43.250 LOG 3: get_order_by_number: Р·Р°СЏРІРєР° 14278245258 РЅРµ РЅР°Р№РґРµРЅР°
2026-04-03 18:03:43.300 LOG 1: После dispatch: cmd=lua_error, data тип=table
2026-04-03 18:03:46.050 LOG 0: Запрос от C# 1 (req_id=3): {"cmd":"get_orders","id":3,"t":1775228626056,"data":{"cmd":"get_orders","t":1775228626056,"data":""}}
2026-04-03 18:04:03.050 LOG 0: Detected Quik version: 1208, script path: C:\Programming\QuikSharp\lua
2026-04-03 18:04:03.100 LOG 1: Shared memory IPC (variant 2) initialized
2026-04-03 18:04:03.150 LOG 1: QUIK# connected via shared memory (variant 2)
2026-04-03 18:04:14.050 LOG 0: Запрос от C# 1 (req_id=1): {"data":{"data":"TQBR|999999999999","cmd":"get_order_by_number","t":1775228654458},"id":1,"t":1775228654460,"cmd":"get_order_by_number"}
2026-04-03 18:04:14.100 LOG 3: get_order_by_number: Р·Р°СЏРІРєР° 999999999999 РЅРµ РЅР°Р№РґРµРЅР°
2026-04-03 18:04:14.150 LOG 1: После dispatch: cmd=lua_error, data тип=table
2026-04-03 18:04:14.200 LOG 0: Запрос от C# 1 (req_id=2): {"data":{"data":"TQBR|14278245258","cmd":"get_order_by_number","t":1775228654747},"id":2,"t":1775228654747,"cmd":"get_order_by_number"}
2026-04-03 18:04:14.250 LOG 3: get_order_by_number: Р·Р°СЏРІРєР° 14278245258 РЅРµ РЅР°Р№РґРµРЅР°
2026-04-03 18:04:14.300 LOG 1: После dispatch: cmd=lua_error, data тип=table
2026-04-03 18:04:16.050 LOG 0: Запрос от C# 1 (req_id=3): {"data":{"data":"","cmd":"get_orders","t":1775228656580},"id":3,"t":1775228656580,"cmd":"get_orders"}
2026-04-03 18:06:00.050 LOG 0: Detected Quik version: 1208, script path: C:\Programming\QuikSharp\lua
2026-04-03 18:06:00.100 LOG 1: Shared memory IPC (variant 2) initialized
2026-04-03 18:06:00.150 LOG 1: QUIK# connected via shared memory (variant 2)
2026-04-03 18:06:24.050 LOG 0: Запрос от C# 1 (req_id=1): {"cmd":"get_order_by_number","id":1,"data":{"data":"TQBR|999999999999","cmd":"get_order_by_number","t":1775228784708},"t":1775228784711}
2026-04-03 18:06:52.050 LOG 0: Detected Quik version: 1208, script path: C:\Programming\QuikSharp\lua
2026-04-03 18:06:52.100 LOG 1: Shared memory IPC (variant 2) initialized
2026-04-03 18:06:52.150 LOG 1: QUIK# connected via shared memory (variant 2)
2026-04-03 18:06:59.050 LOG 0: Запрос от C# 1 (req_id=1): {"t":1775228819328,"cmd":"get_order_by_number","data":{"t":1775228819324,"cmd":"get_order_by_number","data":"TQBR|999999999999"},"id":1}
2026-04-03 18:07:41.050 LOG 0: Detected Quik version: 1208, script path: C:\Programming\QuikSharp\lua
2026-04-03 18:07:41.100 LOG 1: Shared memory IPC (variant 2) initialized
2026-04-03 18:07:41.150 LOG 1: QUIK# connected via shared memory (variant 2)
2026-04-03 18:07:47.050 LOG 0: Запрос от C# 1 (req_id=1): {"data":{"data":"TQBR|999999999999","cmd":"get_order_by_number","t":1775228867882},"cmd":"get_order_by_number","id":1,"t":1775228867884}
2026-04-03 18:07:47.100 LOG 3: get_order_by_number: Р·Р°СЏРІРєР° 999999999999 РЅРµ РЅР°Р№РґРµРЅР°
2026-04-03 18:07:47.150 LOG 1: После dispatch: cmd=lua_error, data тип=table
2026-04-03 18:07:48.050 LOG 0: Запрос от C# 1 (req_id=2): {"data":{"data":"TQBR|14278245258","cmd":"get_order_by_number","t":1775228868202},"cmd":"get_order_by_number","id":2,"t":1775228868202}
2026-04-03 18:07:48.100 LOG 3: get_order_by_number: Р·Р°СЏРІРєР° 14278245258 РЅРµ РЅР°Р№РґРµРЅР°
2026-04-03 18:07:48.150 LOG 1: После dispatch: cmd=lua_error, data тип=table
2026-04-03 18:07:49.050 LOG 0: Запрос от C# 1 (req_id=3): {"data":{"data":"","cmd":"get_orders","t":1775228869409},"cmd":"get_orders","id":3,"t":1775228869409}
2026-04-03 18:07:49.100 LOG 1: После dispatch: cmd=get_orders, data тип=table
2026-04-03 18:07:52.050 LOG 0: Запрос от C# 1 (req_id=4): {"data":{"data":"TQBR|SBER|999999999","cmd":"getOrder_by_ID","t":1775228872068},"cmd":"getOrder_by_ID","id":4,"t":1775228872068}
2026-04-03 18:07:52.100 LOG 1: После dispatch: cmd=getOrder_by_ID, data тип=table
