2026-03-22 20:46:17.050 LOG 0: Detected Quik version: 1208, script path: C:\Programming\QuikSharp\lua
2026-03-22 20:46:17.100 LOG 1: Shared memory IPC (variant 2) initialized
2026-03-22 20:46:17.150 LOG 1: QUIK# connected via shared memory (variant 2)
2026-03-22 20:46:24.050 LOG 0: Запрос от C# 1 (req_id=1): {"cmd":"getClassesList","createdTime":1774201584388,"id":1,"data":{"cmd":"getClassesList","createdTime":1774201584386,"data":""}}
2026-03-22 20:46:24.100 LOG 0: Р’С‹Р·РѕРІ getClassesList, req_id=?
2026-03-22 20:46:24.150 LOG 1: После dispatch: cmd=getClassesList, data тип=string
2026-03-22 20:46:24.200 LOG 0: Запрос от C# 1 (req_id=2): {"cmd":"getClassesList","createdTime":1774201584425,"id":2,"data":{"cmd":"getClassesList","createdTime":1774201584425,"data":""}}
2026-03-22 20:46:24.250 LOG 0: Р’С‹Р·РѕРІ getClassesList, req_id=?
2026-03-22 20:46:24.300 LOG 1: После dispatch: cmd=getClassesList, data тип=string
2026-03-22 20:46:24.350 LOG 0: Запрос от C# 1 (req_id=3): {"cmd":"getClassInfo","createdTime":1774201584426,"id":3,"data":{"cmd":"getClassInfo","createdTime":1774201584426,"data":"TQTE"}}
2026-03-22 20:46:24.400 LOG 1: После dispatch: cmd=getClassInfo, data тип=table
2026-03-22 20:46:24.450 LOG 0: Запрос от C# 1 (req_id=4): {"cmd":"getClassInfo","createdTime":1774201584438,"id":4,"data":{"cmd":"getClassInfo","createdTime":1774201584438,"data":"TQCB"}}
2026-03-22 20:46:24.500 LOG 1: После dispatch: cmd=getClassInfo, data тип=table
2026-03-22 20:46:24.550 LOG 0: Запрос от C# 1 (req_id=5): {"cmd":"getClassInfo","createdTime":1774201584439,"id":5,"data":{"cmd":"getClassInfo","createdTime":1774201584439,"data":"TQOE"}}
2026-03-22 20:46:24.600 LOG 1: После dispatch: cmd=getClassInfo, data тип=table
2026-03-22 20:46:24.650 LOG 0: Запрос от C# 1 (req_id=6): {"cmd":"getClassInfo","createdTime":1774201584439,"id":6,"data":{"cmd":"getClassInfo","createdTime":1774201584439,"data":"TQRD"}}
2026-03-22 20:46:24.700 LOG 1: После dispatch: cmd=getClassInfo, data тип=table
2026-03-22 20:46:24.750 LOG 0: Запрос от C# 1 (req_id=7): {"cmd":"getClassInfo","createdTime":1774201584440,"id":7,"data":{"cmd":"getClassInfo","createdTime":1774201584440,"data":"TQUD"}}
2026-03-22 20:46:24.800 LOG 1: После dispatch: cmd=getClassInfo, data тип=table
2026-03-22 20:46:24.850 LOG 0: Запрос от C# 1 (req_id=8): {"cmd":"getClassInfo","createdTime":1774201584441,"id":8,"data":{"cmd":"getClassInfo","createdTime":1774201584441,"data":"TQED"}}
2026-03-22 20:46:24.900 LOG 1: После dispatch: cmd=getClassInfo, data тип=table
2026-03-22 20:46:24.950 LOG 0: Запрос от C# 1 (req_id=9): {"cmd":"getClassInfo","createdTime":1774201584442,"id":9,"data":{"cmd":"getClassInfo","createdTime":1774201584442,"data":"FQBR"}}
2026-03-22 20:46:24.000 LOG 1: После dispatch: cmd=getClassInfo, data тип=table
2026-03-22 20:46:24.050 LOG 0: Запрос от C# 1 (req_id=10): {"cmd":"getClassInfo","createdTime":1774201584442,"id":10,"data":{"cmd":"getClassInfo","createdTime":1774201584442,"data":"SPBFUT"}}
2026-03-22 20:46:24.100 LOG 1: После dispatch: cmd=getClassInfo, data тип=table
2026-03-22 20:46:24.150 LOG 0: Запрос от C# 1 (req_id=11): {"cmd":"getClassInfo","createdTime":1774201584443,"id":11,"data":{"cmd":"getClassInfo","createdTime":1774201584443,"data":"SPBOPT"}}
2026-03-22 20:46:24.200 LOG 1: После dispatch: cmd=getClassInfo, data тип=table
2026-03-22 20:46:24.250 LOG 0: Запрос от C# 1 (req_id=12): {"cmd":"getClassInfo","createdTime":1774201584444,"id":12,"data":{"cmd":"getClassInfo","createdTime":1774201584444,"data":"OPTSPOT"}}
2026-03-22 20:46:24.300 LOG 1: После dispatch: cmd=getClassInfo, data тип=table
2026-03-22 20:46:24.350 LOG 0: Запрос от C# 1 (req_id=13): {"cmd":"getClassInfo","createdTime":1774201584445,"id":13,"data":{"cmd":"getClassInfo","createdTime":1774201584445,"data":"OPTCURNCY"}}
2026-03-22 20:46:24.400 LOG 1: После dispatch: cmd=getClassInfo, data тип=table
2026-03-22 20:46:24.450 LOG 0: Запрос от C# 1 (req_id=14): {"cmd":"getClassInfo","createdTime":1774201584445,"id":14,"data":{"cmd":"getClassInfo","createdTime":1774201584445,"data":"OPTCOMDTY"}}
2026-03-22 20:46:24.500 LOG 1: После dispatch: cmd=getClassInfo, data тип=table
2026-03-22 20:46:24.550 LOG 0: Запрос от C# 1 (req_id=15): {"cmd":"getClassInfo","createdTime":1774201584446,"id":15,"data":{"cmd":"getClassInfo","createdTime":1774201584446,"data":"OPTIDX"}}
2026-03-22 20:46:24.600 LOG 1: После dispatch: cmd=getClassInfo, data тип=table
2026-03-22 20:46:24.650 LOG 0: Запрос от C# 1 (req_id=16): {"cmd":"getClassInfo","createdTime":1774201584447,"id":16,"data":{"cmd":"getClassInfo","createdTime":1774201584447,"data":"RTSIDX"}}
2026-03-22 20:46:24.700 LOG 1: После dispatch: cmd=getClassInfo, data тип=table
2026-03-22 20:46:24.750 LOG 0: Запрос от C# 1 (req_id=17): {"cmd":"getClassInfo","createdTime":1774201584448,"id":17,"data":{"cmd":"getClassInfo","createdTime":1774201584448,"data":"FUTCLT"}}
2026-03-22 20:46:24.800 LOG 1: После dispatch: cmd=getClassInfo, data тип=table
2026-03-22 20:46:24.850 LOG 0: Запрос от C# 1 (req_id=18): {"cmd":"getClassInfo","createdTime":1774201584449,"id":18,"data":{"cmd":"getClassInfo","createdTime":1774201584449,"data":"SPBXM"}}
2026-03-22 20:46:24.900 LOG 1: После dispatch: cmd=getClassInfo, data тип=table
2026-03-22 20:46:24.950 LOG 0: Запрос от C# 1 (req_id=19): {"cmd":"getClassInfo","createdTime":1774201584450,"id":19,"data":{"cmd":"getClassInfo","createdTime":1774201584450,"data":"SPBDE"}}
2026-03-22 20:46:24.000 LOG 1: После dispatch: cmd=getClassInfo, data тип=table
2026-03-22 20:46:24.050 LOG 0: Запрос от C# 1 (req_id=20): {"cmd":"getClassInfo","createdTime":1774201584455,"id":20,"data":{"cmd":"getClassInfo","createdTime":1774201584455,"data":"SPBRU"}}
2026-03-22 20:46:24.100 LOG 1: После dispatch: cmd=getClassInfo, data тип=table
2026-03-22 20:46:24.150 LOG 0: Запрос от C# 1 (req_id=21): {"cmd":"getClassInfo","createdTime":1774201584456,"id":21,"data":{"cmd":"getClassInfo","createdTime":1774201584456,"data":"SPBRUBND"}}
2026-03-22 20:46:24.200 LOG 1: После dispatch: cmd=getClassInfo, data тип=table
2026-03-22 20:46:24.250 LOG 0: Запрос от C# 1 (req_id=22): {"cmd":"getClassInfo","createdTime":1774201584456,"id":22,"data":{"cmd":"getClassInfo","createdTime":1774201584456,"data":"SPBRU_USD"}}
2026-03-22 20:46:24.300 LOG 1: После dispatch: cmd=getClassInfo, data тип=table
2026-03-22 20:46:24.350 LOG 0: Запрос от C# 1 (req_id=23): {"cmd":"getClassInfo","createdTime":1774201584457,"id":23,"data":{"cmd":"getClassInfo","createdTime":1774201584457,"data":"PSSPBRUBNDDO"}}
2026-03-22 20:46:24.400 LOG 1: После dispatch: cmd=getClassInfo, data тип=table
2026-03-22 20:46:24.450 LOG 0: Запрос от C# 1 (req_id=24): {"cmd":"getClassInfo","createdTime":1774201584457,"id":24,"data":{"cmd":"getClassInfo","createdTime":1774201584457,"data":"REPORT"}}
2026-03-22 20:46:24.500 LOG 1: После dispatch: cmd=getClassInfo, data тип=table
2026-03-22 20:46:24.550 LOG 0: Запрос от C# 1 (req_id=25): {"cmd":"getClassInfo","createdTime":1774201584458,"id":25,"data":{"cmd":"getClassInfo","createdTime":1774201584458,"data":"REPORTFORTS"}}
2026-03-22 20:46:24.600 LOG 1: После dispatch: cmd=getClassInfo, data тип=table
2026-03-22 20:46:24.650 LOG 0: Запрос от C# 1 (req_id=26): {"cmd":"getClassInfo","createdTime":1774201584459,"id":26,"data":{"cmd":"getClassInfo","createdTime":1774201584459,"data":"CROSSRATE"}}
2026-03-22 20:46:24.700 LOG 1: После dispatch: cmd=getClassInfo, data тип=table
2026-03-22 20:46:24.750 LOG 0: Запрос от C# 1 (req_id=27): {"cmd":"getClassInfo","createdTime":1774201584459,"id":27,"data":{"cmd":"getClassInfo","createdTime":1774201584459,"data":"QT_BN"}}
2026-03-22 20:46:24.800 LOG 1: После dispatch: cmd=getClassInfo, data тип=table
2026-03-22 20:46:24.850 LOG 0: Запрос от C# 1 (req_id=28): {"cmd":"getClassInfo","createdTime":1774201584460,"id":28,"data":{"cmd":"getClassInfo","createdTime":1774201584460,"data":"INDX"}}
2026-03-22 20:46:24.900 LOG 1: После dispatch: cmd=getClassInfo, data тип=table
2026-03-22 20:46:24.950 LOG 0: Запрос от C# 1 (req_id=29): {"cmd":"getClassInfo","createdTime":1774201584461,"id":29,"data":{"cmd":"getClassInfo","createdTime":1774201584461,"data":"TQIF_HOL"}}
2026-03-22 20:46:24.000 LOG 1: После dispatch: cmd=getClassInfo, data тип=table
2026-03-22 20:46:24.050 LOG 0: Запрос от C# 1 (req_id=30): {"cmd":"getClassInfo","createdTime":1774201584461,"id":30,"data":{"cmd":"getClassInfo","createdTime":1774201584461,"data":"TQTF_HOL"}}
2026-03-22 20:46:24.100 LOG 1: После dispatch: cmd=getClassInfo, data тип=table
2026-03-22 20:46:24.150 LOG 0: Запрос от C# 1 (req_id=31): {"cmd":"getClassInfo","createdTime":1774201584462,"id":31,"data":{"cmd":"getClassInfo","createdTime":1774201584462,"data":"TQTF_W_HOL"}}
2026-03-22 20:46:24.200 LOG 1: После dispatch: cmd=getClassInfo, data тип=table
2026-03-22 20:46:24.250 LOG 0: Запрос от C# 1 (req_id=32): {"cmd":"getClassInfo","createdTime":1774201584463,"id":32,"data":{"cmd":"getClassInfo","createdTime":1774201584463,"data":"UP"}}
2026-03-22 20:46:24.300 LOG 1: После dispatch: cmd=getClassInfo, data тип=table
2026-03-22 20:46:24.350 LOG 0: Запрос от C# 1 (req_id=33): {"cmd":"getClassInfo","createdTime":1774201584463,"id":33,"data":{"cmd":"getClassInfo","createdTime":1774201584463,"data":"CETS"}}
2026-03-22 20:46:24.400 LOG 1: После dispatch: cmd=getClassInfo, data тип=table
2026-03-22 20:46:24.450 LOG 0: Запрос от C# 1 (req_id=34): {"cmd":"getClassInfo","createdTime":1774201584464,"id":34,"data":{"cmd":"getClassInfo","createdTime":1774201584464,"data":"CETS_MTL"}}
2026-03-22 20:46:24.500 LOG 1: После dispatch: cmd=getClassInfo, data тип=table
2026-03-22 20:46:24.550 LOG 0: Запрос от C# 1 (req_id=35): {"cmd":"getClassInfo","createdTime":1774201584464,"id":35,"data":{"cmd":"getClassInfo","createdTime":1774201584464,"data":"TQFD"}}
2026-03-22 20:46:24.600 LOG 1: После dispatch: cmd=getClassInfo, data тип=table
2026-03-22 20:46:24.650 LOG 0: Запрос от C# 1 (req_id=36): {"cmd":"getClassInfo","createdTime":1774201584465,"id":36,"data":{"cmd":"getClassInfo","createdTime":1774201584465,"data":"TQFE"}}
2026-03-22 20:46:24.700 LOG 1: После dispatch: cmd=getClassInfo, data тип=table
2026-03-22 20:46:24.750 LOG 0: Запрос от C# 1 (req_id=37): {"cmd":"getClassInfo","createdTime":1774201584465,"id":37,"data":{"cmd":"getClassInfo","createdTime":1774201584465,"data":"TQTY"}}
2026-03-22 20:46:24.800 LOG 1: После dispatch: cmd=getClassInfo, data тип=table
2026-03-22 20:46:24.850 LOG 0: Запрос от C# 1 (req_id=38): {"cmd":"getClassInfo","createdTime":1774201584468,"id":38,"data":{"cmd":"getClassInfo","createdTime":1774201584468,"data":"MTQR"}}
2026-03-22 20:46:24.900 LOG 1: После dispatch: cmd=getClassInfo, data тип=table
2026-03-22 20:46:24.950 LOG 0: Запрос от C# 1 (req_id=39): {"cmd":"getClassInfo","createdTime":1774201584469,"id":39,"data":{"cmd":"getClassInfo","createdTime":1774201584469,"data":"TQBR"}}
2026-03-22 20:46:24.000 LOG 1: После dispatch: cmd=getClassInfo, data тип=table
2026-03-22 20:46:24.050 LOG 0: Запрос от C# 1 (req_id=40): {"cmd":"getClassInfo","createdTime":1774201584470,"id":40,"data":{"cmd":"getClassInfo","createdTime":1774201584470,"data":"TQOB"}}
2026-03-22 20:46:24.100 LOG 1: После dispatch: cmd=getClassInfo, data тип=table
2026-03-22 20:46:24.150 LOG 0: Запрос от C# 1 (req_id=41): {"cmd":"getClassInfo","createdTime":1774201584471,"id":41,"data":{"cmd":"getClassInfo","createdTime":1774201584471,"data":"TQIF"}}
2026-03-22 20:46:24.200 LOG 1: После dispatch: cmd=getClassInfo, data тип=table
2026-03-22 20:46:24.250 LOG 0: Запрос от C# 1 (req_id=42): {"cmd":"getClassInfo","createdTime":1774201584471,"id":42,"data":{"cmd":"getClassInfo","createdTime":1774201584471,"data":"TQTF"}}
2026-03-22 20:46:24.300 LOG 1: После dispatch: cmd=getClassInfo, data тип=table
2026-03-22 20:46:24.350 LOG 0: Запрос от C# 1 (req_id=43): {"cmd":"getClassInfo","createdTime":1774201584472,"id":43,"data":{"cmd":"getClassInfo","createdTime":1774201584472,"data":"TQTF_W"}}
2026-03-22 20:46:24.400 LOG 1: После dispatch: cmd=getClassInfo, data тип=table
2026-03-22 20:46:24.450 LOG 0: Запрос от C# 1 (req_id=44): {"cmd":"getClassInfo","createdTime":1774201584472,"id":44,"data":{"cmd":"getClassInfo","createdTime":1774201584472,"data":"TQBD"}}
2026-03-22 20:46:24.500 LOG 1: После dispatch: cmd=getClassInfo, data тип=table
2026-03-22 20:46:24.550 LOG 0: Запрос от C# 1 (req_id=45): {"cmd":"getClassInfo","createdTime":1774201584473,"id":45,"data":{"cmd":"getClassInfo","createdTime":1774201584473,"data":"TQTD"}}
2026-03-22 20:46:24.600 LOG 1: После dispatch: cmd=getClassInfo, data тип=table
2026-03-22 20:46:24.650 LOG 0: Запрос от C# 1 (req_id=46): {"cmd":"getClassInfo","createdTime":1774201584474,"id":46,"data":{"cmd":"getClassInfo","createdTime":1774201584474,"data":"TQOD"}}
2026-03-22 20:46:24.700 LOG 1: После dispatch: cmd=getClassInfo, data тип=table
2026-03-22 20:46:24.750 LOG 0: Запрос от C# 1 (req_id=47): {"cmd":"getClassInfo","createdTime":1774201584474,"id":47,"data":{"cmd":"getClassInfo","createdTime":1774201584474,"data":"TQOY"}}
2026-03-22 20:46:24.800 LOG 1: После dispatch: cmd=getClassInfo, data тип=table
2026-03-22 20:46:24.850 LOG 0: Запрос от C# 1 (req_id=48): {"cmd":"getClassInfo","createdTime":1774201584475,"id":48,"data":{"cmd":"getClassInfo","createdTime":1774201584475,"data":"TQTF_F_HOL"}}
2026-03-22 20:46:24.900 LOG 1: После dispatch: cmd=getClassInfo, data тип=table
2026-03-22 20:46:24.950 LOG 0: Запрос от C# 1 (req_id=49): {"cmd":"getClassInfo","createdTime":1774201584475,"id":49,"data":{"cmd":"getClassInfo","createdTime":1774201584475,"data":"EES_OTC"}}
2026-03-22 20:46:24.000 LOG 1: После dispatch: cmd=getClassInfo, data тип=table
2026-03-22 20:46:24.050 LOG 0: Запрос от C# 1 (req_id=50): {"cmd":"getClassInfo","createdTime":1774201584476,"id":50,"data":{"cmd":"getClassInfo","createdTime":1774201584476,"data":"TQTF_F"}}
2026-03-22 20:46:24.100 LOG 1: После dispatch: cmd=getClassInfo, data тип=table
2026-03-22 20:46:24.150 LOG 0: Запрос от C# 1 (req_id=51): {"cmd":"getClassInfo","createdTime":1774201584477,"id":51,"data":{"cmd":"getClassInfo","createdTime":1774201584477,"data":"SMS"}}
2026-03-22 20:46:24.200 LOG 1: После dispatch: cmd=getClassInfo, data тип=table
2026-03-22 20:46:24.250 LOG 0: Запрос от C# 1 (req_id=52): {"cmd":"getClassInfo","createdTime":1774201584477,"id":52,"data":{"cmd":"getClassInfo","createdTime":1774201584477,"data":"MPAU"}}
2026-03-22 20:46:24.300 LOG 1: После dispatch: cmd=getClassInfo, data тип=table
2026-03-22 20:46:24.350 LOG 0: Запрос от C# 1 (req_id=53): {"cmd":"getClassInfo","createdTime":1774201584478,"id":53,"data":{"cmd":"getClassInfo","createdTime":1774201584478,"data":"PSAU"}}
2026-03-22 20:46:24.400 LOG 1: После dispatch: cmd=getClassInfo, data тип=table
2026-03-22 20:46:24.450 LOG 0: Запрос от C# 1 (req_id=54): {"cmd":"getClassInfo","createdTime":1774201584479,"id":54,"data":{"cmd":"getClassInfo","createdTime":1774201584479,"data":"PACY"}}
2026-03-22 20:46:24.500 LOG 1: После dispatch: cmd=getClassInfo, data тип=table
2026-03-22 20:46:24.550 LOG 0: Запрос от C# 1 (req_id=55): {"cmd":"getClassInfo","createdTime":1774201584479,"id":55,"data":{"cmd":"getClassInfo","createdTime":1774201584479,"data":"QT_EQ"}}
2026-03-22 20:46:24.600 LOG 1: После dispatch: cmd=getClassInfo, data тип=table
2026-03-22 20:46:24.650 LOG 0: Запрос от C# 1 (req_id=56): {"cmd":"getClassesList","createdTime":1774201584480,"id":56,"data":{"cmd":"getClassesList","createdTime":1774201584480,"data":""}}
2026-03-22 20:46:24.700 LOG 0: Р’С‹Р·РѕРІ getClassesList, req_id=?
2026-03-22 20:46:24.750 LOG 1: После dispatch: cmd=getClassesList, data тип=string
2026-03-22 20:46:24.800 LOG 0: Запрос от C# 1 (req_id=57): {"cmd":"getClassSecurities","createdTime":1774201584482,"id":57,"data":{"cmd":"getClassSecurities","createdTime":1774201584482,"data":"TQTE"}}
2026-03-22 20:46:24.850 LOG 1: После dispatch: cmd=getClassSecurities, data тип=string
2026-03-22 20:46:24.900 LOG 0: Запрос от C# 1 (req_id=58): {"cmd":"getClassSecurities","createdTime":1774201584485,"id":58,"data":{"cmd":"getClassSecurities","createdTime":1774201584485,"data":"TQCB"}}
2026-03-22 20:46:24.950 LOG 1: После dispatch: cmd=getClassSecurities, data тип=string
2026-03-22 20:46:24.000 LOG 0: Запрос от C# 1 (req_id=59): {"cmd":"getClassSecurities","createdTime":1774201584571,"id":59,"data":{"cmd":"getClassSecurities","createdTime":1774201584571,"data":"TQOE"}}
2026-03-22 20:46:24.050 LOG 1: После dispatch: cmd=getClassSecurities, data тип=string
2026-03-22 20:46:24.100 LOG 0: Запрос от C# 1 (req_id=60): {"cmd":"getClassSecurities","createdTime":1774201584572,"id":60,"data":{"cmd":"getClassSecurities","createdTime":1774201584572,"data":"TQRD"}}
2026-03-22 20:46:24.150 LOG 1: После dispatch: cmd=getClassSecurities, data тип=string
2026-03-22 20:46:24.200 LOG 0: Запрос от C# 1 (req_id=61): {"cmd":"getClassSecurities","createdTime":1774201584574,"id":61,"data":{"cmd":"getClassSecurities","createdTime":1774201584574,"data":"TQUD"}}
2026-03-22 20:46:24.250 LOG 1: После dispatch: cmd=getClassSecurities, data тип=string
2026-03-22 20:46:24.300 LOG 0: Запрос от C# 1 (req_id=62): {"cmd":"getClassSecurities","createdTime":1774201584574,"id":62,"data":{"cmd":"getClassSecurities","createdTime":1774201584574,"data":"TQED"}}
2026-03-22 20:46:24.350 LOG 1: После dispatch: cmd=getClassSecurities, data тип=string
2026-03-22 20:46:24.400 LOG 0: Запрос от C# 1 (req_id=63): {"cmd":"getClassSecurities","createdTime":1774201584575,"id":63,"data":{"cmd":"getClassSecurities","createdTime":1774201584575,"data":"FQBR"}}
2026-03-22 20:46:24.450 LOG 1: После dispatch: cmd=getClassSecurities, data тип=string
2026-03-22 20:46:24.500 LOG 0: Запрос от C# 1 (req_id=64): {"cmd":"getClassSecurities","createdTime":1774201584576,"id":64,"data":{"cmd":"getClassSecurities","createdTime":1774201584576,"data":"SPBFUT"}}
2026-03-22 20:46:24.550 LOG 1: После dispatch: cmd=getClassSecurities, data тип=string
2026-03-22 20:46:24.600 LOG 0: Запрос от C# 1 (req_id=65): {"cmd":"getClassSecurities","createdTime":1774201584582,"id":65,"data":{"cmd":"getClassSecurities","createdTime":1774201584582,"data":"SPBOPT"}}
2026-03-22 20:46:24.650 LOG 1: После dispatch: cmd=getClassSecurities, data тип=string
2026-03-22 20:46:24.700 LOG 0: Запрос от C# 1 (req_id=66): {"cmd":"getClassSecurities","createdTime":1774201584825,"id":66,"data":{"cmd":"getClassSecurities","createdTime":1774201584825,"data":"OPTSPOT"}}
2026-03-22 20:46:24.750 LOG 1: После dispatch: cmd=getClassSecurities, data тип=string
2026-03-22 20:46:25.050 LOG 0: Запрос от C# 1 (req_id=67): {"cmd":"getClassSecurities","createdTime":1774201585223,"id":67,"data":{"cmd":"getClassSecurities","createdTime":1774201585223,"data":"OPTCURNCY"}}
2026-03-22 20:46:25.100 LOG 1: После dispatch: cmd=getClassSecurities, data тип=string
2026-03-22 20:46:25.150 LOG 0: Запрос от C# 1 (req_id=68): {"cmd":"getClassSecurities","createdTime":1774201585230,"id":68,"data":{"cmd":"getClassSecurities","createdTime":1774201585230,"data":"OPTCOMDTY"}}
2026-03-22 20:46:25.200 LOG 1: После dispatch: cmd=getClassSecurities, data тип=string
2026-03-22 20:46:25.250 LOG 0: Запрос от C# 1 (req_id=69): {"cmd":"getClassSecurities","createdTime":1774201585246,"id":69,"data":{"cmd":"getClassSecurities","createdTime":1774201585246,"data":"OPTIDX"}}
2026-03-22 20:46:25.300 LOG 1: После dispatch: cmd=getClassSecurities, data тип=string
2026-03-22 20:46:25.350 LOG 0: Запрос от C# 1 (req_id=70): {"cmd":"getClassSecurities","createdTime":1774201585300,"id":70,"data":{"cmd":"getClassSecurities","createdTime":1774201585300,"data":"RTSIDX"}}
2026-03-22 20:46:25.400 LOG 1: После dispatch: cmd=getClassSecurities, data тип=string
2026-03-22 20:46:25.450 LOG 0: Запрос от C# 1 (req_id=71): {"cmd":"getClassSecurities","createdTime":1774201585309,"id":71,"data":{"cmd":"getClassSecurities","createdTime":1774201585309,"data":"FUTCLT"}}
2026-03-22 20:46:25.500 LOG 1: После dispatch: cmd=getClassSecurities, data тип=string
2026-03-22 20:46:25.550 LOG 0: Запрос от C# 1 (req_id=72): {"cmd":"getClassSecurities","createdTime":1774201585314,"id":72,"data":{"cmd":"getClassSecurities","createdTime":1774201585314,"data":"SPBXM"}}
2026-03-22 20:46:25.600 LOG 1: После dispatch: cmd=getClassSecurities, data тип=string
2026-03-22 20:46:25.650 LOG 0: Запрос от C# 1 (req_id=73): {"cmd":"getClassSecurities","createdTime":1774201585341,"id":73,"data":{"cmd":"getClassSecurities","createdTime":1774201585341,"data":"SPBDE"}}
2026-03-22 20:46:25.700 LOG 1: После dispatch: cmd=getClassSecurities, data тип=string
2026-03-22 20:46:25.750 LOG 0: Запрос от C# 1 (req_id=74): {"cmd":"getClassSecurities","createdTime":1774201585350,"id":74,"data":{"cmd":"getClassSecurities","createdTime":1774201585350,"data":"SPBRU"}}
2026-03-22 20:46:25.800 LOG 1: После dispatch: cmd=getClassSecurities, data тип=string
2026-03-22 20:46:25.850 LOG 0: Запрос от C# 1 (req_id=75): {"cmd":"getClassSecurities","createdTime":1774201585356,"id":75,"data":{"cmd":"getClassSecurities","createdTime":1774201585356,"data":"SPBRUBND"}}
2026-03-22 20:46:25.900 LOG 1: После dispatch: cmd=getClassSecurities, data тип=string
2026-03-22 20:46:25.950 LOG 0: Запрос от C# 1 (req_id=76): {"cmd":"getClassSecurities","createdTime":1774201585357,"id":76,"data":{"cmd":"getClassSecurities","createdTime":1774201585357,"data":"SPBRU_USD"}}
2026-03-22 20:46:25.000 LOG 1: После dispatch: cmd=getClassSecurities, data тип=string
2026-03-22 20:46:25.050 LOG 0: Запрос от C# 1 (req_id=77): {"cmd":"getClassSecurities","createdTime":1774201585360,"id":77,"data":{"cmd":"getClassSecurities","createdTime":1774201585360,"data":"PSSPBRUBNDDO"}}
2026-03-22 20:46:25.100 LOG 1: После dispatch: cmd=getClassSecurities, data тип=string
2026-03-22 20:46:25.150 LOG 0: Запрос от C# 1 (req_id=78): {"cmd":"getClassSecurities","createdTime":1774201585361,"id":78,"data":{"cmd":"getClassSecurities","createdTime":1774201585361,"data":"REPORT"}}
2026-03-22 20:46:25.200 LOG 1: После dispatch: cmd=getClassSecurities, data тип=string
2026-03-22 20:46:25.250 LOG 0: Запрос от C# 1 (req_id=79): {"cmd":"getClassSecurities","createdTime":1774201585362,"id":79,"data":{"cmd":"getClassSecurities","createdTime":1774201585362,"data":"REPORTFORTS"}}
2026-03-22 20:46:25.300 LOG 1: После dispatch: cmd=getClassSecurities, data тип=string
2026-03-22 20:46:25.350 LOG 0: Запрос от C# 1 (req_id=80): {"cmd":"getClassSecurities","createdTime":1774201585363,"id":80,"data":{"cmd":"getClassSecurities","createdTime":1774201585363,"data":"CROSSRATE"}}
2026-03-22 20:46:25.400 LOG 1: После dispatch: cmd=getClassSecurities, data тип=string
2026-03-22 20:46:25.450 LOG 0: Запрос от C# 1 (req_id=81): {"cmd":"getClassSecurities","createdTime":1774201585363,"id":81,"data":{"cmd":"getClassSecurities","createdTime":1774201585363,"data":"QT_BN"}}
2026-03-22 20:46:25.500 LOG 1: После dispatch: cmd=getClassSecurities, data тип=string
2026-03-22 20:46:25.550 LOG 0: Запрос от C# 1 (req_id=82): {"cmd":"getClassSecurities","createdTime":1774201585365,"id":82,"data":{"cmd":"getClassSecurities","createdTime":1774201585365,"data":"INDX"}}
2026-03-22 20:46:25.600 LOG 1: После dispatch: cmd=getClassSecurities, data тип=string
2026-03-22 20:46:25.650 LOG 0: Запрос от C# 1 (req_id=83): {"cmd":"getClassSecurities","createdTime":1774201585367,"id":83,"data":{"cmd":"getClassSecurities","createdTime":1774201585366,"data":"TQIF_HOL"}}
2026-03-22 20:46:25.700 LOG 1: После dispatch: cmd=getClassSecurities, data тип=string
2026-03-22 20:46:25.750 LOG 0: Запрос от C# 1 (req_id=84): {"cmd":"getClassSecurities","createdTime":1774201585371,"id":84,"data":{"cmd":"getClassSecurities","createdTime":1774201585371,"data":"TQTF_HOL"}}
2026-03-22 20:46:25.800 LOG 1: После dispatch: cmd=getClassSecurities, data тип=string
2026-03-22 20:46:25.850 LOG 0: Запрос от C# 1 (req_id=85): {"cmd":"getClassSecurities","createdTime":1774201585372,"id":85,"data":{"cmd":"getClassSecurities","createdTime":1774201585372,"data":"TQTF_W_HOL"}}
2026-03-22 20:46:25.900 LOG 1: После dispatch: cmd=getClassSecurities, data тип=string
2026-03-22 20:46:25.950 LOG 0: Запрос от C# 1 (req_id=86): {"cmd":"getClassSecurities","createdTime":1774201585373,"id":86,"data":{"cmd":"getClassSecurities","createdTime":1774201585373,"data":"UP"}}
2026-03-22 20:46:25.000 LOG 1: После dispatch: cmd=getClassSecurities, data тип=string
2026-03-22 20:46:25.050 LOG 0: Запрос от C# 1 (req_id=87): {"cmd":"getClassSecurities","createdTime":1774201585377,"id":87,"data":{"cmd":"getClassSecurities","createdTime":1774201585377,"data":"CETS"}}
2026-03-22 20:46:25.100 LOG 1: После dispatch: cmd=getClassSecurities, data тип=string
2026-03-22 20:46:25.150 LOG 0: Запрос от C# 1 (req_id=88): {"cmd":"getClassSecurities","createdTime":1774201585381,"id":88,"data":{"cmd":"getClassSecurities","createdTime":1774201585381,"data":"CETS_MTL"}}
2026-03-22 20:46:25.200 LOG 1: После dispatch: cmd=getClassSecurities, data тип=string
2026-03-22 20:46:25.250 LOG 0: Запрос от C# 1 (req_id=89): {"cmd":"getClassSecurities","createdTime":1774201585383,"id":89,"data":{"cmd":"getClassSecurities","createdTime":1774201585383,"data":"TQFD"}}
2026-03-22 20:46:25.300 LOG 1: После dispatch: cmd=getClassSecurities, data тип=string
2026-03-22 20:46:25.350 LOG 0: Запрос от C# 1 (req_id=90): {"cmd":"getClassSecurities","createdTime":1774201585383,"id":90,"data":{"cmd":"getClassSecurities","createdTime":1774201585383,"data":"TQFE"}}
2026-03-22 20:46:25.400 LOG 1: После dispatch: cmd=getClassSecurities, data тип=string
2026-03-22 20:46:25.450 LOG 0: Запрос от C# 1 (req_id=91): {"cmd":"getClassSecurities","createdTime":1774201585384,"id":91,"data":{"cmd":"getClassSecurities","createdTime":1774201585384,"data":"TQTY"}}
2026-03-22 20:46:25.500 LOG 1: После dispatch: cmd=getClassSecurities, data тип=string
2026-03-22 20:46:25.550 LOG 0: Запрос от C# 1 (req_id=92): {"cmd":"getClassSecurities","createdTime":1774201585385,"id":92,"data":{"cmd":"getClassSecurities","createdTime":1774201585385,"data":"MTQR"}}
2026-03-22 20:46:25.600 LOG 1: После dispatch: cmd=getClassSecurities, data тип=string
2026-03-22 20:46:25.650 LOG 0: Запрос от C# 1 (req_id=93): {"cmd":"getClassSecurities","createdTime":1774201585399,"id":93,"data":{"cmd":"getClassSecurities","createdTime":1774201585399,"data":"TQBR"}}
2026-03-22 20:46:25.700 LOG 1: После dispatch: cmd=getClassSecurities, data тип=string
2026-03-22 20:46:25.750 LOG 0: Запрос от C# 1 (req_id=94): {"cmd":"getClassSecurities","createdTime":1774201585402,"id":94,"data":{"cmd":"getClassSecurities","createdTime":1774201585402,"data":"TQOB"}}
2026-03-22 20:46:25.800 LOG 1: После dispatch: cmd=getClassSecurities, data тип=string
2026-03-22 20:46:25.850 LOG 0: Запрос от C# 1 (req_id=95): {"cmd":"getClassSecurities","createdTime":1774201585408,"id":95,"data":{"cmd":"getClassSecurities","createdTime":1774201585408,"data":"TQIF"}}
2026-03-22 20:46:25.900 LOG 1: После dispatch: cmd=getClassSecurities, data тип=string
2026-03-22 20:46:25.950 LOG 0: Запрос от C# 1 (req_id=96): {"cmd":"getClassSecurities","createdTime":1774201585409,"id":96,"data":{"cmd":"getClassSecurities","createdTime":1774201585409,"data":"TQTF"}}
2026-03-22 20:46:25.000 LOG 1: После dispatch: cmd=getClassSecurities, data тип=string
2026-03-22 20:46:25.050 LOG 0: Запрос от C# 1 (req_id=97): {"cmd":"getClassSecurities","createdTime":1774201585411,"id":97,"data":{"cmd":"getClassSecurities","createdTime":1774201585411,"data":"TQTF_W"}}
2026-03-22 20:46:25.100 LOG 1: После dispatch: cmd=getClassSecurities, data тип=string
2026-03-22 20:46:25.150 LOG 0: Запрос от C# 1 (req_id=98): {"cmd":"getClassSecurities","createdTime":1774201585412,"id":98,"data":{"cmd":"getClassSecurities","createdTime":1774201585412,"data":"TQBD"}}
2026-03-22 20:46:25.200 LOG 1: После dispatch: cmd=getClassSecurities, data тип=string
2026-03-22 20:46:25.250 LOG 0: Запрос от C# 1 (req_id=99): {"cmd":"getClassSecurities","createdTime":1774201585413,"id":99,"data":{"cmd":"getClassSecurities","createdTime":1774201585413,"data":"TQTD"}}
2026-03-22 20:46:25.300 LOG 1: После dispatch: cmd=getClassSecurities, data тип=string
2026-03-22 20:46:25.350 LOG 0: Запрос от C# 1 (req_id=100): {"cmd":"getClassSecurities","createdTime":1774201585413,"id":100,"data":{"cmd":"getClassSecurities","createdTime":1774201585413,"data":"TQOD"}}
2026-03-22 20:46:25.400 LOG 1: После dispatch: cmd=getClassSecurities, data тип=string
2026-03-22 20:46:25.450 LOG 0: Запрос от C# 1 (req_id=101): {"cmd":"getClassSecurities","createdTime":1774201585414,"id":101,"data":{"cmd":"getClassSecurities","createdTime":1774201585414,"data":"TQOY"}}
2026-03-22 20:46:25.500 LOG 1: После dispatch: cmd=getClassSecurities, data тип=string
2026-03-22 20:46:25.550 LOG 0: Запрос от C# 1 (req_id=102): {"cmd":"getClassSecurities","createdTime":1774201585416,"id":102,"data":{"cmd":"getClassSecurities","createdTime":1774201585416,"data":"TQTF_F_HOL"}}
2026-03-22 20:46:25.600 LOG 1: После dispatch: cmd=getClassSecurities, data тип=string
2026-03-22 20:46:25.650 LOG 0: Запрос от C# 1 (req_id=103): {"cmd":"getClassSecurities","createdTime":1774201585417,"id":103,"data":{"cmd":"getClassSecurities","createdTime":1774201585417,"data":"EES_OTC"}}
2026-03-22 20:46:25.700 LOG 1: После dispatch: cmd=getClassSecurities, data тип=string
2026-03-22 20:46:25.750 LOG 0: Запрос от C# 1 (req_id=104): {"cmd":"getClassSecurities","createdTime":1774201585417,"id":104,"data":{"cmd":"getClassSecurities","createdTime":1774201585417,"data":"TQTF_F"}}
2026-03-22 20:46:25.800 LOG 1: После dispatch: cmd=getClassSecurities, data тип=string
2026-03-22 20:46:25.850 LOG 0: Запрос от C# 1 (req_id=105): {"cmd":"getClassSecurities","createdTime":1774201585418,"id":105,"data":{"cmd":"getClassSecurities","createdTime":1774201585418,"data":"SMS"}}
2026-03-22 20:46:25.900 LOG 1: После dispatch: cmd=getClassSecurities, data тип=string
2026-03-22 20:46:25.950 LOG 0: Запрос от C# 1 (req_id=106): {"cmd":"getClassSecurities","createdTime":1774201585418,"id":106,"data":{"cmd":"getClassSecurities","createdTime":1774201585418,"data":"MPAU"}}
2026-03-22 20:46:25.000 LOG 1: После dispatch: cmd=getClassSecurities, data тип=string
2026-03-22 20:46:25.050 LOG 0: Запрос от C# 1 (req_id=107): {"cmd":"getClassSecurities","createdTime":1774201585419,"id":107,"data":{"cmd":"getClassSecurities","createdTime":1774201585419,"data":"PSAU"}}
2026-03-22 20:46:25.100 LOG 1: После dispatch: cmd=getClassSecurities, data тип=string
2026-03-22 20:46:25.150 LOG 0: Запрос от C# 1 (req_id=108): {"cmd":"getClassSecurities","createdTime":1774201585425,"id":108,"data":{"cmd":"getClassSecurities","createdTime":1774201585425,"data":"PACY"}}
2026-03-22 20:46:25.200 LOG 1: После dispatch: cmd=getClassSecurities, data тип=string
2026-03-22 20:46:25.250 LOG 0: Запрос от C# 1 (req_id=109): {"cmd":"getClassSecurities","createdTime":1774201585427,"id":109,"data":{"cmd":"getClassSecurities","createdTime":1774201585427,"data":"QT_EQ"}}
2026-03-22 20:46:25.300 LOG 1: После dispatch: cmd=getClassSecurities, data тип=string
2026-03-22 20:46:25.350 LOG 0: Запрос от C# 1 (req_id=110): {"cmd":"getSecurityInfo","createdTime":1774201585431,"id":110,"data":{"cmd":"getSecurityInfo","createdTime":1774201585430,"data":"SPBFUT|RIM6"}}
2026-03-22 20:46:25.400 LOG 1: После dispatch: cmd=getSecurityInfo, data тип=table
2026-03-22 20:46:25.450 LOG 0: Запрос от C# 1 (req_id=111): {"cmd":"getSecurityInfo","createdTime":1774201585455,"id":111,"data":{"cmd":"getSecurityInfo","createdTime":1774201585455,"data":"TQBR|LKOH"}}
2026-03-22 20:46:25.500 LOG 1: После dispatch: cmd=getSecurityInfo, data тип=table
2026-03-22 20:46:25.550 LOG 0: Запрос от C# 1 (req_id=112): {"cmd":"isConnected","createdTime":1774201585459,"id":112,"data":{"cmd":"isConnected","createdTime":1774201585459,"data":""}}
2026-03-22 20:46:25.650 LOG 1: После dispatch: cmd=isConnected, data тип=string
2026-03-22 20:46:25.700 LOG 0: Запрос от C# 1 (req_id=113): {"cmd":"getWorkingFolder","createdTime":1774201585461,"id":113,"data":{"cmd":"getWorkingFolder","createdTime":1774201585461,"data":""}}
2026-03-22 20:46:25.800 LOG 1: После dispatch: cmd=getWorkingFolder, data тип=string
2026-03-22 20:46:25.850 LOG 0: Запрос от C# 1 (req_id=114): {"cmd":"getScriptPath","createdTime":1774201585462,"id":114,"data":{"cmd":"getScriptPath","createdTime":1774201585462,"data":""}}
2026-03-22 20:46:25.950 LOG 1: После dispatch: cmd=getScriptPath, data тип=string
2026-03-22 20:46:25.000 LOG 0: Запрос от C# 1 (req_id=115): {"cmd":"getInfoParam","createdTime":1774201585466,"id":115,"data":{"cmd":"getInfoParam","createdTime":1774201585466,"data":"VERSION"}}
2026-03-22 20:46:25.100 LOG 1: После dispatch: cmd=getInfoParam, data тип=string
2026-03-22 20:46:25.150 LOG 0: Запрос от C# 1 (req_id=116): {"cmd":"getInfoParam","createdTime":1774201585467,"id":116,"data":{"cmd":"getInfoParam","createdTime":1774201585467,"data":"TRADEDATE"}}
2026-03-22 20:46:25.250 LOG 1: После dispatch: cmd=getInfoParam, data тип=string
2026-03-22 20:46:25.300 LOG 0: Запрос от C# 1 (req_id=117): {"cmd":"getInfoParam","createdTime":1774201585468,"id":117,"data":{"cmd":"getInfoParam","createdTime":1774201585468,"data":"SERVERTIME"}}
2026-03-22 20:46:25.400 LOG 1: После dispatch: cmd=getInfoParam, data тип=string
2026-03-22 20:46:25.450 LOG 0: Запрос от C# 1 (req_id=118): {"cmd":"getInfoParam","createdTime":1774201585469,"id":118,"data":{"cmd":"getInfoParam","createdTime":1774201585469,"data":"LASTRECORDTIME"}}
2026-03-22 20:46:25.550 LOG 1: После dispatch: cmd=getInfoParam, data тип=string
2026-03-22 20:46:25.600 LOG 0: Запрос от C# 1 (req_id=119): {"cmd":"getInfoParam","createdTime":1774201585470,"id":119,"data":{"cmd":"getInfoParam","createdTime":1774201585470,"data":"NUMRECORDS"}}
2026-03-22 20:46:25.700 LOG 1: После dispatch: cmd=getInfoParam, data тип=string
2026-03-22 20:46:25.750 LOG 0: Запрос от C# 1 (req_id=120): {"cmd":"getInfoParam","createdTime":1774201585470,"id":120,"data":{"cmd":"getInfoParam","createdTime":1774201585470,"data":"LASTRECORD"}}
2026-03-22 20:46:25.850 LOG 1: После dispatch: cmd=getInfoParam, data тип=string
2026-03-22 20:46:25.900 LOG 0: Запрос от C# 1 (req_id=121): {"cmd":"getInfoParam","createdTime":1774201585471,"id":121,"data":{"cmd":"getInfoParam","createdTime":1774201585471,"data":"LATERECORD"}}
2026-03-22 20:46:25.000 LOG 1: После dispatch: cmd=getInfoParam, data тип=string
2026-03-22 20:46:25.050 LOG 0: Запрос от C# 1 (req_id=122): {"cmd":"getInfoParam","createdTime":1774201585471,"id":122,"data":{"cmd":"getInfoParam","createdTime":1774201585471,"data":"CONNECTION"}}
2026-03-22 20:46:25.150 LOG 1: После dispatch: cmd=getInfoParam, data тип=string
2026-03-22 20:46:25.200 LOG 0: Запрос от C# 1 (req_id=123): {"cmd":"getInfoParam","createdTime":1774201585472,"id":123,"data":{"cmd":"getInfoParam","createdTime":1774201585472,"data":"IPADDRESS"}}
2026-03-22 20:46:25.300 LOG 1: После dispatch: cmd=getInfoParam, data тип=string
2026-03-22 20:46:25.350 LOG 0: Запрос от C# 1 (req_id=124): {"cmd":"getInfoParam","createdTime":1774201585472,"id":124,"data":{"cmd":"getInfoParam","createdTime":1774201585472,"data":"IPPORT"}}
2026-03-22 20:46:25.450 LOG 1: После dispatch: cmd=getInfoParam, data тип=string
2026-03-22 20:46:25.500 LOG 0: Запрос от C# 1 (req_id=125): {"cmd":"getInfoParam","createdTime":1774201585474,"id":125,"data":{"cmd":"getInfoParam","createdTime":1774201585474,"data":"IPCOMMENT"}}
2026-03-22 20:46:25.600 LOG 1: После dispatch: cmd=getInfoParam, data тип=string
2026-03-22 20:46:25.650 LOG 0: Запрос от C# 1 (req_id=126): {"cmd":"getInfoParam","createdTime":1774201585474,"id":126,"data":{"cmd":"getInfoParam","createdTime":1774201585474,"data":"SERVER"}}
2026-03-22 20:46:25.750 LOG 1: После dispatch: cmd=getInfoParam, data тип=string
2026-03-22 20:46:25.800 LOG 0: Запрос от C# 1 (req_id=127): {"cmd":"getInfoParam","createdTime":1774201585475,"id":127,"data":{"cmd":"getInfoParam","createdTime":1774201585475,"data":"SESSIONID"}}
2026-03-22 20:46:25.900 LOG 1: После dispatch: cmd=getInfoParam, data тип=string
2026-03-22 20:46:25.950 LOG 0: Запрос от C# 1 (req_id=128): {"cmd":"getInfoParam","createdTime":1774201585475,"id":128,"data":{"cmd":"getInfoParam","createdTime":1774201585475,"data":"USER"}}
2026-03-22 20:46:25.050 LOG 1: После dispatch: cmd=getInfoParam, data тип=string
2026-03-22 20:46:25.100 LOG 0: Запрос от C# 1 (req_id=129): {"cmd":"getInfoParam","createdTime":1774201585476,"id":129,"data":{"cmd":"getInfoParam","createdTime":1774201585476,"data":"USERID"}}
2026-03-22 20:46:25.200 LOG 1: После dispatch: cmd=getInfoParam, data тип=string
2026-03-22 20:46:25.250 LOG 0: Запрос от C# 1 (req_id=130): {"cmd":"getInfoParam","createdTime":1774201585477,"id":130,"data":{"cmd":"getInfoParam","createdTime":1774201585476,"data":"ORG"}}
2026-03-22 20:46:25.350 LOG 1: После dispatch: cmd=getInfoParam, data тип=string
2026-03-22 20:46:25.400 LOG 0: Запрос от C# 1 (req_id=131): {"cmd":"getInfoParam","createdTime":1774201585477,"id":131,"data":{"cmd":"getInfoParam","createdTime":1774201585477,"data":"MEMORY"}}
2026-03-22 20:46:25.500 LOG 1: После dispatch: cmd=getInfoParam, data тип=string
2026-03-22 20:46:25.550 LOG 0: Запрос от C# 1 (req_id=132): {"cmd":"getInfoParam","createdTime":1774201585478,"id":132,"data":{"cmd":"getInfoParam","createdTime":1774201585478,"data":"LOCALTIME"}}
2026-03-22 20:46:25.650 LOG 1: После dispatch: cmd=getInfoParam, data тип=string
2026-03-22 20:46:25.700 LOG 0: Запрос от C# 1 (req_id=133): {"cmd":"getInfoParam","createdTime":1774201585478,"id":133,"data":{"cmd":"getInfoParam","createdTime":1774201585478,"data":"CONNECTIONTIME"}}
2026-03-22 20:46:25.800 LOG 1: После dispatch: cmd=getInfoParam, data тип=string
2026-03-22 20:46:25.850 LOG 0: Запрос от C# 1 (req_id=134): {"cmd":"getInfoParam","createdTime":1774201585478,"id":134,"data":{"cmd":"getInfoParam","createdTime":1774201585478,"data":"MESSAGESSENT"}}
2026-03-22 20:46:25.950 LOG 1: После dispatch: cmd=getInfoParam, data тип=string
2026-03-22 20:46:25.000 LOG 0: Запрос от C# 1 (req_id=135): {"cmd":"getInfoParam","createdTime":1774201585479,"id":135,"data":{"cmd":"getInfoParam","createdTime":1774201585479,"data":"ALLSENT"}}
2026-03-22 20:46:25.100 LOG 1: После dispatch: cmd=getInfoParam, data тип=string
2026-03-22 20:46:25.150 LOG 0: Запрос от C# 1 (req_id=136): {"cmd":"getInfoParam","createdTime":1774201585479,"id":136,"data":{"cmd":"getInfoParam","createdTime":1774201585479,"data":"BYTESSENT"}}
2026-03-22 20:46:25.250 LOG 1: После dispatch: cmd=getInfoParam, data тип=string
2026-03-22 20:46:25.300 LOG 0: Запрос от C# 1 (req_id=137): {"cmd":"getInfoParam","createdTime":1774201585480,"id":137,"data":{"cmd":"getInfoParam","createdTime":1774201585480,"data":"BYTESPERSECSENT"}}
2026-03-22 20:46:25.400 LOG 1: После dispatch: cmd=getInfoParam, data тип=string
2026-03-22 20:46:25.450 LOG 0: Запрос от C# 1 (req_id=138): {"cmd":"getInfoParam","createdTime":1774201585481,"id":138,"data":{"cmd":"getInfoParam","createdTime":1774201585481,"data":"MESSAGESRECV"}}
2026-03-22 20:46:25.550 LOG 1: После dispatch: cmd=getInfoParam, data тип=string
2026-03-22 20:46:25.600 LOG 0: Запрос от C# 1 (req_id=139): {"cmd":"getInfoParam","createdTime":1774201585481,"id":139,"data":{"cmd":"getInfoParam","createdTime":1774201585481,"data":"BYTESRECV"}}
2026-03-22 20:46:25.700 LOG 1: После dispatch: cmd=getInfoParam, data тип=string
2026-03-22 20:46:25.750 LOG 0: Запрос от C# 1 (req_id=140): {"cmd":"getInfoParam","createdTime":1774201585482,"id":140,"data":{"cmd":"getInfoParam","createdTime":1774201585482,"data":"ALLRECV"}}
2026-03-22 20:46:25.850 LOG 1: После dispatch: cmd=getInfoParam, data тип=string
2026-03-22 20:46:25.900 LOG 0: Запрос от C# 1 (req_id=141): {"cmd":"getInfoParam","createdTime":1774201585482,"id":141,"data":{"cmd":"getInfoParam","createdTime":1774201585482,"data":"BYTESPERSECRECV"}}
2026-03-22 20:46:25.000 LOG 1: После dispatch: cmd=getInfoParam, data тип=string
2026-03-22 20:46:25.050 LOG 0: Запрос от C# 1 (req_id=142): {"cmd":"getInfoParam","createdTime":1774201585483,"id":142,"data":{"cmd":"getInfoParam","createdTime":1774201585483,"data":"AVGSENT"}}
2026-03-22 20:46:25.150 LOG 1: После dispatch: cmd=getInfoParam, data тип=string
2026-03-22 20:46:25.200 LOG 0: Запрос от C# 1 (req_id=143): {"cmd":"getInfoParam","createdTime":1774201585483,"id":143,"data":{"cmd":"getInfoParam","createdTime":1774201585483,"data":"AVGRECV"}}
2026-03-22 20:46:25.300 LOG 1: После dispatch: cmd=getInfoParam, data тип=string
2026-03-22 20:46:25.350 LOG 0: Запрос от C# 1 (req_id=144): {"cmd":"getInfoParam","createdTime":1774201585484,"id":144,"data":{"cmd":"getInfoParam","createdTime":1774201585484,"data":"LASTPINGTIME"}}
2026-03-22 20:46:25.450 LOG 1: После dispatch: cmd=getInfoParam, data тип=string
2026-03-22 20:46:25.500 LOG 0: Запрос от C# 1 (req_id=145): {"cmd":"getInfoParam","createdTime":1774201585484,"id":145,"data":{"cmd":"getInfoParam","createdTime":1774201585484,"data":"LASTPINGDURATION"}}
2026-03-22 20:46:25.600 LOG 1: После dispatch: cmd=getInfoParam, data тип=string
2026-03-22 20:46:25.650 LOG 0: Запрос от C# 1 (req_id=146): {"cmd":"getInfoParam","createdTime":1774201585485,"id":146,"data":{"cmd":"getInfoParam","createdTime":1774201585485,"data":"AVGPINGDURATION"}}
2026-03-22 20:46:25.750 LOG 1: После dispatch: cmd=getInfoParam, data тип=string
2026-03-22 20:46:25.800 LOG 0: Запрос от C# 1 (req_id=147): {"cmd":"getInfoParam","createdTime":1774201585485,"id":147,"data":{"cmd":"getInfoParam","createdTime":1774201585485,"data":"MAXPINGTIME"}}
2026-03-22 20:46:25.900 LOG 1: После dispatch: cmd=getInfoParam, data тип=string
2026-03-22 20:46:25.950 LOG 0: Запрос от C# 1 (req_id=148): {"cmd":"getInfoParam","createdTime":1774201585486,"id":148,"data":{"cmd":"getInfoParam","createdTime":1774201585486,"data":"MAXPINGDURATION"}}
2026-03-22 20:46:25.050 LOG 1: После dispatch: cmd=getInfoParam, data тип=string
2026-03-22 20:46:28.050 LOG 0: Запрос от C# 1 (req_id=149): {"cmd":"Subscribe_Level_II_Quotes","createdTime":1774201588707,"id":149,"data":{"cmd":"Subscribe_Level_II_Quotes","createdTime":1774201588704,"data":"SPBFUT|RIH6"}}
2026-03-22 20:46:28.100 LOG 1: Subscribe_Level_II_Quotes called | raw data: SPBFUT|RIH6
2026-03-22 20:46:28.150 LOG 1: РџРѕРґРїРёСЃРєР° Level II: class=SPBFUT, sec=RIH6
2026-03-22 20:46:28.200 LOG 1: После dispatch: cmd=Subscribe_Level_II_Quotes, data тип=boolean
2026-03-22 20:47:36.050 LOG 0: Detected Quik version: 1208, script path: C:\Programming\QuikSharp\lua
2026-03-22 20:47:36.100 LOG 1: Shared memory IPC (variant 2) initialized
2026-03-22 20:47:36.150 LOG 1: QUIK# connected via shared memory (variant 2)
2026-03-22 20:47:44.050 LOG 0: Запрос от C# 1 (req_id=1): {"id":1,"createdTime":1774201664202,"data":{"createdTime":1774201664195,"data":"","cmd":"getClassesList"},"cmd":"getClassesList"}
2026-03-22 20:47:44.100 LOG 0: Р’С‹Р·РѕРІ getClassesList, req_id=?
2026-03-22 20:47:44.150 LOG 1: После dispatch: cmd=getClassesList, data тип=string
2026-03-22 20:47:44.200 LOG 0: Запрос от C# 1 (req_id=2): {"id":2,"createdTime":1774201664275,"data":{"createdTime":1774201664275,"data":"","cmd":"getClassesList"},"cmd":"getClassesList"}
2026-03-22 20:47:44.250 LOG 0: Р’С‹Р·РѕРІ getClassesList, req_id=?
2026-03-22 20:47:44.300 LOG 1: После dispatch: cmd=getClassesList, data тип=string
2026-03-22 20:47:44.350 LOG 0: Запрос от C# 1 (req_id=3): {"id":3,"createdTime":1774201664277,"data":{"createdTime":1774201664277,"data":"TQTE","cmd":"getClassInfo"},"cmd":"getClassInfo"}
2026-03-22 20:47:44.400 LOG 1: После dispatch: cmd=getClassInfo, data тип=table
2026-03-22 20:47:44.450 LOG 0: Запрос от C# 1 (req_id=4): {"id":4,"createdTime":1774201664288,"data":{"createdTime":1774201664288,"data":"TQCB","cmd":"getClassInfo"},"cmd":"getClassInfo"}
2026-03-22 20:47:44.500 LOG 1: После dispatch: cmd=getClassInfo, data тип=table
2026-03-22 20:47:44.550 LOG 0: Запрос от C# 1 (req_id=5): {"id":5,"createdTime":1774201664289,"data":{"createdTime":1774201664289,"data":"TQOE","cmd":"getClassInfo"},"cmd":"getClassInfo"}
2026-03-22 20:47:44.600 LOG 1: После dispatch: cmd=getClassInfo, data тип=table
2026-03-22 20:47:44.650 LOG 0: Запрос от C# 1 (req_id=6): {"id":6,"createdTime":1774201664290,"data":{"createdTime":1774201664290,"data":"TQRD","cmd":"getClassInfo"},"cmd":"getClassInfo"}
2026-03-22 20:47:44.700 LOG 1: После dispatch: cmd=getClassInfo, data тип=table
2026-03-22 20:47:44.750 LOG 0: Запрос от C# 1 (req_id=7): {"id":7,"createdTime":1774201664291,"data":{"createdTime":1774201664291,"data":"TQUD","cmd":"getClassInfo"},"cmd":"getClassInfo"}
2026-03-22 20:47:44.800 LOG 1: После dispatch: cmd=getClassInfo, data тип=table
2026-03-22 20:47:44.850 LOG 0: Запрос от C# 1 (req_id=8): {"id":8,"createdTime":1774201664291,"data":{"createdTime":1774201664291,"data":"TQED","cmd":"getClassInfo"},"cmd":"getClassInfo"}
2026-03-22 20:47:44.900 LOG 1: После dispatch: cmd=getClassInfo, data тип=table
2026-03-22 20:47:44.950 LOG 0: Запрос от C# 1 (req_id=9): {"id":9,"createdTime":1774201664292,"data":{"createdTime":1774201664292,"data":"FQBR","cmd":"getClassInfo"},"cmd":"getClassInfo"}
2026-03-22 20:47:44.000 LOG 1: После dispatch: cmd=getClassInfo, data тип=table
2026-03-22 20:47:44.050 LOG 0: Запрос от C# 1 (req_id=10): {"id":10,"createdTime":1774201664293,"data":{"createdTime":1774201664293,"data":"SPBFUT","cmd":"getClassInfo"},"cmd":"getClassInfo"}
2026-03-22 20:47:44.100 LOG 1: После dispatch: cmd=getClassInfo, data тип=table
2026-03-22 20:47:44.150 LOG 0: Запрос от C# 1 (req_id=11): {"id":11,"createdTime":1774201664294,"data":{"createdTime":1774201664294,"data":"SPBOPT","cmd":"getClassInfo"},"cmd":"getClassInfo"}
2026-03-22 20:47:44.200 LOG 1: После dispatch: cmd=getClassInfo, data тип=table
2026-03-22 20:47:44.250 LOG 0: Запрос от C# 1 (req_id=12): {"id":12,"createdTime":1774201664295,"data":{"createdTime":1774201664295,"data":"OPTSPOT","cmd":"getClassInfo"},"cmd":"getClassInfo"}
2026-03-22 20:47:44.300 LOG 1: После dispatch: cmd=getClassInfo, data тип=table
2026-03-22 20:47:44.350 LOG 0: Запрос от C# 1 (req_id=13): {"id":13,"createdTime":1774201664296,"data":{"createdTime":1774201664296,"data":"OPTCURNCY","cmd":"getClassInfo"},"cmd":"getClassInfo"}
2026-03-22 20:47:44.400 LOG 1: После dispatch: cmd=getClassInfo, data тип=table
2026-03-22 20:47:44.450 LOG 0: Запрос от C# 1 (req_id=14): {"id":14,"createdTime":1774201664296,"data":{"createdTime":1774201664296,"data":"OPTCOMDTY","cmd":"getClassInfo"},"cmd":"getClassInfo"}
2026-03-22 20:47:44.500 LOG 1: После dispatch: cmd=getClassInfo, data тип=table
2026-03-22 20:47:44.550 LOG 0: Запрос от C# 1 (req_id=15): {"id":15,"createdTime":1774201664297,"data":{"createdTime":1774201664297,"data":"OPTIDX","cmd":"getClassInfo"},"cmd":"getClassInfo"}
2026-03-22 20:47:44.600 LOG 1: После dispatch: cmd=getClassInfo, data тип=table
2026-03-22 20:47:44.650 LOG 0: Запрос от C# 1 (req_id=16): {"id":16,"createdTime":1774201664298,"data":{"createdTime":1774201664298,"data":"RTSIDX","cmd":"getClassInfo"},"cmd":"getClassInfo"}
2026-03-22 20:47:44.700 LOG 1: После dispatch: cmd=getClassInfo, data тип=table
2026-03-22 20:47:44.750 LOG 0: Запрос от C# 1 (req_id=17): {"id":17,"createdTime":1774201664298,"data":{"createdTime":1774201664298,"data":"FUTCLT","cmd":"getClassInfo"},"cmd":"getClassInfo"}
2026-03-22 20:47:44.800 LOG 1: После dispatch: cmd=getClassInfo, data тип=table
2026-03-22 20:47:44.850 LOG 0: Запрос от C# 1 (req_id=18): {"id":18,"createdTime":1774201664299,"data":{"createdTime":1774201664299,"data":"SPBXM","cmd":"getClassInfo"},"cmd":"getClassInfo"}
2026-03-22 20:47:44.900 LOG 1: После dispatch: cmd=getClassInfo, data тип=table
2026-03-22 20:47:44.950 LOG 0: Запрос от C# 1 (req_id=19): {"id":19,"createdTime":1774201664303,"data":{"createdTime":1774201664303,"data":"SPBDE","cmd":"getClassInfo"},"cmd":"getClassInfo"}
2026-03-22 20:47:44.000 LOG 1: После dispatch: cmd=getClassInfo, data тип=table
2026-03-22 20:47:44.050 LOG 0: Запрос от C# 1 (req_id=20): {"id":20,"createdTime":1774201664304,"data":{"createdTime":1774201664304,"data":"SPBRU","cmd":"getClassInfo"},"cmd":"getClassInfo"}
2026-03-22 20:47:44.100 LOG 1: После dispatch: cmd=getClassInfo, data тип=table
2026-03-22 20:47:44.150 LOG 0: Запрос от C# 1 (req_id=21): {"id":21,"createdTime":1774201664305,"data":{"createdTime":1774201664305,"data":"SPBRUBND","cmd":"getClassInfo"},"cmd":"getClassInfo"}
2026-03-22 20:47:44.200 LOG 1: После dispatch: cmd=getClassInfo, data тип=table
2026-03-22 20:47:44.250 LOG 0: Запрос от C# 1 (req_id=22): {"id":22,"createdTime":1774201664306,"data":{"createdTime":1774201664306,"data":"SPBRU_USD","cmd":"getClassInfo"},"cmd":"getClassInfo"}
2026-03-22 20:47:44.300 LOG 1: После dispatch: cmd=getClassInfo, data тип=table
2026-03-22 20:47:44.350 LOG 0: Запрос от C# 1 (req_id=23): {"id":23,"createdTime":1774201664307,"data":{"createdTime":1774201664307,"data":"PSSPBRUBNDDO","cmd":"getClassInfo"},"cmd":"getClassInfo"}
2026-03-22 20:47:44.400 LOG 1: После dispatch: cmd=getClassInfo, data тип=table
2026-03-22 20:47:44.450 LOG 0: Запрос от C# 1 (req_id=24): {"id":24,"createdTime":1774201664307,"data":{"createdTime":1774201664307,"data":"REPORT","cmd":"getClassInfo"},"cmd":"getClassInfo"}
2026-03-22 20:47:44.500 LOG 1: После dispatch: cmd=getClassInfo, data тип=table
2026-03-22 20:47:44.550 LOG 0: Запрос от C# 1 (req_id=25): {"id":25,"createdTime":1774201664308,"data":{"createdTime":1774201664308,"data":"REPORTFORTS","cmd":"getClassInfo"},"cmd":"getClassInfo"}
2026-03-22 20:47:44.600 LOG 1: После dispatch: cmd=getClassInfo, data тип=table
2026-03-22 20:47:44.650 LOG 0: Запрос от C# 1 (req_id=26): {"id":26,"createdTime":1774201664309,"data":{"createdTime":1774201664309,"data":"CROSSRATE","cmd":"getClassInfo"},"cmd":"getClassInfo"}
2026-03-22 20:47:44.700 LOG 1: После dispatch: cmd=getClassInfo, data тип=table
2026-03-22 20:47:44.750 LOG 0: Запрос от C# 1 (req_id=27): {"id":27,"createdTime":1774201664309,"data":{"createdTime":1774201664309,"data":"QT_BN","cmd":"getClassInfo"},"cmd":"getClassInfo"}
2026-03-22 20:47:44.800 LOG 1: После dispatch: cmd=getClassInfo, data тип=table
2026-03-22 20:47:44.850 LOG 0: Запрос от C# 1 (req_id=28): {"id":28,"createdTime":1774201664310,"data":{"createdTime":1774201664310,"data":"INDX","cmd":"getClassInfo"},"cmd":"getClassInfo"}
2026-03-22 20:47:44.900 LOG 1: После dispatch: cmd=getClassInfo, data тип=table
2026-03-22 20:47:44.950 LOG 0: Запрос от C# 1 (req_id=29): {"id":29,"createdTime":1774201664311,"data":{"createdTime":1774201664311,"data":"TQIF_HOL","cmd":"getClassInfo"},"cmd":"getClassInfo"}
2026-03-22 20:47:44.000 LOG 1: После dispatch: cmd=getClassInfo, data тип=table
2026-03-22 20:47:44.050 LOG 0: Запрос от C# 1 (req_id=30): {"id":30,"createdTime":1774201664312,"data":{"createdTime":1774201664312,"data":"TQTF_HOL","cmd":"getClassInfo"},"cmd":"getClassInfo"}
2026-03-22 20:47:44.100 LOG 1: После dispatch: cmd=getClassInfo, data тип=table
2026-03-22 20:47:44.150 LOG 0: Запрос от C# 1 (req_id=31): {"id":31,"createdTime":1774201664313,"data":{"createdTime":1774201664313,"data":"TQTF_W_HOL","cmd":"getClassInfo"},"cmd":"getClassInfo"}
2026-03-22 20:47:44.200 LOG 1: После dispatch: cmd=getClassInfo, data тип=table
2026-03-22 20:47:44.250 LOG 0: Запрос от C# 1 (req_id=32): {"id":32,"createdTime":1774201664314,"data":{"createdTime":1774201664314,"data":"UP","cmd":"getClassInfo"},"cmd":"getClassInfo"}
2026-03-22 20:47:44.300 LOG 1: После dispatch: cmd=getClassInfo, data тип=table
2026-03-22 20:47:44.350 LOG 0: Запрос от C# 1 (req_id=33): {"id":33,"createdTime":1774201664314,"data":{"createdTime":1774201664314,"data":"CETS","cmd":"getClassInfo"},"cmd":"getClassInfo"}
2026-03-22 20:47:44.400 LOG 1: После dispatch: cmd=getClassInfo, data тип=table
2026-03-22 20:47:44.450 LOG 0: Запрос от C# 1 (req_id=34): {"id":34,"createdTime":1774201664318,"data":{"createdTime":1774201664318,"data":"CETS_MTL","cmd":"getClassInfo"},"cmd":"getClassInfo"}
2026-03-22 20:47:44.500 LOG 1: После dispatch: cmd=getClassInfo, data тип=table
2026-03-22 20:47:44.550 LOG 0: Запрос от C# 1 (req_id=35): {"id":35,"createdTime":1774201664319,"data":{"createdTime":1774201664319,"data":"TQFD","cmd":"getClassInfo"},"cmd":"getClassInfo"}
2026-03-22 20:47:44.600 LOG 1: После dispatch: cmd=getClassInfo, data тип=table
2026-03-22 20:47:44.650 LOG 0: Запрос от C# 1 (req_id=36): {"id":36,"createdTime":1774201664321,"data":{"createdTime":1774201664321,"data":"TQFE","cmd":"getClassInfo"},"cmd":"getClassInfo"}
2026-03-22 20:47:44.700 LOG 1: После dispatch: cmd=getClassInfo, data тип=table
2026-03-22 20:47:44.750 LOG 0: Запрос от C# 1 (req_id=37): {"id":37,"createdTime":1774201664321,"data":{"createdTime":1774201664321,"data":"TQTY","cmd":"getClassInfo"},"cmd":"getClassInfo"}
2026-03-22 20:47:44.800 LOG 1: После dispatch: cmd=getClassInfo, data тип=table
2026-03-22 20:47:44.850 LOG 0: Запрос от C# 1 (req_id=38): {"id":38,"createdTime":1774201664322,"data":{"createdTime":1774201664322,"data":"MTQR","cmd":"getClassInfo"},"cmd":"getClassInfo"}
2026-03-22 20:47:44.900 LOG 1: После dispatch: cmd=getClassInfo, data тип=table
2026-03-22 20:47:44.950 LOG 0: Запрос от C# 1 (req_id=39): {"id":39,"createdTime":1774201664323,"data":{"createdTime":1774201664323,"data":"TQBR","cmd":"getClassInfo"},"cmd":"getClassInfo"}
2026-03-22 20:47:44.000 LOG 1: После dispatch: cmd=getClassInfo, data тип=table
2026-03-22 20:47:44.050 LOG 0: Запрос от C# 1 (req_id=40): {"id":40,"createdTime":1774201664324,"data":{"createdTime":1774201664324,"data":"TQOB","cmd":"getClassInfo"},"cmd":"getClassInfo"}
2026-03-22 20:47:44.100 LOG 1: После dispatch: cmd=getClassInfo, data тип=table
2026-03-22 20:47:44.150 LOG 0: Запрос от C# 1 (req_id=41): {"id":41,"createdTime":1774201664324,"data":{"createdTime":1774201664324,"data":"TQIF","cmd":"getClassInfo"},"cmd":"getClassInfo"}
2026-03-22 20:47:44.200 LOG 1: После dispatch: cmd=getClassInfo, data тип=table
2026-03-22 20:47:44.250 LOG 0: Запрос от C# 1 (req_id=42): {"id":42,"createdTime":1774201664325,"data":{"createdTime":1774201664325,"data":"TQTF","cmd":"getClassInfo"},"cmd":"getClassInfo"}
2026-03-22 20:47:44.300 LOG 1: После dispatch: cmd=getClassInfo, data тип=table
2026-03-22 20:47:44.350 LOG 0: Запрос от C# 1 (req_id=43): {"id":43,"createdTime":1774201664326,"data":{"createdTime":1774201664326,"data":"TQTF_W","cmd":"getClassInfo"},"cmd":"getClassInfo"}
2026-03-22 20:47:44.400 LOG 1: После dispatch: cmd=getClassInfo, data тип=table
2026-03-22 20:47:44.450 LOG 0: Запрос от C# 1 (req_id=44): {"id":44,"createdTime":1774201664327,"data":{"createdTime":1774201664327,"data":"TQBD","cmd":"getClassInfo"},"cmd":"getClassInfo"}
2026-03-22 20:47:44.500 LOG 1: После dispatch: cmd=getClassInfo, data тип=table
2026-03-22 20:47:44.550 LOG 0: Запрос от C# 1 (req_id=45): {"id":45,"createdTime":1774201664329,"data":{"createdTime":1774201664329,"data":"TQTD","cmd":"getClassInfo"},"cmd":"getClassInfo"}
2026-03-22 20:47:44.600 LOG 1: После dispatch: cmd=getClassInfo, data тип=table
2026-03-22 20:47:44.650 LOG 0: Запрос от C# 1 (req_id=46): {"id":46,"createdTime":1774201664330,"data":{"createdTime":1774201664330,"data":"TQOD","cmd":"getClassInfo"},"cmd":"getClassInfo"}
2026-03-22 20:47:44.700 LOG 1: После dispatch: cmd=getClassInfo, data тип=table
2026-03-22 20:47:44.750 LOG 0: Запрос от C# 1 (req_id=47): {"id":47,"createdTime":1774201664332,"data":{"createdTime":1774201664332,"data":"TQOY","cmd":"getClassInfo"},"cmd":"getClassInfo"}
2026-03-22 20:47:44.800 LOG 1: После dispatch: cmd=getClassInfo, data тип=table
2026-03-22 20:47:44.850 LOG 0: Запрос от C# 1 (req_id=48): {"id":48,"createdTime":1774201664333,"data":{"createdTime":1774201664333,"data":"TQTF_F_HOL","cmd":"getClassInfo"},"cmd":"getClassInfo"}
2026-03-22 20:47:44.900 LOG 1: После dispatch: cmd=getClassInfo, data тип=table
2026-03-22 20:47:44.950 LOG 0: Запрос от C# 1 (req_id=49): {"id":49,"createdTime":1774201664334,"data":{"createdTime":1774201664334,"data":"EES_OTC","cmd":"getClassInfo"},"cmd":"getClassInfo"}
2026-03-22 20:47:44.000 LOG 1: После dispatch: cmd=getClassInfo, data тип=table
2026-03-22 20:47:44.050 LOG 0: Запрос от C# 1 (req_id=50): {"id":50,"createdTime":1774201664335,"data":{"createdTime":1774201664335,"data":"TQTF_F","cmd":"getClassInfo"},"cmd":"getClassInfo"}
2026-03-22 20:47:44.100 LOG 1: После dispatch: cmd=getClassInfo, data тип=table
2026-03-22 20:47:44.150 LOG 0: Запрос от C# 1 (req_id=51): {"id":51,"createdTime":1774201664336,"data":{"createdTime":1774201664336,"data":"SMS","cmd":"getClassInfo"},"cmd":"getClassInfo"}
2026-03-22 20:47:44.200 LOG 1: После dispatch: cmd=getClassInfo, data тип=table
2026-03-22 20:47:44.250 LOG 0: Запрос от C# 1 (req_id=52): {"id":52,"createdTime":1774201664340,"data":{"createdTime":1774201664340,"data":"MPAU","cmd":"getClassInfo"},"cmd":"getClassInfo"}
2026-03-22 20:47:44.300 LOG 1: После dispatch: cmd=getClassInfo, data тип=table
2026-03-22 20:47:44.350 LOG 0: Запрос от C# 1 (req_id=53): {"id":53,"createdTime":1774201664341,"data":{"createdTime":1774201664341,"data":"PSAU","cmd":"getClassInfo"},"cmd":"getClassInfo"}
2026-03-22 20:47:44.400 LOG 1: После dispatch: cmd=getClassInfo, data тип=table
2026-03-22 20:47:44.450 LOG 0: Запрос от C# 1 (req_id=54): {"id":54,"createdTime":1774201664342,"data":{"createdTime":1774201664342,"data":"PACY","cmd":"getClassInfo"},"cmd":"getClassInfo"}
2026-03-22 20:47:44.500 LOG 1: После dispatch: cmd=getClassInfo, data тип=table
2026-03-22 20:47:44.550 LOG 0: Запрос от C# 1 (req_id=55): {"id":55,"createdTime":1774201664343,"data":{"createdTime":1774201664343,"data":"QT_EQ","cmd":"getClassInfo"},"cmd":"getClassInfo"}
2026-03-22 20:47:44.600 LOG 1: После dispatch: cmd=getClassInfo, data тип=table
2026-03-22 20:47:44.650 LOG 0: Запрос от C# 1 (req_id=56): {"id":56,"createdTime":1774201664344,"data":{"createdTime":1774201664344,"data":"","cmd":"getClassesList"},"cmd":"getClassesList"}
2026-03-22 20:47:44.700 LOG 0: Р’С‹Р·РѕРІ getClassesList, req_id=?
2026-03-22 20:47:44.750 LOG 1: После dispatch: cmd=getClassesList, data тип=string
2026-03-22 20:47:44.800 LOG 0: Запрос от C# 1 (req_id=57): {"id":57,"createdTime":1774201664346,"data":{"createdTime":1774201664346,"data":"TQTE","cmd":"getClassSecurities"},"cmd":"getClassSecurities"}
2026-03-22 20:47:44.850 LOG 1: После dispatch: cmd=getClassSecurities, data тип=string
2026-03-22 20:47:44.900 LOG 0: Запрос от C# 1 (req_id=58): {"id":58,"createdTime":1774201664349,"data":{"createdTime":1774201664349,"data":"TQCB","cmd":"getClassSecurities"},"cmd":"getClassSecurities"}
2026-03-22 20:47:44.950 LOG 1: После dispatch: cmd=getClassSecurities, data тип=string
2026-03-22 20:47:44.000 LOG 0: Запрос от C# 1 (req_id=59): {"id":59,"createdTime":1774201664440,"data":{"createdTime":1774201664440,"data":"TQOE","cmd":"getClassSecurities"},"cmd":"getClassSecurities"}
2026-03-22 20:47:44.050 LOG 1: После dispatch: cmd=getClassSecurities, data тип=string
2026-03-22 20:47:44.100 LOG 0: Запрос от C# 1 (req_id=60): {"id":60,"createdTime":1774201664441,"data":{"createdTime":1774201664441,"data":"TQRD","cmd":"getClassSecurities"},"cmd":"getClassSecurities"}
2026-03-22 20:47:44.150 LOG 1: После dispatch: cmd=getClassSecurities, data тип=string
2026-03-22 20:47:44.200 LOG 0: Запрос от C# 1 (req_id=61): {"id":61,"createdTime":1774201664442,"data":{"createdTime":1774201664442,"data":"TQUD","cmd":"getClassSecurities"},"cmd":"getClassSecurities"}
2026-03-22 20:47:44.250 LOG 1: После dispatch: cmd=getClassSecurities, data тип=string
2026-03-22 20:47:44.300 LOG 0: Запрос от C# 1 (req_id=62): {"id":62,"createdTime":1774201664446,"data":{"createdTime":1774201664446,"data":"TQED","cmd":"getClassSecurities"},"cmd":"getClassSecurities"}
2026-03-22 20:47:44.350 LOG 1: После dispatch: cmd=getClassSecurities, data тип=string
2026-03-22 20:47:44.400 LOG 0: Запрос от C# 1 (req_id=63): {"id":63,"createdTime":1774201664447,"data":{"createdTime":1774201664447,"data":"FQBR","cmd":"getClassSecurities"},"cmd":"getClassSecurities"}
2026-03-22 20:47:44.450 LOG 1: После dispatch: cmd=getClassSecurities, data тип=string
2026-03-22 20:47:44.500 LOG 0: Запрос от C# 1 (req_id=64): {"id":64,"createdTime":1774201664447,"data":{"createdTime":1774201664447,"data":"SPBFUT","cmd":"getClassSecurities"},"cmd":"getClassSecurities"}
2026-03-22 20:47:44.550 LOG 1: После dispatch: cmd=getClassSecurities, data тип=string
2026-03-22 20:47:44.600 LOG 0: Запрос от C# 1 (req_id=65): {"id":65,"createdTime":1774201664453,"data":{"createdTime":1774201664453,"data":"SPBOPT","cmd":"getClassSecurities"},"cmd":"getClassSecurities"}
2026-03-22 20:47:44.650 LOG 1: После dispatch: cmd=getClassSecurities, data тип=string
2026-03-22 20:47:44.700 LOG 0: Запрос от C# 1 (req_id=66): {"id":66,"createdTime":1774201664731,"data":{"createdTime":1774201664731,"data":"OPTSPOT","cmd":"getClassSecurities"},"cmd":"getClassSecurities"}
2026-03-22 20:47:44.750 LOG 1: После dispatch: cmd=getClassSecurities, data тип=string
2026-03-22 20:47:45.050 LOG 0: Запрос от C# 1 (req_id=67): {"id":67,"createdTime":1774201665186,"data":{"createdTime":1774201665186,"data":"OPTCURNCY","cmd":"getClassSecurities"},"cmd":"getClassSecurities"}
2026-03-22 20:47:45.100 LOG 1: После dispatch: cmd=getClassSecurities, data тип=string
2026-03-22 20:47:45.150 LOG 0: Запрос от C# 1 (req_id=68): {"id":68,"createdTime":1774201665194,"data":{"createdTime":1774201665194,"data":"OPTCOMDTY","cmd":"getClassSecurities"},"cmd":"getClassSecurities"}
2026-03-22 20:47:45.200 LOG 1: После dispatch: cmd=getClassSecurities, data тип=string
2026-03-22 20:47:45.250 LOG 0: Запрос от C# 1 (req_id=69): {"id":69,"createdTime":1774201665204,"data":{"createdTime":1774201665204,"data":"OPTIDX","cmd":"getClassSecurities"},"cmd":"getClassSecurities"}
2026-03-22 20:47:45.300 LOG 1: После dispatch: cmd=getClassSecurities, data тип=string
2026-03-22 20:47:45.350 LOG 0: Запрос от C# 1 (req_id=70): {"id":70,"createdTime":1774201665237,"data":{"createdTime":1774201665237,"data":"RTSIDX","cmd":"getClassSecurities"},"cmd":"getClassSecurities"}
2026-03-22 20:47:45.400 LOG 1: После dispatch: cmd=getClassSecurities, data тип=string
2026-03-22 20:47:45.450 LOG 0: Запрос от C# 1 (req_id=71): {"id":71,"createdTime":1774201665250,"data":{"createdTime":1774201665250,"data":"FUTCLT","cmd":"getClassSecurities"},"cmd":"getClassSecurities"}
2026-03-22 20:47:45.500 LOG 1: После dispatch: cmd=getClassSecurities, data тип=string
2026-03-22 20:47:45.550 LOG 0: Запрос от C# 1 (req_id=72): {"id":72,"createdTime":1774201665254,"data":{"createdTime":1774201665254,"data":"SPBXM","cmd":"getClassSecurities"},"cmd":"getClassSecurities"}
2026-03-22 20:47:45.600 LOG 1: После dispatch: cmd=getClassSecurities, data тип=string
2026-03-22 20:47:45.650 LOG 0: Запрос от C# 1 (req_id=73): {"id":73,"createdTime":1774201665286,"data":{"createdTime":1774201665286,"data":"SPBDE","cmd":"getClassSecurities"},"cmd":"getClassSecurities"}
2026-03-22 20:47:45.700 LOG 1: После dispatch: cmd=getClassSecurities, data тип=string
2026-03-22 20:47:45.750 LOG 0: Запрос от C# 1 (req_id=74): {"id":74,"createdTime":1774201665288,"data":{"createdTime":1774201665288,"data":"SPBRU","cmd":"getClassSecurities"},"cmd":"getClassSecurities"}
2026-03-22 20:47:45.800 LOG 1: После dispatch: cmd=getClassSecurities, data тип=string
2026-03-22 20:47:45.850 LOG 0: Запрос от C# 1 (req_id=75): {"id":75,"createdTime":1774201665292,"data":{"createdTime":1774201665292,"data":"SPBRUBND","cmd":"getClassSecurities"},"cmd":"getClassSecurities"}
2026-03-22 20:47:45.900 LOG 1: После dispatch: cmd=getClassSecurities, data тип=string
2026-03-22 20:47:45.950 LOG 0: Запрос от C# 1 (req_id=76): {"id":76,"createdTime":1774201665293,"data":{"createdTime":1774201665293,"data":"SPBRU_USD","cmd":"getClassSecurities"},"cmd":"getClassSecurities"}
2026-03-22 20:47:45.000 LOG 1: После dispatch: cmd=getClassSecurities, data тип=string
2026-03-22 20:47:45.050 LOG 0: Запрос от C# 1 (req_id=77): {"id":77,"createdTime":1774201665296,"data":{"createdTime":1774201665296,"data":"PSSPBRUBNDDO","cmd":"getClassSecurities"},"cmd":"getClassSecurities"}
2026-03-22 20:47:45.100 LOG 1: После dispatch: cmd=getClassSecurities, data тип=string
2026-03-22 20:47:45.150 LOG 0: Запрос от C# 1 (req_id=78): {"id":78,"createdTime":1774201665296,"data":{"createdTime":1774201665296,"data":"REPORT","cmd":"getClassSecurities"},"cmd":"getClassSecurities"}
2026-03-22 20:47:45.200 LOG 1: После dispatch: cmd=getClassSecurities, data тип=string
2026-03-22 20:47:45.250 LOG 0: Запрос от C# 1 (req_id=79): {"id":79,"createdTime":1774201665297,"data":{"createdTime":1774201665297,"data":"REPORTFORTS","cmd":"getClassSecurities"},"cmd":"getClassSecurities"}
2026-03-22 20:47:45.300 LOG 1: После dispatch: cmd=getClassSecurities, data тип=string
2026-03-22 20:47:45.350 LOG 0: Запрос от C# 1 (req_id=80): {"id":80,"createdTime":1774201665298,"data":{"createdTime":1774201665298,"data":"CROSSRATE","cmd":"getClassSecurities"},"cmd":"getClassSecurities"}
2026-03-22 20:47:45.400 LOG 1: После dispatch: cmd=getClassSecurities, data тип=string
2026-03-22 20:47:45.450 LOG 0: Запрос от C# 1 (req_id=81): {"id":81,"createdTime":1774201665298,"data":{"createdTime":1774201665298,"data":"QT_BN","cmd":"getClassSecurities"},"cmd":"getClassSecurities"}
2026-03-22 20:47:45.500 LOG 1: После dispatch: cmd=getClassSecurities, data тип=string
2026-03-22 20:47:45.550 LOG 0: Запрос от C# 1 (req_id=82): {"id":82,"createdTime":1774201665300,"data":{"createdTime":1774201665300,"data":"INDX","cmd":"getClassSecurities"},"cmd":"getClassSecurities"}
2026-03-22 20:47:45.600 LOG 1: После dispatch: cmd=getClassSecurities, data тип=string
2026-03-22 20:47:45.650 LOG 0: Запрос от C# 1 (req_id=83): {"id":83,"createdTime":1774201665301,"data":{"createdTime":1774201665301,"data":"TQIF_HOL","cmd":"getClassSecurities"},"cmd":"getClassSecurities"}
2026-03-22 20:47:45.700 LOG 1: После dispatch: cmd=getClassSecurities, data тип=string
2026-03-22 20:47:45.750 LOG 0: Запрос от C# 1 (req_id=84): {"id":84,"createdTime":1774201665304,"data":{"createdTime":1774201665304,"data":"TQTF_HOL","cmd":"getClassSecurities"},"cmd":"getClassSecurities"}
2026-03-22 20:47:45.800 LOG 1: После dispatch: cmd=getClassSecurities, data тип=string
2026-03-22 20:47:45.850 LOG 0: Запрос от C# 1 (req_id=85): {"id":85,"createdTime":1774201665306,"data":{"createdTime":1774201665306,"data":"TQTF_W_HOL","cmd":"getClassSecurities"},"cmd":"getClassSecurities"}
2026-03-22 20:47:45.900 LOG 1: После dispatch: cmd=getClassSecurities, data тип=string
2026-03-22 20:47:45.950 LOG 0: Запрос от C# 1 (req_id=86): {"id":86,"createdTime":1774201665306,"data":{"createdTime":1774201665306,"data":"UP","cmd":"getClassSecurities"},"cmd":"getClassSecurities"}
2026-03-22 20:47:45.000 LOG 1: После dispatch: cmd=getClassSecurities, data тип=string
2026-03-22 20:47:45.050 LOG 0: Запрос от C# 1 (req_id=87): {"id":87,"createdTime":1774201665307,"data":{"createdTime":1774201665307,"data":"CETS","cmd":"getClassSecurities"},"cmd":"getClassSecurities"}
2026-03-22 20:47:45.100 LOG 1: После dispatch: cmd=getClassSecurities, data тип=string
2026-03-22 20:47:45.150 LOG 0: Запрос от C# 1 (req_id=88): {"id":88,"createdTime":1774201665311,"data":{"createdTime":1774201665311,"data":"CETS_MTL","cmd":"getClassSecurities"},"cmd":"getClassSecurities"}
2026-03-22 20:47:45.200 LOG 1: После dispatch: cmd=getClassSecurities, data тип=string
2026-03-22 20:47:45.250 LOG 0: Запрос от C# 1 (req_id=89): {"id":89,"createdTime":1774201665315,"data":{"createdTime":1774201665315,"data":"TQFD","cmd":"getClassSecurities"},"cmd":"getClassSecurities"}
2026-03-22 20:47:45.300 LOG 1: После dispatch: cmd=getClassSecurities, data тип=string
2026-03-22 20:47:45.350 LOG 0: Запрос от C# 1 (req_id=90): {"id":90,"createdTime":1774201665315,"data":{"createdTime":1774201665315,"data":"TQFE","cmd":"getClassSecurities"},"cmd":"getClassSecurities"}
2026-03-22 20:47:45.400 LOG 1: После dispatch: cmd=getClassSecurities, data тип=string
2026-03-22 20:47:45.450 LOG 0: Запрос от C# 1 (req_id=91): {"id":91,"createdTime":1774201665316,"data":{"createdTime":1774201665316,"data":"TQTY","cmd":"getClassSecurities"},"cmd":"getClassSecurities"}
2026-03-22 20:47:45.500 LOG 1: После dispatch: cmd=getClassSecurities, data тип=string
2026-03-22 20:47:45.550 LOG 0: Запрос от C# 1 (req_id=92): {"id":92,"createdTime":1774201665316,"data":{"createdTime":1774201665316,"data":"MTQR","cmd":"getClassSecurities"},"cmd":"getClassSecurities"}
2026-03-22 20:47:45.600 LOG 1: После dispatch: cmd=getClassSecurities, data тип=string
2026-03-22 20:47:45.650 LOG 0: Запрос от C# 1 (req_id=93): {"id":93,"createdTime":1774201665326,"data":{"createdTime":1774201665326,"data":"TQBR","cmd":"getClassSecurities"},"cmd":"getClassSecurities"}
2026-03-22 20:47:45.700 LOG 1: После dispatch: cmd=getClassSecurities, data тип=string
2026-03-22 20:47:45.750 LOG 0: Запрос от C# 1 (req_id=94): {"id":94,"createdTime":1774201665332,"data":{"createdTime":1774201665332,"data":"TQOB","cmd":"getClassSecurities"},"cmd":"getClassSecurities"}
2026-03-22 20:47:45.800 LOG 1: После dispatch: cmd=getClassSecurities, data тип=string
2026-03-22 20:47:45.850 LOG 0: Запрос от C# 1 (req_id=95): {"id":95,"createdTime":1774201665335,"data":{"createdTime":1774201665335,"data":"TQIF","cmd":"getClassSecurities"},"cmd":"getClassSecurities"}
2026-03-22 20:47:45.900 LOG 1: После dispatch: cmd=getClassSecurities, data тип=string
2026-03-22 20:47:45.950 LOG 0: Запрос от C# 1 (req_id=96): {"id":96,"createdTime":1774201665335,"data":{"createdTime":1774201665335,"data":"TQTF","cmd":"getClassSecurities"},"cmd":"getClassSecurities"}
2026-03-22 20:47:45.000 LOG 1: После dispatch: cmd=getClassSecurities, data тип=string
2026-03-22 20:47:45.050 LOG 0: Запрос от C# 1 (req_id=97): {"id":97,"createdTime":1774201665337,"data":{"createdTime":1774201665337,"data":"TQTF_W","cmd":"getClassSecurities"},"cmd":"getClassSecurities"}
2026-03-22 20:47:45.100 LOG 1: После dispatch: cmd=getClassSecurities, data тип=string
2026-03-22 20:47:45.150 LOG 0: Запрос от C# 1 (req_id=98): {"id":98,"createdTime":1774201665337,"data":{"createdTime":1774201665337,"data":"TQBD","cmd":"getClassSecurities"},"cmd":"getClassSecurities"}
2026-03-22 20:47:45.200 LOG 1: После dispatch: cmd=getClassSecurities, data тип=string
2026-03-22 20:47:45.250 LOG 0: Запрос от C# 1 (req_id=99): {"id":99,"createdTime":1774201665338,"data":{"createdTime":1774201665338,"data":"TQTD","cmd":"getClassSecurities"},"cmd":"getClassSecurities"}
2026-03-22 20:47:45.300 LOG 1: После dispatch: cmd=getClassSecurities, data тип=string
2026-03-22 20:47:45.350 LOG 0: Запрос от C# 1 (req_id=100): {"id":100,"createdTime":1774201665339,"data":{"createdTime":1774201665339,"data":"TQOD","cmd":"getClassSecurities"},"cmd":"getClassSecurities"}
2026-03-22 20:47:45.400 LOG 1: После dispatch: cmd=getClassSecurities, data тип=string
2026-03-22 20:47:45.450 LOG 0: Запрос от C# 1 (req_id=101): {"id":101,"createdTime":1774201665339,"data":{"createdTime":1774201665339,"data":"TQOY","cmd":"getClassSecurities"},"cmd":"getClassSecurities"}
2026-03-22 20:47:45.500 LOG 1: После dispatch: cmd=getClassSecurities, data тип=string
2026-03-22 20:47:45.550 LOG 0: Запрос от C# 1 (req_id=102): {"id":102,"createdTime":1774201665341,"data":{"createdTime":1774201665341,"data":"TQTF_F_HOL","cmd":"getClassSecurities"},"cmd":"getClassSecurities"}
2026-03-22 20:47:45.600 LOG 1: После dispatch: cmd=getClassSecurities, data тип=string
2026-03-22 20:47:45.650 LOG 0: Запрос от C# 1 (req_id=103): {"id":103,"createdTime":1774201665341,"data":{"createdTime":1774201665341,"data":"EES_OTC","cmd":"getClassSecurities"},"cmd":"getClassSecurities"}
2026-03-22 20:47:45.700 LOG 1: После dispatch: cmd=getClassSecurities, data тип=string
2026-03-22 20:47:45.750 LOG 0: Запрос от C# 1 (req_id=104): {"id":104,"createdTime":1774201665342,"data":{"createdTime":1774201665342,"data":"TQTF_F","cmd":"getClassSecurities"},"cmd":"getClassSecurities"}
2026-03-22 20:47:45.800 LOG 1: После dispatch: cmd=getClassSecurities, data тип=string
2026-03-22 20:47:45.850 LOG 0: Запрос от C# 1 (req_id=105): {"id":105,"createdTime":1774201665342,"data":{"createdTime":1774201665342,"data":"SMS","cmd":"getClassSecurities"},"cmd":"getClassSecurities"}
2026-03-22 20:47:45.900 LOG 1: После dispatch: cmd=getClassSecurities, data тип=string
2026-03-22 20:47:45.950 LOG 0: Запрос от C# 1 (req_id=106): {"id":106,"createdTime":1774201665343,"data":{"createdTime":1774201665343,"data":"MPAU","cmd":"getClassSecurities"},"cmd":"getClassSecurities"}
2026-03-22 20:47:45.000 LOG 1: После dispatch: cmd=getClassSecurities, data тип=string
2026-03-22 20:47:45.050 LOG 0: Запрос от C# 1 (req_id=107): {"id":107,"createdTime":1774201665343,"data":{"createdTime":1774201665343,"data":"PSAU","cmd":"getClassSecurities"},"cmd":"getClassSecurities"}
2026-03-22 20:47:45.100 LOG 1: После dispatch: cmd=getClassSecurities, data тип=string
2026-03-22 20:47:45.150 LOG 0: Запрос от C# 1 (req_id=108): {"id":108,"createdTime":1774201665348,"data":{"createdTime":1774201665348,"data":"PACY","cmd":"getClassSecurities"},"cmd":"getClassSecurities"}
2026-03-22 20:47:45.200 LOG 1: После dispatch: cmd=getClassSecurities, data тип=string
2026-03-22 20:47:45.250 LOG 0: Запрос от C# 1 (req_id=109): {"id":109,"createdTime":1774201665349,"data":{"createdTime":1774201665349,"data":"QT_EQ","cmd":"getClassSecurities"},"cmd":"getClassSecurities"}
2026-03-22 20:47:45.300 LOG 1: После dispatch: cmd=getClassSecurities, data тип=string
2026-03-22 20:47:45.350 LOG 0: Запрос от C# 1 (req_id=110): {"id":110,"createdTime":1774201665351,"data":{"createdTime":1774201665351,"data":"SPBFUT|RIM6","cmd":"getSecurityInfo"},"cmd":"getSecurityInfo"}
2026-03-22 20:47:45.400 LOG 1: После dispatch: cmd=getSecurityInfo, data тип=table
2026-03-22 20:47:45.450 LOG 0: Запрос от C# 1 (req_id=111): {"id":111,"createdTime":1774201665374,"data":{"createdTime":1774201665374,"data":"TQBR|LKOH","cmd":"getSecurityInfo"},"cmd":"getSecurityInfo"}
2026-03-22 20:47:45.500 LOG 1: После dispatch: cmd=getSecurityInfo, data тип=table
2026-03-22 20:47:45.550 LOG 0: Запрос от C# 1 (req_id=112): {"id":112,"createdTime":1774201665378,"data":{"createdTime":1774201665378,"data":"","cmd":"isConnected"},"cmd":"isConnected"}
2026-03-22 20:47:45.650 LOG 1: После dispatch: cmd=isConnected, data тип=string
2026-03-22 20:47:45.700 LOG 0: Запрос от C# 1 (req_id=113): {"id":113,"createdTime":1774201665380,"data":{"createdTime":1774201665380,"data":"","cmd":"getWorkingFolder"},"cmd":"getWorkingFolder"}
2026-03-22 20:47:45.800 LOG 1: После dispatch: cmd=getWorkingFolder, data тип=string
2026-03-22 20:47:45.850 LOG 0: Запрос от C# 1 (req_id=114): {"id":114,"createdTime":1774201665381,"data":{"createdTime":1774201665381,"data":"","cmd":"getScriptPath"},"cmd":"getScriptPath"}
2026-03-22 20:47:45.950 LOG 1: После dispatch: cmd=getScriptPath, data тип=string
2026-03-22 20:47:45.000 LOG 0: Запрос от C# 1 (req_id=115): {"id":115,"createdTime":1774201665384,"data":{"createdTime":1774201665384,"data":"VERSION","cmd":"getInfoParam"},"cmd":"getInfoParam"}
2026-03-22 20:47:45.100 LOG 1: После dispatch: cmd=getInfoParam, data тип=string
2026-03-22 20:47:45.150 LOG 0: Запрос от C# 1 (req_id=116): {"id":116,"createdTime":1774201665385,"data":{"createdTime":1774201665385,"data":"TRADEDATE","cmd":"getInfoParam"},"cmd":"getInfoParam"}
2026-03-22 20:47:45.250 LOG 1: После dispatch: cmd=getInfoParam, data тип=string
2026-03-22 20:47:45.300 LOG 0: Запрос от C# 1 (req_id=117): {"id":117,"createdTime":1774201665385,"data":{"createdTime":1774201665385,"data":"SERVERTIME","cmd":"getInfoParam"},"cmd":"getInfoParam"}
2026-03-22 20:47:45.400 LOG 1: После dispatch: cmd=getInfoParam, data тип=string
2026-03-22 20:47:45.450 LOG 0: Запрос от C# 1 (req_id=118): {"id":118,"createdTime":1774201665386,"data":{"createdTime":1774201665386,"data":"LASTRECORDTIME","cmd":"getInfoParam"},"cmd":"getInfoParam"}
2026-03-22 20:47:45.550 LOG 1: После dispatch: cmd=getInfoParam, data тип=string
2026-03-22 20:47:45.600 LOG 0: Запрос от C# 1 (req_id=119): {"id":119,"createdTime":1774201665387,"data":{"createdTime":1774201665387,"data":"NUMRECORDS","cmd":"getInfoParam"},"cmd":"getInfoParam"}
2026-03-22 20:47:45.700 LOG 1: После dispatch: cmd=getInfoParam, data тип=string
2026-03-22 20:47:45.750 LOG 0: Запрос от C# 1 (req_id=120): {"id":120,"createdTime":1774201665387,"data":{"createdTime":1774201665387,"data":"LASTRECORD","cmd":"getInfoParam"},"cmd":"getInfoParam"}
2026-03-22 20:47:45.850 LOG 1: После dispatch: cmd=getInfoParam, data тип=string
2026-03-22 20:47:45.900 LOG 0: Запрос от C# 1 (req_id=121): {"id":121,"createdTime":1774201665388,"data":{"createdTime":1774201665388,"data":"LATERECORD","cmd":"getInfoParam"},"cmd":"getInfoParam"}
2026-03-22 20:47:45.000 LOG 1: После dispatch: cmd=getInfoParam, data тип=string
2026-03-22 20:47:45.050 LOG 0: Запрос от C# 1 (req_id=122): {"id":122,"createdTime":1774201665389,"data":{"createdTime":1774201665389,"data":"CONNECTION","cmd":"getInfoParam"},"cmd":"getInfoParam"}
2026-03-22 20:47:45.150 LOG 1: После dispatch: cmd=getInfoParam, data тип=string
2026-03-22 20:47:45.200 LOG 0: Запрос от C# 1 (req_id=123): {"id":123,"createdTime":1774201665389,"data":{"createdTime":1774201665389,"data":"IPADDRESS","cmd":"getInfoParam"},"cmd":"getInfoParam"}
2026-03-22 20:47:45.300 LOG 1: После dispatch: cmd=getInfoParam, data тип=string
2026-03-22 20:47:45.350 LOG 0: Запрос от C# 1 (req_id=124): {"id":124,"createdTime":1774201665389,"data":{"createdTime":1774201665389,"data":"IPPORT","cmd":"getInfoParam"},"cmd":"getInfoParam"}
2026-03-22 20:47:45.450 LOG 1: После dispatch: cmd=getInfoParam, data тип=string
2026-03-22 20:47:45.500 LOG 0: Запрос от C# 1 (req_id=125): {"id":125,"createdTime":1774201665390,"data":{"createdTime":1774201665390,"data":"IPCOMMENT","cmd":"getInfoParam"},"cmd":"getInfoParam"}
2026-03-22 20:47:45.600 LOG 1: После dispatch: cmd=getInfoParam, data тип=string
2026-03-22 20:47:45.650 LOG 0: Запрос от C# 1 (req_id=126): {"id":126,"createdTime":1774201665391,"data":{"createdTime":1774201665391,"data":"SERVER","cmd":"getInfoParam"},"cmd":"getInfoParam"}
2026-03-22 20:47:45.750 LOG 1: После dispatch: cmd=getInfoParam, data тип=string
2026-03-22 20:47:45.800 LOG 0: Запрос от C# 1 (req_id=127): {"id":127,"createdTime":1774201665391,"data":{"createdTime":1774201665391,"data":"SESSIONID","cmd":"getInfoParam"},"cmd":"getInfoParam"}
2026-03-22 20:47:45.900 LOG 1: После dispatch: cmd=getInfoParam, data тип=string
2026-03-22 20:47:45.950 LOG 0: Запрос от C# 1 (req_id=128): {"id":128,"createdTime":1774201665392,"data":{"createdTime":1774201665392,"data":"USER","cmd":"getInfoParam"},"cmd":"getInfoParam"}
2026-03-22 20:47:45.050 LOG 1: После dispatch: cmd=getInfoParam, data тип=string
2026-03-22 20:47:45.100 LOG 0: Запрос от C# 1 (req_id=129): {"id":129,"createdTime":1774201665393,"data":{"createdTime":1774201665393,"data":"USERID","cmd":"getInfoParam"},"cmd":"getInfoParam"}
2026-03-22 20:47:45.200 LOG 1: После dispatch: cmd=getInfoParam, data тип=string
2026-03-22 20:47:45.250 LOG 0: Запрос от C# 1 (req_id=130): {"id":130,"createdTime":1774201665395,"data":{"createdTime":1774201665395,"data":"ORG","cmd":"getInfoParam"},"cmd":"getInfoParam"}
2026-03-22 20:47:45.350 LOG 1: После dispatch: cmd=getInfoParam, data тип=string
2026-03-22 20:47:45.400 LOG 0: Запрос от C# 1 (req_id=131): {"id":131,"createdTime":1774201665395,"data":{"createdTime":1774201665395,"data":"MEMORY","cmd":"getInfoParam"},"cmd":"getInfoParam"}
2026-03-22 20:47:45.500 LOG 1: После dispatch: cmd=getInfoParam, data тип=string
2026-03-22 20:47:45.550 LOG 0: Запрос от C# 1 (req_id=132): {"id":132,"createdTime":1774201665396,"data":{"createdTime":1774201665396,"data":"LOCALTIME","cmd":"getInfoParam"},"cmd":"getInfoParam"}
2026-03-22 20:47:45.650 LOG 1: После dispatch: cmd=getInfoParam, data тип=string
2026-03-22 20:47:45.700 LOG 0: Запрос от C# 1 (req_id=133): {"id":133,"createdTime":1774201665396,"data":{"createdTime":1774201665396,"data":"CONNECTIONTIME","cmd":"getInfoParam"},"cmd":"getInfoParam"}
2026-03-22 20:47:45.800 LOG 1: После dispatch: cmd=getInfoParam, data тип=string
2026-03-22 20:47:45.850 LOG 0: Запрос от C# 1 (req_id=134): {"id":134,"createdTime":1774201665397,"data":{"createdTime":1774201665397,"data":"MESSAGESSENT","cmd":"getInfoParam"},"cmd":"getInfoParam"}
2026-03-22 20:47:45.950 LOG 1: После dispatch: cmd=getInfoParam, data тип=string
2026-03-22 20:47:45.000 LOG 0: Запрос от C# 1 (req_id=135): {"id":135,"createdTime":1774201665397,"data":{"createdTime":1774201665397,"data":"ALLSENT","cmd":"getInfoParam"},"cmd":"getInfoParam"}
2026-03-22 20:47:45.100 LOG 1: После dispatch: cmd=getInfoParam, data тип=string
2026-03-22 20:47:45.150 LOG 0: Запрос от C# 1 (req_id=136): {"id":136,"createdTime":1774201665398,"data":{"createdTime":1774201665398,"data":"BYTESSENT","cmd":"getInfoParam"},"cmd":"getInfoParam"}
2026-03-22 20:47:45.250 LOG 1: После dispatch: cmd=getInfoParam, data тип=string
2026-03-22 20:47:45.300 LOG 0: Запрос от C# 1 (req_id=137): {"id":137,"createdTime":1774201665399,"data":{"createdTime":1774201665399,"data":"BYTESPERSECSENT","cmd":"getInfoParam"},"cmd":"getInfoParam"}
2026-03-22 20:47:45.400 LOG 1: После dispatch: cmd=getInfoParam, data тип=string
2026-03-22 20:47:45.450 LOG 0: Запрос от C# 1 (req_id=138): {"id":138,"createdTime":1774201665399,"data":{"createdTime":1774201665399,"data":"MESSAGESRECV","cmd":"getInfoParam"},"cmd":"getInfoParam"}
2026-03-22 20:47:45.550 LOG 1: После dispatch: cmd=getInfoParam, data тип=string
2026-03-22 20:47:45.600 LOG 0: Запрос от C# 1 (req_id=139): {"id":139,"createdTime":1774201665399,"data":{"createdTime":1774201665399,"data":"BYTESRECV","cmd":"getInfoParam"},"cmd":"getInfoParam"}
2026-03-22 20:47:45.700 LOG 1: После dispatch: cmd=getInfoParam, data тип=string
2026-03-22 20:47:45.750 LOG 0: Запрос от C# 1 (req_id=140): {"id":140,"createdTime":1774201665400,"data":{"createdTime":1774201665400,"data":"ALLRECV","cmd":"getInfoParam"},"cmd":"getInfoParam"}
2026-03-22 20:47:45.850 LOG 1: После dispatch: cmd=getInfoParam, data тип=string
2026-03-22 20:47:45.900 LOG 0: Запрос от C# 1 (req_id=141): {"id":141,"createdTime":1774201665400,"data":{"createdTime":1774201665400,"data":"BYTESPERSECRECV","cmd":"getInfoParam"},"cmd":"getInfoParam"}
2026-03-22 20:47:45.000 LOG 1: После dispatch: cmd=getInfoParam, data тип=string
2026-03-22 20:47:45.050 LOG 0: Запрос от C# 1 (req_id=142): {"id":142,"createdTime":1774201665401,"data":{"createdTime":1774201665401,"data":"AVGSENT","cmd":"getInfoParam"},"cmd":"getInfoParam"}
2026-03-22 20:47:45.150 LOG 1: После dispatch: cmd=getInfoParam, data тип=string
2026-03-22 20:47:45.200 LOG 0: Запрос от C# 1 (req_id=143): {"id":143,"createdTime":1774201665401,"data":{"createdTime":1774201665401,"data":"AVGRECV","cmd":"getInfoParam"},"cmd":"getInfoParam"}
2026-03-22 20:47:45.300 LOG 1: После dispatch: cmd=getInfoParam, data тип=string
2026-03-22 20:47:45.350 LOG 0: Запрос от C# 1 (req_id=144): {"id":144,"createdTime":1774201665402,"data":{"createdTime":1774201665402,"data":"LASTPINGTIME","cmd":"getInfoParam"},"cmd":"getInfoParam"}
2026-03-22 20:47:45.450 LOG 1: После dispatch: cmd=getInfoParam, data тип=string
2026-03-22 20:47:45.500 LOG 0: Запрос от C# 1 (req_id=145): {"id":145,"createdTime":1774201665403,"data":{"createdTime":1774201665403,"data":"LASTPINGDURATION","cmd":"getInfoParam"},"cmd":"getInfoParam"}
2026-03-22 20:47:45.600 LOG 1: После dispatch: cmd=getInfoParam, data тип=string
2026-03-22 20:47:45.650 LOG 0: Запрос от C# 1 (req_id=146): {"id":146,"createdTime":1774201665403,"data":{"createdTime":1774201665403,"data":"AVGPINGDURATION","cmd":"getInfoParam"},"cmd":"getInfoParam"}
2026-03-22 20:47:45.750 LOG 1: После dispatch: cmd=getInfoParam, data тип=string
2026-03-22 20:47:45.800 LOG 0: Запрос от C# 1 (req_id=147): {"id":147,"createdTime":1774201665406,"data":{"createdTime":1774201665406,"data":"MAXPINGTIME","cmd":"getInfoParam"},"cmd":"getInfoParam"}
2026-03-22 20:47:45.900 LOG 1: После dispatch: cmd=getInfoParam, data тип=string
2026-03-22 20:47:45.950 LOG 0: Запрос от C# 1 (req_id=148): {"id":148,"createdTime":1774201665406,"data":{"createdTime":1774201665406,"data":"MAXPINGDURATION","cmd":"getInfoParam"},"cmd":"getInfoParam"}
2026-03-22 20:47:45.050 LOG 1: После dispatch: cmd=getInfoParam, data тип=string
2026-03-22 20:47:45.100 LOG 0: Запрос от C# 1 (req_id=149): {"id":149,"createdTime":1774201665433,"data":{"createdTime":1774201665431,"data":"SPBFUT|RIH6","cmd":"Subscribe_Level_II_Quotes"},"cmd":"Subscribe_Level_II_Quotes"}
2026-03-22 20:47:45.150 LOG 1: Subscribe_Level_II_Quotes called | raw data: SPBFUT|RIH6
2026-03-22 20:47:45.200 LOG 1: Subscribe Level II: class=SPBFUT, sec=RIH6
2026-03-22 20:47:45.250 LOG 1: После dispatch: cmd=Subscribe_Level_II_Quotes, data тип=boolean
2026-03-22 20:49:40.050 LOG 0: Запрос от C# 1 (req_id=1): {"id":1,"createdTime":1774201780453,"data":{"createdTime":1774201780450,"data":"","cmd":"getClassesList"},"cmd":"getClassesList"}
2026-03-22 20:49:40.100 LOG 0: Р’С‹Р·РѕРІ getClassesList, req_id=?
2026-03-22 20:49:40.150 LOG 1: После dispatch: cmd=getClassesList, data тип=string
2026-03-22 20:49:40.200 LOG 0: Запрос от C# 1 (req_id=2): {"id":2,"createdTime":1774201780493,"data":{"createdTime":1774201780493,"data":"","cmd":"getClassesList"},"cmd":"getClassesList"}
2026-03-22 20:49:40.250 LOG 0: Р’С‹Р·РѕРІ getClassesList, req_id=?
2026-03-22 20:49:40.300 LOG 1: После dispatch: cmd=getClassesList, data тип=string
2026-03-22 20:49:40.350 LOG 0: Запрос от C# 1 (req_id=3): {"id":3,"createdTime":1774201780495,"data":{"createdTime":1774201780495,"data":"TQTE","cmd":"getClassInfo"},"cmd":"getClassInfo"}
2026-03-22 20:49:40.400 LOG 1: После dispatch: cmd=getClassInfo, data тип=table
2026-03-22 20:49:40.450 LOG 0: Запрос от C# 1 (req_id=4): {"id":4,"createdTime":1774201780510,"data":{"createdTime":1774201780510,"data":"TQCB","cmd":"getClassInfo"},"cmd":"getClassInfo"}
2026-03-22 20:49:40.500 LOG 1: После dispatch: cmd=getClassInfo, data тип=table
2026-03-22 20:49:40.550 LOG 0: Запрос от C# 1 (req_id=5): {"id":5,"createdTime":1774201780511,"data":{"createdTime":1774201780511,"data":"TQOE","cmd":"getClassInfo"},"cmd":"getClassInfo"}
2026-03-22 20:49:40.600 LOG 1: После dispatch: cmd=getClassInfo, data тип=table
2026-03-22 20:49:40.650 LOG 0: Запрос от C# 1 (req_id=6): {"id":6,"createdTime":1774201780512,"data":{"createdTime":1774201780512,"data":"TQRD","cmd":"getClassInfo"},"cmd":"getClassInfo"}
2026-03-22 20:49:40.700 LOG 1: После dispatch: cmd=getClassInfo, data тип=table
2026-03-22 20:49:40.750 LOG 0: Запрос от C# 1 (req_id=7): {"id":7,"createdTime":1774201780513,"data":{"createdTime":1774201780513,"data":"TQUD","cmd":"getClassInfo"},"cmd":"getClassInfo"}
2026-03-22 20:49:40.800 LOG 1: После dispatch: cmd=getClassInfo, data тип=table
2026-03-22 20:49:40.850 LOG 0: Запрос от C# 1 (req_id=8): {"id":8,"createdTime":1774201780514,"data":{"createdTime":1774201780514,"data":"TQED","cmd":"getClassInfo"},"cmd":"getClassInfo"}
2026-03-22 20:49:40.900 LOG 1: После dispatch: cmd=getClassInfo, data тип=table
2026-03-22 20:49:40.950 LOG 0: Запрос от C# 1 (req_id=9): {"id":9,"createdTime":1774201780515,"data":{"createdTime":1774201780515,"data":"FQBR","cmd":"getClassInfo"},"cmd":"getClassInfo"}
2026-03-22 20:49:40.000 LOG 1: После dispatch: cmd=getClassInfo, data тип=table
2026-03-22 20:49:40.050 LOG 0: Запрос от C# 1 (req_id=10): {"id":10,"createdTime":1774201780516,"data":{"createdTime":1774201780516,"data":"SPBFUT","cmd":"getClassInfo"},"cmd":"getClassInfo"}
2026-03-22 20:49:40.100 LOG 1: После dispatch: cmd=getClassInfo, data тип=table
2026-03-22 20:49:40.150 LOG 0: Запрос от C# 1 (req_id=11): {"id":11,"createdTime":1774201780517,"data":{"createdTime":1774201780517,"data":"SPBOPT","cmd":"getClassInfo"},"cmd":"getClassInfo"}
2026-03-22 20:49:40.200 LOG 1: После dispatch: cmd=getClassInfo, data тип=table
2026-03-22 20:49:40.250 LOG 0: Запрос от C# 1 (req_id=12): {"id":12,"createdTime":1774201780519,"data":{"createdTime":1774201780519,"data":"OPTSPOT","cmd":"getClassInfo"},"cmd":"getClassInfo"}
2026-03-22 20:49:40.300 LOG 1: После dispatch: cmd=getClassInfo, data тип=table
2026-03-22 20:49:40.350 LOG 0: Запрос от C# 1 (req_id=13): {"id":13,"createdTime":1774201780519,"data":{"createdTime":1774201780519,"data":"OPTCURNCY","cmd":"getClassInfo"},"cmd":"getClassInfo"}
2026-03-22 20:49:40.400 LOG 1: После dispatch: cmd=getClassInfo, data тип=table
2026-03-22 20:49:40.450 LOG 0: Запрос от C# 1 (req_id=14): {"id":14,"createdTime":1774201780520,"data":{"createdTime":1774201780520,"data":"OPTCOMDTY","cmd":"getClassInfo"},"cmd":"getClassInfo"}
2026-03-22 20:49:40.500 LOG 1: После dispatch: cmd=getClassInfo, data тип=table
2026-03-22 20:49:40.550 LOG 0: Запрос от C# 1 (req_id=15): {"id":15,"createdTime":1774201780521,"data":{"createdTime":1774201780521,"data":"OPTIDX","cmd":"getClassInfo"},"cmd":"getClassInfo"}
2026-03-22 20:49:40.600 LOG 1: После dispatch: cmd=getClassInfo, data тип=table
2026-03-22 20:49:40.650 LOG 0: Запрос от C# 1 (req_id=16): {"id":16,"createdTime":1774201780522,"data":{"createdTime":1774201780522,"data":"RTSIDX","cmd":"getClassInfo"},"cmd":"getClassInfo"}
2026-03-22 20:49:40.700 LOG 1: После dispatch: cmd=getClassInfo, data тип=table
2026-03-22 20:49:40.750 LOG 0: Запрос от C# 1 (req_id=17): {"id":17,"createdTime":1774201780523,"data":{"createdTime":1774201780523,"data":"FUTCLT","cmd":"getClassInfo"},"cmd":"getClassInfo"}
2026-03-22 20:49:40.800 LOG 1: После dispatch: cmd=getClassInfo, data тип=table
2026-03-22 20:49:40.850 LOG 0: Запрос от C# 1 (req_id=18): {"id":18,"createdTime":1774201780524,"data":{"createdTime":1774201780524,"data":"SPBXM","cmd":"getClassInfo"},"cmd":"getClassInfo"}
2026-03-22 20:49:40.900 LOG 1: После dispatch: cmd=getClassInfo, data тип=table
2026-03-22 20:49:40.950 LOG 0: Запрос от C# 1 (req_id=19): {"id":19,"createdTime":1774201780525,"data":{"createdTime":1774201780525,"data":"SPBDE","cmd":"getClassInfo"},"cmd":"getClassInfo"}
2026-03-22 20:49:40.000 LOG 1: После dispatch: cmd=getClassInfo, data тип=table
2026-03-22 20:49:40.050 LOG 0: Запрос от C# 1 (req_id=20): {"id":20,"createdTime":1774201780526,"data":{"createdTime":1774201780526,"data":"SPBRU","cmd":"getClassInfo"},"cmd":"getClassInfo"}
2026-03-22 20:49:40.100 LOG 1: После dispatch: cmd=getClassInfo, data тип=table
2026-03-22 20:49:40.150 LOG 0: Запрос от C# 1 (req_id=21): {"id":21,"createdTime":1774201780527,"data":{"createdTime":1774201780527,"data":"SPBRUBND","cmd":"getClassInfo"},"cmd":"getClassInfo"}
2026-03-22 20:49:40.200 LOG 1: После dispatch: cmd=getClassInfo, data тип=table
2026-03-22 20:49:40.250 LOG 0: Запрос от C# 1 (req_id=22): {"id":22,"createdTime":1774201780527,"data":{"createdTime":1774201780527,"data":"SPBRU_USD","cmd":"getClassInfo"},"cmd":"getClassInfo"}
2026-03-22 20:49:40.300 LOG 1: После dispatch: cmd=getClassInfo, data тип=table
2026-03-22 20:49:40.350 LOG 0: Запрос от C# 1 (req_id=23): {"id":23,"createdTime":1774201780528,"data":{"createdTime":1774201780528,"data":"PSSPBRUBNDDO","cmd":"getClassInfo"},"cmd":"getClassInfo"}
2026-03-22 20:49:40.400 LOG 1: После dispatch: cmd=getClassInfo, data тип=table
2026-03-22 20:49:40.450 LOG 0: Запрос от C# 1 (req_id=24): {"id":24,"createdTime":1774201780529,"data":{"createdTime":1774201780529,"data":"REPORT","cmd":"getClassInfo"},"cmd":"getClassInfo"}
2026-03-22 20:49:40.500 LOG 1: После dispatch: cmd=getClassInfo, data тип=table
2026-03-22 20:49:40.550 LOG 0: Запрос от C# 1 (req_id=25): {"id":25,"createdTime":1774201780530,"data":{"createdTime":1774201780530,"data":"REPORTFORTS","cmd":"getClassInfo"},"cmd":"getClassInfo"}
2026-03-22 20:49:40.600 LOG 1: После dispatch: cmd=getClassInfo, data тип=table
2026-03-22 20:49:40.650 LOG 0: Запрос от C# 1 (req_id=26): {"id":26,"createdTime":1774201780531,"data":{"createdTime":1774201780531,"data":"CROSSRATE","cmd":"getClassInfo"},"cmd":"getClassInfo"}
2026-03-22 20:49:40.700 LOG 1: После dispatch: cmd=getClassInfo, data тип=table
2026-03-22 20:49:40.750 LOG 0: Запрос от C# 1 (req_id=27): {"id":27,"createdTime":1774201780532,"data":{"createdTime":1774201780532,"data":"QT_BN","cmd":"getClassInfo"},"cmd":"getClassInfo"}
2026-03-22 20:49:40.800 LOG 1: После dispatch: cmd=getClassInfo, data тип=table
2026-03-22 20:49:40.850 LOG 0: Запрос от C# 1 (req_id=28): {"id":28,"createdTime":1774201780533,"data":{"createdTime":1774201780533,"data":"INDX","cmd":"getClassInfo"},"cmd":"getClassInfo"}
2026-03-22 20:49:40.900 LOG 1: После dispatch: cmd=getClassInfo, data тип=table
2026-03-22 20:49:40.950 LOG 0: Запрос от C# 1 (req_id=29): {"id":29,"createdTime":1774201780534,"data":{"createdTime":1774201780534,"data":"TQIF_HOL","cmd":"getClassInfo"},"cmd":"getClassInfo"}
2026-03-22 20:49:40.000 LOG 1: После dispatch: cmd=getClassInfo, data тип=table
2026-03-22 20:49:40.050 LOG 0: Запрос от C# 1 (req_id=30): {"id":30,"createdTime":1774201780535,"data":{"createdTime":1774201780535,"data":"TQTF_HOL","cmd":"getClassInfo"},"cmd":"getClassInfo"}
2026-03-22 20:49:40.100 LOG 1: После dispatch: cmd=getClassInfo, data тип=table
2026-03-22 20:49:40.150 LOG 0: Запрос от C# 1 (req_id=31): {"id":31,"createdTime":1774201780535,"data":{"createdTime":1774201780535,"data":"TQTF_W_HOL","cmd":"getClassInfo"},"cmd":"getClassInfo"}
2026-03-22 20:49:40.200 LOG 1: После dispatch: cmd=getClassInfo, data тип=table
2026-03-22 20:49:40.250 LOG 0: Запрос от C# 1 (req_id=32): {"id":32,"createdTime":1774201780536,"data":{"createdTime":1774201780536,"data":"UP","cmd":"getClassInfo"},"cmd":"getClassInfo"}
2026-03-22 20:49:40.300 LOG 1: После dispatch: cmd=getClassInfo, data тип=table
2026-03-22 20:49:40.350 LOG 0: Запрос от C# 1 (req_id=33): {"id":33,"createdTime":1774201780537,"data":{"createdTime":1774201780537,"data":"CETS","cmd":"getClassInfo"},"cmd":"getClassInfo"}
2026-03-22 20:49:40.400 LOG 1: После dispatch: cmd=getClassInfo, data тип=table
2026-03-22 20:49:40.450 LOG 0: Запрос от C# 1 (req_id=34): {"id":34,"createdTime":1774201780538,"data":{"createdTime":1774201780538,"data":"CETS_MTL","cmd":"getClassInfo"},"cmd":"getClassInfo"}
2026-03-22 20:49:40.500 LOG 1: После dispatch: cmd=getClassInfo, data тип=table
2026-03-22 20:49:40.550 LOG 0: Запрос от C# 1 (req_id=35): {"id":35,"createdTime":1774201780543,"data":{"createdTime":1774201780543,"data":"TQFD","cmd":"getClassInfo"},"cmd":"getClassInfo"}
2026-03-22 20:49:40.600 LOG 1: После dispatch: cmd=getClassInfo, data тип=table
2026-03-22 20:49:40.650 LOG 0: Запрос от C# 1 (req_id=36): {"id":36,"createdTime":1774201780544,"data":{"createdTime":1774201780544,"data":"TQFE","cmd":"getClassInfo"},"cmd":"getClassInfo"}
2026-03-22 20:49:40.700 LOG 1: После dispatch: cmd=getClassInfo, data тип=table
2026-03-22 20:49:40.750 LOG 0: Запрос от C# 1 (req_id=37): {"id":37,"createdTime":1774201780545,"data":{"createdTime":1774201780545,"data":"TQTY","cmd":"getClassInfo"},"cmd":"getClassInfo"}
2026-03-22 20:49:40.800 LOG 1: После dispatch: cmd=getClassInfo, data тип=table
2026-03-22 20:49:40.850 LOG 0: Запрос от C# 1 (req_id=38): {"id":38,"createdTime":1774201780546,"data":{"createdTime":1774201780546,"data":"MTQR","cmd":"getClassInfo"},"cmd":"getClassInfo"}
2026-03-22 20:49:40.900 LOG 1: После dispatch: cmd=getClassInfo, data тип=table
2026-03-22 20:49:40.950 LOG 0: Запрос от C# 1 (req_id=39): {"id":39,"createdTime":1774201780548,"data":{"createdTime":1774201780548,"data":"TQBR","cmd":"getClassInfo"},"cmd":"getClassInfo"}
2026-03-22 20:49:40.000 LOG 1: После dispatch: cmd=getClassInfo, data тип=table
2026-03-22 20:49:40.050 LOG 0: Запрос от C# 1 (req_id=40): {"id":40,"createdTime":1774201780548,"data":{"createdTime":1774201780548,"data":"TQOB","cmd":"getClassInfo"},"cmd":"getClassInfo"}
2026-03-22 20:49:40.100 LOG 1: После dispatch: cmd=getClassInfo, data тип=table
2026-03-22 20:49:40.150 LOG 0: Запрос от C# 1 (req_id=41): {"id":41,"createdTime":1774201780549,"data":{"createdTime":1774201780549,"data":"TQIF","cmd":"getClassInfo"},"cmd":"getClassInfo"}
2026-03-22 20:49:40.200 LOG 1: После dispatch: cmd=getClassInfo, data тип=table
2026-03-22 20:49:40.250 LOG 0: Запрос от C# 1 (req_id=42): {"id":42,"createdTime":1774201780550,"data":{"createdTime":1774201780550,"data":"TQTF","cmd":"getClassInfo"},"cmd":"getClassInfo"}
2026-03-22 20:49:40.300 LOG 1: После dispatch: cmd=getClassInfo, data тип=table
2026-03-22 20:49:40.350 LOG 0: Запрос от C# 1 (req_id=43): {"id":43,"createdTime":1774201780551,"data":{"createdTime":1774201780551,"data":"TQTF_W","cmd":"getClassInfo"},"cmd":"getClassInfo"}
2026-03-22 20:49:40.400 LOG 1: После dispatch: cmd=getClassInfo, data тип=table
2026-03-22 20:49:40.450 LOG 0: Запрос от C# 1 (req_id=44): {"id":44,"createdTime":1774201780553,"data":{"createdTime":1774201780553,"data":"TQBD","cmd":"getClassInfo"},"cmd":"getClassInfo"}
2026-03-22 20:49:40.500 LOG 1: После dispatch: cmd=getClassInfo, data тип=table
2026-03-22 20:49:40.550 LOG 0: Запрос от C# 1 (req_id=45): {"id":45,"createdTime":1774201780554,"data":{"createdTime":1774201780554,"data":"TQTD","cmd":"getClassInfo"},"cmd":"getClassInfo"}
2026-03-22 20:49:40.600 LOG 1: После dispatch: cmd=getClassInfo, data тип=table
2026-03-22 20:49:40.650 LOG 0: Запрос от C# 1 (req_id=46): {"id":46,"createdTime":1774201780556,"data":{"createdTime":1774201780556,"data":"TQOD","cmd":"getClassInfo"},"cmd":"getClassInfo"}
2026-03-22 20:49:40.700 LOG 1: После dispatch: cmd=getClassInfo, data тип=table
2026-03-22 20:49:40.750 LOG 0: Запрос от C# 1 (req_id=47): {"id":47,"createdTime":1774201780556,"data":{"createdTime":1774201780556,"data":"TQOY","cmd":"getClassInfo"},"cmd":"getClassInfo"}
2026-03-22 20:49:40.800 LOG 1: После dispatch: cmd=getClassInfo, data тип=table
2026-03-22 20:49:40.850 LOG 0: Запрос от C# 1 (req_id=48): {"id":48,"createdTime":1774201780558,"data":{"createdTime":1774201780558,"data":"TQTF_F_HOL","cmd":"getClassInfo"},"cmd":"getClassInfo"}
2026-03-22 20:49:40.900 LOG 1: После dispatch: cmd=getClassInfo, data тип=table
2026-03-22 20:49:40.950 LOG 0: Запрос от C# 1 (req_id=49): {"id":49,"createdTime":1774201780559,"data":{"createdTime":1774201780559,"data":"EES_OTC","cmd":"getClassInfo"},"cmd":"getClassInfo"}
2026-03-22 20:49:40.000 LOG 1: После dispatch: cmd=getClassInfo, data тип=table
2026-03-22 20:49:40.050 LOG 0: Запрос от C# 1 (req_id=50): {"id":50,"createdTime":1774201780560,"data":{"createdTime":1774201780560,"data":"TQTF_F","cmd":"getClassInfo"},"cmd":"getClassInfo"}
2026-03-22 20:49:40.100 LOG 1: После dispatch: cmd=getClassInfo, data тип=table
2026-03-22 20:49:40.150 LOG 0: Запрос от C# 1 (req_id=51): {"id":51,"createdTime":1774201780560,"data":{"createdTime":1774201780560,"data":"SMS","cmd":"getClassInfo"},"cmd":"getClassInfo"}
2026-03-22 20:49:40.200 LOG 1: После dispatch: cmd=getClassInfo, data тип=table
2026-03-22 20:49:40.250 LOG 0: Запрос от C# 1 (req_id=52): {"id":52,"createdTime":1774201780561,"data":{"createdTime":1774201780561,"data":"MPAU","cmd":"getClassInfo"},"cmd":"getClassInfo"}
2026-03-22 20:49:40.300 LOG 1: После dispatch: cmd=getClassInfo, data тип=table
2026-03-22 20:49:40.350 LOG 0: Запрос от C# 1 (req_id=53): {"id":53,"createdTime":1774201780564,"data":{"createdTime":1774201780564,"data":"PSAU","cmd":"getClassInfo"},"cmd":"getClassInfo"}
2026-03-22 20:49:40.400 LOG 1: После dispatch: cmd=getClassInfo, data тип=table
2026-03-22 20:49:40.450 LOG 0: Запрос от C# 1 (req_id=54): {"id":54,"createdTime":1774201780565,"data":{"createdTime":1774201780565,"data":"PACY","cmd":"getClassInfo"},"cmd":"getClassInfo"}
2026-03-22 20:49:40.500 LOG 1: После dispatch: cmd=getClassInfo, data тип=table
2026-03-22 20:49:40.550 LOG 0: Запрос от C# 1 (req_id=55): {"id":55,"createdTime":1774201780566,"data":{"createdTime":1774201780566,"data":"QT_EQ","cmd":"getClassInfo"},"cmd":"getClassInfo"}
2026-03-22 20:49:40.600 LOG 1: После dispatch: cmd=getClassInfo, data тип=table
2026-03-22 20:49:40.650 LOG 0: Запрос от C# 1 (req_id=56): {"id":56,"createdTime":1774201780567,"data":{"createdTime":1774201780567,"data":"","cmd":"getClassesList"},"cmd":"getClassesList"}
2026-03-22 20:49:40.700 LOG 0: Р’С‹Р·РѕРІ getClassesList, req_id=?
2026-03-22 20:49:40.750 LOG 1: После dispatch: cmd=getClassesList, data тип=string
2026-03-22 20:49:40.800 LOG 0: Запрос от C# 1 (req_id=57): {"id":57,"createdTime":1774201780569,"data":{"createdTime":1774201780569,"data":"TQTE","cmd":"getClassSecurities"},"cmd":"getClassSecurities"}
2026-03-22 20:49:40.850 LOG 1: После dispatch: cmd=getClassSecurities, data тип=string
2026-03-22 20:49:40.900 LOG 0: Запрос от C# 1 (req_id=58): {"id":58,"createdTime":1774201780570,"data":{"createdTime":1774201780570,"data":"TQCB","cmd":"getClassSecurities"},"cmd":"getClassSecurities"}
2026-03-22 20:49:40.950 LOG 1: После dispatch: cmd=getClassSecurities, data тип=string
2026-03-22 20:49:40.000 LOG 0: Запрос от C# 1 (req_id=59): {"id":59,"createdTime":1774201780659,"data":{"createdTime":1774201780659,"data":"TQOE","cmd":"getClassSecurities"},"cmd":"getClassSecurities"}
2026-03-22 20:49:40.050 LOG 1: После dispatch: cmd=getClassSecurities, data тип=string
2026-03-22 20:49:40.100 LOG 0: Запрос от C# 1 (req_id=60): {"id":60,"createdTime":1774201780660,"data":{"createdTime":1774201780660,"data":"TQRD","cmd":"getClassSecurities"},"cmd":"getClassSecurities"}
2026-03-22 20:49:40.150 LOG 1: После dispatch: cmd=getClassSecurities, data тип=string
2026-03-22 20:49:40.200 LOG 0: Запрос от C# 1 (req_id=61): {"id":61,"createdTime":1774201780663,"data":{"createdTime":1774201780663,"data":"TQUD","cmd":"getClassSecurities"},"cmd":"getClassSecurities"}
2026-03-22 20:49:40.250 LOG 1: После dispatch: cmd=getClassSecurities, data тип=string
2026-03-22 20:49:40.300 LOG 0: Запрос от C# 1 (req_id=62): {"id":62,"createdTime":1774201780664,"data":{"createdTime":1774201780664,"data":"TQED","cmd":"getClassSecurities"},"cmd":"getClassSecurities"}
2026-03-22 20:49:40.350 LOG 1: После dispatch: cmd=getClassSecurities, data тип=string
2026-03-22 20:49:40.400 LOG 0: Запрос от C# 1 (req_id=63): {"id":63,"createdTime":1774201780664,"data":{"createdTime":1774201780664,"data":"FQBR","cmd":"getClassSecurities"},"cmd":"getClassSecurities"}
2026-03-22 20:49:40.450 LOG 1: После dispatch: cmd=getClassSecurities, data тип=string
2026-03-22 20:49:40.500 LOG 0: Запрос от C# 1 (req_id=64): {"id":64,"createdTime":1774201780665,"data":{"createdTime":1774201780665,"data":"SPBFUT","cmd":"getClassSecurities"},"cmd":"getClassSecurities"}
2026-03-22 20:49:40.550 LOG 1: После dispatch: cmd=getClassSecurities, data тип=string
2026-03-22 20:49:40.600 LOG 0: Запрос от C# 1 (req_id=65): {"id":65,"createdTime":1774201780676,"data":{"createdTime":1774201780676,"data":"SPBOPT","cmd":"getClassSecurities"},"cmd":"getClassSecurities"}
2026-03-22 20:49:40.650 LOG 1: После dispatch: cmd=getClassSecurities, data тип=string
2026-03-22 20:49:40.700 LOG 0: Запрос от C# 1 (req_id=66): {"id":66,"createdTime":1774201780971,"data":{"createdTime":1774201780971,"data":"OPTSPOT","cmd":"getClassSecurities"},"cmd":"getClassSecurities"}
2026-03-22 20:49:40.750 LOG 1: После dispatch: cmd=getClassSecurities, data тип=string
2026-03-22 20:49:41.050 LOG 0: Запрос от C# 1 (req_id=67): {"id":67,"createdTime":1774201781374,"data":{"createdTime":1774201781374,"data":"OPTCURNCY","cmd":"getClassSecurities"},"cmd":"getClassSecurities"}
2026-03-22 20:49:41.100 LOG 1: После dispatch: cmd=getClassSecurities, data тип=string
2026-03-22 20:49:41.150 LOG 0: Запрос от C# 1 (req_id=68): {"id":68,"createdTime":1774201781381,"data":{"createdTime":1774201781381,"data":"OPTCOMDTY","cmd":"getClassSecurities"},"cmd":"getClassSecurities"}
2026-03-22 20:49:41.200 LOG 1: После dispatch: cmd=getClassSecurities, data тип=string
2026-03-22 20:49:41.250 LOG 0: Запрос от C# 1 (req_id=69): {"id":69,"createdTime":1774201781395,"data":{"createdTime":1774201781395,"data":"OPTIDX","cmd":"getClassSecurities"},"cmd":"getClassSecurities"}
2026-03-22 20:49:41.300 LOG 1: После dispatch: cmd=getClassSecurities, data тип=string
2026-03-22 20:49:41.350 LOG 0: Запрос от C# 1 (req_id=70): {"id":70,"createdTime":1774201781428,"data":{"createdTime":1774201781428,"data":"RTSIDX","cmd":"getClassSecurities"},"cmd":"getClassSecurities"}
2026-03-22 20:49:41.400 LOG 1: После dispatch: cmd=getClassSecurities, data тип=string
2026-03-22 20:49:41.450 LOG 0: Запрос от C# 1 (req_id=71): {"id":71,"createdTime":1774201781440,"data":{"createdTime":1774201781440,"data":"FUTCLT","cmd":"getClassSecurities"},"cmd":"getClassSecurities"}
2026-03-22 20:49:41.500 LOG 1: После dispatch: cmd=getClassSecurities, data тип=string
2026-03-22 20:49:41.550 LOG 0: Запрос от C# 1 (req_id=72): {"id":72,"createdTime":1774201781442,"data":{"createdTime":1774201781442,"data":"SPBXM","cmd":"getClassSecurities"},"cmd":"getClassSecurities"}
2026-03-22 20:49:41.600 LOG 1: После dispatch: cmd=getClassSecurities, data тип=string
2026-03-22 20:49:41.650 LOG 0: Запрос от C# 1 (req_id=73): {"id":73,"createdTime":1774201781474,"data":{"createdTime":1774201781474,"data":"SPBDE","cmd":"getClassSecurities"},"cmd":"getClassSecurities"}
2026-03-22 20:49:41.700 LOG 1: После dispatch: cmd=getClassSecurities, data тип=string
2026-03-22 20:49:41.750 LOG 0: Запрос от C# 1 (req_id=74): {"id":74,"createdTime":1774201781478,"data":{"createdTime":1774201781478,"data":"SPBRU","cmd":"getClassSecurities"},"cmd":"getClassSecurities"}
2026-03-22 20:49:41.800 LOG 1: После dispatch: cmd=getClassSecurities, data тип=string
2026-03-22 20:49:41.850 LOG 0: Запрос от C# 1 (req_id=75): {"id":75,"createdTime":1774201781484,"data":{"createdTime":1774201781484,"data":"SPBRUBND","cmd":"getClassSecurities"},"cmd":"getClassSecurities"}
2026-03-22 20:49:41.900 LOG 1: После dispatch: cmd=getClassSecurities, data тип=string
2026-03-22 20:49:41.950 LOG 0: Запрос от C# 1 (req_id=76): {"id":76,"createdTime":1774201781485,"data":{"createdTime":1774201781485,"data":"SPBRU_USD","cmd":"getClassSecurities"},"cmd":"getClassSecurities"}
2026-03-22 20:49:41.000 LOG 1: После dispatch: cmd=getClassSecurities, data тип=string
2026-03-22 20:49:41.050 LOG 0: Запрос от C# 1 (req_id=77): {"id":77,"createdTime":1774201781488,"data":{"createdTime":1774201781488,"data":"PSSPBRUBNDDO","cmd":"getClassSecurities"},"cmd":"getClassSecurities"}
2026-03-22 20:49:41.100 LOG 1: После dispatch: cmd=getClassSecurities, data тип=string
2026-03-22 20:49:41.150 LOG 0: Запрос от C# 1 (req_id=78): {"id":78,"createdTime":1774201781488,"data":{"createdTime":1774201781488,"data":"REPORT","cmd":"getClassSecurities"},"cmd":"getClassSecurities"}
2026-03-22 20:49:41.200 LOG 1: После dispatch: cmd=getClassSecurities, data тип=string
2026-03-22 20:49:41.250 LOG 0: Запрос от C# 1 (req_id=79): {"id":79,"createdTime":1774201781489,"data":{"createdTime":1774201781489,"data":"REPORTFORTS","cmd":"getClassSecurities"},"cmd":"getClassSecurities"}
2026-03-22 20:49:41.300 LOG 1: После dispatch: cmd=getClassSecurities, data тип=string
2026-03-22 20:49:41.350 LOG 0: Запрос от C# 1 (req_id=80): {"id":80,"createdTime":1774201781489,"data":{"createdTime":1774201781489,"data":"CROSSRATE","cmd":"getClassSecurities"},"cmd":"getClassSecurities"}
2026-03-22 20:49:41.400 LOG 1: После dispatch: cmd=getClassSecurities, data тип=string
2026-03-22 20:49:41.450 LOG 0: Запрос от C# 1 (req_id=81): {"id":81,"createdTime":1774201781490,"data":{"createdTime":1774201781490,"data":"QT_BN","cmd":"getClassSecurities"},"cmd":"getClassSecurities"}
2026-03-22 20:49:41.500 LOG 1: После dispatch: cmd=getClassSecurities, data тип=string
2026-03-22 20:49:41.550 LOG 0: Запрос от C# 1 (req_id=82): {"id":82,"createdTime":1774201781492,"data":{"createdTime":1774201781492,"data":"INDX","cmd":"getClassSecurities"},"cmd":"getClassSecurities"}
2026-03-22 20:49:41.600 LOG 1: После dispatch: cmd=getClassSecurities, data тип=string
2026-03-22 20:49:41.650 LOG 0: Запрос от C# 1 (req_id=83): {"id":83,"createdTime":1774201781493,"data":{"createdTime":1774201781493,"data":"TQIF_HOL","cmd":"getClassSecurities"},"cmd":"getClassSecurities"}
2026-03-22 20:49:41.700 LOG 1: После dispatch: cmd=getClassSecurities, data тип=string
2026-03-22 20:49:41.750 LOG 0: Запрос от C# 1 (req_id=84): {"id":84,"createdTime":1774201781500,"data":{"createdTime":1774201781500,"data":"TQTF_HOL","cmd":"getClassSecurities"},"cmd":"getClassSecurities"}
2026-03-22 20:49:41.800 LOG 1: После dispatch: cmd=getClassSecurities, data тип=string
2026-03-22 20:49:41.850 LOG 0: Запрос от C# 1 (req_id=85): {"id":85,"createdTime":1774201781502,"data":{"createdTime":1774201781502,"data":"TQTF_W_HOL","cmd":"getClassSecurities"},"cmd":"getClassSecurities"}
2026-03-22 20:49:41.900 LOG 1: После dispatch: cmd=getClassSecurities, data тип=string
2026-03-22 20:49:41.950 LOG 0: Запрос от C# 1 (req_id=86): {"id":86,"createdTime":1774201781503,"data":{"createdTime":1774201781503,"data":"UP","cmd":"getClassSecurities"},"cmd":"getClassSecurities"}
2026-03-22 20:49:41.000 LOG 1: После dispatch: cmd=getClassSecurities, data тип=string
2026-03-22 20:49:41.050 LOG 0: Запрос от C# 1 (req_id=87): {"id":87,"createdTime":1774201781503,"data":{"createdTime":1774201781503,"data":"CETS","cmd":"getClassSecurities"},"cmd":"getClassSecurities"}
2026-03-22 20:49:41.100 LOG 1: После dispatch: cmd=getClassSecurities, data тип=string
2026-03-22 20:49:41.150 LOG 0: Запрос от C# 1 (req_id=88): {"id":88,"createdTime":1774201781512,"data":{"createdTime":1774201781512,"data":"CETS_MTL","cmd":"getClassSecurities"},"cmd":"getClassSecurities"}
2026-03-22 20:49:41.200 LOG 1: После dispatch: cmd=getClassSecurities, data тип=string
2026-03-22 20:49:41.250 LOG 0: Запрос от C# 1 (req_id=89): {"id":89,"createdTime":1774201781513,"data":{"createdTime":1774201781513,"data":"TQFD","cmd":"getClassSecurities"},"cmd":"getClassSecurities"}
2026-03-22 20:49:41.300 LOG 1: После dispatch: cmd=getClassSecurities, data тип=string
2026-03-22 20:49:41.350 LOG 0: Запрос от C# 1 (req_id=90): {"id":90,"createdTime":1774201781514,"data":{"createdTime":1774201781514,"data":"TQFE","cmd":"getClassSecurities"},"cmd":"getClassSecurities"}
2026-03-22 20:49:41.400 LOG 1: После dispatch: cmd=getClassSecurities, data тип=string
2026-03-22 20:49:41.450 LOG 0: Запрос от C# 1 (req_id=91): {"id":91,"createdTime":1774201781515,"data":{"createdTime":1774201781515,"data":"TQTY","cmd":"getClassSecurities"},"cmd":"getClassSecurities"}
2026-03-22 20:49:41.500 LOG 1: После dispatch: cmd=getClassSecurities, data тип=string
2026-03-22 20:49:41.550 LOG 0: Запрос от C# 1 (req_id=92): {"id":92,"createdTime":1774201781515,"data":{"createdTime":1774201781515,"data":"MTQR","cmd":"getClassSecurities"},"cmd":"getClassSecurities"}
2026-03-22 20:49:41.600 LOG 1: После dispatch: cmd=getClassSecurities, data тип=string
2026-03-22 20:49:41.650 LOG 0: Запрос от C# 1 (req_id=93): {"id":93,"createdTime":1774201781525,"data":{"createdTime":1774201781525,"data":"TQBR","cmd":"getClassSecurities"},"cmd":"getClassSecurities"}
2026-03-22 20:49:41.700 LOG 1: После dispatch: cmd=getClassSecurities, data тип=string
2026-03-22 20:49:41.750 LOG 0: Запрос от C# 1 (req_id=94): {"id":94,"createdTime":1774201781529,"data":{"createdTime":1774201781529,"data":"TQOB","cmd":"getClassSecurities"},"cmd":"getClassSecurities"}
2026-03-22 20:49:41.800 LOG 1: После dispatch: cmd=getClassSecurities, data тип=string
2026-03-22 20:49:41.850 LOG 0: Запрос от C# 1 (req_id=95): {"id":95,"createdTime":1774201781534,"data":{"createdTime":1774201781534,"data":"TQIF","cmd":"getClassSecurities"},"cmd":"getClassSecurities"}
2026-03-22 20:49:41.900 LOG 1: После dispatch: cmd=getClassSecurities, data тип=string
2026-03-22 20:49:41.950 LOG 0: Запрос от C# 1 (req_id=96): {"id":96,"createdTime":1774201781535,"data":{"createdTime":1774201781535,"data":"TQTF","cmd":"getClassSecurities"},"cmd":"getClassSecurities"}
2026-03-22 20:49:41.000 LOG 1: После dispatch: cmd=getClassSecurities, data тип=string
2026-03-22 20:49:41.050 LOG 0: Запрос от C# 1 (req_id=97): {"id":97,"createdTime":1774201781536,"data":{"createdTime":1774201781536,"data":"TQTF_W","cmd":"getClassSecurities"},"cmd":"getClassSecurities"}
2026-03-22 20:49:41.100 LOG 1: После dispatch: cmd=getClassSecurities, data тип=string
2026-03-22 20:49:41.150 LOG 0: Запрос от C# 1 (req_id=98): {"id":98,"createdTime":1774201781537,"data":{"createdTime":1774201781537,"data":"TQBD","cmd":"getClassSecurities"},"cmd":"getClassSecurities"}
2026-03-22 20:49:41.200 LOG 1: После dispatch: cmd=getClassSecurities, data тип=string
2026-03-22 20:49:41.250 LOG 0: Запрос от C# 1 (req_id=99): {"id":99,"createdTime":1774201781538,"data":{"createdTime":1774201781538,"data":"TQTD","cmd":"getClassSecurities"},"cmd":"getClassSecurities"}
2026-03-22 20:49:41.300 LOG 1: После dispatch: cmd=getClassSecurities, data тип=string
2026-03-22 20:49:41.350 LOG 0: Запрос от C# 1 (req_id=100): {"id":100,"createdTime":1774201781539,"data":{"createdTime":1774201781539,"data":"TQOD","cmd":"getClassSecurities"},"cmd":"getClassSecurities"}
2026-03-22 20:49:41.400 LOG 1: После dispatch: cmd=getClassSecurities, data тип=string
2026-03-22 20:49:41.450 LOG 0: Запрос от C# 1 (req_id=101): {"id":101,"createdTime":1774201781539,"data":{"createdTime":1774201781539,"data":"TQOY","cmd":"getClassSecurities"},"cmd":"getClassSecurities"}
2026-03-22 20:49:41.500 LOG 1: После dispatch: cmd=getClassSecurities, data тип=string
2026-03-22 20:49:41.550 LOG 0: Запрос от C# 1 (req_id=102): {"id":102,"createdTime":1774201781542,"data":{"createdTime":1774201781542,"data":"TQTF_F_HOL","cmd":"getClassSecurities"},"cmd":"getClassSecurities"}
2026-03-22 20:49:41.600 LOG 1: После dispatch: cmd=getClassSecurities, data тип=string
2026-03-22 20:49:41.650 LOG 0: Запрос от C# 1 (req_id=103): {"id":103,"createdTime":1774201781542,"data":{"createdTime":1774201781542,"data":"EES_OTC","cmd":"getClassSecurities"},"cmd":"getClassSecurities"}
2026-03-22 20:49:41.700 LOG 1: После dispatch: cmd=getClassSecurities, data тип=string
2026-03-22 20:49:41.750 LOG 0: Запрос от C# 1 (req_id=104): {"id":104,"createdTime":1774201781543,"data":{"createdTime":1774201781543,"data":"TQTF_F","cmd":"getClassSecurities"},"cmd":"getClassSecurities"}
2026-03-22 20:49:41.800 LOG 1: После dispatch: cmd=getClassSecurities, data тип=string
2026-03-22 20:49:41.850 LOG 0: Запрос от C# 1 (req_id=105): {"id":105,"createdTime":1774201781543,"data":{"createdTime":1774201781543,"data":"SMS","cmd":"getClassSecurities"},"cmd":"getClassSecurities"}
2026-03-22 20:49:41.900 LOG 1: После dispatch: cmd=getClassSecurities, data тип=string
2026-03-22 20:49:41.950 LOG 0: Запрос от C# 1 (req_id=106): {"id":106,"createdTime":1774201781544,"data":{"createdTime":1774201781544,"data":"MPAU","cmd":"getClassSecurities"},"cmd":"getClassSecurities"}
2026-03-22 20:49:41.000 LOG 1: После dispatch: cmd=getClassSecurities, data тип=string
2026-03-22 20:49:41.050 LOG 0: Запрос от C# 1 (req_id=107): {"id":107,"createdTime":1774201781545,"data":{"createdTime":1774201781545,"data":"PSAU","cmd":"getClassSecurities"},"cmd":"getClassSecurities"}
2026-03-22 20:49:41.100 LOG 1: После dispatch: cmd=getClassSecurities, data тип=string
2026-03-22 20:49:41.150 LOG 0: Запрос от C# 1 (req_id=108): {"id":108,"createdTime":1774201781551,"data":{"createdTime":1774201781551,"data":"PACY","cmd":"getClassSecurities"},"cmd":"getClassSecurities"}
2026-03-22 20:49:41.200 LOG 1: После dispatch: cmd=getClassSecurities, data тип=string
2026-03-22 20:49:41.250 LOG 0: Запрос от C# 1 (req_id=109): {"id":109,"createdTime":1774201781551,"data":{"createdTime":1774201781551,"data":"QT_EQ","cmd":"getClassSecurities"},"cmd":"getClassSecurities"}
2026-03-22 20:49:41.300 LOG 1: После dispatch: cmd=getClassSecurities, data тип=string
2026-03-22 20:49:41.350 LOG 0: Запрос от C# 1 (req_id=110): {"id":110,"createdTime":1774201781553,"data":{"createdTime":1774201781553,"data":"SPBFUT|RIM6","cmd":"getSecurityInfo"},"cmd":"getSecurityInfo"}
2026-03-22 20:49:41.400 LOG 1: После dispatch: cmd=getSecurityInfo, data тип=table
2026-03-22 20:49:41.450 LOG 0: Запрос от C# 1 (req_id=111): {"id":111,"createdTime":1774201781573,"data":{"createdTime":1774201781573,"data":"TQBR|LKOH","cmd":"getSecurityInfo"},"cmd":"getSecurityInfo"}
2026-03-22 20:49:41.500 LOG 1: После dispatch: cmd=getSecurityInfo, data тип=table
2026-03-22 20:49:41.550 LOG 0: Запрос от C# 1 (req_id=112): {"id":112,"createdTime":1774201781578,"data":{"createdTime":1774201781578,"data":"","cmd":"isConnected"},"cmd":"isConnected"}
2026-03-22 20:49:41.650 LOG 1: После dispatch: cmd=isConnected, data тип=string
2026-03-22 20:49:41.700 LOG 0: Запрос от C# 1 (req_id=113): {"id":113,"createdTime":1774201781579,"data":{"createdTime":1774201781579,"data":"","cmd":"getWorkingFolder"},"cmd":"getWorkingFolder"}
2026-03-22 20:49:41.800 LOG 1: После dispatch: cmd=getWorkingFolder, data тип=string
2026-03-22 20:49:41.850 LOG 0: Запрос от C# 1 (req_id=114): {"id":114,"createdTime":1774201781581,"data":{"createdTime":1774201781581,"data":"","cmd":"getScriptPath"},"cmd":"getScriptPath"}
2026-03-22 20:49:41.950 LOG 1: После dispatch: cmd=getScriptPath, data тип=string
2026-03-22 20:49:41.000 LOG 0: Запрос от C# 1 (req_id=115): {"id":115,"createdTime":1774201781584,"data":{"createdTime":1774201781584,"data":"VERSION","cmd":"getInfoParam"},"cmd":"getInfoParam"}
2026-03-22 20:49:41.100 LOG 1: После dispatch: cmd=getInfoParam, data тип=string
2026-03-22 20:49:41.150 LOG 0: Запрос от C# 1 (req_id=116): {"id":116,"createdTime":1774201781585,"data":{"createdTime":1774201781585,"data":"TRADEDATE","cmd":"getInfoParam"},"cmd":"getInfoParam"}
2026-03-22 20:49:41.250 LOG 1: После dispatch: cmd=getInfoParam, data тип=string
2026-03-22 20:49:41.300 LOG 0: Запрос от C# 1 (req_id=117): {"id":117,"createdTime":1774201781585,"data":{"createdTime":1774201781585,"data":"SERVERTIME","cmd":"getInfoParam"},"cmd":"getInfoParam"}
2026-03-22 20:49:41.400 LOG 1: После dispatch: cmd=getInfoParam, data тип=string
2026-03-22 20:49:41.450 LOG 0: Запрос от C# 1 (req_id=118): {"id":118,"createdTime":1774201781586,"data":{"createdTime":1774201781586,"data":"LASTRECORDTIME","cmd":"getInfoParam"},"cmd":"getInfoParam"}
2026-03-22 20:49:41.550 LOG 1: После dispatch: cmd=getInfoParam, data тип=string
2026-03-22 20:49:41.600 LOG 0: Запрос от C# 1 (req_id=119): {"id":119,"createdTime":1774201781588,"data":{"createdTime":1774201781588,"data":"NUMRECORDS","cmd":"getInfoParam"},"cmd":"getInfoParam"}
2026-03-22 20:49:41.700 LOG 1: После dispatch: cmd=getInfoParam, data тип=string
2026-03-22 20:49:41.750 LOG 0: Запрос от C# 1 (req_id=120): {"id":120,"createdTime":1774201781588,"data":{"createdTime":1774201781588,"data":"LASTRECORD","cmd":"getInfoParam"},"cmd":"getInfoParam"}
2026-03-22 20:49:41.850 LOG 1: После dispatch: cmd=getInfoParam, data тип=string
2026-03-22 20:49:41.900 LOG 0: Запрос от C# 1 (req_id=121): {"id":121,"createdTime":1774201781589,"data":{"createdTime":1774201781589,"data":"LATERECORD","cmd":"getInfoParam"},"cmd":"getInfoParam"}
2026-03-22 20:49:41.000 LOG 1: После dispatch: cmd=getInfoParam, data тип=string
2026-03-22 20:49:41.050 LOG 0: Запрос от C# 1 (req_id=122): {"id":122,"createdTime":1774201781590,"data":{"createdTime":1774201781590,"data":"CONNECTION","cmd":"getInfoParam"},"cmd":"getInfoParam"}
2026-03-22 20:49:41.150 LOG 1: После dispatch: cmd=getInfoParam, data тип=string
2026-03-22 20:49:41.200 LOG 0: Запрос от C# 1 (req_id=123): {"id":123,"createdTime":1774201781590,"data":{"createdTime":1774201781590,"data":"IPADDRESS","cmd":"getInfoParam"},"cmd":"getInfoParam"}
2026-03-22 20:49:41.300 LOG 1: После dispatch: cmd=getInfoParam, data тип=string
2026-03-22 20:49:41.350 LOG 0: Запрос от C# 1 (req_id=124): {"id":124,"createdTime":1774201781591,"data":{"createdTime":1774201781591,"data":"IPPORT","cmd":"getInfoParam"},"cmd":"getInfoParam"}
2026-03-22 20:49:41.450 LOG 1: После dispatch: cmd=getInfoParam, data тип=string
2026-03-22 20:49:41.500 LOG 0: Запрос от C# 1 (req_id=125): {"id":125,"createdTime":1774201781593,"data":{"createdTime":1774201781593,"data":"IPCOMMENT","cmd":"getInfoParam"},"cmd":"getInfoParam"}
2026-03-22 20:49:41.600 LOG 1: После dispatch: cmd=getInfoParam, data тип=string
2026-03-22 20:49:41.650 LOG 0: Запрос от C# 1 (req_id=126): {"id":126,"createdTime":1774201781594,"data":{"createdTime":1774201781594,"data":"SERVER","cmd":"getInfoParam"},"cmd":"getInfoParam"}
2026-03-22 20:49:41.750 LOG 1: После dispatch: cmd=getInfoParam, data тип=string
2026-03-22 20:49:41.800 LOG 0: Запрос от C# 1 (req_id=127): {"id":127,"createdTime":1774201781594,"data":{"createdTime":1774201781594,"data":"SESSIONID","cmd":"getInfoParam"},"cmd":"getInfoParam"}
2026-03-22 20:49:41.900 LOG 1: После dispatch: cmd=getInfoParam, data тип=string
2026-03-22 20:49:41.950 LOG 0: Запрос от C# 1 (req_id=128): {"id":128,"createdTime":1774201781595,"data":{"createdTime":1774201781595,"data":"USER","cmd":"getInfoParam"},"cmd":"getInfoParam"}
2026-03-22 20:49:41.050 LOG 1: После dispatch: cmd=getInfoParam, data тип=string
2026-03-22 20:49:41.100 LOG 0: Запрос от C# 1 (req_id=129): {"id":129,"createdTime":1774201781596,"data":{"createdTime":1774201781596,"data":"USERID","cmd":"getInfoParam"},"cmd":"getInfoParam"}
2026-03-22 20:49:41.200 LOG 1: После dispatch: cmd=getInfoParam, data тип=string
2026-03-22 20:49:41.250 LOG 0: Запрос от C# 1 (req_id=130): {"id":130,"createdTime":1774201781598,"data":{"createdTime":1774201781598,"data":"ORG","cmd":"getInfoParam"},"cmd":"getInfoParam"}
2026-03-22 20:49:41.350 LOG 1: После dispatch: cmd=getInfoParam, data тип=string
2026-03-22 20:49:41.400 LOG 0: Запрос от C# 1 (req_id=131): {"id":131,"createdTime":1774201781599,"data":{"createdTime":1774201781599,"data":"MEMORY","cmd":"getInfoParam"},"cmd":"getInfoParam"}
2026-03-22 20:49:41.500 LOG 1: После dispatch: cmd=getInfoParam, data тип=string
2026-03-22 20:49:41.550 LOG 0: Запрос от C# 1 (req_id=132): {"id":132,"createdTime":1774201781599,"data":{"createdTime":1774201781599,"data":"LOCALTIME","cmd":"getInfoParam"},"cmd":"getInfoParam"}
2026-03-22 20:49:41.650 LOG 1: После dispatch: cmd=getInfoParam, data тип=string
2026-03-22 20:49:41.700 LOG 0: Запрос от C# 1 (req_id=133): {"id":133,"createdTime":1774201781600,"data":{"createdTime":1774201781600,"data":"CONNECTIONTIME","cmd":"getInfoParam"},"cmd":"getInfoParam"}
2026-03-22 20:49:41.800 LOG 1: После dispatch: cmd=getInfoParam, data тип=string
2026-03-22 20:49:41.850 LOG 0: Запрос от C# 1 (req_id=134): {"id":134,"createdTime":1774201781601,"data":{"createdTime":1774201781601,"data":"MESSAGESSENT","cmd":"getInfoParam"},"cmd":"getInfoParam"}
2026-03-22 20:49:41.950 LOG 1: После dispatch: cmd=getInfoParam, data тип=string
2026-03-22 20:49:41.000 LOG 0: Запрос от C# 1 (req_id=135): {"id":135,"createdTime":1774201781602,"data":{"createdTime":1774201781602,"data":"ALLSENT","cmd":"getInfoParam"},"cmd":"getInfoParam"}
2026-03-22 20:49:41.100 LOG 1: После dispatch: cmd=getInfoParam, data тип=string
2026-03-22 20:49:41.150 LOG 0: Запрос от C# 1 (req_id=136): {"id":136,"createdTime":1774201781603,"data":{"createdTime":1774201781603,"data":"BYTESSENT","cmd":"getInfoParam"},"cmd":"getInfoParam"}
2026-03-22 20:49:41.250 LOG 1: После dispatch: cmd=getInfoParam, data тип=string
2026-03-22 20:49:41.300 LOG 0: Запрос от C# 1 (req_id=137): {"id":137,"createdTime":1774201781604,"data":{"createdTime":1774201781604,"data":"BYTESPERSECSENT","cmd":"getInfoParam"},"cmd":"getInfoParam"}
2026-03-22 20:49:41.400 LOG 1: После dispatch: cmd=getInfoParam, data тип=string
2026-03-22 20:49:41.450 LOG 0: Запрос от C# 1 (req_id=138): {"id":138,"createdTime":1774201781604,"data":{"createdTime":1774201781604,"data":"MESSAGESRECV","cmd":"getInfoParam"},"cmd":"getInfoParam"}
2026-03-22 20:49:41.550 LOG 1: После dispatch: cmd=getInfoParam, data тип=string
2026-03-22 20:49:41.600 LOG 0: Запрос от C# 1 (req_id=139): {"id":139,"createdTime":1774201781605,"data":{"createdTime":1774201781605,"data":"BYTESRECV","cmd":"getInfoParam"},"cmd":"getInfoParam"}
2026-03-22 20:49:41.700 LOG 1: После dispatch: cmd=getInfoParam, data тип=string
2026-03-22 20:49:41.750 LOG 0: Запрос от C# 1 (req_id=140): {"id":140,"createdTime":1774201781605,"data":{"createdTime":1774201781605,"data":"ALLRECV","cmd":"getInfoParam"},"cmd":"getInfoParam"}
2026-03-22 20:49:41.850 LOG 1: После dispatch: cmd=getInfoParam, data тип=string
2026-03-22 20:49:41.900 LOG 0: Запрос от C# 1 (req_id=141): {"id":141,"createdTime":1774201781606,"data":{"createdTime":1774201781606,"data":"BYTESPERSECRECV","cmd":"getInfoParam"},"cmd":"getInfoParam"}
2026-03-22 20:49:41.000 LOG 1: После dispatch: cmd=getInfoParam, data тип=string
2026-03-22 20:49:41.050 LOG 0: Запрос от C# 1 (req_id=142): {"id":142,"createdTime":1774201781608,"data":{"createdTime":1774201781608,"data":"AVGSENT","cmd":"getInfoParam"},"cmd":"getInfoParam"}
2026-03-22 20:49:41.150 LOG 1: После dispatch: cmd=getInfoParam, data тип=string
2026-03-22 20:49:41.200 LOG 0: Запрос от C# 1 (req_id=143): {"id":143,"createdTime":1774201781609,"data":{"createdTime":1774201781609,"data":"AVGRECV","cmd":"getInfoParam"},"cmd":"getInfoParam"}
2026-03-22 20:49:41.300 LOG 1: После dispatch: cmd=getInfoParam, data тип=string
2026-03-22 20:49:41.350 LOG 0: Запрос от C# 1 (req_id=144): {"id":144,"createdTime":1774201781609,"data":{"createdTime":1774201781609,"data":"LASTPINGTIME","cmd":"getInfoParam"},"cmd":"getInfoParam"}
2026-03-22 20:49:41.450 LOG 1: После dispatch: cmd=getInfoParam, data тип=string
2026-03-22 20:49:41.500 LOG 0: Запрос от C# 1 (req_id=145): {"id":145,"createdTime":1774201781610,"data":{"createdTime":1774201781610,"data":"LASTPINGDURATION","cmd":"getInfoParam"},"cmd":"getInfoParam"}
2026-03-22 20:49:41.600 LOG 1: После dispatch: cmd=getInfoParam, data тип=string
2026-03-22 20:49:41.650 LOG 0: Запрос от C# 1 (req_id=146): {"id":146,"createdTime":1774201781610,"data":{"createdTime":1774201781610,"data":"AVGPINGDURATION","cmd":"getInfoParam"},"cmd":"getInfoParam"}
2026-03-22 20:49:41.750 LOG 1: После dispatch: cmd=getInfoParam, data тип=string
2026-03-22 20:49:41.800 LOG 0: Запрос от C# 1 (req_id=147): {"id":147,"createdTime":1774201781611,"data":{"createdTime":1774201781611,"data":"MAXPINGTIME","cmd":"getInfoParam"},"cmd":"getInfoParam"}
2026-03-22 20:49:41.900 LOG 1: После dispatch: cmd=getInfoParam, data тип=string
2026-03-22 20:49:41.950 LOG 0: Запрос от C# 1 (req_id=148): {"id":148,"createdTime":1774201781611,"data":{"createdTime":1774201781611,"data":"MAXPINGDURATION","cmd":"getInfoParam"},"cmd":"getInfoParam"}
2026-03-22 20:49:41.050 LOG 1: После dispatch: cmd=getInfoParam, data тип=string
2026-03-22 20:49:41.100 LOG 0: Запрос от C# 1 (req_id=149): {"id":149,"createdTime":1774201781642,"data":{"createdTime":1774201781641,"data":"SPBFUT|RIM6","cmd":"Subscribe_Level_II_Quotes"},"cmd":"Subscribe_Level_II_Quotes"}
2026-03-22 20:49:41.150 LOG 1: Subscribe_Level_II_Quotes called | raw data: SPBFUT|RIM6
2026-03-22 20:49:41.200 LOG 1: Subscribe Level II: class=SPBFUT, sec=RIM6
2026-03-22 20:49:41.250 LOG 1: После dispatch: cmd=Subscribe_Level_II_Quotes, data тип=boolean
2026-03-23 09:52:24.050 LOG 0: Запрос от C# 1 (req_id=1): {"id":1,"createdTime":1774248744465,"data":{"createdTime":1774248744463,"data":"","cmd":"getClassesList"},"cmd":"getClassesList"}
2026-03-23 09:52:24.100 LOG 0: Р’С‹Р·РѕРІ getClassesList, req_id=?
2026-03-23 09:52:24.150 LOG 1: После dispatch: cmd=getClassesList, data тип=string
2026-03-23 09:52:24.200 LOG 0: Запрос от C# 1 (req_id=2): {"id":2,"createdTime":1774248744522,"data":{"createdTime":1774248744522,"data":"","cmd":"getClassesList"},"cmd":"getClassesList"}
2026-03-23 09:52:24.250 LOG 0: Р’С‹Р·РѕРІ getClassesList, req_id=?
2026-03-23 09:52:24.300 LOG 1: После dispatch: cmd=getClassesList, data тип=string
2026-03-23 09:52:24.350 LOG 0: Запрос от C# 1 (req_id=3): {"id":3,"createdTime":1774248744525,"data":{"createdTime":1774248744525,"data":"TQTE","cmd":"getClassInfo"},"cmd":"getClassInfo"}
2026-03-23 09:52:24.400 LOG 1: После dispatch: cmd=getClassInfo, data тип=table
2026-03-23 09:52:24.450 LOG 0: Запрос от C# 1 (req_id=4): {"id":4,"createdTime":1774248744814,"data":{"createdTime":1774248744814,"data":"TQCB","cmd":"getClassInfo"},"cmd":"getClassInfo"}
2026-03-23 09:52:24.500 LOG 1: После dispatch: cmd=getClassInfo, data тип=table
2026-03-23 09:52:24.550 LOG 0: Запрос от C# 1 (req_id=5): {"id":5,"createdTime":1774248744815,"data":{"createdTime":1774248744815,"data":"TQOE","cmd":"getClassInfo"},"cmd":"getClassInfo"}
2026-03-23 09:52:24.600 LOG 1: После dispatch: cmd=getClassInfo, data тип=table
2026-03-23 09:52:24.650 LOG 0: Запрос от C# 1 (req_id=6): {"id":6,"createdTime":1774248744816,"data":{"createdTime":1774248744816,"data":"TQRD","cmd":"getClassInfo"},"cmd":"getClassInfo"}
2026-03-23 09:52:24.700 LOG 1: После dispatch: cmd=getClassInfo, data тип=table
2026-03-23 09:52:24.750 LOG 0: Запрос от C# 1 (req_id=7): {"id":7,"createdTime":1774248744817,"data":{"createdTime":1774248744817,"data":"TQUD","cmd":"getClassInfo"},"cmd":"getClassInfo"}
2026-03-23 09:52:24.800 LOG 1: После dispatch: cmd=getClassInfo, data тип=table
2026-03-23 09:52:24.850 LOG 0: Запрос от C# 1 (req_id=8): {"id":8,"createdTime":1774248744818,"data":{"createdTime":1774248744818,"data":"TQED","cmd":"getClassInfo"},"cmd":"getClassInfo"}
2026-03-23 09:52:24.900 LOG 1: После dispatch: cmd=getClassInfo, data тип=table
2026-03-23 09:52:24.950 LOG 0: Запрос от C# 1 (req_id=9): {"id":9,"createdTime":1774248744820,"data":{"createdTime":1774248744820,"data":"FQBR","cmd":"getClassInfo"},"cmd":"getClassInfo"}
2026-03-23 09:52:24.000 LOG 1: После dispatch: cmd=getClassInfo, data тип=table
2026-03-23 09:52:24.050 LOG 0: Запрос от C# 1 (req_id=10): {"id":10,"createdTime":1774248744821,"data":{"createdTime":1774248744821,"data":"SPBFUT","cmd":"getClassInfo"},"cmd":"getClassInfo"}
2026-03-23 09:52:24.100 LOG 1: После dispatch: cmd=getClassInfo, data тип=table
2026-03-23 09:52:24.150 LOG 0: Запрос от C# 1 (req_id=11): {"id":11,"createdTime":1774248744826,"data":{"createdTime":1774248744826,"data":"SPBOPT","cmd":"getClassInfo"},"cmd":"getClassInfo"}
2026-03-23 09:52:24.200 LOG 1: После dispatch: cmd=getClassInfo, data тип=table
2026-03-23 09:52:24.250 LOG 0: Запрос от C# 1 (req_id=12): {"id":12,"createdTime":1774248744827,"data":{"createdTime":1774248744827,"data":"OPTSPOT","cmd":"getClassInfo"},"cmd":"getClassInfo"}
2026-03-23 09:52:24.300 LOG 1: После dispatch: cmd=getClassInfo, data тип=table
2026-03-23 09:52:24.350 LOG 0: Запрос от C# 1 (req_id=13): {"id":13,"createdTime":1774248744831,"data":{"createdTime":1774248744831,"data":"OPTCURNCY","cmd":"getClassInfo"},"cmd":"getClassInfo"}
2026-03-23 09:52:24.400 LOG 1: После dispatch: cmd=getClassInfo, data тип=table
2026-03-23 09:52:24.450 LOG 0: Запрос от C# 1 (req_id=14): {"id":14,"createdTime":1774248744832,"data":{"createdTime":1774248744832,"data":"OPTCOMDTY","cmd":"getClassInfo"},"cmd":"getClassInfo"}
2026-03-23 09:52:24.500 LOG 1: После dispatch: cmd=getClassInfo, data тип=table
2026-03-23 09:52:24.550 LOG 0: Запрос от C# 1 (req_id=15): {"id":15,"createdTime":1774248744833,"data":{"createdTime":1774248744833,"data":"OPTIDX","cmd":"getClassInfo"},"cmd":"getClassInfo"}
2026-03-23 09:52:24.600 LOG 1: После dispatch: cmd=getClassInfo, data тип=table
2026-03-23 09:52:24.650 LOG 0: Запрос от C# 1 (req_id=16): {"id":16,"createdTime":1774248744838,"data":{"createdTime":1774248744838,"data":"RTSIDX","cmd":"getClassInfo"},"cmd":"getClassInfo"}
2026-03-23 09:52:24.700 LOG 1: После dispatch: cmd=getClassInfo, data тип=table
2026-03-23 09:52:24.750 LOG 0: Запрос от C# 1 (req_id=17): {"id":17,"createdTime":1774248744838,"data":{"createdTime":1774248744838,"data":"FUTCLT","cmd":"getClassInfo"},"cmd":"getClassInfo"}
2026-03-23 09:52:24.800 LOG 1: После dispatch: cmd=getClassInfo, data тип=table
2026-03-23 09:52:24.850 LOG 0: Запрос от C# 1 (req_id=18): {"id":18,"createdTime":1774248744839,"data":{"createdTime":1774248744839,"data":"SPBXM","cmd":"getClassInfo"},"cmd":"getClassInfo"}
2026-03-23 09:52:24.900 LOG 1: После dispatch: cmd=getClassInfo, data тип=table
2026-03-23 09:52:24.950 LOG 0: Запрос от C# 1 (req_id=19): {"id":19,"createdTime":1774248744840,"data":{"createdTime":1774248744840,"data":"SPBDE","cmd":"getClassInfo"},"cmd":"getClassInfo"}
2026-03-23 09:52:24.000 LOG 1: После dispatch: cmd=getClassInfo, data тип=table
2026-03-23 09:52:24.050 LOG 0: Запрос от C# 1 (req_id=20): {"id":20,"createdTime":1774248744841,"data":{"createdTime":1774248744841,"data":"SPBRU","cmd":"getClassInfo"},"cmd":"getClassInfo"}
2026-03-23 09:52:24.100 LOG 1: После dispatch: cmd=getClassInfo, data тип=table
2026-03-23 09:52:24.150 LOG 0: Запрос от C# 1 (req_id=21): {"id":21,"createdTime":1774248744842,"data":{"createdTime":1774248744842,"data":"SPBRUBND","cmd":"getClassInfo"},"cmd":"getClassInfo"}
2026-03-23 09:52:24.200 LOG 1: После dispatch: cmd=getClassInfo, data тип=table
2026-03-23 09:52:24.250 LOG 0: Запрос от C# 1 (req_id=22): {"id":22,"createdTime":1774248744843,"data":{"createdTime":1774248744843,"data":"SPBRU_USD","cmd":"getClassInfo"},"cmd":"getClassInfo"}
2026-03-23 09:52:24.300 LOG 1: После dispatch: cmd=getClassInfo, data тип=table
2026-03-23 09:52:24.350 LOG 0: Запрос от C# 1 (req_id=23): {"id":23,"createdTime":1774248744844,"data":{"createdTime":1774248744844,"data":"PSSPBRUBNDDO","cmd":"getClassInfo"},"cmd":"getClassInfo"}
2026-03-23 09:52:24.400 LOG 1: После dispatch: cmd=getClassInfo, data тип=table
2026-03-23 09:52:24.450 LOG 0: Запрос от C# 1 (req_id=24): {"id":24,"createdTime":1774248744845,"data":{"createdTime":1774248744845,"data":"REPORT","cmd":"getClassInfo"},"cmd":"getClassInfo"}
2026-03-23 09:52:24.500 LOG 1: После dispatch: cmd=getClassInfo, data тип=table
2026-03-23 09:52:24.550 LOG 0: Запрос от C# 1 (req_id=25): {"id":25,"createdTime":1774248744846,"data":{"createdTime":1774248744846,"data":"REPORTFORTS","cmd":"getClassInfo"},"cmd":"getClassInfo"}
2026-03-23 09:52:24.600 LOG 1: После dispatch: cmd=getClassInfo, data тип=table
2026-03-23 09:52:24.650 LOG 0: Запрос от C# 1 (req_id=26): {"id":26,"createdTime":1774248744847,"data":{"createdTime":1774248744847,"data":"CROSSRATE","cmd":"getClassInfo"},"cmd":"getClassInfo"}
2026-03-23 09:52:24.700 LOG 1: После dispatch: cmd=getClassInfo, data тип=table
2026-03-23 09:52:24.750 LOG 0: Запрос от C# 1 (req_id=27): {"id":27,"createdTime":1774248744848,"data":{"createdTime":1774248744848,"data":"QT_BN","cmd":"getClassInfo"},"cmd":"getClassInfo"}
2026-03-23 09:52:24.800 LOG 1: После dispatch: cmd=getClassInfo, data тип=table
2026-03-23 09:52:24.850 LOG 0: Запрос от C# 1 (req_id=28): {"id":28,"createdTime":1774248744849,"data":{"createdTime":1774248744849,"data":"INDX","cmd":"getClassInfo"},"cmd":"getClassInfo"}
2026-03-23 09:52:24.900 LOG 1: После dispatch: cmd=getClassInfo, data тип=table
2026-03-23 09:52:24.950 LOG 0: Запрос от C# 1 (req_id=29): {"id":29,"createdTime":1774248744850,"data":{"createdTime":1774248744850,"data":"TQIF_HOL","cmd":"getClassInfo"},"cmd":"getClassInfo"}
2026-03-23 09:52:24.000 LOG 1: После dispatch: cmd=getClassInfo, data тип=table
2026-03-23 09:52:24.050 LOG 0: Запрос от C# 1 (req_id=30): {"id":30,"createdTime":1774248744853,"data":{"createdTime":1774248744853,"data":"TQTF_HOL","cmd":"getClassInfo"},"cmd":"getClassInfo"}
2026-03-23 09:52:24.100 LOG 1: После dispatch: cmd=getClassInfo, data тип=table
2026-03-23 09:52:24.150 LOG 0: Запрос от C# 1 (req_id=31): {"id":31,"createdTime":1774248744854,"data":{"createdTime":1774248744854,"data":"TQTF_W_HOL","cmd":"getClassInfo"},"cmd":"getClassInfo"}
2026-03-23 09:52:24.200 LOG 1: После dispatch: cmd=getClassInfo, data тип=table
2026-03-23 09:52:24.250 LOG 0: Запрос от C# 1 (req_id=32): {"id":32,"createdTime":1774248744855,"data":{"createdTime":1774248744855,"data":"UP","cmd":"getClassInfo"},"cmd":"getClassInfo"}
2026-03-23 09:52:24.300 LOG 1: После dispatch: cmd=getClassInfo, data тип=table
2026-03-23 09:52:24.350 LOG 0: Запрос от C# 1 (req_id=33): {"id":33,"createdTime":1774248744855,"data":{"createdTime":1774248744855,"data":"CETS","cmd":"getClassInfo"},"cmd":"getClassInfo"}
2026-03-23 09:52:24.400 LOG 1: После dispatch: cmd=getClassInfo, data тип=table
2026-03-23 09:52:24.450 LOG 0: Запрос от C# 1 (req_id=34): {"id":34,"createdTime":1774248744857,"data":{"createdTime":1774248744857,"data":"CETS_MTL","cmd":"getClassInfo"},"cmd":"getClassInfo"}
2026-03-23 09:52:24.500 LOG 1: После dispatch: cmd=getClassInfo, data тип=table
2026-03-23 09:52:24.550 LOG 0: Запрос от C# 1 (req_id=35): {"id":35,"createdTime":1774248744857,"data":{"createdTime":1774248744857,"data":"TQFD","cmd":"getClassInfo"},"cmd":"getClassInfo"}
2026-03-23 09:52:24.600 LOG 1: После dispatch: cmd=getClassInfo, data тип=table
2026-03-23 09:52:24.650 LOG 0: Запрос от C# 1 (req_id=36): {"id":36,"createdTime":1774248744858,"data":{"createdTime":1774248744858,"data":"TQFE","cmd":"getClassInfo"},"cmd":"getClassInfo"}
2026-03-23 09:52:24.700 LOG 1: После dispatch: cmd=getClassInfo, data тип=table
2026-03-23 09:52:24.750 LOG 0: Запрос от C# 1 (req_id=37): {"id":37,"createdTime":1774248744858,"data":{"createdTime":1774248744858,"data":"TQTY","cmd":"getClassInfo"},"cmd":"getClassInfo"}
2026-03-23 09:52:24.800 LOG 1: После dispatch: cmd=getClassInfo, data тип=table
2026-03-23 09:52:24.850 LOG 0: Запрос от C# 1 (req_id=38): {"id":38,"createdTime":1774248744859,"data":{"createdTime":1774248744859,"data":"MTQR","cmd":"getClassInfo"},"cmd":"getClassInfo"}
2026-03-23 09:52:24.900 LOG 1: После dispatch: cmd=getClassInfo, data тип=table
2026-03-23 09:52:24.950 LOG 0: Запрос от C# 1 (req_id=39): {"id":39,"createdTime":1774248744860,"data":{"createdTime":1774248744860,"data":"TQBR","cmd":"getClassInfo"},"cmd":"getClassInfo"}
2026-03-23 09:52:24.000 LOG 1: После dispatch: cmd=getClassInfo, data тип=table
2026-03-23 09:52:24.050 LOG 0: Запрос от C# 1 (req_id=40): {"id":40,"createdTime":1774248744860,"data":{"createdTime":1774248744860,"data":"TQOB","cmd":"getClassInfo"},"cmd":"getClassInfo"}
2026-03-23 09:52:24.100 LOG 1: После dispatch: cmd=getClassInfo, data тип=table
2026-03-23 09:52:24.150 LOG 0: Запрос от C# 1 (req_id=41): {"id":41,"createdTime":1774248744861,"data":{"createdTime":1774248744861,"data":"TQIF","cmd":"getClassInfo"},"cmd":"getClassInfo"}
2026-03-23 09:52:24.200 LOG 1: После dispatch: cmd=getClassInfo, data тип=table
2026-03-23 09:52:24.250 LOG 0: Запрос от C# 1 (req_id=42): {"id":42,"createdTime":1774248744861,"data":{"createdTime":1774248744861,"data":"TQTF","cmd":"getClassInfo"},"cmd":"getClassInfo"}
2026-03-23 09:52:24.300 LOG 1: После dispatch: cmd=getClassInfo, data тип=table
2026-03-23 09:52:24.350 LOG 0: Запрос от C# 1 (req_id=43): {"id":43,"createdTime":1774248744862,"data":{"createdTime":1774248744862,"data":"TQTF_W","cmd":"getClassInfo"},"cmd":"getClassInfo"}
2026-03-23 09:52:24.400 LOG 1: После dispatch: cmd=getClassInfo, data тип=table
2026-03-23 09:52:24.450 LOG 0: Запрос от C# 1 (req_id=44): {"id":44,"createdTime":1774248744863,"data":{"createdTime":1774248744863,"data":"TQBD","cmd":"getClassInfo"},"cmd":"getClassInfo"}
2026-03-23 09:52:24.500 LOG 1: После dispatch: cmd=getClassInfo, data тип=table
2026-03-23 09:52:24.550 LOG 0: Запрос от C# 1 (req_id=45): {"id":45,"createdTime":1774248744863,"data":{"createdTime":1774248744863,"data":"TQTD","cmd":"getClassInfo"},"cmd":"getClassInfo"}
2026-03-23 09:52:24.600 LOG 1: После dispatch: cmd=getClassInfo, data тип=table
2026-03-23 09:52:24.650 LOG 0: Запрос от C# 1 (req_id=46): {"id":46,"createdTime":1774248744864,"data":{"createdTime":1774248744864,"data":"TQOD","cmd":"getClassInfo"},"cmd":"getClassInfo"}
2026-03-23 09:52:24.700 LOG 1: После dispatch: cmd=getClassInfo, data тип=table
2026-03-23 09:52:24.750 LOG 0: Запрос от C# 1 (req_id=47): {"id":47,"createdTime":1774248744864,"data":{"createdTime":1774248744864,"data":"TQOY","cmd":"getClassInfo"},"cmd":"getClassInfo"}
2026-03-23 09:52:24.800 LOG 1: После dispatch: cmd=getClassInfo, data тип=table
2026-03-23 09:52:24.850 LOG 0: Запрос от C# 1 (req_id=48): {"id":48,"createdTime":1774248744870,"data":{"createdTime":1774248744870,"data":"TQTF_F_HOL","cmd":"getClassInfo"},"cmd":"getClassInfo"}
2026-03-23 09:52:24.900 LOG 1: После dispatch: cmd=getClassInfo, data тип=table
2026-03-23 09:52:24.950 LOG 0: Запрос от C# 1 (req_id=49): {"id":49,"createdTime":1774248744871,"data":{"createdTime":1774248744871,"data":"EES_OTC","cmd":"getClassInfo"},"cmd":"getClassInfo"}
2026-03-23 09:52:24.000 LOG 1: После dispatch: cmd=getClassInfo, data тип=table
2026-03-23 09:52:24.050 LOG 0: Запрос от C# 1 (req_id=50): {"id":50,"createdTime":1774248744873,"data":{"createdTime":1774248744873,"data":"TQTF_F","cmd":"getClassInfo"},"cmd":"getClassInfo"}
2026-03-23 09:52:24.100 LOG 1: После dispatch: cmd=getClassInfo, data тип=table
2026-03-23 09:52:24.150 LOG 0: Запрос от C# 1 (req_id=51): {"id":51,"createdTime":1774248744874,"data":{"createdTime":1774248744874,"data":"SMS","cmd":"getClassInfo"},"cmd":"getClassInfo"}
2026-03-23 09:52:24.200 LOG 1: После dispatch: cmd=getClassInfo, data тип=table
2026-03-23 09:52:24.250 LOG 0: Запрос от C# 1 (req_id=52): {"id":52,"createdTime":1774248744876,"data":{"createdTime":1774248744876,"data":"MPAU","cmd":"getClassInfo"},"cmd":"getClassInfo"}
2026-03-23 09:52:24.300 LOG 1: После dispatch: cmd=getClassInfo, data тип=table
2026-03-23 09:52:24.350 LOG 0: Запрос от C# 1 (req_id=53): {"id":53,"createdTime":1774248744880,"data":{"createdTime":1774248744880,"data":"PSAU","cmd":"getClassInfo"},"cmd":"getClassInfo"}
2026-03-23 09:52:24.400 LOG 1: После dispatch: cmd=getClassInfo, data тип=table
2026-03-23 09:52:24.450 LOG 0: Запрос от C# 1 (req_id=54): {"id":54,"createdTime":1774248744882,"data":{"createdTime":1774248744882,"data":"PACY","cmd":"getClassInfo"},"cmd":"getClassInfo"}
2026-03-23 09:52:24.500 LOG 1: После dispatch: cmd=getClassInfo, data тип=table
2026-03-23 09:52:24.550 LOG 0: Запрос от C# 1 (req_id=55): {"id":55,"createdTime":1774248744884,"data":{"createdTime":1774248744884,"data":"QT_EQ","cmd":"getClassInfo"},"cmd":"getClassInfo"}
2026-03-23 09:52:24.600 LOG 1: После dispatch: cmd=getClassInfo, data тип=table
2026-03-23 09:52:24.650 LOG 0: Запрос от C# 1 (req_id=56): {"id":56,"createdTime":1774248744891,"data":{"createdTime":1774248744891,"data":"","cmd":"getClassesList"},"cmd":"getClassesList"}
2026-03-23 09:52:24.700 LOG 0: Р’С‹Р·РѕРІ getClassesList, req_id=?
2026-03-23 09:52:24.750 LOG 1: После dispatch: cmd=getClassesList, data тип=string
2026-03-23 09:52:24.800 LOG 0: Запрос от C# 1 (req_id=57): {"id":57,"createdTime":1774248744893,"data":{"createdTime":1774248744893,"data":"TQTE","cmd":"getClassSecurities"},"cmd":"getClassSecurities"}
2026-03-23 09:52:24.850 LOG 1: После dispatch: cmd=getClassSecurities, data тип=string
2026-03-23 09:52:24.900 LOG 0: Запрос от C# 1 (req_id=58): {"id":58,"createdTime":1774248744894,"data":{"createdTime":1774248744894,"data":"TQCB","cmd":"getClassSecurities"},"cmd":"getClassSecurities"}
2026-03-23 09:52:24.950 LOG 1: После dispatch: cmd=getClassSecurities, data тип=string
2026-03-23 09:52:25.050 LOG 0: Запрос от C# 1 (req_id=59): {"id":59,"createdTime":1774248745018,"data":{"createdTime":1774248745018,"data":"TQOE","cmd":"getClassSecurities"},"cmd":"getClassSecurities"}
2026-03-23 09:52:25.100 LOG 1: После dispatch: cmd=getClassSecurities, data тип=string
2026-03-23 09:52:25.150 LOG 0: Запрос от C# 1 (req_id=60): {"id":60,"createdTime":1774248745019,"data":{"createdTime":1774248745019,"data":"TQRD","cmd":"getClassSecurities"},"cmd":"getClassSecurities"}
2026-03-23 09:52:25.200 LOG 1: После dispatch: cmd=getClassSecurities, data тип=string
2026-03-23 09:52:25.250 LOG 0: Запрос от C# 1 (req_id=61): {"id":61,"createdTime":1774248745021,"data":{"createdTime":1774248745021,"data":"TQUD","cmd":"getClassSecurities"},"cmd":"getClassSecurities"}
2026-03-23 09:52:25.300 LOG 1: После dispatch: cmd=getClassSecurities, data тип=string
2026-03-23 09:52:25.350 LOG 0: Запрос от C# 1 (req_id=62): {"id":62,"createdTime":1774248745024,"data":{"createdTime":1774248745024,"data":"TQED","cmd":"getClassSecurities"},"cmd":"getClassSecurities"}
2026-03-23 09:52:25.400 LOG 1: После dispatch: cmd=getClassSecurities, data тип=string
2026-03-23 09:52:25.450 LOG 0: Запрос от C# 1 (req_id=63): {"id":63,"createdTime":1774248745024,"data":{"createdTime":1774248745024,"data":"FQBR","cmd":"getClassSecurities"},"cmd":"getClassSecurities"}
2026-03-23 09:52:25.500 LOG 1: После dispatch: cmd=getClassSecurities, data тип=string
2026-03-23 09:52:25.550 LOG 0: Запрос от C# 1 (req_id=64): {"id":64,"createdTime":1774248745026,"data":{"createdTime":1774248745026,"data":"SPBFUT","cmd":"getClassSecurities"},"cmd":"getClassSecurities"}
2026-03-23 09:52:25.600 LOG 1: После dispatch: cmd=getClassSecurities, data тип=string
2026-03-23 09:52:25.650 LOG 0: Запрос от C# 1 (req_id=65): {"id":65,"createdTime":1774248745035,"data":{"createdTime":1774248745035,"data":"SPBOPT","cmd":"getClassSecurities"},"cmd":"getClassSecurities"}
2026-03-23 09:52:25.700 LOG 1: После dispatch: cmd=getClassSecurities, data тип=string
2026-03-23 09:52:25.750 LOG 0: Запрос от C# 1 (req_id=66): {"id":66,"createdTime":1774248745365,"data":{"createdTime":1774248745365,"data":"OPTSPOT","cmd":"getClassSecurities"},"cmd":"getClassSecurities"}
2026-03-23 09:52:25.800 LOG 1: После dispatch: cmd=getClassSecurities, data тип=string
2026-03-23 09:52:25.850 LOG 0: Запрос от C# 1 (req_id=67): {"id":67,"createdTime":1774248745771,"data":{"createdTime":1774248745771,"data":"OPTCURNCY","cmd":"getClassSecurities"},"cmd":"getClassSecurities"}
2026-03-23 09:52:25.900 LOG 1: После dispatch: cmd=getClassSecurities, data тип=string
2026-03-23 09:52:25.950 LOG 0: Запрос от C# 1 (req_id=68): {"id":68,"createdTime":1774248745776,"data":{"createdTime":1774248745776,"data":"OPTCOMDTY","cmd":"getClassSecurities"},"cmd":"getClassSecurities"}
2026-03-23 09:52:25.000 LOG 1: После dispatch: cmd=getClassSecurities, data тип=string
2026-03-23 09:52:25.050 LOG 0: Запрос от C# 1 (req_id=69): {"id":69,"createdTime":1774248745791,"data":{"createdTime":1774248745791,"data":"OPTIDX","cmd":"getClassSecurities"},"cmd":"getClassSecurities"}
2026-03-23 09:52:25.100 LOG 1: После dispatch: cmd=getClassSecurities, data тип=string
2026-03-23 09:52:25.150 LOG 0: Запрос от C# 1 (req_id=70): {"id":70,"createdTime":1774248745826,"data":{"createdTime":1774248745826,"data":"RTSIDX","cmd":"getClassSecurities"},"cmd":"getClassSecurities"}
2026-03-23 09:52:25.200 LOG 1: После dispatch: cmd=getClassSecurities, data тип=string
2026-03-23 09:52:25.250 LOG 0: Запрос от C# 1 (req_id=71): {"id":71,"createdTime":1774248745841,"data":{"createdTime":1774248745841,"data":"FUTCLT","cmd":"getClassSecurities"},"cmd":"getClassSecurities"}
2026-03-23 09:52:25.300 LOG 1: После dispatch: cmd=getClassSecurities, data тип=string
2026-03-23 09:52:25.350 LOG 0: Запрос от C# 1 (req_id=72): {"id":72,"createdTime":1774248745844,"data":{"createdTime":1774248745844,"data":"SPBXM","cmd":"getClassSecurities"},"cmd":"getClassSecurities"}
2026-03-23 09:52:25.400 LOG 1: После dispatch: cmd=getClassSecurities, data тип=string
2026-03-23 09:52:25.450 LOG 0: Запрос от C# 1 (req_id=73): {"id":73,"createdTime":1774248745875,"data":{"createdTime":1774248745875,"data":"SPBDE","cmd":"getClassSecurities"},"cmd":"getClassSecurities"}
2026-03-23 09:52:25.500 LOG 1: После dispatch: cmd=getClassSecurities, data тип=string
2026-03-23 09:52:25.550 LOG 0: Запрос от C# 1 (req_id=74): {"id":74,"createdTime":1774248745876,"data":{"createdTime":1774248745876,"data":"SPBRU","cmd":"getClassSecurities"},"cmd":"getClassSecurities"}
2026-03-23 09:52:25.600 LOG 1: После dispatch: cmd=getClassSecurities, data тип=string
2026-03-23 09:52:25.650 LOG 0: Запрос от C# 1 (req_id=75): {"id":75,"createdTime":1774248745883,"data":{"createdTime":1774248745883,"data":"SPBRUBND","cmd":"getClassSecurities"},"cmd":"getClassSecurities"}
2026-03-23 09:52:25.700 LOG 1: После dispatch: cmd=getClassSecurities, data тип=string
2026-03-23 09:52:25.750 LOG 0: Запрос от C# 1 (req_id=76): {"id":76,"createdTime":1774248745884,"data":{"createdTime":1774248745884,"data":"SPBRU_USD","cmd":"getClassSecurities"},"cmd":"getClassSecurities"}
2026-03-23 09:52:25.800 LOG 1: После dispatch: cmd=getClassSecurities, data тип=string
2026-03-23 09:52:25.850 LOG 0: Запрос от C# 1 (req_id=77): {"id":77,"createdTime":1774248745884,"data":{"createdTime":1774248745884,"data":"PSSPBRUBNDDO","cmd":"getClassSecurities"},"cmd":"getClassSecurities"}
2026-03-23 09:52:25.900 LOG 1: После dispatch: cmd=getClassSecurities, data тип=string
2026-03-23 09:52:25.950 LOG 0: Запрос от C# 1 (req_id=78): {"id":78,"createdTime":1774248745885,"data":{"createdTime":1774248745885,"data":"REPORT","cmd":"getClassSecurities"},"cmd":"getClassSecurities"}
2026-03-23 09:52:25.000 LOG 1: После dispatch: cmd=getClassSecurities, data тип=string
2026-03-23 09:52:25.050 LOG 0: Запрос от C# 1 (req_id=79): {"id":79,"createdTime":1774248745885,"data":{"createdTime":1774248745885,"data":"REPORTFORTS","cmd":"getClassSecurities"},"cmd":"getClassSecurities"}
2026-03-23 09:52:25.100 LOG 1: После dispatch: cmd=getClassSecurities, data тип=string
2026-03-23 09:52:25.150 LOG 0: Запрос от C# 1 (req_id=80): {"id":80,"createdTime":1774248745886,"data":{"createdTime":1774248745886,"data":"CROSSRATE","cmd":"getClassSecurities"},"cmd":"getClassSecurities"}
2026-03-23 09:52:25.200 LOG 1: После dispatch: cmd=getClassSecurities, data тип=string
2026-03-23 09:52:25.250 LOG 0: Запрос от C# 1 (req_id=81): {"id":81,"createdTime":1774248745887,"data":{"createdTime":1774248745887,"data":"QT_BN","cmd":"getClassSecurities"},"cmd":"getClassSecurities"}
2026-03-23 09:52:25.300 LOG 1: После dispatch: cmd=getClassSecurities, data тип=string
2026-03-23 09:52:25.350 LOG 0: Запрос от C# 1 (req_id=82): {"id":82,"createdTime":1774248745888,"data":{"createdTime":1774248745888,"data":"INDX","cmd":"getClassSecurities"},"cmd":"getClassSecurities"}
2026-03-23 09:52:25.400 LOG 1: После dispatch: cmd=getClassSecurities, data тип=string
2026-03-23 09:52:25.450 LOG 0: Запрос от C# 1 (req_id=83): {"id":83,"createdTime":1774248745889,"data":{"createdTime":1774248745889,"data":"TQIF_HOL","cmd":"getClassSecurities"},"cmd":"getClassSecurities"}
2026-03-23 09:52:25.500 LOG 1: После dispatch: cmd=getClassSecurities, data тип=string
2026-03-23 09:52:25.550 LOG 0: Запрос от C# 1 (req_id=84): {"id":84,"createdTime":1774248745894,"data":{"createdTime":1774248745894,"data":"TQTF_HOL","cmd":"getClassSecurities"},"cmd":"getClassSecurities"}
2026-03-23 09:52:25.600 LOG 1: После dispatch: cmd=getClassSecurities, data тип=string
2026-03-23 09:52:25.650 LOG 0: Запрос от C# 1 (req_id=85): {"id":85,"createdTime":1774248745895,"data":{"createdTime":1774248745895,"data":"TQTF_W_HOL","cmd":"getClassSecurities"},"cmd":"getClassSecurities"}
2026-03-23 09:52:25.700 LOG 1: После dispatch: cmd=getClassSecurities, data тип=string
2026-03-23 09:52:25.750 LOG 0: Запрос от C# 1 (req_id=86): {"id":86,"createdTime":1774248745896,"data":{"createdTime":1774248745896,"data":"UP","cmd":"getClassSecurities"},"cmd":"getClassSecurities"}
2026-03-23 09:52:25.800 LOG 1: После dispatch: cmd=getClassSecurities, data тип=string
2026-03-23 09:52:25.850 LOG 0: Запрос от C# 1 (req_id=87): {"id":87,"createdTime":1774248745896,"data":{"createdTime":1774248745896,"data":"CETS","cmd":"getClassSecurities"},"cmd":"getClassSecurities"}
2026-03-23 09:52:25.900 LOG 1: После dispatch: cmd=getClassSecurities, data тип=string
2026-03-23 09:52:25.950 LOG 0: Запрос от C# 1 (req_id=88): {"id":88,"createdTime":1774248745901,"data":{"createdTime":1774248745901,"data":"CETS_MTL","cmd":"getClassSecurities"},"cmd":"getClassSecurities"}
2026-03-23 09:52:25.000 LOG 1: После dispatch: cmd=getClassSecurities, data тип=string
2026-03-23 09:52:25.050 LOG 0: Запрос от C# 1 (req_id=89): {"id":89,"createdTime":1774248745902,"data":{"createdTime":1774248745902,"data":"TQFD","cmd":"getClassSecurities"},"cmd":"getClassSecurities"}
2026-03-23 09:52:25.100 LOG 1: После dispatch: cmd=getClassSecurities, data тип=string
2026-03-23 09:52:25.150 LOG 0: Запрос от C# 1 (req_id=90): {"id":90,"createdTime":1774248745907,"data":{"createdTime":1774248745907,"data":"TQFE","cmd":"getClassSecurities"},"cmd":"getClassSecurities"}
2026-03-23 09:52:25.200 LOG 1: После dispatch: cmd=getClassSecurities, data тип=string
2026-03-23 09:52:25.250 LOG 0: Запрос от C# 1 (req_id=91): {"id":91,"createdTime":1774248745908,"data":{"createdTime":1774248745908,"data":"TQTY","cmd":"getClassSecurities"},"cmd":"getClassSecurities"}
2026-03-23 09:52:25.300 LOG 1: После dispatch: cmd=getClassSecurities, data тип=string
2026-03-23 09:52:25.350 LOG 0: Запрос от C# 1 (req_id=92): {"id":92,"createdTime":1774248745908,"data":{"createdTime":1774248745908,"data":"MTQR","cmd":"getClassSecurities"},"cmd":"getClassSecurities"}
2026-03-23 09:52:25.400 LOG 1: После dispatch: cmd=getClassSecurities, data тип=string
2026-03-23 09:52:25.450 LOG 0: Запрос от C# 1 (req_id=93): {"id":93,"createdTime":1774248745924,"data":{"createdTime":1774248745924,"data":"TQBR","cmd":"getClassSecurities"},"cmd":"getClassSecurities"}
2026-03-23 09:52:25.500 LOG 1: После dispatch: cmd=getClassSecurities, data тип=string
2026-03-23 09:52:25.550 LOG 0: Запрос от C# 1 (req_id=94): {"id":94,"createdTime":1774248745929,"data":{"createdTime":1774248745929,"data":"TQOB","cmd":"getClassSecurities"},"cmd":"getClassSecurities"}
2026-03-23 09:52:25.600 LOG 1: После dispatch: cmd=getClassSecurities, data тип=string
2026-03-23 09:52:25.650 LOG 0: Запрос от C# 1 (req_id=95): {"id":95,"createdTime":1774248745935,"data":{"createdTime":1774248745935,"data":"TQIF","cmd":"getClassSecurities"},"cmd":"getClassSecurities"}
2026-03-23 09:52:25.700 LOG 1: После dispatch: cmd=getClassSecurities, data тип=string
2026-03-23 09:52:25.750 LOG 0: Запрос от C# 1 (req_id=96): {"id":96,"createdTime":1774248745936,"data":{"createdTime":1774248745936,"data":"TQTF","cmd":"getClassSecurities"},"cmd":"getClassSecurities"}
2026-03-23 09:52:25.800 LOG 1: После dispatch: cmd=getClassSecurities, data тип=string
2026-03-23 09:52:25.850 LOG 0: Запрос от C# 1 (req_id=97): {"id":97,"createdTime":1774248745938,"data":{"createdTime":1774248745938,"data":"TQTF_W","cmd":"getClassSecurities"},"cmd":"getClassSecurities"}
2026-03-23 09:52:25.900 LOG 1: После dispatch: cmd=getClassSecurities, data тип=string
2026-03-23 09:52:25.950 LOG 0: Запрос от C# 1 (req_id=98): {"id":98,"createdTime":1774248745938,"data":{"createdTime":1774248745938,"data":"TQBD","cmd":"getClassSecurities"},"cmd":"getClassSecurities"}
2026-03-23 09:52:25.000 LOG 1: После dispatch: cmd=getClassSecurities, data тип=string
2026-03-23 09:52:25.050 LOG 0: Запрос от C# 1 (req_id=99): {"id":99,"createdTime":1774248745941,"data":{"createdTime":1774248745941,"data":"TQTD","cmd":"getClassSecurities"},"cmd":"getClassSecurities"}
2026-03-23 09:52:25.100 LOG 1: После dispatch: cmd=getClassSecurities, data тип=string
2026-03-23 09:52:25.150 LOG 0: Запрос от C# 1 (req_id=100): {"id":100,"createdTime":1774248745941,"data":{"createdTime":1774248745941,"data":"TQOD","cmd":"getClassSecurities"},"cmd":"getClassSecurities"}
2026-03-23 09:52:25.200 LOG 1: После dispatch: cmd=getClassSecurities, data тип=string
2026-03-23 09:52:25.250 LOG 0: Запрос от C# 1 (req_id=101): {"id":101,"createdTime":1774248745942,"data":{"createdTime":1774248745942,"data":"TQOY","cmd":"getClassSecurities"},"cmd":"getClassSecurities"}
2026-03-23 09:52:25.300 LOG 1: После dispatch: cmd=getClassSecurities, data тип=string
2026-03-23 09:52:25.350 LOG 0: Запрос от C# 1 (req_id=102): {"id":102,"createdTime":1774248745944,"data":{"createdTime":1774248745944,"data":"TQTF_F_HOL","cmd":"getClassSecurities"},"cmd":"getClassSecurities"}
2026-03-23 09:52:25.400 LOG 1: После dispatch: cmd=getClassSecurities, data тип=string
2026-03-23 09:52:25.450 LOG 0: Запрос от C# 1 (req_id=103): {"id":103,"createdTime":1774248745945,"data":{"createdTime":1774248745945,"data":"EES_OTC","cmd":"getClassSecurities"},"cmd":"getClassSecurities"}
2026-03-23 09:52:25.500 LOG 1: После dispatch: cmd=getClassSecurities, data тип=string
2026-03-23 09:52:25.550 LOG 0: Запрос от C# 1 (req_id=104): {"id":104,"createdTime":1774248745946,"data":{"createdTime":1774248745946,"data":"TQTF_F","cmd":"getClassSecurities"},"cmd":"getClassSecurities"}
2026-03-23 09:52:25.600 LOG 1: После dispatch: cmd=getClassSecurities, data тип=string
2026-03-23 09:52:25.650 LOG 0: Запрос от C# 1 (req_id=105): {"id":105,"createdTime":1774248745947,"data":{"createdTime":1774248745947,"data":"SMS","cmd":"getClassSecurities"},"cmd":"getClassSecurities"}
2026-03-23 09:52:25.700 LOG 1: После dispatch: cmd=getClassSecurities, data тип=string
2026-03-23 09:52:25.750 LOG 0: Запрос от C# 1 (req_id=106): {"id":106,"createdTime":1774248745947,"data":{"createdTime":1774248745947,"data":"MPAU","cmd":"getClassSecurities"},"cmd":"getClassSecurities"}
2026-03-23 09:52:25.800 LOG 1: После dispatch: cmd=getClassSecurities, data тип=string
2026-03-23 09:52:25.850 LOG 0: Запрос от C# 1 (req_id=107): {"id":107,"createdTime":1774248745948,"data":{"createdTime":1774248745948,"data":"PSAU","cmd":"getClassSecurities"},"cmd":"getClassSecurities"}
2026-03-23 09:52:25.900 LOG 1: После dispatch: cmd=getClassSecurities, data тип=string
2026-03-23 09:52:25.950 LOG 0: Запрос от C# 1 (req_id=108): {"id":108,"createdTime":1774248745952,"data":{"createdTime":1774248745952,"data":"PACY","cmd":"getClassSecurities"},"cmd":"getClassSecurities"}
2026-03-23 09:52:25.000 LOG 1: После dispatch: cmd=getClassSecurities, data тип=string
2026-03-23 09:52:25.050 LOG 0: Запрос от C# 1 (req_id=109): {"id":109,"createdTime":1774248745952,"data":{"createdTime":1774248745952,"data":"QT_EQ","cmd":"getClassSecurities"},"cmd":"getClassSecurities"}
2026-03-23 09:52:25.100 LOG 1: После dispatch: cmd=getClassSecurities, data тип=string
2026-03-23 09:52:25.150 LOG 0: Запрос от C# 1 (req_id=110): {"id":110,"createdTime":1774248745954,"data":{"createdTime":1774248745954,"data":"SPBFUT|RIM6","cmd":"getSecurityInfo"},"cmd":"getSecurityInfo"}
2026-03-23 09:52:25.200 LOG 1: После dispatch: cmd=getSecurityInfo, data тип=table
2026-03-23 09:52:25.250 LOG 0: Запрос от C# 1 (req_id=111): {"id":111,"createdTime":1774248745975,"data":{"createdTime":1774248745975,"data":"TQBR|LKOH","cmd":"getSecurityInfo"},"cmd":"getSecurityInfo"}
2026-03-23 09:52:25.300 LOG 1: После dispatch: cmd=getSecurityInfo, data тип=table
2026-03-23 09:52:25.350 LOG 0: Запрос от C# 1 (req_id=112): {"id":112,"createdTime":1774248745979,"data":{"createdTime":1774248745978,"data":"","cmd":"isConnected"},"cmd":"isConnected"}
2026-03-23 09:52:25.450 LOG 1: После dispatch: cmd=isConnected, data тип=string
2026-03-23 09:52:25.500 LOG 0: Запрос от C# 1 (req_id=113): {"id":113,"createdTime":1774248745981,"data":{"createdTime":1774248745981,"data":"","cmd":"getWorkingFolder"},"cmd":"getWorkingFolder"}
2026-03-23 09:52:25.600 LOG 1: После dispatch: cmd=getWorkingFolder, data тип=string
2026-03-23 09:52:25.650 LOG 0: Запрос от C# 1 (req_id=114): {"id":114,"createdTime":1774248745984,"data":{"createdTime":1774248745984,"data":"","cmd":"getScriptPath"},"cmd":"getScriptPath"}
2026-03-23 09:52:25.750 LOG 1: После dispatch: cmd=getScriptPath, data тип=string
2026-03-23 09:52:25.800 LOG 0: Запрос от C# 1 (req_id=115): {"id":115,"createdTime":1774248745987,"data":{"createdTime":1774248745987,"data":"VERSION","cmd":"getInfoParam"},"cmd":"getInfoParam"}
2026-03-23 09:52:25.900 LOG 1: После dispatch: cmd=getInfoParam, data тип=string
2026-03-23 09:52:25.950 LOG 0: Запрос от C# 1 (req_id=116): {"id":116,"createdTime":1774248745987,"data":{"createdTime":1774248745987,"data":"TRADEDATE","cmd":"getInfoParam"},"cmd":"getInfoParam"}
2026-03-23 09:52:25.050 LOG 1: После dispatch: cmd=getInfoParam, data тип=string
2026-03-23 09:52:25.100 LOG 0: Запрос от C# 1 (req_id=117): {"id":117,"createdTime":1774248745988,"data":{"createdTime":1774248745988,"data":"SERVERTIME","cmd":"getInfoParam"},"cmd":"getInfoParam"}
2026-03-23 09:52:25.200 LOG 1: После dispatch: cmd=getInfoParam, data тип=string
2026-03-23 09:52:25.250 LOG 0: Запрос от C# 1 (req_id=118): {"id":118,"createdTime":1774248745989,"data":{"createdTime":1774248745989,"data":"LASTRECORDTIME","cmd":"getInfoParam"},"cmd":"getInfoParam"}
2026-03-23 09:52:25.350 LOG 1: После dispatch: cmd=getInfoParam, data тип=string
2026-03-23 09:52:25.400 LOG 0: Запрос от C# 1 (req_id=119): {"id":119,"createdTime":1774248745990,"data":{"createdTime":1774248745990,"data":"NUMRECORDS","cmd":"getInfoParam"},"cmd":"getInfoParam"}
2026-03-23 09:52:25.500 LOG 1: После dispatch: cmd=getInfoParam, data тип=string
2026-03-23 09:52:25.550 LOG 0: Запрос от C# 1 (req_id=120): {"id":120,"createdTime":1774248745990,"data":{"createdTime":1774248745990,"data":"LASTRECORD","cmd":"getInfoParam"},"cmd":"getInfoParam"}
2026-03-23 09:52:25.650 LOG 1: После dispatch: cmd=getInfoParam, data тип=string
2026-03-23 09:52:25.700 LOG 0: Запрос от C# 1 (req_id=121): {"id":121,"createdTime":1774248745991,"data":{"createdTime":1774248745991,"data":"LATERECORD","cmd":"getInfoParam"},"cmd":"getInfoParam"}
2026-03-23 09:52:25.800 LOG 1: После dispatch: cmd=getInfoParam, data тип=string
2026-03-23 09:52:25.850 LOG 0: Запрос от C# 1 (req_id=122): {"id":122,"createdTime":1774248745992,"data":{"createdTime":1774248745992,"data":"CONNECTION","cmd":"getInfoParam"},"cmd":"getInfoParam"}
2026-03-23 09:52:25.950 LOG 1: После dispatch: cmd=getInfoParam, data тип=string
2026-03-23 09:52:25.000 LOG 0: Запрос от C# 1 (req_id=123): {"id":123,"createdTime":1774248745993,"data":{"createdTime":1774248745993,"data":"IPADDRESS","cmd":"getInfoParam"},"cmd":"getInfoParam"}
2026-03-23 09:52:25.100 LOG 1: После dispatch: cmd=getInfoParam, data тип=string
2026-03-23 09:52:25.150 LOG 0: Запрос от C# 1 (req_id=124): {"id":124,"createdTime":1774248745994,"data":{"createdTime":1774248745994,"data":"IPPORT","cmd":"getInfoParam"},"cmd":"getInfoParam"}
2026-03-23 09:52:25.250 LOG 1: После dispatch: cmd=getInfoParam, data тип=string
2026-03-23 09:52:25.300 LOG 0: Запрос от C# 1 (req_id=125): {"id":125,"createdTime":1774248745995,"data":{"createdTime":1774248745995,"data":"IPCOMMENT","cmd":"getInfoParam"},"cmd":"getInfoParam"}
2026-03-23 09:52:25.400 LOG 1: После dispatch: cmd=getInfoParam, data тип=string
2026-03-23 09:52:25.450 LOG 0: Запрос от C# 1 (req_id=126): {"id":126,"createdTime":1774248745996,"data":{"createdTime":1774248745996,"data":"SERVER","cmd":"getInfoParam"},"cmd":"getInfoParam"}
2026-03-23 09:52:25.550 LOG 1: После dispatch: cmd=getInfoParam, data тип=string
2026-03-23 09:52:25.600 LOG 0: Запрос от C# 1 (req_id=127): {"id":127,"createdTime":1774248745996,"data":{"createdTime":1774248745996,"data":"SESSIONID","cmd":"getInfoParam"},"cmd":"getInfoParam"}
2026-03-23 09:52:25.700 LOG 1: После dispatch: cmd=getInfoParam, data тип=string
2026-03-23 09:52:25.750 LOG 0: Запрос от C# 1 (req_id=128): {"id":128,"createdTime":1774248745997,"data":{"createdTime":1774248745997,"data":"USER","cmd":"getInfoParam"},"cmd":"getInfoParam"}
2026-03-23 09:52:25.850 LOG 1: После dispatch: cmd=getInfoParam, data тип=string
2026-03-23 09:52:25.900 LOG 0: Запрос от C# 1 (req_id=129): {"id":129,"createdTime":1774248745998,"data":{"createdTime":1774248745998,"data":"USERID","cmd":"getInfoParam"},"cmd":"getInfoParam"}
2026-03-23 09:52:25.000 LOG 1: После dispatch: cmd=getInfoParam, data тип=string
2026-03-23 09:52:26.050 LOG 0: Запрос от C# 1 (req_id=130): {"id":130,"createdTime":1774248746000,"data":{"createdTime":1774248746000,"data":"ORG","cmd":"getInfoParam"},"cmd":"getInfoParam"}
2026-03-23 09:52:26.150 LOG 1: После dispatch: cmd=getInfoParam, data тип=string
2026-03-23 09:52:26.200 LOG 0: Запрос от C# 1 (req_id=131): {"id":131,"createdTime":1774248746001,"data":{"createdTime":1774248746001,"data":"MEMORY","cmd":"getInfoParam"},"cmd":"getInfoParam"}
2026-03-23 09:52:26.300 LOG 1: После dispatch: cmd=getInfoParam, data тип=string
2026-03-23 09:52:26.350 LOG 0: Запрос от C# 1 (req_id=132): {"id":132,"createdTime":1774248746002,"data":{"createdTime":1774248746002,"data":"LOCALTIME","cmd":"getInfoParam"},"cmd":"getInfoParam"}
2026-03-23 09:52:26.450 LOG 1: После dispatch: cmd=getInfoParam, data тип=string
2026-03-23 09:52:26.500 LOG 0: Запрос от C# 1 (req_id=133): {"id":133,"createdTime":1774248746003,"data":{"createdTime":1774248746003,"data":"CONNECTIONTIME","cmd":"getInfoParam"},"cmd":"getInfoParam"}
2026-03-23 09:52:26.600 LOG 1: После dispatch: cmd=getInfoParam, data тип=string
2026-03-23 09:52:26.650 LOG 0: Запрос от C# 1 (req_id=134): {"id":134,"createdTime":1774248746007,"data":{"createdTime":1774248746007,"data":"MESSAGESSENT","cmd":"getInfoParam"},"cmd":"getInfoParam"}
2026-03-23 09:52:26.750 LOG 1: После dispatch: cmd=getInfoParam, data тип=string
2026-03-23 09:52:26.800 LOG 0: Запрос от C# 1 (req_id=135): {"id":135,"createdTime":1774248746008,"data":{"createdTime":1774248746008,"data":"ALLSENT","cmd":"getInfoParam"},"cmd":"getInfoParam"}
2026-03-23 09:52:26.900 LOG 1: После dispatch: cmd=getInfoParam, data тип=string
2026-03-23 09:52:26.950 LOG 0: Запрос от C# 1 (req_id=136): {"id":136,"createdTime":1774248746009,"data":{"createdTime":1774248746009,"data":"BYTESSENT","cmd":"getInfoParam"},"cmd":"getInfoParam"}
2026-03-23 09:52:26.050 LOG 1: После dispatch: cmd=getInfoParam, data тип=string
2026-03-23 09:52:26.100 LOG 0: Запрос от C# 1 (req_id=137): {"id":137,"createdTime":1774248746010,"data":{"createdTime":1774248746010,"data":"BYTESPERSECSENT","cmd":"getInfoParam"},"cmd":"getInfoParam"}
2026-03-23 09:52:26.200 LOG 1: После dispatch: cmd=getInfoParam, data тип=string
2026-03-23 09:52:26.250 LOG 0: Запрос от C# 1 (req_id=138): {"id":138,"createdTime":1774248746011,"data":{"createdTime":1774248746011,"data":"MESSAGESRECV","cmd":"getInfoParam"},"cmd":"getInfoParam"}
2026-03-23 09:52:26.350 LOG 1: После dispatch: cmd=getInfoParam, data тип=string
2026-03-23 09:52:26.400 LOG 0: Запрос от C# 1 (req_id=139): {"id":139,"createdTime":1774248746011,"data":{"createdTime":1774248746011,"data":"BYTESRECV","cmd":"getInfoParam"},"cmd":"getInfoParam"}
2026-03-23 09:52:26.500 LOG 1: После dispatch: cmd=getInfoParam, data тип=string
2026-03-23 09:52:26.550 LOG 0: Запрос от C# 1 (req_id=140): {"id":140,"createdTime":1774248746012,"data":{"createdTime":1774248746012,"data":"ALLRECV","cmd":"getInfoParam"},"cmd":"getInfoParam"}
2026-03-23 09:52:26.650 LOG 1: После dispatch: cmd=getInfoParam, data тип=string
2026-03-23 09:52:26.700 LOG 0: Запрос от C# 1 (req_id=141): {"id":141,"createdTime":1774248746013,"data":{"createdTime":1774248746013,"data":"BYTESPERSECRECV","cmd":"getInfoParam"},"cmd":"getInfoParam"}
2026-03-23 09:52:26.800 LOG 1: После dispatch: cmd=getInfoParam, data тип=string
2026-03-23 09:52:26.850 LOG 0: Запрос от C# 1 (req_id=142): {"id":142,"createdTime":1774248746014,"data":{"createdTime":1774248746014,"data":"AVGSENT","cmd":"getInfoParam"},"cmd":"getInfoParam"}
2026-03-23 09:52:26.950 LOG 1: После dispatch: cmd=getInfoParam, data тип=string
2026-03-23 09:52:26.000 LOG 0: Запрос от C# 1 (req_id=143): {"id":143,"createdTime":1774248746014,"data":{"createdTime":1774248746014,"data":"AVGRECV","cmd":"getInfoParam"},"cmd":"getInfoParam"}
2026-03-23 09:52:26.100 LOG 1: После dispatch: cmd=getInfoParam, data тип=string
2026-03-23 09:52:26.150 LOG 0: Запрос от C# 1 (req_id=144): {"id":144,"createdTime":1774248746015,"data":{"createdTime":1774248746015,"data":"LASTPINGTIME","cmd":"getInfoParam"},"cmd":"getInfoParam"}
2026-03-23 09:52:26.250 LOG 1: После dispatch: cmd=getInfoParam, data тип=string
2026-03-23 09:52:26.300 LOG 0: Запрос от C# 1 (req_id=145): {"id":145,"createdTime":1774248746016,"data":{"createdTime":1774248746016,"data":"LASTPINGDURATION","cmd":"getInfoParam"},"cmd":"getInfoParam"}
2026-03-23 09:52:26.400 LOG 1: После dispatch: cmd=getInfoParam, data тип=string
2026-03-23 09:52:26.450 LOG 0: Запрос от C# 1 (req_id=146): {"id":146,"createdTime":1774248746017,"data":{"createdTime":1774248746017,"data":"AVGPINGDURATION","cmd":"getInfoParam"},"cmd":"getInfoParam"}
2026-03-23 09:52:26.550 LOG 1: После dispatch: cmd=getInfoParam, data тип=string
2026-03-23 09:52:26.600 LOG 0: Запрос от C# 1 (req_id=147): {"id":147,"createdTime":1774248746017,"data":{"createdTime":1774248746017,"data":"MAXPINGTIME","cmd":"getInfoParam"},"cmd":"getInfoParam"}
2026-03-23 09:52:26.700 LOG 1: После dispatch: cmd=getInfoParam, data тип=string
2026-03-23 09:52:26.750 LOG 0: Запрос от C# 1 (req_id=148): {"id":148,"createdTime":1774248746018,"data":{"createdTime":1774248746018,"data":"MAXPINGDURATION","cmd":"getInfoParam"},"cmd":"getInfoParam"}
2026-03-23 09:52:26.850 LOG 1: После dispatch: cmd=getInfoParam, data тип=string
2026-03-23 09:52:26.900 LOG 0: Запрос от C# 1 (req_id=149): {"id":149,"createdTime":1774248746067,"data":{"createdTime":1774248746065,"data":"SPBFUT|RIM6","cmd":"Subscribe_Level_II_Quotes"},"cmd":"Subscribe_Level_II_Quotes"}
2026-03-23 09:52:26.950 LOG 1: Subscribe_Level_II_Quotes called | raw data: SPBFUT|RIM6
2026-03-23 09:52:26.000 LOG 1: Subscribe Level II: class=SPBFUT, sec=RIM6
2026-03-23 09:52:26.050 LOG 1: После dispatch: cmd=Subscribe_Level_II_Quotes, data тип=boolean
2026-03-23 09:56:04.600 LOG 0: Запрос от C# 1 (req_id=1): {"id":1,"createdTime":1774248964630,"data":{"createdTime":1774248964628,"data":"","cmd":"getClassesList"},"cmd":"getClassesList"}
2026-03-23 09:56:04.650 LOG 0: Р’С‹Р·РѕРІ getClassesList, req_id=?
2026-03-23 09:56:04.700 LOG 1: После dispatch: cmd=getClassesList, data тип=string
2026-03-23 09:56:04.750 LOG 0: Запрос от C# 1 (req_id=2): {"id":2,"createdTime":1774248964690,"data":{"createdTime":1774248964690,"data":"","cmd":"getClassesList"},"cmd":"getClassesList"}
2026-03-23 09:56:04.800 LOG 0: Р’С‹Р·РѕРІ getClassesList, req_id=?
2026-03-23 09:56:04.850 LOG 1: После dispatch: cmd=getClassesList, data тип=string
2026-03-23 09:56:04.900 LOG 0: Запрос от C# 1 (req_id=3): {"id":3,"createdTime":1774248964692,"data":{"createdTime":1774248964692,"data":"TQTE","cmd":"getClassInfo"},"cmd":"getClassInfo"}
2026-03-23 09:56:04.950 LOG 1: После dispatch: cmd=getClassInfo, data тип=table
2026-03-23 09:56:04.100 LOG 0: Запрос от C# 1 (req_id=4): {"id":4,"createdTime":1774248964712,"data":{"createdTime":1774248964712,"data":"TQCB","cmd":"getClassInfo"},"cmd":"getClassInfo"}
2026-03-23 09:56:04.150 LOG 1: После dispatch: cmd=getClassInfo, data тип=table
2026-03-23 09:56:04.200 LOG 0: Запрос от C# 1 (req_id=5): {"id":5,"createdTime":1774248964713,"data":{"createdTime":1774248964713,"data":"TQOE","cmd":"getClassInfo"},"cmd":"getClassInfo"}
2026-03-23 09:56:04.250 LOG 1: После dispatch: cmd=getClassInfo, data тип=table
2026-03-23 09:56:04.300 LOG 0: Запрос от C# 1 (req_id=6): {"id":6,"createdTime":1774248964715,"data":{"createdTime":1774248964715,"data":"TQRD","cmd":"getClassInfo"},"cmd":"getClassInfo"}
2026-03-23 09:56:04.350 LOG 1: После dispatch: cmd=getClassInfo, data тип=table
2026-03-23 09:56:04.400 LOG 0: Запрос от C# 1 (req_id=7): {"id":7,"createdTime":1774248964715,"data":{"createdTime":1774248964715,"data":"TQUD","cmd":"getClassInfo"},"cmd":"getClassInfo"}
2026-03-23 09:56:04.450 LOG 1: После dispatch: cmd=getClassInfo, data тип=table
2026-03-23 09:56:04.500 LOG 0: Запрос от C# 1 (req_id=8): {"id":8,"createdTime":1774248964716,"data":{"createdTime":1774248964716,"data":"TQED","cmd":"getClassInfo"},"cmd":"getClassInfo"}
2026-03-23 09:56:04.550 LOG 1: После dispatch: cmd=getClassInfo, data тип=table
2026-03-23 09:56:04.600 LOG 0: Запрос от C# 1 (req_id=9): {"id":9,"createdTime":1774248964717,"data":{"createdTime":1774248964717,"data":"FQBR","cmd":"getClassInfo"},"cmd":"getClassInfo"}
2026-03-23 09:56:04.650 LOG 1: После dispatch: cmd=getClassInfo, data тип=table
2026-03-23 09:56:04.700 LOG 0: Запрос от C# 1 (req_id=10): {"id":10,"createdTime":1774248964719,"data":{"createdTime":1774248964719,"data":"SPBFUT","cmd":"getClassInfo"},"cmd":"getClassInfo"}
2026-03-23 09:56:04.750 LOG 1: После dispatch: cmd=getClassInfo, data тип=table
2026-03-23 09:56:04.800 LOG 0: Запрос от C# 1 (req_id=11): {"id":11,"createdTime":1774248964720,"data":{"createdTime":1774248964720,"data":"SPBOPT","cmd":"getClassInfo"},"cmd":"getClassInfo"}
2026-03-23 09:56:04.850 LOG 1: После dispatch: cmd=getClassInfo, data тип=table
2026-03-23 09:56:04.900 LOG 0: Запрос от C# 1 (req_id=12): {"id":12,"createdTime":1774248964720,"data":{"createdTime":1774248964720,"data":"USDRUB","cmd":"getClassInfo"},"cmd":"getClassInfo"}
2026-03-23 09:56:04.950 LOG 1: После dispatch: cmd=getClassInfo, data тип=table
2026-03-23 09:56:04.000 LOG 0: Запрос от C# 1 (req_id=13): {"id":13,"createdTime":1774248964722,"data":{"createdTime":1774248964722,"data":"OPTSPOT","cmd":"getClassInfo"},"cmd":"getClassInfo"}
2026-03-23 09:56:04.050 LOG 1: После dispatch: cmd=getClassInfo, data тип=table
2026-03-23 09:56:04.100 LOG 0: Запрос от C# 1 (req_id=14): {"id":14,"createdTime":1774248964723,"data":{"createdTime":1774248964723,"data":"OPTCURNCY","cmd":"getClassInfo"},"cmd":"getClassInfo"}
2026-03-23 09:56:04.150 LOG 1: После dispatch: cmd=getClassInfo, data тип=table
2026-03-23 09:56:04.200 LOG 0: Запрос от C# 1 (req_id=15): {"id":15,"createdTime":1774248964725,"data":{"createdTime":1774248964725,"data":"OPTCOMDTY","cmd":"getClassInfo"},"cmd":"getClassInfo"}
2026-03-23 09:56:04.250 LOG 1: После dispatch: cmd=getClassInfo, data тип=table
2026-03-23 09:56:04.300 LOG 0: Запрос от C# 1 (req_id=16): {"id":16,"createdTime":1774248964726,"data":{"createdTime":1774248964726,"data":"OPTIDX","cmd":"getClassInfo"},"cmd":"getClassInfo"}
2026-03-23 09:56:04.350 LOG 1: После dispatch: cmd=getClassInfo, data тип=table
2026-03-23 09:56:04.400 LOG 0: Запрос от C# 1 (req_id=17): {"id":17,"createdTime":1774248964727,"data":{"createdTime":1774248964727,"data":"RTSIDX","cmd":"getClassInfo"},"cmd":"getClassInfo"}
2026-03-23 09:56:04.450 LOG 1: После dispatch: cmd=getClassInfo, data тип=table
2026-03-23 09:56:04.500 LOG 0: Запрос от C# 1 (req_id=18): {"id":18,"createdTime":1774248964727,"data":{"createdTime":1774248964727,"data":"EQRP_INFO","cmd":"getClassInfo"},"cmd":"getClassInfo"}
2026-03-23 09:56:04.550 LOG 1: После dispatch: cmd=getClassInfo, data тип=table
2026-03-23 09:56:04.600 LOG 0: Запрос от C# 1 (req_id=19): {"id":19,"createdTime":1774248964728,"data":{"createdTime":1774248964728,"data":"FUTCLT","cmd":"getClassInfo"},"cmd":"getClassInfo"}
2026-03-23 09:56:04.650 LOG 1: После dispatch: cmd=getClassInfo, data тип=table
2026-03-23 09:56:04.700 LOG 0: Запрос от C# 1 (req_id=20): {"id":20,"createdTime":1774248964729,"data":{"createdTime":1774248964729,"data":"SPBXM","cmd":"getClassInfo"},"cmd":"getClassInfo"}
2026-03-23 09:56:04.750 LOG 1: После dispatch: cmd=getClassInfo, data тип=table
2026-03-23 09:56:04.800 LOG 0: Запрос от C# 1 (req_id=21): {"id":21,"createdTime":1774248964730,"data":{"createdTime":1774248964730,"data":"SPBDE","cmd":"getClassInfo"},"cmd":"getClassInfo"}
2026-03-23 09:56:04.850 LOG 1: После dispatch: cmd=getClassInfo, data тип=table
2026-03-23 09:56:04.900 LOG 0: Запрос от C# 1 (req_id=22): {"id":22,"createdTime":1774248964731,"data":{"createdTime":1774248964731,"data":"SPBEQRU","cmd":"getClassInfo"},"cmd":"getClassInfo"}
2026-03-23 09:56:04.950 LOG 1: После dispatch: cmd=getClassInfo, data тип=table
2026-03-23 09:56:04.000 LOG 0: Запрос от C# 1 (req_id=23): {"id":23,"createdTime":1774248964732,"data":{"createdTime":1774248964732,"data":"SPBRU","cmd":"getClassInfo"},"cmd":"getClassInfo"}
2026-03-23 09:56:04.050 LOG 1: После dispatch: cmd=getClassInfo, data тип=table
2026-03-23 09:56:04.100 LOG 0: Запрос от C# 1 (req_id=24): {"id":24,"createdTime":1774248964733,"data":{"createdTime":1774248964733,"data":"SPBRUBND","cmd":"getClassInfo"},"cmd":"getClassInfo"}
2026-03-23 09:56:04.150 LOG 1: После dispatch: cmd=getClassInfo, data тип=table
2026-03-23 09:56:04.200 LOG 0: Запрос от C# 1 (req_id=25): {"id":25,"createdTime":1774248964734,"data":{"createdTime":1774248964734,"data":"SPBRU_USD","cmd":"getClassInfo"},"cmd":"getClassInfo"}
2026-03-23 09:56:04.250 LOG 1: После dispatch: cmd=getClassInfo, data тип=table
2026-03-23 09:56:04.300 LOG 0: Запрос от C# 1 (req_id=26): {"id":26,"createdTime":1774248964736,"data":{"createdTime":1774248964736,"data":"PSSPBRUBNDDO","cmd":"getClassInfo"},"cmd":"getClassInfo"}
2026-03-23 09:56:04.350 LOG 1: После dispatch: cmd=getClassInfo, data тип=table
2026-03-23 09:56:04.450 LOG 0: Запрос от C# 1 (req_id=27): {"id":27,"createdTime":1774248964741,"data":{"createdTime":1774248964741,"data":"REPORT","cmd":"getClassInfo"},"cmd":"getClassInfo"}
2026-03-23 09:56:04.500 LOG 1: После dispatch: cmd=getClassInfo, data тип=table
2026-03-23 09:56:04.550 LOG 0: Запрос от C# 1 (req_id=28): {"id":28,"createdTime":1774248964742,"data":{"createdTime":1774248964742,"data":"REPORTFORTS","cmd":"getClassInfo"},"cmd":"getClassInfo"}
2026-03-23 09:56:04.600 LOG 1: После dispatch: cmd=getClassInfo, data тип=table
2026-03-23 09:56:04.650 LOG 0: Запрос от C# 1 (req_id=29): {"id":29,"createdTime":1774248964743,"data":{"createdTime":1774248964743,"data":"VTB_OTC","cmd":"getClassInfo"},"cmd":"getClassInfo"}
2026-03-23 09:56:04.700 LOG 1: После dispatch: cmd=getClassInfo, data тип=table
2026-03-23 09:56:04.750 LOG 0: Запрос от C# 1 (req_id=30): {"id":30,"createdTime":1774248964747,"data":{"createdTime":1774248964747,"data":"CROSSRATE","cmd":"getClassInfo"},"cmd":"getClassInfo"}
2026-03-23 09:56:04.800 LOG 1: После dispatch: cmd=getClassInfo, data тип=table
2026-03-23 09:56:04.850 LOG 0: Запрос от C# 1 (req_id=31): {"id":31,"createdTime":1774248964748,"data":{"createdTime":1774248964748,"data":"QT_BN","cmd":"getClassInfo"},"cmd":"getClassInfo"}
2026-03-23 09:56:04.900 LOG 1: После dispatch: cmd=getClassInfo, data тип=table
2026-03-23 09:56:04.950 LOG 0: Запрос от C# 1 (req_id=32): {"id":32,"createdTime":1774248964749,"data":{"createdTime":1774248964749,"data":"INDX","cmd":"getClassInfo"},"cmd":"getClassInfo"}
2026-03-23 09:56:04.000 LOG 1: После dispatch: cmd=getClassInfo, data тип=table
2026-03-23 09:56:04.050 LOG 0: Запрос от C# 1 (req_id=33): {"id":33,"createdTime":1774248964749,"data":{"createdTime":1774248964749,"data":"TQIF_HOL","cmd":"getClassInfo"},"cmd":"getClassInfo"}
2026-03-23 09:56:04.100 LOG 1: После dispatch: cmd=getClassInfo, data тип=table
2026-03-23 09:56:04.150 LOG 0: Запрос от C# 1 (req_id=34): {"id":34,"createdTime":1774248964750,"data":{"createdTime":1774248964750,"data":"TQTF_HOL","cmd":"getClassInfo"},"cmd":"getClassInfo"}
2026-03-23 09:56:04.200 LOG 1: После dispatch: cmd=getClassInfo, data тип=table
2026-03-23 09:56:04.250 LOG 0: Запрос от C# 1 (req_id=35): {"id":35,"createdTime":1774248964751,"data":{"createdTime":1774248964751,"data":"TQTF_W_HOL","cmd":"getClassInfo"},"cmd":"getClassInfo"}
2026-03-23 09:56:04.300 LOG 1: После dispatch: cmd=getClassInfo, data тип=table
2026-03-23 09:56:04.350 LOG 0: Запрос от C# 1 (req_id=36): {"id":36,"createdTime":1774248964751,"data":{"createdTime":1774248964751,"data":"UP","cmd":"getClassInfo"},"cmd":"getClassInfo"}
2026-03-23 09:56:04.400 LOG 1: После dispatch: cmd=getClassInfo, data тип=table
2026-03-23 09:56:04.450 LOG 0: Запрос от C# 1 (req_id=37): {"id":37,"createdTime":1774248964752,"data":{"createdTime":1774248964752,"data":"CETS","cmd":"getClassInfo"},"cmd":"getClassInfo"}
2026-03-23 09:56:04.500 LOG 1: После dispatch: cmd=getClassInfo, data тип=table
2026-03-23 09:56:04.550 LOG 0: Запрос от C# 1 (req_id=38): {"id":38,"createdTime":1774248964754,"data":{"createdTime":1774248964754,"data":"CETS_MTL","cmd":"getClassInfo"},"cmd":"getClassInfo"}
2026-03-23 09:56:04.600 LOG 1: После dispatch: cmd=getClassInfo, data тип=table
2026-03-23 09:56:04.650 LOG 0: Запрос от C# 1 (req_id=39): {"id":39,"createdTime":1774248964755,"data":{"createdTime":1774248964755,"data":"TQFD","cmd":"getClassInfo"},"cmd":"getClassInfo"}
2026-03-23 09:56:04.700 LOG 1: После dispatch: cmd=getClassInfo, data тип=table
2026-03-23 09:56:04.750 LOG 0: Запрос от C# 1 (req_id=40): {"id":40,"createdTime":1774248964756,"data":{"createdTime":1774248964756,"data":"TQFE","cmd":"getClassInfo"},"cmd":"getClassInfo"}
2026-03-23 09:56:04.800 LOG 1: После dispatch: cmd=getClassInfo, data тип=table
2026-03-23 09:56:04.850 LOG 0: Запрос от C# 1 (req_id=41): {"id":41,"createdTime":1774248964756,"data":{"createdTime":1774248964756,"data":"OCTR","cmd":"getClassInfo"},"cmd":"getClassInfo"}
2026-03-23 09:56:04.900 LOG 1: После dispatch: cmd=getClassInfo, data тип=table
2026-03-23 09:56:04.950 LOG 0: Запрос от C# 1 (req_id=42): {"id":42,"createdTime":1774248964757,"data":{"createdTime":1774248964757,"data":"TQTY","cmd":"getClassInfo"},"cmd":"getClassInfo"}
2026-03-23 09:56:04.000 LOG 1: После dispatch: cmd=getClassInfo, data тип=table
2026-03-23 09:56:04.050 LOG 0: Запрос от C# 1 (req_id=43): {"id":43,"createdTime":1774248964758,"data":{"createdTime":1774248964758,"data":"MTQR","cmd":"getClassInfo"},"cmd":"getClassInfo"}
2026-03-23 09:56:04.100 LOG 1: После dispatch: cmd=getClassInfo, data тип=table
2026-03-23 09:56:04.150 LOG 0: Запрос от C# 1 (req_id=44): {"id":44,"createdTime":1774248964759,"data":{"createdTime":1774248964759,"data":"SMAL","cmd":"getClassInfo"},"cmd":"getClassInfo"}
2026-03-23 09:56:04.200 LOG 1: После dispatch: cmd=getClassInfo, data тип=table
2026-03-23 09:56:04.250 LOG 0: Запрос от C# 1 (req_id=45): {"id":45,"createdTime":1774248964760,"data":{"createdTime":1774248964760,"data":"TQBR","cmd":"getClassInfo"},"cmd":"getClassInfo"}
2026-03-23 09:56:04.300 LOG 1: После dispatch: cmd=getClassInfo, data тип=table
2026-03-23 09:56:04.350 LOG 0: Запрос от C# 1 (req_id=46): {"id":46,"createdTime":1774248964760,"data":{"createdTime":1774248964760,"data":"TQOB","cmd":"getClassInfo"},"cmd":"getClassInfo"}
2026-03-23 09:56:04.400 LOG 1: После dispatch: cmd=getClassInfo, data тип=table
2026-03-23 09:56:04.450 LOG 0: Запрос от C# 1 (req_id=47): {"id":47,"createdTime":1774248964761,"data":{"createdTime":1774248964761,"data":"TQIF","cmd":"getClassInfo"},"cmd":"getClassInfo"}
2026-03-23 09:56:04.500 LOG 1: После dispatch: cmd=getClassInfo, data тип=table
2026-03-23 09:56:04.550 LOG 0: Запрос от C# 1 (req_id=48): {"id":48,"createdTime":1774248964761,"data":{"createdTime":1774248964761,"data":"TQTF","cmd":"getClassInfo"},"cmd":"getClassInfo"}
2026-03-23 09:56:04.600 LOG 1: После dispatch: cmd=getClassInfo, data тип=table
2026-03-23 09:56:04.650 LOG 0: Запрос от C# 1 (req_id=49): {"id":49,"createdTime":1774248964762,"data":{"createdTime":1774248964762,"data":"TQTF_W","cmd":"getClassInfo"},"cmd":"getClassInfo"}
2026-03-23 09:56:04.700 LOG 1: После dispatch: cmd=getClassInfo, data тип=table
2026-03-23 09:56:04.750 LOG 0: Запрос от C# 1 (req_id=50): {"id":50,"createdTime":1774248964763,"data":{"createdTime":1774248964763,"data":"TQBD","cmd":"getClassInfo"},"cmd":"getClassInfo"}
2026-03-23 09:56:04.800 LOG 1: После dispatch: cmd=getClassInfo, data тип=table
2026-03-23 09:56:04.850 LOG 0: Запрос от C# 1 (req_id=51): {"id":51,"createdTime":1774248964764,"data":{"createdTime":1774248964764,"data":"TQTD","cmd":"getClassInfo"},"cmd":"getClassInfo"}
2026-03-23 09:56:04.900 LOG 1: После dispatch: cmd=getClassInfo, data тип=table
2026-03-23 09:56:04.950 LOG 0: Запрос от C# 1 (req_id=52): {"id":52,"createdTime":1774248964765,"data":{"createdTime":1774248964765,"data":"TQOD","cmd":"getClassInfo"},"cmd":"getClassInfo"}
2026-03-23 09:56:04.000 LOG 1: После dispatch: cmd=getClassInfo, data тип=table
2026-03-23 09:56:04.050 LOG 0: Запрос от C# 1 (req_id=53): {"id":53,"createdTime":1774248964765,"data":{"createdTime":1774248964765,"data":"TQOY","cmd":"getClassInfo"},"cmd":"getClassInfo"}
2026-03-23 09:56:04.100 LOG 1: После dispatch: cmd=getClassInfo, data тип=table
2026-03-23 09:56:04.150 LOG 0: Запрос от C# 1 (req_id=54): {"id":54,"createdTime":1774248964766,"data":{"createdTime":1774248964766,"data":"TQTF_F_HOL","cmd":"getClassInfo"},"cmd":"getClassInfo"}
2026-03-23 09:56:04.200 LOG 1: После dispatch: cmd=getClassInfo, data тип=table
2026-03-23 09:56:04.250 LOG 0: Запрос от C# 1 (req_id=55): {"id":55,"createdTime":1774248964767,"data":{"createdTime":1774248964767,"data":"EES_OTC","cmd":"getClassInfo"},"cmd":"getClassInfo"}
2026-03-23 09:56:04.300 LOG 1: После dispatch: cmd=getClassInfo, data тип=table
2026-03-23 09:56:04.350 LOG 0: Запрос от C# 1 (req_id=56): {"id":56,"createdTime":1774248964768,"data":{"createdTime":1774248964768,"data":"TQTF_F","cmd":"getClassInfo"},"cmd":"getClassInfo"}
2026-03-23 09:56:04.400 LOG 1: После dispatch: cmd=getClassInfo, data тип=table
2026-03-23 09:56:04.450 LOG 0: Запрос от C# 1 (req_id=57): {"id":57,"createdTime":1774248964768,"data":{"createdTime":1774248964768,"data":"SMS","cmd":"getClassInfo"},"cmd":"getClassInfo"}
2026-03-23 09:56:04.500 LOG 1: После dispatch: cmd=getClassInfo, data тип=table
2026-03-23 09:56:04.550 LOG 0: Запрос от C# 1 (req_id=58): {"id":58,"createdTime":1774248964769,"data":{"createdTime":1774248964769,"data":"ALGO_ICEBERG","cmd":"getClassInfo"},"cmd":"getClassInfo"}
2026-03-23 09:56:04.600 LOG 1: После dispatch: cmd=getClassInfo, data тип=table
2026-03-23 09:56:04.650 LOG 0: Запрос от C# 1 (req_id=59): {"id":59,"createdTime":1774248964770,"data":{"createdTime":1774248964770,"data":"ALGO_VOLATIL","cmd":"getClassInfo"},"cmd":"getClassInfo"}
2026-03-23 09:56:04.700 LOG 1: После dispatch: cmd=getClassInfo, data тип=table
2026-03-23 09:56:04.750 LOG 0: Запрос от C# 1 (req_id=60): {"id":60,"createdTime":1774248964772,"data":{"createdTime":1774248964772,"data":"ALGO_TWAP","cmd":"getClassInfo"},"cmd":"getClassInfo"}
2026-03-23 09:56:04.800 LOG 1: После dispatch: cmd=getClassInfo, data тип=table
2026-03-23 09:56:04.850 LOG 0: Запрос от C# 1 (req_id=61): {"id":61,"createdTime":1774248964775,"data":{"createdTime":1774248964775,"data":"ALGO_VWAP","cmd":"getClassInfo"},"cmd":"getClassInfo"}
2026-03-23 09:56:04.900 LOG 1: После dispatch: cmd=getClassInfo, data тип=table
2026-03-23 09:56:04.950 LOG 0: Запрос от C# 1 (req_id=62): {"id":62,"createdTime":1774248964776,"data":{"createdTime":1774248964776,"data":"ALGO_GTD","cmd":"getClassInfo"},"cmd":"getClassInfo"}
2026-03-23 09:56:04.000 LOG 1: После dispatch: cmd=getClassInfo, data тип=table
2026-03-23 09:56:04.050 LOG 0: Запрос от C# 1 (req_id=63): {"id":63,"createdTime":1774248964777,"data":{"createdTime":1774248964777,"data":"MPAU","cmd":"getClassInfo"},"cmd":"getClassInfo"}
2026-03-23 09:56:04.100 LOG 1: После dispatch: cmd=getClassInfo, data тип=table
2026-03-23 09:56:04.150 LOG 0: Запрос от C# 1 (req_id=64): {"id":64,"createdTime":1774248964778,"data":{"createdTime":1774248964778,"data":"PSAU_FREE","cmd":"getClassInfo"},"cmd":"getClassInfo"}
2026-03-23 09:56:04.200 LOG 1: После dispatch: cmd=getClassInfo, data тип=table
2026-03-23 09:56:04.250 LOG 0: Запрос от C# 1 (req_id=65): {"id":65,"createdTime":1774248964778,"data":{"createdTime":1774248964778,"data":"PSAU","cmd":"getClassInfo"},"cmd":"getClassInfo"}
2026-03-23 09:56:04.300 LOG 1: После dispatch: cmd=getClassInfo, data тип=table
2026-03-23 09:56:04.350 LOG 0: Запрос от C# 1 (req_id=66): {"id":66,"createdTime":1774248964779,"data":{"createdTime":1774248964779,"data":"PSSU","cmd":"getClassInfo"},"cmd":"getClassInfo"}
2026-03-23 09:56:04.400 LOG 1: После dispatch: cmd=getClassInfo, data тип=table
2026-03-23 09:56:04.450 LOG 0: Запрос от C# 1 (req_id=67): {"id":67,"createdTime":1774248964780,"data":{"createdTime":1774248964780,"data":"PSSU_YAD","cmd":"getClassInfo"},"cmd":"getClassInfo"}
2026-03-23 09:56:04.500 LOG 1: После dispatch: cmd=getClassInfo, data тип=table
2026-03-23 09:56:04.550 LOG 0: Запрос от C# 1 (req_id=68): {"id":68,"createdTime":1774248964781,"data":{"createdTime":1774248964781,"data":"PACY","cmd":"getClassInfo"},"cmd":"getClassInfo"}
2026-03-23 09:56:04.600 LOG 1: После dispatch: cmd=getClassInfo, data тип=table
2026-03-23 09:56:04.650 LOG 0: Запрос от C# 1 (req_id=69): {"id":69,"createdTime":1774248964781,"data":{"createdTime":1774248964781,"data":"QT_EQ","cmd":"getClassInfo"},"cmd":"getClassInfo"}
2026-03-23 09:56:04.700 LOG 1: После dispatch: cmd=getClassInfo, data тип=table
2026-03-23 09:56:04.750 LOG 0: Запрос от C# 1 (req_id=70): {"id":70,"createdTime":1774248964783,"data":{"createdTime":1774248964783,"data":"","cmd":"getClassesList"},"cmd":"getClassesList"}
2026-03-23 09:56:04.800 LOG 0: Р’С‹Р·РѕРІ getClassesList, req_id=?
2026-03-23 09:56:04.850 LOG 1: После dispatch: cmd=getClassesList, data тип=string
2026-03-23 09:56:04.900 LOG 0: Запрос от C# 1 (req_id=71): {"id":71,"createdTime":1774248964784,"data":{"createdTime":1774248964784,"data":"TQTE","cmd":"getClassSecurities"},"cmd":"getClassSecurities"}
2026-03-23 09:56:04.950 LOG 1: После dispatch: cmd=getClassSecurities, data тип=string
2026-03-23 09:56:04.000 LOG 0: Запрос от C# 1 (req_id=72): {"id":72,"createdTime":1774248964785,"data":{"createdTime":1774248964785,"data":"TQCB","cmd":"getClassSecurities"},"cmd":"getClassSecurities"}
2026-03-23 09:56:04.050 LOG 1: После dispatch: cmd=getClassSecurities, data тип=string
2026-03-23 09:56:04.100 LOG 0: Запрос от C# 1 (req_id=73): {"id":73,"createdTime":1774248964862,"data":{"createdTime":1774248964862,"data":"TQOE","cmd":"getClassSecurities"},"cmd":"getClassSecurities"}
2026-03-23 09:56:04.150 LOG 1: После dispatch: cmd=getClassSecurities, data тип=string
2026-03-23 09:56:04.200 LOG 0: Запрос от C# 1 (req_id=74): {"id":74,"createdTime":1774248964876,"data":{"createdTime":1774248964876,"data":"TQRD","cmd":"getClassSecurities"},"cmd":"getClassSecurities"}
2026-03-23 09:56:04.250 LOG 1: После dispatch: cmd=getClassSecurities, data тип=string
2026-03-23 09:56:04.300 LOG 0: Запрос от C# 1 (req_id=75): {"id":75,"createdTime":1774248964877,"data":{"createdTime":1774248964877,"data":"TQUD","cmd":"getClassSecurities"},"cmd":"getClassSecurities"}
2026-03-23 09:56:04.350 LOG 1: После dispatch: cmd=getClassSecurities, data тип=string
2026-03-23 09:56:04.400 LOG 0: Запрос от C# 1 (req_id=76): {"id":76,"createdTime":1774248964877,"data":{"createdTime":1774248964877,"data":"TQED","cmd":"getClassSecurities"},"cmd":"getClassSecurities"}
2026-03-23 09:56:04.450 LOG 1: После dispatch: cmd=getClassSecurities, data тип=string
2026-03-23 09:56:04.500 LOG 0: Запрос от C# 1 (req_id=77): {"id":77,"createdTime":1774248964878,"data":{"createdTime":1774248964878,"data":"FQBR","cmd":"getClassSecurities"},"cmd":"getClassSecurities"}
2026-03-23 09:56:04.550 LOG 1: После dispatch: cmd=getClassSecurities, data тип=string
2026-03-23 09:56:04.600 LOG 0: Запрос от C# 1 (req_id=78): {"id":78,"createdTime":1774248964879,"data":{"createdTime":1774248964879,"data":"SPBFUT","cmd":"getClassSecurities"},"cmd":"getClassSecurities"}
2026-03-23 09:56:04.650 LOG 1: После dispatch: cmd=getClassSecurities, data тип=string
2026-03-23 09:56:04.700 LOG 0: Запрос от C# 1 (req_id=79): {"id":79,"createdTime":1774248964884,"data":{"createdTime":1774248964884,"data":"SPBOPT","cmd":"getClassSecurities"},"cmd":"getClassSecurities"}
2026-03-23 09:56:04.750 LOG 1: После dispatch: cmd=getClassSecurities, data тип=string
2026-03-23 09:56:05.150 LOG 0: Запрос от C# 1 (req_id=80): {"id":80,"createdTime":1774248965131,"data":{"createdTime":1774248965131,"data":"USDRUB","cmd":"getClassSecurities"},"cmd":"getClassSecurities"}
2026-03-23 09:56:05.200 LOG 1: После dispatch: cmd=getClassSecurities, data тип=string
2026-03-23 09:56:05.250 LOG 0: Запрос от C# 1 (req_id=81): {"id":81,"createdTime":1774248965132,"data":{"createdTime":1774248965132,"data":"OPTSPOT","cmd":"getClassSecurities"},"cmd":"getClassSecurities"}
2026-03-23 09:56:05.300 LOG 1: После dispatch: cmd=getClassSecurities, data тип=string
2026-03-23 09:56:05.600 LOG 0: Запрос от C# 1 (req_id=82): {"id":82,"createdTime":1774248965592,"data":{"createdTime":1774248965592,"data":"OPTCURNCY","cmd":"getClassSecurities"},"cmd":"getClassSecurities"}
2026-03-23 09:56:05.650 LOG 1: После dispatch: cmd=getClassSecurities, data тип=string
2026-03-23 09:56:05.700 LOG 0: Запрос от C# 1 (req_id=83): {"id":83,"createdTime":1774248965606,"data":{"createdTime":1774248965606,"data":"OPTCOMDTY","cmd":"getClassSecurities"},"cmd":"getClassSecurities"}
2026-03-23 09:56:05.750 LOG 1: После dispatch: cmd=getClassSecurities, data тип=string
2026-03-23 09:56:05.800 LOG 0: Запрос от C# 1 (req_id=84): {"id":84,"createdTime":1774248965618,"data":{"createdTime":1774248965618,"data":"OPTIDX","cmd":"getClassSecurities"},"cmd":"getClassSecurities"}
2026-03-23 09:56:05.850 LOG 1: После dispatch: cmd=getClassSecurities, data тип=string
2026-03-23 09:56:05.950 LOG 0: Запрос от C# 1 (req_id=85): {"id":85,"createdTime":1774248965656,"data":{"createdTime":1774248965656,"data":"RTSIDX","cmd":"getClassSecurities"},"cmd":"getClassSecurities"}
2026-03-23 09:56:05.000 LOG 1: После dispatch: cmd=getClassSecurities, data тип=string
2026-03-23 09:56:05.050 LOG 0: Запрос от C# 1 (req_id=86): {"id":86,"createdTime":1774248965667,"data":{"createdTime":1774248965667,"data":"EQRP_INFO","cmd":"getClassSecurities"},"cmd":"getClassSecurities"}
2026-03-23 09:56:05.100 LOG 1: После dispatch: cmd=getClassSecurities, data тип=string
2026-03-23 09:56:05.200 LOG 0: Запрос от C# 1 (req_id=87): {"id":87,"createdTime":1774248965801,"data":{"createdTime":1774248965801,"data":"FUTCLT","cmd":"getClassSecurities"},"cmd":"getClassSecurities"}
2026-03-23 09:56:05.250 LOG 1: После dispatch: cmd=getClassSecurities, data тип=string
2026-03-23 09:56:05.300 LOG 0: Запрос от C# 1 (req_id=88): {"id":88,"createdTime":1774248965805,"data":{"createdTime":1774248965805,"data":"SPBXM","cmd":"getClassSecurities"},"cmd":"getClassSecurities"}
2026-03-23 09:56:05.350 LOG 1: После dispatch: cmd=getClassSecurities, data тип=string
2026-03-23 09:56:05.400 LOG 0: Запрос от C# 1 (req_id=89): {"id":89,"createdTime":1774248965832,"data":{"createdTime":1774248965832,"data":"SPBDE","cmd":"getClassSecurities"},"cmd":"getClassSecurities"}
2026-03-23 09:56:05.450 LOG 1: После dispatch: cmd=getClassSecurities, data тип=string
2026-03-23 09:56:05.600 LOG 0: Запрос от C# 1 (req_id=90): {"id":90,"createdTime":1774248965835,"data":{"createdTime":1774248965835,"data":"SPBEQRU","cmd":"getClassSecurities"},"cmd":"getClassSecurities"}
2026-03-23 09:56:05.650 LOG 1: После dispatch: cmd=getClassSecurities, data тип=string
2026-03-23 09:56:05.700 LOG 0: Запрос от C# 1 (req_id=91): {"id":91,"createdTime":1774248965837,"data":{"createdTime":1774248965837,"data":"SPBRU","cmd":"getClassSecurities"},"cmd":"getClassSecurities"}
2026-03-23 09:56:05.750 LOG 1: После dispatch: cmd=getClassSecurities, data тип=string
2026-03-23 09:56:05.800 LOG 0: Запрос от C# 1 (req_id=92): {"id":92,"createdTime":1774248965841,"data":{"createdTime":1774248965841,"data":"SPBRUBND","cmd":"getClassSecurities"},"cmd":"getClassSecurities"}
2026-03-23 09:56:05.850 LOG 1: После dispatch: cmd=getClassSecurities, data тип=string
2026-03-23 09:56:05.900 LOG 0: Запрос от C# 1 (req_id=93): {"id":93,"createdTime":1774248965842,"data":{"createdTime":1774248965842,"data":"SPBRU_USD","cmd":"getClassSecurities"},"cmd":"getClassSecurities"}
2026-03-23 09:56:05.950 LOG 1: После dispatch: cmd=getClassSecurities, data тип=string
2026-03-23 09:56:05.000 LOG 0: Запрос от C# 1 (req_id=94): {"id":94,"createdTime":1774248965843,"data":{"createdTime":1774248965843,"data":"PSSPBRUBNDDO","cmd":"getClassSecurities"},"cmd":"getClassSecurities"}
2026-03-23 09:56:05.050 LOG 1: После dispatch: cmd=getClassSecurities, data тип=string
2026-03-23 09:56:05.100 LOG 0: Запрос от C# 1 (req_id=95): {"id":95,"createdTime":1774248965845,"data":{"createdTime":1774248965845,"data":"REPORT","cmd":"getClassSecurities"},"cmd":"getClassSecurities"}
2026-03-23 09:56:05.150 LOG 1: После dispatch: cmd=getClassSecurities, data тип=string
2026-03-23 09:56:05.200 LOG 0: Запрос от C# 1 (req_id=96): {"id":96,"createdTime":1774248965847,"data":{"createdTime":1774248965847,"data":"REPORTFORTS","cmd":"getClassSecurities"},"cmd":"getClassSecurities"}
2026-03-23 09:56:05.250 LOG 1: После dispatch: cmd=getClassSecurities, data тип=string
2026-03-23 09:56:05.300 LOG 0: Запрос от C# 1 (req_id=97): {"id":97,"createdTime":1774248965848,"data":{"createdTime":1774248965848,"data":"VTB_OTC","cmd":"getClassSecurities"},"cmd":"getClassSecurities"}
2026-03-23 09:56:05.350 LOG 1: После dispatch: cmd=getClassSecurities, data тип=string
2026-03-23 09:56:05.400 LOG 0: Запрос от C# 1 (req_id=98): {"id":98,"createdTime":1774248965852,"data":{"createdTime":1774248965852,"data":"CROSSRATE","cmd":"getClassSecurities"},"cmd":"getClassSecurities"}
2026-03-23 09:56:05.450 LOG 1: После dispatch: cmd=getClassSecurities, data тип=string
2026-03-23 09:56:05.500 LOG 0: Запрос от C# 1 (req_id=99): {"id":99,"createdTime":1774248965857,"data":{"createdTime":1774248965857,"data":"QT_BN","cmd":"getClassSecurities"},"cmd":"getClassSecurities"}
2026-03-23 09:56:05.550 LOG 1: После dispatch: cmd=getClassSecurities, data тип=string
2026-03-23 09:56:05.600 LOG 0: Запрос от C# 1 (req_id=100): {"id":100,"createdTime":1774248965859,"data":{"createdTime":1774248965859,"data":"INDX","cmd":"getClassSecurities"},"cmd":"getClassSecurities"}
2026-03-23 09:56:05.650 LOG 1: После dispatch: cmd=getClassSecurities, data тип=string
2026-03-23 09:56:05.700 LOG 0: Запрос от C# 1 (req_id=101): {"id":101,"createdTime":1774248965860,"data":{"createdTime":1774248965860,"data":"TQIF_HOL","cmd":"getClassSecurities"},"cmd":"getClassSecurities"}
2026-03-23 09:56:05.750 LOG 1: После dispatch: cmd=getClassSecurities, data тип=string
2026-03-23 09:56:05.800 LOG 0: Запрос от C# 1 (req_id=102): {"id":102,"createdTime":1774248965865,"data":{"createdTime":1774248965865,"data":"TQTF_HOL","cmd":"getClassSecurities"},"cmd":"getClassSecurities"}
2026-03-23 09:56:05.850 LOG 1: После dispatch: cmd=getClassSecurities, data тип=string
2026-03-23 09:56:05.900 LOG 0: Запрос от C# 1 (req_id=103): {"id":103,"createdTime":1774248965866,"data":{"createdTime":1774248965866,"data":"TQTF_W_HOL","cmd":"getClassSecurities"},"cmd":"getClassSecurities"}
2026-03-23 09:56:05.950 LOG 1: После dispatch: cmd=getClassSecurities, data тип=string
2026-03-23 09:56:05.000 LOG 0: Запрос от C# 1 (req_id=104): {"id":104,"createdTime":1774248965867,"data":{"createdTime":1774248965867,"data":"UP","cmd":"getClassSecurities"},"cmd":"getClassSecurities"}
2026-03-23 09:56:05.050 LOG 1: После dispatch: cmd=getClassSecurities, data тип=string
2026-03-23 09:56:05.100 LOG 0: Запрос от C# 1 (req_id=105): {"id":105,"createdTime":1774248965868,"data":{"createdTime":1774248965868,"data":"CETS","cmd":"getClassSecurities"},"cmd":"getClassSecurities"}
2026-03-23 09:56:05.150 LOG 1: После dispatch: cmd=getClassSecurities, data тип=string
2026-03-23 09:56:05.200 LOG 0: Запрос от C# 1 (req_id=106): {"id":106,"createdTime":1774248965873,"data":{"createdTime":1774248965873,"data":"CETS_MTL","cmd":"getClassSecurities"},"cmd":"getClassSecurities"}
2026-03-23 09:56:05.250 LOG 1: После dispatch: cmd=getClassSecurities, data тип=string
2026-03-23 09:56:05.300 LOG 0: Запрос от C# 1 (req_id=107): {"id":107,"createdTime":1774248965875,"data":{"createdTime":1774248965875,"data":"TQFD","cmd":"getClassSecurities"},"cmd":"getClassSecurities"}
2026-03-23 09:56:05.350 LOG 1: После dispatch: cmd=getClassSecurities, data тип=string
2026-03-23 09:56:05.400 LOG 0: Запрос от C# 1 (req_id=108): {"id":108,"createdTime":1774248965876,"data":{"createdTime":1774248965876,"data":"TQFE","cmd":"getClassSecurities"},"cmd":"getClassSecurities"}
2026-03-23 09:56:05.450 LOG 1: После dispatch: cmd=getClassSecurities, data тип=string
2026-03-23 09:56:05.500 LOG 0: Запрос от C# 1 (req_id=109): {"id":109,"createdTime":1774248965877,"data":{"createdTime":1774248965877,"data":"OCTR","cmd":"getClassSecurities"},"cmd":"getClassSecurities"}
2026-03-23 09:56:05.550 LOG 1: После dispatch: cmd=getClassSecurities, data тип=string
2026-03-23 09:56:05.600 LOG 0: Запрос от C# 1 (req_id=110): {"id":110,"createdTime":1774248965897,"data":{"createdTime":1774248965897,"data":"TQTY","cmd":"getClassSecurities"},"cmd":"getClassSecurities"}
2026-03-23 09:56:05.650 LOG 1: После dispatch: cmd=getClassSecurities, data тип=string
2026-03-23 09:56:05.700 LOG 0: Запрос от C# 1 (req_id=111): {"id":111,"createdTime":1774248965898,"data":{"createdTime":1774248965898,"data":"MTQR","cmd":"getClassSecurities"},"cmd":"getClassSecurities"}
2026-03-23 09:56:05.750 LOG 1: После dispatch: cmd=getClassSecurities, data тип=string
2026-03-23 09:56:05.800 LOG 0: Запрос от C# 1 (req_id=112): {"id":112,"createdTime":1774248965910,"data":{"createdTime":1774248965910,"data":"SMAL","cmd":"getClassSecurities"},"cmd":"getClassSecurities"}
2026-03-23 09:56:05.850 LOG 1: После dispatch: cmd=getClassSecurities, data тип=string
2026-03-23 09:56:05.900 LOG 0: Запрос от C# 1 (req_id=113): {"id":113,"createdTime":1774248965912,"data":{"createdTime":1774248965912,"data":"TQBR","cmd":"getClassSecurities"},"cmd":"getClassSecurities"}
2026-03-23 09:56:05.950 LOG 1: После dispatch: cmd=getClassSecurities, data тип=string
2026-03-23 09:56:05.000 LOG 0: Запрос от C# 1 (req_id=114): {"id":114,"createdTime":1774248965915,"data":{"createdTime":1774248965915,"data":"TQOB","cmd":"getClassSecurities"},"cmd":"getClassSecurities"}
2026-03-23 09:56:05.050 LOG 1: После dispatch: cmd=getClassSecurities, data тип=string
2026-03-23 09:56:05.100 LOG 0: Запрос от C# 1 (req_id=115): {"id":115,"createdTime":1774248965917,"data":{"createdTime":1774248965917,"data":"TQIF","cmd":"getClassSecurities"},"cmd":"getClassSecurities"}
2026-03-23 09:56:05.150 LOG 1: После dispatch: cmd=getClassSecurities, data тип=string
2026-03-23 09:56:05.200 LOG 0: Запрос от C# 1 (req_id=116): {"id":116,"createdTime":1774248965920,"data":{"createdTime":1774248965920,"data":"TQTF","cmd":"getClassSecurities"},"cmd":"getClassSecurities"}
2026-03-23 09:56:05.250 LOG 1: После dispatch: cmd=getClassSecurities, data тип=string
2026-03-23 09:56:05.300 LOG 0: Запрос от C# 1 (req_id=117): {"id":117,"createdTime":1774248965921,"data":{"createdTime":1774248965921,"data":"TQTF_W","cmd":"getClassSecurities"},"cmd":"getClassSecurities"}
2026-03-23 09:56:05.350 LOG 1: После dispatch: cmd=getClassSecurities, data тип=string
2026-03-23 09:56:05.400 LOG 0: Запрос от C# 1 (req_id=118): {"id":118,"createdTime":1774248965921,"data":{"createdTime":1774248965921,"data":"TQBD","cmd":"getClassSecurities"},"cmd":"getClassSecurities"}
2026-03-23 09:56:05.450 LOG 1: После dispatch: cmd=getClassSecurities, data тип=string
2026-03-23 09:56:05.500 LOG 0: Запрос от C# 1 (req_id=119): {"id":119,"createdTime":1774248965922,"data":{"createdTime":1774248965922,"data":"TQTD","cmd":"getClassSecurities"},"cmd":"getClassSecurities"}
2026-03-23 09:56:05.550 LOG 1: После dispatch: cmd=getClassSecurities, data тип=string
2026-03-23 09:56:05.600 LOG 0: Запрос от C# 1 (req_id=120): {"id":120,"createdTime":1774248965923,"data":{"createdTime":1774248965923,"data":"TQOD","cmd":"getClassSecurities"},"cmd":"getClassSecurities"}
2026-03-23 09:56:05.650 LOG 1: После dispatch: cmd=getClassSecurities, data тип=string
2026-03-23 09:56:05.700 LOG 0: Запрос от C# 1 (req_id=121): {"id":121,"createdTime":1774248965923,"data":{"createdTime":1774248965923,"data":"TQOY","cmd":"getClassSecurities"},"cmd":"getClassSecurities"}
2026-03-23 09:56:05.750 LOG 1: После dispatch: cmd=getClassSecurities, data тип=string
2026-03-23 09:56:05.800 LOG 0: Запрос от C# 1 (req_id=122): {"id":122,"createdTime":1774248965928,"data":{"createdTime":1774248965928,"data":"TQTF_F_HOL","cmd":"getClassSecurities"},"cmd":"getClassSecurities"}
2026-03-23 09:56:05.850 LOG 1: После dispatch: cmd=getClassSecurities, data тип=string
2026-03-23 09:56:05.900 LOG 0: Запрос от C# 1 (req_id=123): {"id":123,"createdTime":1774248965929,"data":{"createdTime":1774248965929,"data":"EES_OTC","cmd":"getClassSecurities"},"cmd":"getClassSecurities"}
2026-03-23 09:56:05.950 LOG 1: После dispatch: cmd=getClassSecurities, data тип=string
2026-03-23 09:56:05.000 LOG 0: Запрос от C# 1 (req_id=124): {"id":124,"createdTime":1774248965931,"data":{"createdTime":1774248965931,"data":"TQTF_F","cmd":"getClassSecurities"},"cmd":"getClassSecurities"}
2026-03-23 09:56:05.050 LOG 1: После dispatch: cmd=getClassSecurities, data тип=string
2026-03-23 09:56:05.100 LOG 0: Запрос от C# 1 (req_id=125): {"id":125,"createdTime":1774248965932,"data":{"createdTime":1774248965932,"data":"SMS","cmd":"getClassSecurities"},"cmd":"getClassSecurities"}
2026-03-23 09:56:05.150 LOG 1: После dispatch: cmd=getClassSecurities, data тип=string
2026-03-23 09:56:05.200 LOG 0: Запрос от C# 1 (req_id=126): {"id":126,"createdTime":1774248965933,"data":{"createdTime":1774248965933,"data":"ALGO_ICEBERG","cmd":"getClassSecurities"},"cmd":"getClassSecurities"}
2026-03-23 09:56:05.250 LOG 1: После dispatch: cmd=getClassSecurities, data тип=string
2026-03-23 09:56:05.300 LOG 0: Запрос от C# 1 (req_id=127): {"id":127,"createdTime":1774248965933,"data":{"createdTime":1774248965933,"data":"ALGO_VOLATIL","cmd":"getClassSecurities"},"cmd":"getClassSecurities"}
2026-03-23 09:56:05.350 LOG 1: После dispatch: cmd=getClassSecurities, data тип=string
2026-03-23 09:56:05.400 LOG 0: Запрос от C# 1 (req_id=128): {"id":128,"createdTime":1774248965934,"data":{"createdTime":1774248965934,"data":"ALGO_TWAP","cmd":"getClassSecurities"},"cmd":"getClassSecurities"}
2026-03-23 09:56:05.450 LOG 1: После dispatch: cmd=getClassSecurities, data тип=string
2026-03-23 09:56:05.500 LOG 0: Запрос от C# 1 (req_id=129): {"id":129,"createdTime":1774248965935,"data":{"createdTime":1774248965935,"data":"ALGO_VWAP","cmd":"getClassSecurities"},"cmd":"getClassSecurities"}
2026-03-23 09:56:05.550 LOG 1: После dispatch: cmd=getClassSecurities, data тип=string
2026-03-23 09:56:05.600 LOG 0: Запрос от C# 1 (req_id=130): {"id":130,"createdTime":1774248965935,"data":{"createdTime":1774248965935,"data":"ALGO_GTD","cmd":"getClassSecurities"},"cmd":"getClassSecurities"}
2026-03-23 09:56:05.650 LOG 1: После dispatch: cmd=getClassSecurities, data тип=string
2026-03-23 09:56:05.700 LOG 0: Запрос от C# 1 (req_id=131): {"id":131,"createdTime":1774248965936,"data":{"createdTime":1774248965936,"data":"MPAU","cmd":"getClassSecurities"},"cmd":"getClassSecurities"}
2026-03-23 09:56:05.750 LOG 1: После dispatch: cmd=getClassSecurities, data тип=string
2026-03-23 09:56:05.800 LOG 0: Запрос от C# 1 (req_id=132): {"id":132,"createdTime":1774248965936,"data":{"createdTime":1774248965936,"data":"PSAU_FREE","cmd":"getClassSecurities"},"cmd":"getClassSecurities"}
2026-03-23 09:56:05.850 LOG 1: После dispatch: cmd=getClassSecurities, data тип=string
2026-03-23 09:56:05.900 LOG 0: Запрос от C# 1 (req_id=133): {"id":133,"createdTime":1774248965937,"data":{"createdTime":1774248965937,"data":"PSAU","cmd":"getClassSecurities"},"cmd":"getClassSecurities"}
2026-03-23 09:56:05.950 LOG 1: После dispatch: cmd=getClassSecurities, data тип=string
2026-03-23 09:56:05.000 LOG 0: Запрос от C# 1 (req_id=134): {"id":134,"createdTime":1774248965942,"data":{"createdTime":1774248965942,"data":"PSSU","cmd":"getClassSecurities"},"cmd":"getClassSecurities"}
2026-03-23 09:56:05.050 LOG 1: После dispatch: cmd=getClassSecurities, data тип=string
2026-03-23 09:56:05.100 LOG 0: Запрос от C# 1 (req_id=135): {"id":135,"createdTime":1774248965944,"data":{"createdTime":1774248965944,"data":"PSSU_YAD","cmd":"getClassSecurities"},"cmd":"getClassSecurities"}
2026-03-23 09:56:05.150 LOG 1: После dispatch: cmd=getClassSecurities, data тип=string
2026-03-23 09:56:05.200 LOG 0: Запрос от C# 1 (req_id=136): {"id":136,"createdTime":1774248965944,"data":{"createdTime":1774248965944,"data":"PACY","cmd":"getClassSecurities"},"cmd":"getClassSecurities"}
2026-03-23 09:56:05.250 LOG 1: После dispatch: cmd=getClassSecurities, data тип=string
2026-03-23 09:56:05.300 LOG 0: Запрос от C# 1 (req_id=137): {"id":137,"createdTime":1774248965945,"data":{"createdTime":1774248965945,"data":"QT_EQ","cmd":"getClassSecurities"},"cmd":"getClassSecurities"}
2026-03-23 09:56:05.350 LOG 1: После dispatch: cmd=getClassSecurities, data тип=string
2026-03-23 09:56:05.400 LOG 0: Запрос от C# 1 (req_id=138): {"id":138,"createdTime":1774248965947,"data":{"createdTime":1774248965947,"data":"SPBFUT|RIM6","cmd":"getSecurityInfo"},"cmd":"getSecurityInfo"}
2026-03-23 09:56:05.450 LOG 1: После dispatch: cmd=getSecurityInfo, data тип=table
2026-03-23 09:56:05.550 LOG 0: Запрос от C# 1 (req_id=139): {"id":139,"createdTime":1774248965980,"data":{"createdTime":1774248965980,"data":"TQBR|LKOH","cmd":"getSecurityInfo"},"cmd":"getSecurityInfo"}
2026-03-23 09:56:05.600 LOG 1: После dispatch: cmd=getSecurityInfo, data тип=table
2026-03-23 09:56:05.650 LOG 0: Запрос от C# 1 (req_id=140): {"id":140,"createdTime":1774248965985,"data":{"createdTime":1774248965985,"data":"","cmd":"isConnected"},"cmd":"isConnected"}
2026-03-23 09:56:05.750 LOG 1: После dispatch: cmd=isConnected, data тип=string
2026-03-23 09:56:05.800 LOG 0: Запрос от C# 1 (req_id=141): {"id":141,"createdTime":1774248965988,"data":{"createdTime":1774248965988,"data":"","cmd":"getWorkingFolder"},"cmd":"getWorkingFolder"}
2026-03-23 09:56:05.900 LOG 1: После dispatch: cmd=getWorkingFolder, data тип=string
2026-03-23 09:56:05.950 LOG 0: Запрос от C# 1 (req_id=142): {"id":142,"createdTime":1774248965991,"data":{"createdTime":1774248965991,"data":"","cmd":"getScriptPath"},"cmd":"getScriptPath"}
2026-03-23 09:56:05.050 LOG 1: После dispatch: cmd=getScriptPath, data тип=string
2026-03-23 09:56:05.100 LOG 0: Запрос от C# 1 (req_id=143): {"id":143,"createdTime":1774248965994,"data":{"createdTime":1774248965994,"data":"VERSION","cmd":"getInfoParam"},"cmd":"getInfoParam"}
2026-03-23 09:56:05.200 LOG 1: После dispatch: cmd=getInfoParam, data тип=string
2026-03-23 09:56:05.250 LOG 0: Запрос от C# 1 (req_id=144): {"id":144,"createdTime":1774248965994,"data":{"createdTime":1774248965994,"data":"TRADEDATE","cmd":"getInfoParam"},"cmd":"getInfoParam"}
2026-03-23 09:56:05.350 LOG 1: После dispatch: cmd=getInfoParam, data тип=string
2026-03-23 09:56:05.400 LOG 0: Запрос от C# 1 (req_id=145): {"id":145,"createdTime":1774248965995,"data":{"createdTime":1774248965995,"data":"SERVERTIME","cmd":"getInfoParam"},"cmd":"getInfoParam"}
2026-03-23 09:56:05.500 LOG 1: После dispatch: cmd=getInfoParam, data тип=string
2026-03-23 09:56:05.550 LOG 0: Запрос от C# 1 (req_id=146): {"id":146,"createdTime":1774248965996,"data":{"createdTime":1774248965996,"data":"LASTRECORDTIME","cmd":"getInfoParam"},"cmd":"getInfoParam"}
2026-03-23 09:56:05.650 LOG 1: После dispatch: cmd=getInfoParam, data тип=string
2026-03-23 09:56:05.700 LOG 0: Запрос от C# 1 (req_id=147): {"id":147,"createdTime":1774248965996,"data":{"createdTime":1774248965996,"data":"NUMRECORDS","cmd":"getInfoParam"},"cmd":"getInfoParam"}
2026-03-23 09:56:05.800 LOG 1: После dispatch: cmd=getInfoParam, data тип=string
2026-03-23 09:56:05.850 LOG 0: Запрос от C# 1 (req_id=148): {"id":148,"createdTime":1774248965998,"data":{"createdTime":1774248965998,"data":"LASTRECORD","cmd":"getInfoParam"},"cmd":"getInfoParam"}
2026-03-23 09:56:05.950 LOG 1: После dispatch: cmd=getInfoParam, data тип=string
2026-03-23 09:56:05.000 LOG 0: Запрос от C# 1 (req_id=149): {"id":149,"createdTime":1774248965998,"data":{"createdTime":1774248965998,"data":"LATERECORD","cmd":"getInfoParam"},"cmd":"getInfoParam"}
2026-03-23 09:56:05.100 LOG 1: После dispatch: cmd=getInfoParam, data тип=string
2026-03-23 09:56:06.050 LOG 0: Запрос от C# 1 (req_id=150): {"id":150,"createdTime":1774248966000,"data":{"createdTime":1774248966000,"data":"CONNECTION","cmd":"getInfoParam"},"cmd":"getInfoParam"}
2026-03-23 09:56:06.150 LOG 1: После dispatch: cmd=getInfoParam, data тип=string
2026-03-23 09:56:06.200 LOG 0: Запрос от C# 1 (req_id=151): {"id":151,"createdTime":1774248966001,"data":{"createdTime":1774248966001,"data":"IPADDRESS","cmd":"getInfoParam"},"cmd":"getInfoParam"}
2026-03-23 09:56:06.300 LOG 1: После dispatch: cmd=getInfoParam, data тип=string
2026-03-23 09:56:06.350 LOG 0: Запрос от C# 1 (req_id=152): {"id":152,"createdTime":1774248966001,"data":{"createdTime":1774248966001,"data":"IPPORT","cmd":"getInfoParam"},"cmd":"getInfoParam"}
2026-03-23 09:56:06.450 LOG 1: После dispatch: cmd=getInfoParam, data тип=string
2026-03-23 09:56:06.500 LOG 0: Запрос от C# 1 (req_id=153): {"id":153,"createdTime":1774248966002,"data":{"createdTime":1774248966002,"data":"IPCOMMENT","cmd":"getInfoParam"},"cmd":"getInfoParam"}
2026-03-23 09:56:06.600 LOG 1: После dispatch: cmd=getInfoParam, data тип=string
2026-03-23 09:56:06.650 LOG 0: Запрос от C# 1 (req_id=154): {"id":154,"createdTime":1774248966003,"data":{"createdTime":1774248966003,"data":"SERVER","cmd":"getInfoParam"},"cmd":"getInfoParam"}
2026-03-23 09:56:06.750 LOG 1: После dispatch: cmd=getInfoParam, data тип=string
2026-03-23 09:56:06.800 LOG 0: Запрос от C# 1 (req_id=155): {"id":155,"createdTime":1774248966004,"data":{"createdTime":1774248966004,"data":"SESSIONID","cmd":"getInfoParam"},"cmd":"getInfoParam"}
2026-03-23 09:56:06.900 LOG 1: После dispatch: cmd=getInfoParam, data тип=string
2026-03-23 09:56:06.950 LOG 0: Запрос от C# 1 (req_id=156): {"id":156,"createdTime":1774248966004,"data":{"createdTime":1774248966004,"data":"USER","cmd":"getInfoParam"},"cmd":"getInfoParam"}
2026-03-23 09:56:06.050 LOG 1: После dispatch: cmd=getInfoParam, data тип=string
2026-03-23 09:56:06.100 LOG 0: Запрос от C# 1 (req_id=157): {"id":157,"createdTime":1774248966005,"data":{"createdTime":1774248966005,"data":"USERID","cmd":"getInfoParam"},"cmd":"getInfoParam"}
2026-03-23 09:56:06.200 LOG 1: После dispatch: cmd=getInfoParam, data тип=string
2026-03-23 09:56:06.250 LOG 0: Запрос от C# 1 (req_id=158): {"id":158,"createdTime":1774248966006,"data":{"createdTime":1774248966006,"data":"ORG","cmd":"getInfoParam"},"cmd":"getInfoParam"}
2026-03-23 09:56:06.350 LOG 1: После dispatch: cmd=getInfoParam, data тип=string
2026-03-23 09:56:06.400 LOG 0: Запрос от C# 1 (req_id=159): {"id":159,"createdTime":1774248966006,"data":{"createdTime":1774248966006,"data":"MEMORY","cmd":"getInfoParam"},"cmd":"getInfoParam"}
2026-03-23 09:56:06.500 LOG 1: После dispatch: cmd=getInfoParam, data тип=string
2026-03-23 09:56:06.550 LOG 0: Запрос от C# 1 (req_id=160): {"id":160,"createdTime":1774248966009,"data":{"createdTime":1774248966009,"data":"LOCALTIME","cmd":"getInfoParam"},"cmd":"getInfoParam"}
2026-03-23 09:56:06.650 LOG 1: После dispatch: cmd=getInfoParam, data тип=string
2026-03-23 09:56:06.700 LOG 0: Запрос от C# 1 (req_id=161): {"id":161,"createdTime":1774248966010,"data":{"createdTime":1774248966010,"data":"CONNECTIONTIME","cmd":"getInfoParam"},"cmd":"getInfoParam"}
2026-03-23 09:56:06.800 LOG 1: После dispatch: cmd=getInfoParam, data тип=string
2026-03-23 09:56:06.850 LOG 0: Запрос от C# 1 (req_id=162): {"id":162,"createdTime":1774248966010,"data":{"createdTime":1774248966010,"data":"MESSAGESSENT","cmd":"getInfoParam"},"cmd":"getInfoParam"}
2026-03-23 09:56:06.950 LOG 1: После dispatch: cmd=getInfoParam, data тип=string
2026-03-23 09:56:06.000 LOG 0: Запрос от C# 1 (req_id=163): {"id":163,"createdTime":1774248966011,"data":{"createdTime":1774248966011,"data":"ALLSENT","cmd":"getInfoParam"},"cmd":"getInfoParam"}
2026-03-23 09:56:06.100 LOG 1: После dispatch: cmd=getInfoParam, data тип=string
2026-03-23 09:56:06.150 LOG 0: Запрос от C# 1 (req_id=164): {"id":164,"createdTime":1774248966012,"data":{"createdTime":1774248966012,"data":"BYTESSENT","cmd":"getInfoParam"},"cmd":"getInfoParam"}
2026-03-23 09:56:06.250 LOG 1: После dispatch: cmd=getInfoParam, data тип=string
2026-03-23 09:56:06.300 LOG 0: Запрос от C# 1 (req_id=165): {"id":165,"createdTime":1774248966012,"data":{"createdTime":1774248966012,"data":"BYTESPERSECSENT","cmd":"getInfoParam"},"cmd":"getInfoParam"}
2026-03-23 09:56:06.400 LOG 1: После dispatch: cmd=getInfoParam, data тип=string
2026-03-23 09:56:06.450 LOG 0: Запрос от C# 1 (req_id=166): {"id":166,"createdTime":1774248966013,"data":{"createdTime":1774248966013,"data":"MESSAGESRECV","cmd":"getInfoParam"},"cmd":"getInfoParam"}
2026-03-23 09:56:06.550 LOG 1: После dispatch: cmd=getInfoParam, data тип=string
2026-03-23 09:56:06.600 LOG 0: Запрос от C# 1 (req_id=167): {"id":167,"createdTime":1774248966014,"data":{"createdTime":1774248966014,"data":"BYTESRECV","cmd":"getInfoParam"},"cmd":"getInfoParam"}
2026-03-23 09:56:06.700 LOG 1: После dispatch: cmd=getInfoParam, data тип=string
2026-03-23 09:56:06.750 LOG 0: Запрос от C# 1 (req_id=168): {"id":168,"createdTime":1774248966014,"data":{"createdTime":1774248966014,"data":"ALLRECV","cmd":"getInfoParam"},"cmd":"getInfoParam"}
2026-03-23 09:56:06.850 LOG 1: После dispatch: cmd=getInfoParam, data тип=string
2026-03-23 09:56:06.900 LOG 0: Запрос от C# 1 (req_id=169): {"id":169,"createdTime":1774248966015,"data":{"createdTime":1774248966015,"data":"BYTESPERSECRECV","cmd":"getInfoParam"},"cmd":"getInfoParam"}
2026-03-23 09:56:06.000 LOG 1: После dispatch: cmd=getInfoParam, data тип=string
2026-03-23 09:56:06.050 LOG 0: Запрос от C# 1 (req_id=170): {"id":170,"createdTime":1774248966016,"data":{"createdTime":1774248966016,"data":"AVGSENT","cmd":"getInfoParam"},"cmd":"getInfoParam"}
2026-03-23 09:56:06.150 LOG 1: После dispatch: cmd=getInfoParam, data тип=string
2026-03-23 09:56:06.200 LOG 0: Запрос от C# 1 (req_id=171): {"id":171,"createdTime":1774248966016,"data":{"createdTime":1774248966016,"data":"AVGRECV","cmd":"getInfoParam"},"cmd":"getInfoParam"}
2026-03-23 09:56:06.300 LOG 1: После dispatch: cmd=getInfoParam, data тип=string
2026-03-23 09:56:06.350 LOG 0: Запрос от C# 1 (req_id=172): {"id":172,"createdTime":1774248966017,"data":{"createdTime":1774248966017,"data":"LASTPINGTIME","cmd":"getInfoParam"},"cmd":"getInfoParam"}
2026-03-23 09:56:06.450 LOG 1: После dispatch: cmd=getInfoParam, data тип=string
2026-03-23 09:56:06.500 LOG 0: Запрос от C# 1 (req_id=173): {"id":173,"createdTime":1774248966018,"data":{"createdTime":1774248966018,"data":"LASTPINGDURATION","cmd":"getInfoParam"},"cmd":"getInfoParam"}
2026-03-23 09:56:06.600 LOG 1: После dispatch: cmd=getInfoParam, data тип=string
2026-03-23 09:56:06.650 LOG 0: Запрос от C# 1 (req_id=174): {"id":174,"createdTime":1774248966018,"data":{"createdTime":1774248966018,"data":"AVGPINGDURATION","cmd":"getInfoParam"},"cmd":"getInfoParam"}
2026-03-23 09:56:06.750 LOG 1: После dispatch: cmd=getInfoParam, data тип=string
2026-03-23 09:56:06.800 LOG 0: Запрос от C# 1 (req_id=175): {"id":175,"createdTime":1774248966021,"data":{"createdTime":1774248966021,"data":"MAXPINGTIME","cmd":"getInfoParam"},"cmd":"getInfoParam"}
2026-03-23 09:56:06.900 LOG 1: После dispatch: cmd=getInfoParam, data тип=string
2026-03-23 09:56:06.950 LOG 0: Запрос от C# 1 (req_id=176): {"id":176,"createdTime":1774248966021,"data":{"createdTime":1774248966021,"data":"MAXPINGDURATION","cmd":"getInfoParam"},"cmd":"getInfoParam"}
2026-03-23 09:56:06.050 LOG 1: После dispatch: cmd=getInfoParam, data тип=string
2026-03-23 09:56:06.100 LOG 0: Запрос от C# 1 (req_id=177): {"id":177,"createdTime":1774248966051,"data":{"createdTime":1774248966050,"data":"SPBFUT|RIM6","cmd":"Subscribe_Level_II_Quotes"},"cmd":"Subscribe_Level_II_Quotes"}
2026-03-23 09:56:06.150 LOG 1: Subscribe_Level_II_Quotes called | raw data: SPBFUT|RIM6
2026-03-23 09:56:06.200 LOG 1: Subscribe Level II: class=SPBFUT, sec=RIM6
2026-03-23 09:56:06.250 LOG 1: После dispatch: cmd=Subscribe_Level_II_Quotes, data тип=boolean
2026-03-23 11:05:13.150 LOG 0: Запрос от C# 1 (req_id=1): {"id":1,"createdTime":1774253113275,"data":{"createdTime":1774253113273,"data":"","cmd":"getClassesList"},"cmd":"getClassesList"}
2026-03-23 11:05:13.200 LOG 0: Р’С‹Р·РѕРІ getClassesList, req_id=?
2026-03-23 11:05:13.250 LOG 1: После dispatch: cmd=getClassesList, data тип=string
2026-03-23 11:05:13.300 LOG 0: Запрос от C# 1 (req_id=2): {"id":2,"createdTime":1774253113302,"data":{"createdTime":1774253113302,"data":"","cmd":"getClassesList"},"cmd":"getClassesList"}
2026-03-23 11:05:13.350 LOG 0: Р’С‹Р·РѕРІ getClassesList, req_id=?
2026-03-23 11:05:13.400 LOG 1: После dispatch: cmd=getClassesList, data тип=string
2026-03-23 11:05:13.450 LOG 0: Запрос от C# 1 (req_id=3): {"id":3,"createdTime":1774253113304,"data":{"createdTime":1774253113304,"data":"TQTE","cmd":"getClassInfo"},"cmd":"getClassInfo"}
2026-03-23 11:05:13.500 LOG 1: После dispatch: cmd=getClassInfo, data тип=table
2026-03-23 11:05:13.550 LOG 0: Запрос от C# 1 (req_id=4): {"id":4,"createdTime":1774253113317,"data":{"createdTime":1774253113317,"data":"TQCB","cmd":"getClassInfo"},"cmd":"getClassInfo"}
2026-03-23 11:05:13.600 LOG 1: После dispatch: cmd=getClassInfo, data тип=table
2026-03-23 11:05:13.650 LOG 0: Запрос от C# 1 (req_id=5): {"id":5,"createdTime":1774253113319,"data":{"createdTime":1774253113319,"data":"TQOE","cmd":"getClassInfo"},"cmd":"getClassInfo"}
2026-03-23 11:05:13.700 LOG 1: После dispatch: cmd=getClassInfo, data тип=table
2026-03-23 11:05:13.750 LOG 0: Запрос от C# 1 (req_id=6): {"id":6,"createdTime":1774253113321,"data":{"createdTime":1774253113321,"data":"TQRD","cmd":"getClassInfo"},"cmd":"getClassInfo"}
2026-03-23 11:05:13.800 LOG 1: После dispatch: cmd=getClassInfo, data тип=table
2026-03-23 11:05:13.850 LOG 0: Запрос от C# 1 (req_id=7): {"id":7,"createdTime":1774253113323,"data":{"createdTime":1774253113323,"data":"TQUD","cmd":"getClassInfo"},"cmd":"getClassInfo"}
2026-03-23 11:05:13.900 LOG 1: После dispatch: cmd=getClassInfo, data тип=table
2026-03-23 11:05:13.950 LOG 0: Запрос от C# 1 (req_id=8): {"id":8,"createdTime":1774253113324,"data":{"createdTime":1774253113324,"data":"TQED","cmd":"getClassInfo"},"cmd":"getClassInfo"}
2026-03-23 11:05:13.000 LOG 1: После dispatch: cmd=getClassInfo, data тип=table
2026-03-23 11:05:13.050 LOG 0: Запрос от C# 1 (req_id=9): {"id":9,"createdTime":1774253113325,"data":{"createdTime":1774253113325,"data":"FQBR","cmd":"getClassInfo"},"cmd":"getClassInfo"}
2026-03-23 11:05:13.100 LOG 1: После dispatch: cmd=getClassInfo, data тип=table
2026-03-23 11:05:13.150 LOG 0: Запрос от C# 1 (req_id=10): {"id":10,"createdTime":1774253113326,"data":{"createdTime":1774253113326,"data":"SPBFUT","cmd":"getClassInfo"},"cmd":"getClassInfo"}
2026-03-23 11:05:13.200 LOG 1: После dispatch: cmd=getClassInfo, data тип=table
2026-03-23 11:05:13.250 LOG 0: Запрос от C# 1 (req_id=11): {"id":11,"createdTime":1774253113327,"data":{"createdTime":1774253113327,"data":"SPBOPT","cmd":"getClassInfo"},"cmd":"getClassInfo"}
2026-03-23 11:05:13.300 LOG 1: После dispatch: cmd=getClassInfo, data тип=table
2026-03-23 11:05:13.350 LOG 0: Запрос от C# 1 (req_id=12): {"id":12,"createdTime":1774253113328,"data":{"createdTime":1774253113328,"data":"USDRUB","cmd":"getClassInfo"},"cmd":"getClassInfo"}
2026-03-23 11:05:13.400 LOG 1: После dispatch: cmd=getClassInfo, data тип=table
2026-03-23 11:05:13.450 LOG 0: Запрос от C# 1 (req_id=13): {"id":13,"createdTime":1774253113330,"data":{"createdTime":1774253113330,"data":"OPTSPOT","cmd":"getClassInfo"},"cmd":"getClassInfo"}
2026-03-23 11:05:13.500 LOG 1: После dispatch: cmd=getClassInfo, data тип=table
2026-03-23 11:05:13.550 LOG 0: Запрос от C# 1 (req_id=14): {"id":14,"createdTime":1774253113332,"data":{"createdTime":1774253113332,"data":"OPTCURNCY","cmd":"getClassInfo"},"cmd":"getClassInfo"}
2026-03-23 11:05:13.600 LOG 1: После dispatch: cmd=getClassInfo, data тип=table
2026-03-23 11:05:13.650 LOG 0: Запрос от C# 1 (req_id=15): {"id":15,"createdTime":1774253113334,"data":{"createdTime":1774253113334,"data":"OPTCOMDTY","cmd":"getClassInfo"},"cmd":"getClassInfo"}
2026-03-23 11:05:13.700 LOG 1: После dispatch: cmd=getClassInfo, data тип=table
2026-03-23 11:05:13.750 LOG 0: Запрос от C# 1 (req_id=16): {"id":16,"createdTime":1774253113337,"data":{"createdTime":1774253113337,"data":"OPTIDX","cmd":"getClassInfo"},"cmd":"getClassInfo"}
2026-03-23 11:05:13.800 LOG 1: После dispatch: cmd=getClassInfo, data тип=table
2026-03-23 11:05:13.850 LOG 0: Запрос от C# 1 (req_id=17): {"id":17,"createdTime":1774253113343,"data":{"createdTime":1774253113343,"data":"RTSIDX","cmd":"getClassInfo"},"cmd":"getClassInfo"}
2026-03-23 11:05:13.900 LOG 1: После dispatch: cmd=getClassInfo, data тип=table
2026-03-23 11:05:13.950 LOG 0: Запрос от C# 1 (req_id=18): {"id":18,"createdTime":1774253113344,"data":{"createdTime":1774253113344,"data":"EQRP_INFO","cmd":"getClassInfo"},"cmd":"getClassInfo"}
2026-03-23 11:05:13.000 LOG 1: После dispatch: cmd=getClassInfo, data тип=table
2026-03-23 11:05:13.050 LOG 0: Запрос от C# 1 (req_id=19): {"id":19,"createdTime":1774253113345,"data":{"createdTime":1774253113345,"data":"FUTCLT","cmd":"getClassInfo"},"cmd":"getClassInfo"}
2026-03-23 11:05:13.100 LOG 1: После dispatch: cmd=getClassInfo, data тип=table
2026-03-23 11:05:13.150 LOG 0: Запрос от C# 1 (req_id=20): {"id":20,"createdTime":1774253113346,"data":{"createdTime":1774253113346,"data":"SPBXM","cmd":"getClassInfo"},"cmd":"getClassInfo"}
2026-03-23 11:05:13.200 LOG 1: После dispatch: cmd=getClassInfo, data тип=table
2026-03-23 11:05:13.250 LOG 0: Запрос от C# 1 (req_id=21): {"id":21,"createdTime":1774253113348,"data":{"createdTime":1774253113348,"data":"SPBDE","cmd":"getClassInfo"},"cmd":"getClassInfo"}
2026-03-23 11:05:13.300 LOG 1: После dispatch: cmd=getClassInfo, data тип=table
2026-03-23 11:05:13.350 LOG 0: Запрос от C# 1 (req_id=22): {"id":22,"createdTime":1774253113349,"data":{"createdTime":1774253113349,"data":"SPBEQRU","cmd":"getClassInfo"},"cmd":"getClassInfo"}
2026-03-23 11:05:13.400 LOG 1: После dispatch: cmd=getClassInfo, data тип=table
2026-03-23 11:05:13.450 LOG 0: Запрос от C# 1 (req_id=23): {"id":23,"createdTime":1774253113350,"data":{"createdTime":1774253113350,"data":"SPBRU","cmd":"getClassInfo"},"cmd":"getClassInfo"}
2026-03-23 11:05:13.500 LOG 1: После dispatch: cmd=getClassInfo, data тип=table
2026-03-23 11:05:13.550 LOG 0: Запрос от C# 1 (req_id=24): {"id":24,"createdTime":1774253113352,"data":{"createdTime":1774253113352,"data":"SPBRUBND","cmd":"getClassInfo"},"cmd":"getClassInfo"}
2026-03-23 11:05:13.650 LOG 1: После dispatch: cmd=getClassInfo, data тип=table
2026-03-23 11:05:13.700 LOG 0: Запрос от C# 1 (req_id=25): {"id":25,"createdTime":1774253113353,"data":{"createdTime":1774253113353,"data":"SPBRU_USD","cmd":"getClassInfo"},"cmd":"getClassInfo"}
2026-03-23 11:05:13.750 LOG 1: После dispatch: cmd=getClassInfo, data тип=table
2026-03-23 11:05:13.800 LOG 0: Запрос от C# 1 (req_id=26): {"id":26,"createdTime":1774253113355,"data":{"createdTime":1774253113355,"data":"PSSPBRUBNDDO","cmd":"getClassInfo"},"cmd":"getClassInfo"}
2026-03-23 11:05:13.850 LOG 1: После dispatch: cmd=getClassInfo, data тип=table
2026-03-23 11:05:13.900 LOG 0: Запрос от C# 1 (req_id=27): {"id":27,"createdTime":1774253113356,"data":{"createdTime":1774253113356,"data":"REPORT","cmd":"getClassInfo"},"cmd":"getClassInfo"}
2026-03-23 11:05:13.950 LOG 1: После dispatch: cmd=getClassInfo, data тип=table
2026-03-23 11:05:13.000 LOG 0: Запрос от C# 1 (req_id=28): {"id":28,"createdTime":1774253113358,"data":{"createdTime":1774253113358,"data":"REPORTFORTS","cmd":"getClassInfo"},"cmd":"getClassInfo"}
2026-03-23 11:05:13.050 LOG 1: После dispatch: cmd=getClassInfo, data тип=table
2026-03-23 11:05:13.100 LOG 0: Запрос от C# 1 (req_id=29): {"id":29,"createdTime":1774253113360,"data":{"createdTime":1774253113360,"data":"VTB_OTC","cmd":"getClassInfo"},"cmd":"getClassInfo"}
2026-03-23 11:05:13.150 LOG 1: После dispatch: cmd=getClassInfo, data тип=table
2026-03-23 11:05:13.200 LOG 0: Запрос от C# 1 (req_id=30): {"id":30,"createdTime":1774253113361,"data":{"createdTime":1774253113361,"data":"CROSSRATE","cmd":"getClassInfo"},"cmd":"getClassInfo"}
2026-03-23 11:05:13.250 LOG 1: После dispatch: cmd=getClassInfo, data тип=table
2026-03-23 11:05:13.300 LOG 0: Запрос от C# 1 (req_id=31): {"id":31,"createdTime":1774253113362,"data":{"createdTime":1774253113362,"data":"QT_BN","cmd":"getClassInfo"},"cmd":"getClassInfo"}
2026-03-23 11:05:13.350 LOG 1: После dispatch: cmd=getClassInfo, data тип=table
2026-03-23 11:05:13.400 LOG 0: Запрос от C# 1 (req_id=32): {"id":32,"createdTime":1774253113363,"data":{"createdTime":1774253113363,"data":"INDX","cmd":"getClassInfo"},"cmd":"getClassInfo"}
2026-03-23 11:05:13.450 LOG 1: После dispatch: cmd=getClassInfo, data тип=table
2026-03-23 11:05:13.500 LOG 0: Запрос от C# 1 (req_id=33): {"id":33,"createdTime":1774253113364,"data":{"createdTime":1774253113364,"data":"TQIF_HOL","cmd":"getClassInfo"},"cmd":"getClassInfo"}
2026-03-23 11:05:13.550 LOG 1: После dispatch: cmd=getClassInfo, data тип=table
2026-03-23 11:05:13.600 LOG 0: Запрос от C# 1 (req_id=34): {"id":34,"createdTime":1774253113365,"data":{"createdTime":1774253113365,"data":"TQTF_HOL","cmd":"getClassInfo"},"cmd":"getClassInfo"}
2026-03-23 11:05:13.650 LOG 1: После dispatch: cmd=getClassInfo, data тип=table
2026-03-23 11:05:13.700 LOG 0: Запрос от C# 1 (req_id=35): {"id":35,"createdTime":1774253113366,"data":{"createdTime":1774253113366,"data":"TQTF_W_HOL","cmd":"getClassInfo"},"cmd":"getClassInfo"}
2026-03-23 11:05:13.750 LOG 1: После dispatch: cmd=getClassInfo, data тип=table
2026-03-23 11:05:13.800 LOG 0: Запрос от C# 1 (req_id=36): {"id":36,"createdTime":1774253113366,"data":{"createdTime":1774253113366,"data":"UP","cmd":"getClassInfo"},"cmd":"getClassInfo"}
2026-03-23 11:05:13.850 LOG 1: После dispatch: cmd=getClassInfo, data тип=table
2026-03-23 11:05:13.900 LOG 0: Запрос от C# 1 (req_id=37): {"id":37,"createdTime":1774253113367,"data":{"createdTime":1774253113367,"data":"CETS","cmd":"getClassInfo"},"cmd":"getClassInfo"}
2026-03-23 11:05:13.950 LOG 1: После dispatch: cmd=getClassInfo, data тип=table
2026-03-23 11:05:13.000 LOG 0: Запрос от C# 1 (req_id=38): {"id":38,"createdTime":1774253113369,"data":{"createdTime":1774253113369,"data":"CETS_MTL","cmd":"getClassInfo"},"cmd":"getClassInfo"}
2026-03-23 11:05:13.050 LOG 1: После dispatch: cmd=getClassInfo, data тип=table
2026-03-23 11:05:13.100 LOG 0: Запрос от C# 1 (req_id=39): {"id":39,"createdTime":1774253113370,"data":{"createdTime":1774253113370,"data":"TQFD","cmd":"getClassInfo"},"cmd":"getClassInfo"}
2026-03-23 11:05:13.150 LOG 1: После dispatch: cmd=getClassInfo, data тип=table
2026-03-23 11:05:13.200 LOG 0: Запрос от C# 1 (req_id=40): {"id":40,"createdTime":1774253113370,"data":{"createdTime":1774253113370,"data":"TQFE","cmd":"getClassInfo"},"cmd":"getClassInfo"}
2026-03-23 11:05:13.250 LOG 1: После dispatch: cmd=getClassInfo, data тип=table
2026-03-23 11:05:13.300 LOG 0: Запрос от C# 1 (req_id=41): {"id":41,"createdTime":1774253113372,"data":{"createdTime":1774253113372,"data":"OCTR","cmd":"getClassInfo"},"cmd":"getClassInfo"}
2026-03-23 11:05:13.350 LOG 1: После dispatch: cmd=getClassInfo, data тип=table
2026-03-23 11:05:13.400 LOG 0: Запрос от C# 1 (req_id=42): {"id":42,"createdTime":1774253113372,"data":{"createdTime":1774253113372,"data":"TQTY","cmd":"getClassInfo"},"cmd":"getClassInfo"}
2026-03-23 11:05:13.450 LOG 1: После dispatch: cmd=getClassInfo, data тип=table
2026-03-23 11:05:13.500 LOG 0: Запрос от C# 1 (req_id=43): {"id":43,"createdTime":1774253113373,"data":{"createdTime":1774253113373,"data":"MTQR","cmd":"getClassInfo"},"cmd":"getClassInfo"}
2026-03-23 11:05:13.550 LOG 1: После dispatch: cmd=getClassInfo, data тип=table
2026-03-23 11:05:13.600 LOG 0: Запрос от C# 1 (req_id=44): {"id":44,"createdTime":1774253113374,"data":{"createdTime":1774253113374,"data":"SMAL","cmd":"getClassInfo"},"cmd":"getClassInfo"}
2026-03-23 11:05:13.650 LOG 1: После dispatch: cmd=getClassInfo, data тип=table
2026-03-23 11:05:13.700 LOG 0: Запрос от C# 1 (req_id=45): {"id":45,"createdTime":1774253113375,"data":{"createdTime":1774253113375,"data":"TQBR","cmd":"getClassInfo"},"cmd":"getClassInfo"}
2026-03-23 11:05:13.750 LOG 1: После dispatch: cmd=getClassInfo, data тип=table
2026-03-23 11:05:13.800 LOG 0: Запрос от C# 1 (req_id=46): {"id":46,"createdTime":1774253113376,"data":{"createdTime":1774253113376,"data":"TQOB","cmd":"getClassInfo"},"cmd":"getClassInfo"}
2026-03-23 11:05:13.850 LOG 1: После dispatch: cmd=getClassInfo, data тип=table
2026-03-23 11:05:13.900 LOG 0: Запрос от C# 1 (req_id=47): {"id":47,"createdTime":1774253113377,"data":{"createdTime":1774253113377,"data":"TQIF","cmd":"getClassInfo"},"cmd":"getClassInfo"}
2026-03-23 11:05:13.950 LOG 1: После dispatch: cmd=getClassInfo, data тип=table
2026-03-23 11:05:13.000 LOG 0: Запрос от C# 1 (req_id=48): {"id":48,"createdTime":1774253113377,"data":{"createdTime":1774253113377,"data":"TQTF","cmd":"getClassInfo"},"cmd":"getClassInfo"}
2026-03-23 11:05:13.050 LOG 1: После dispatch: cmd=getClassInfo, data тип=table
2026-03-23 11:05:13.100 LOG 0: Запрос от C# 1 (req_id=49): {"id":49,"createdTime":1774253113378,"data":{"createdTime":1774253113378,"data":"TQTF_W","cmd":"getClassInfo"},"cmd":"getClassInfo"}
2026-03-23 11:05:13.150 LOG 1: После dispatch: cmd=getClassInfo, data тип=table
2026-03-23 11:05:13.200 LOG 0: Запрос от C# 1 (req_id=50): {"id":50,"createdTime":1774253113379,"data":{"createdTime":1774253113379,"data":"TQBD","cmd":"getClassInfo"},"cmd":"getClassInfo"}
2026-03-23 11:05:13.250 LOG 1: После dispatch: cmd=getClassInfo, data тип=table
2026-03-23 11:05:13.300 LOG 0: Запрос от C# 1 (req_id=51): {"id":51,"createdTime":1774253113380,"data":{"createdTime":1774253113380,"data":"TQTD","cmd":"getClassInfo"},"cmd":"getClassInfo"}
2026-03-23 11:05:13.350 LOG 1: После dispatch: cmd=getClassInfo, data тип=table
2026-03-23 11:05:13.400 LOG 0: Запрос от C# 1 (req_id=52): {"id":52,"createdTime":1774253113389,"data":{"createdTime":1774253113389,"data":"TQOD","cmd":"getClassInfo"},"cmd":"getClassInfo"}
2026-03-23 11:05:13.450 LOG 1: После dispatch: cmd=getClassInfo, data тип=table
2026-03-23 11:05:13.500 LOG 0: Запрос от C# 1 (req_id=53): {"id":53,"createdTime":1774253113390,"data":{"createdTime":1774253113390,"data":"TQOY","cmd":"getClassInfo"},"cmd":"getClassInfo"}
2026-03-23 11:05:13.550 LOG 1: После dispatch: cmd=getClassInfo, data тип=table
2026-03-23 11:05:13.600 LOG 0: Запрос от C# 1 (req_id=54): {"id":54,"createdTime":1774253113391,"data":{"createdTime":1774253113391,"data":"TQTF_F_HOL","cmd":"getClassInfo"},"cmd":"getClassInfo"}
2026-03-23 11:05:13.650 LOG 1: После dispatch: cmd=getClassInfo, data тип=table
2026-03-23 11:05:13.700 LOG 0: Запрос от C# 1 (req_id=55): {"id":55,"createdTime":1774253113393,"data":{"createdTime":1774253113392,"data":"EES_OTC","cmd":"getClassInfo"},"cmd":"getClassInfo"}
2026-03-23 11:05:13.750 LOG 1: После dispatch: cmd=getClassInfo, data тип=table
2026-03-23 11:05:13.800 LOG 0: Запрос от C# 1 (req_id=56): {"id":56,"createdTime":1774253113393,"data":{"createdTime":1774253113393,"data":"TQTF_F","cmd":"getClassInfo"},"cmd":"getClassInfo"}
2026-03-23 11:05:13.850 LOG 1: После dispatch: cmd=getClassInfo, data тип=table
2026-03-23 11:05:13.900 LOG 0: Запрос от C# 1 (req_id=57): {"id":57,"createdTime":1774253113394,"data":{"createdTime":1774253113394,"data":"SMS","cmd":"getClassInfo"},"cmd":"getClassInfo"}
2026-03-23 11:05:13.950 LOG 1: После dispatch: cmd=getClassInfo, data тип=table
2026-03-23 11:05:13.000 LOG 0: Запрос от C# 1 (req_id=58): {"id":58,"createdTime":1774253113395,"data":{"createdTime":1774253113395,"data":"ALGO_ICEBERG","cmd":"getClassInfo"},"cmd":"getClassInfo"}
2026-03-23 11:05:13.050 LOG 1: После dispatch: cmd=getClassInfo, data тип=table
2026-03-23 11:05:13.100 LOG 0: Запрос от C# 1 (req_id=59): {"id":59,"createdTime":1774253113395,"data":{"createdTime":1774253113395,"data":"ALGO_VOLATIL","cmd":"getClassInfo"},"cmd":"getClassInfo"}
2026-03-23 11:05:13.150 LOG 1: После dispatch: cmd=getClassInfo, data тип=table
2026-03-23 11:05:13.200 LOG 0: Запрос от C# 1 (req_id=60): {"id":60,"createdTime":1774253113396,"data":{"createdTime":1774253113396,"data":"ALGO_TWAP","cmd":"getClassInfo"},"cmd":"getClassInfo"}
2026-03-23 11:05:13.250 LOG 1: После dispatch: cmd=getClassInfo, data тип=table
2026-03-23 11:05:13.300 LOG 0: Запрос от C# 1 (req_id=61): {"id":61,"createdTime":1774253113398,"data":{"createdTime":1774253113398,"data":"ALGO_VWAP","cmd":"getClassInfo"},"cmd":"getClassInfo"}
2026-03-23 11:05:13.350 LOG 1: После dispatch: cmd=getClassInfo, data тип=table
2026-03-23 11:05:13.400 LOG 0: Запрос от C# 1 (req_id=62): {"id":62,"createdTime":1774253113399,"data":{"createdTime":1774253113399,"data":"ALGO_GTD","cmd":"getClassInfo"},"cmd":"getClassInfo"}
2026-03-23 11:05:13.450 LOG 1: После dispatch: cmd=getClassInfo, data тип=table
2026-03-23 11:05:13.500 LOG 0: Запрос от C# 1 (req_id=63): {"id":63,"createdTime":1774253113400,"data":{"createdTime":1774253113400,"data":"MPAU","cmd":"getClassInfo"},"cmd":"getClassInfo"}
2026-03-23 11:05:13.550 LOG 1: После dispatch: cmd=getClassInfo, data тип=table
2026-03-23 11:05:13.600 LOG 0: Запрос от C# 1 (req_id=64): {"id":64,"createdTime":1774253113401,"data":{"createdTime":1774253113401,"data":"PSAU_FREE","cmd":"getClassInfo"},"cmd":"getClassInfo"}
2026-03-23 11:05:13.650 LOG 1: После dispatch: cmd=getClassInfo, data тип=table
2026-03-23 11:05:13.700 LOG 0: Запрос от C# 1 (req_id=65): {"id":65,"createdTime":1774253113402,"data":{"createdTime":1774253113402,"data":"PSAU","cmd":"getClassInfo"},"cmd":"getClassInfo"}
2026-03-23 11:05:13.750 LOG 1: После dispatch: cmd=getClassInfo, data тип=table
2026-03-23 11:05:13.800 LOG 0: Запрос от C# 1 (req_id=66): {"id":66,"createdTime":1774253113404,"data":{"createdTime":1774253113404,"data":"PSSU","cmd":"getClassInfo"},"cmd":"getClassInfo"}
2026-03-23 11:05:13.850 LOG 1: После dispatch: cmd=getClassInfo, data тип=table
2026-03-23 11:05:13.900 LOG 0: Запрос от C# 1 (req_id=67): {"id":67,"createdTime":1774253113405,"data":{"createdTime":1774253113405,"data":"PSSU_YAD","cmd":"getClassInfo"},"cmd":"getClassInfo"}
2026-03-23 11:05:13.950 LOG 1: После dispatch: cmd=getClassInfo, data тип=table
2026-03-23 11:05:13.000 LOG 0: Запрос от C# 1 (req_id=68): {"id":68,"createdTime":1774253113406,"data":{"createdTime":1774253113406,"data":"PACY","cmd":"getClassInfo"},"cmd":"getClassInfo"}
2026-03-23 11:05:13.050 LOG 1: После dispatch: cmd=getClassInfo, data тип=table
2026-03-23 11:05:13.100 LOG 0: Запрос от C# 1 (req_id=69): {"id":69,"createdTime":1774253113407,"data":{"createdTime":1774253113407,"data":"QT_EQ","cmd":"getClassInfo"},"cmd":"getClassInfo"}
2026-03-23 11:05:13.150 LOG 1: После dispatch: cmd=getClassInfo, data тип=table
2026-03-23 11:05:13.200 LOG 0: Запрос от C# 1 (req_id=70): {"id":70,"createdTime":1774253113408,"data":{"createdTime":1774253113408,"data":"","cmd":"getClassesList"},"cmd":"getClassesList"}
2026-03-23 11:05:13.250 LOG 0: Р’С‹Р·РѕРІ getClassesList, req_id=?
2026-03-23 11:05:13.300 LOG 1: После dispatch: cmd=getClassesList, data тип=string
2026-03-23 11:05:13.350 LOG 0: Запрос от C# 1 (req_id=71): {"id":71,"createdTime":1774253113409,"data":{"createdTime":1774253113409,"data":"TQTE","cmd":"getClassSecurities"},"cmd":"getClassSecurities"}
2026-03-23 11:05:13.400 LOG 1: После dispatch: cmd=getClassSecurities, data тип=string
2026-03-23 11:05:13.450 LOG 0: Запрос от C# 1 (req_id=72): {"id":72,"createdTime":1774253113410,"data":{"createdTime":1774253113410,"data":"TQCB","cmd":"getClassSecurities"},"cmd":"getClassSecurities"}
2026-03-23 11:05:13.500 LOG 1: После dispatch: cmd=getClassSecurities, data тип=string
2026-03-23 11:05:13.850 LOG 0: Запрос от C# 1 (req_id=73): {"id":73,"createdTime":1774253113522,"data":{"createdTime":1774253113522,"data":"TQOE","cmd":"getClassSecurities"},"cmd":"getClassSecurities"}
2026-03-23 11:05:13.900 LOG 1: После dispatch: cmd=getClassSecurities, data тип=string
2026-03-23 11:05:13.950 LOG 0: Запрос от C# 1 (req_id=74): {"id":74,"createdTime":1774253113523,"data":{"createdTime":1774253113523,"data":"TQRD","cmd":"getClassSecurities"},"cmd":"getClassSecurities"}
2026-03-23 11:05:13.000 LOG 1: После dispatch: cmd=getClassSecurities, data тип=string
2026-03-23 11:05:13.050 LOG 0: Запрос от C# 1 (req_id=75): {"id":75,"createdTime":1774253113527,"data":{"createdTime":1774253113527,"data":"TQUD","cmd":"getClassSecurities"},"cmd":"getClassSecurities"}
2026-03-23 11:05:13.100 LOG 1: После dispatch: cmd=getClassSecurities, data тип=string
2026-03-23 11:05:13.150 LOG 0: Запрос от C# 1 (req_id=76): {"id":76,"createdTime":1774253113528,"data":{"createdTime":1774253113528,"data":"TQED","cmd":"getClassSecurities"},"cmd":"getClassSecurities"}
2026-03-23 11:05:13.200 LOG 1: После dispatch: cmd=getClassSecurities, data тип=string
2026-03-23 11:05:13.250 LOG 0: Запрос от C# 1 (req_id=77): {"id":77,"createdTime":1774253113528,"data":{"createdTime":1774253113528,"data":"FQBR","cmd":"getClassSecurities"},"cmd":"getClassSecurities"}
2026-03-23 11:05:13.300 LOG 1: После dispatch: cmd=getClassSecurities, data тип=string
2026-03-23 11:05:13.350 LOG 0: Запрос от C# 1 (req_id=78): {"id":78,"createdTime":1774253113529,"data":{"createdTime":1774253113529,"data":"SPBFUT","cmd":"getClassSecurities"},"cmd":"getClassSecurities"}
2026-03-23 11:05:13.400 LOG 1: После dispatch: cmd=getClassSecurities, data тип=string
2026-03-23 11:05:13.450 LOG 0: Запрос от C# 1 (req_id=79): {"id":79,"createdTime":1774253113535,"data":{"createdTime":1774253113535,"data":"SPBOPT","cmd":"getClassSecurities"},"cmd":"getClassSecurities"}
2026-03-23 11:05:13.500 LOG 1: После dispatch: cmd=getClassSecurities, data тип=string
2026-03-23 11:05:13.650 LOG 0: Запрос от C# 1 (req_id=80): {"id":80,"createdTime":1774253113802,"data":{"createdTime":1774253113802,"data":"USDRUB","cmd":"getClassSecurities"},"cmd":"getClassSecurities"}
2026-03-23 11:05:13.700 LOG 1: После dispatch: cmd=getClassSecurities, data тип=string
2026-03-23 11:05:13.750 LOG 0: Запрос от C# 1 (req_id=81): {"id":81,"createdTime":1774253113803,"data":{"createdTime":1774253113803,"data":"OPTSPOT","cmd":"getClassSecurities"},"cmd":"getClassSecurities"}
2026-03-23 11:05:13.800 LOG 1: После dispatch: cmd=getClassSecurities, data тип=string
2026-03-23 11:05:14.150 LOG 0: Запрос от C# 1 (req_id=82): {"id":82,"createdTime":1774253114250,"data":{"createdTime":1774253114250,"data":"OPTCURNCY","cmd":"getClassSecurities"},"cmd":"getClassSecurities"}
2026-03-23 11:05:14.200 LOG 1: После dispatch: cmd=getClassSecurities, data тип=string
2026-03-23 11:05:14.250 LOG 0: Запрос от C# 1 (req_id=83): {"id":83,"createdTime":1774253114257,"data":{"createdTime":1774253114257,"data":"OPTCOMDTY","cmd":"getClassSecurities"},"cmd":"getClassSecurities"}
2026-03-23 11:05:14.300 LOG 1: После dispatch: cmd=getClassSecurities, data тип=string
2026-03-23 11:05:14.350 LOG 0: Запрос от C# 1 (req_id=84): {"id":84,"createdTime":1774253114283,"data":{"createdTime":1774253114283,"data":"OPTIDX","cmd":"getClassSecurities"},"cmd":"getClassSecurities"}
2026-03-23 11:05:14.450 LOG 1: После dispatch: cmd=getClassSecurities, data тип=string
2026-03-23 11:05:14.500 LOG 0: Запрос от C# 1 (req_id=85): {"id":85,"createdTime":1774253114338,"data":{"createdTime":1774253114338,"data":"RTSIDX","cmd":"getClassSecurities"},"cmd":"getClassSecurities"}
2026-03-23 11:05:14.550 LOG 1: После dispatch: cmd=getClassSecurities, data тип=string
2026-03-23 11:05:14.600 LOG 0: Запрос от C# 1 (req_id=86): {"id":86,"createdTime":1774253114347,"data":{"createdTime":1774253114347,"data":"EQRP_INFO","cmd":"getClassSecurities"},"cmd":"getClassSecurities"}
2026-03-23 11:05:14.650 LOG 1: После dispatch: cmd=getClassSecurities, data тип=string
2026-03-23 11:05:14.750 LOG 0: Запрос от C# 1 (req_id=87): {"id":87,"createdTime":1774253114476,"data":{"createdTime":1774253114476,"data":"FUTCLT","cmd":"getClassSecurities"},"cmd":"getClassSecurities"}
2026-03-23 11:05:14.800 LOG 1: После dispatch: cmd=getClassSecurities, data тип=string
2026-03-23 11:05:14.850 LOG 0: Запрос от C# 1 (req_id=88): {"id":88,"createdTime":1774253114487,"data":{"createdTime":1774253114487,"data":"SPBXM","cmd":"getClassSecurities"},"cmd":"getClassSecurities"}
2026-03-23 11:05:14.900 LOG 1: После dispatch: cmd=getClassSecurities, data тип=string
2026-03-23 11:05:14.000 LOG 0: Запрос от C# 1 (req_id=89): {"id":89,"createdTime":1774253114533,"data":{"createdTime":1774253114533,"data":"SPBDE","cmd":"getClassSecurities"},"cmd":"getClassSecurities"}
2026-03-23 11:05:14.050 LOG 1: После dispatch: cmd=getClassSecurities, data тип=string
2026-03-23 11:05:14.100 LOG 0: Запрос от C# 1 (req_id=90): {"id":90,"createdTime":1774253114535,"data":{"createdTime":1774253114535,"data":"SPBEQRU","cmd":"getClassSecurities"},"cmd":"getClassSecurities"}
2026-03-23 11:05:14.150 LOG 1: После dispatch: cmd=getClassSecurities, data тип=string
2026-03-23 11:05:14.200 LOG 0: Запрос от C# 1 (req_id=91): {"id":91,"createdTime":1774253114535,"data":{"createdTime":1774253114535,"data":"SPBRU","cmd":"getClassSecurities"},"cmd":"getClassSecurities"}
2026-03-23 11:05:14.250 LOG 1: После dispatch: cmd=getClassSecurities, data тип=string
2026-03-23 11:05:14.300 LOG 0: Запрос от C# 1 (req_id=92): {"id":92,"createdTime":1774253114539,"data":{"createdTime":1774253114539,"data":"SPBRUBND","cmd":"getClassSecurities"},"cmd":"getClassSecurities"}
2026-03-23 11:05:14.350 LOG 1: После dispatch: cmd=getClassSecurities, data тип=string
2026-03-23 11:05:14.400 LOG 0: Запрос от C# 1 (req_id=93): {"id":93,"createdTime":1774253114541,"data":{"createdTime":1774253114541,"data":"SPBRU_USD","cmd":"getClassSecurities"},"cmd":"getClassSecurities"}
2026-03-23 11:05:14.450 LOG 1: После dispatch: cmd=getClassSecurities, data тип=string
2026-03-23 11:05:14.500 LOG 0: Запрос от C# 1 (req_id=94): {"id":94,"createdTime":1774253114541,"data":{"createdTime":1774253114541,"data":"PSSPBRUBNDDO","cmd":"getClassSecurities"},"cmd":"getClassSecurities"}
2026-03-23 11:05:14.550 LOG 1: После dispatch: cmd=getClassSecurities, data тип=string
2026-03-23 11:05:14.600 LOG 0: Запрос от C# 1 (req_id=95): {"id":95,"createdTime":1774253114542,"data":{"createdTime":1774253114542,"data":"REPORT","cmd":"getClassSecurities"},"cmd":"getClassSecurities"}
2026-03-23 11:05:14.650 LOG 1: После dispatch: cmd=getClassSecurities, data тип=string
2026-03-23 11:05:14.700 LOG 0: Запрос от C# 1 (req_id=96): {"id":96,"createdTime":1774253114543,"data":{"createdTime":1774253114543,"data":"REPORTFORTS","cmd":"getClassSecurities"},"cmd":"getClassSecurities"}
2026-03-23 11:05:14.750 LOG 1: После dispatch: cmd=getClassSecurities, data тип=string
2026-03-23 11:05:14.800 LOG 0: Запрос от C# 1 (req_id=97): {"id":97,"createdTime":1774253114543,"data":{"createdTime":1774253114543,"data":"VTB_OTC","cmd":"getClassSecurities"},"cmd":"getClassSecurities"}
2026-03-23 11:05:14.850 LOG 1: После dispatch: cmd=getClassSecurities, data тип=string
2026-03-23 11:05:14.900 LOG 0: Запрос от C# 1 (req_id=98): {"id":98,"createdTime":1774253114544,"data":{"createdTime":1774253114544,"data":"CROSSRATE","cmd":"getClassSecurities"},"cmd":"getClassSecurities"}
2026-03-23 11:05:14.950 LOG 1: После dispatch: cmd=getClassSecurities, data тип=string
2026-03-23 11:05:14.000 LOG 0: Запрос от C# 1 (req_id=99): {"id":99,"createdTime":1774253114545,"data":{"createdTime":1774253114545,"data":"QT_BN","cmd":"getClassSecurities"},"cmd":"getClassSecurities"}
2026-03-23 11:05:14.050 LOG 1: После dispatch: cmd=getClassSecurities, data тип=string
2026-03-23 11:05:14.100 LOG 0: Запрос от C# 1 (req_id=100): {"id":100,"createdTime":1774253114548,"data":{"createdTime":1774253114548,"data":"INDX","cmd":"getClassSecurities"},"cmd":"getClassSecurities"}
2026-03-23 11:05:14.150 LOG 1: После dispatch: cmd=getClassSecurities, data тип=string
2026-03-23 11:05:14.200 LOG 0: Запрос от C# 1 (req_id=101): {"id":101,"createdTime":1774253114550,"data":{"createdTime":1774253114550,"data":"TQIF_HOL","cmd":"getClassSecurities"},"cmd":"getClassSecurities"}
2026-03-23 11:05:14.250 LOG 1: После dispatch: cmd=getClassSecurities, data тип=string
2026-03-23 11:05:14.300 LOG 0: Запрос от C# 1 (req_id=102): {"id":102,"createdTime":1774253114553,"data":{"createdTime":1774253114553,"data":"TQTF_HOL","cmd":"getClassSecurities"},"cmd":"getClassSecurities"}
2026-03-23 11:05:14.350 LOG 1: После dispatch: cmd=getClassSecurities, data тип=string
2026-03-23 11:05:14.400 LOG 0: Запрос от C# 1 (req_id=103): {"id":103,"createdTime":1774253114554,"data":{"createdTime":1774253114554,"data":"TQTF_W_HOL","cmd":"getClassSecurities"},"cmd":"getClassSecurities"}
2026-03-23 11:05:14.450 LOG 1: После dispatch: cmd=getClassSecurities, data тип=string
2026-03-23 11:05:14.500 LOG 0: Запрос от C# 1 (req_id=104): {"id":104,"createdTime":1774253114555,"data":{"createdTime":1774253114555,"data":"UP","cmd":"getClassSecurities"},"cmd":"getClassSecurities"}
2026-03-23 11:05:14.550 LOG 1: После dispatch: cmd=getClassSecurities, data тип=string
2026-03-23 11:05:14.600 LOG 0: Запрос от C# 1 (req_id=105): {"id":105,"createdTime":1774253114555,"data":{"createdTime":1774253114555,"data":"CETS","cmd":"getClassSecurities"},"cmd":"getClassSecurities"}
2026-03-23 11:05:14.650 LOG 1: После dispatch: cmd=getClassSecurities, data тип=string
2026-03-23 11:05:14.700 LOG 0: Запрос от C# 1 (req_id=106): {"id":106,"createdTime":1774253114560,"data":{"createdTime":1774253114560,"data":"CETS_MTL","cmd":"getClassSecurities"},"cmd":"getClassSecurities"}
2026-03-23 11:05:14.750 LOG 1: После dispatch: cmd=getClassSecurities, data тип=string
2026-03-23 11:05:14.800 LOG 0: Запрос от C# 1 (req_id=107): {"id":107,"createdTime":1774253114565,"data":{"createdTime":1774253114565,"data":"TQFD","cmd":"getClassSecurities"},"cmd":"getClassSecurities"}
2026-03-23 11:05:14.850 LOG 1: После dispatch: cmd=getClassSecurities, data тип=string
2026-03-23 11:05:14.900 LOG 0: Запрос от C# 1 (req_id=108): {"id":108,"createdTime":1774253114568,"data":{"createdTime":1774253114568,"data":"TQFE","cmd":"getClassSecurities"},"cmd":"getClassSecurities"}
2026-03-23 11:05:14.950 LOG 1: После dispatch: cmd=getClassSecurities, data тип=string
2026-03-23 11:05:14.000 LOG 0: Запрос от C# 1 (req_id=109): {"id":109,"createdTime":1774253114573,"data":{"createdTime":1774253114573,"data":"OCTR","cmd":"getClassSecurities"},"cmd":"getClassSecurities"}
2026-03-23 11:05:14.050 LOG 1: После dispatch: cmd=getClassSecurities, data тип=string
2026-03-23 11:05:14.100 LOG 0: Запрос от C# 1 (req_id=110): {"id":110,"createdTime":1774253114589,"data":{"createdTime":1774253114589,"data":"TQTY","cmd":"getClassSecurities"},"cmd":"getClassSecurities"}
2026-03-23 11:05:14.150 LOG 1: После dispatch: cmd=getClassSecurities, data тип=string
2026-03-23 11:05:14.200 LOG 0: Запрос от C# 1 (req_id=111): {"id":111,"createdTime":1774253114590,"data":{"createdTime":1774253114590,"data":"MTQR","cmd":"getClassSecurities"},"cmd":"getClassSecurities"}
2026-03-23 11:05:14.250 LOG 1: После dispatch: cmd=getClassSecurities, data тип=string
2026-03-23 11:05:14.300 LOG 0: Запрос от C# 1 (req_id=112): {"id":112,"createdTime":1774253114603,"data":{"createdTime":1774253114603,"data":"SMAL","cmd":"getClassSecurities"},"cmd":"getClassSecurities"}
2026-03-23 11:05:14.350 LOG 1: После dispatch: cmd=getClassSecurities, data тип=string
2026-03-23 11:05:14.400 LOG 0: Запрос от C# 1 (req_id=113): {"id":113,"createdTime":1774253114607,"data":{"createdTime":1774253114607,"data":"TQBR","cmd":"getClassSecurities"},"cmd":"getClassSecurities"}
2026-03-23 11:05:14.450 LOG 1: После dispatch: cmd=getClassSecurities, data тип=string
2026-03-23 11:05:14.500 LOG 0: Запрос от C# 1 (req_id=114): {"id":114,"createdTime":1774253114609,"data":{"createdTime":1774253114609,"data":"TQOB","cmd":"getClassSecurities"},"cmd":"getClassSecurities"}
2026-03-23 11:05:14.550 LOG 1: После dispatch: cmd=getClassSecurities, data тип=string
2026-03-23 11:05:14.600 LOG 0: Запрос от C# 1 (req_id=115): {"id":115,"createdTime":1774253114611,"data":{"createdTime":1774253114611,"data":"TQIF","cmd":"getClassSecurities"},"cmd":"getClassSecurities"}
2026-03-23 11:05:14.650 LOG 1: После dispatch: cmd=getClassSecurities, data тип=string
2026-03-23 11:05:14.700 LOG 0: Запрос от C# 1 (req_id=116): {"id":116,"createdTime":1774253114614,"data":{"createdTime":1774253114614,"data":"TQTF","cmd":"getClassSecurities"},"cmd":"getClassSecurities"}
2026-03-23 11:05:14.750 LOG 1: После dispatch: cmd=getClassSecurities, data тип=string
2026-03-23 11:05:14.800 LOG 0: Запрос от C# 1 (req_id=117): {"id":117,"createdTime":1774253114615,"data":{"createdTime":1774253114615,"data":"TQTF_W","cmd":"getClassSecurities"},"cmd":"getClassSecurities"}
2026-03-23 11:05:14.850 LOG 1: После dispatch: cmd=getClassSecurities, data тип=string
2026-03-23 11:05:14.900 LOG 0: Запрос от C# 1 (req_id=118): {"id":118,"createdTime":1774253114616,"data":{"createdTime":1774253114616,"data":"TQBD","cmd":"getClassSecurities"},"cmd":"getClassSecurities"}
2026-03-23 11:05:14.950 LOG 1: После dispatch: cmd=getClassSecurities, data тип=string
2026-03-23 11:05:14.000 LOG 0: Запрос от C# 1 (req_id=119): {"id":119,"createdTime":1774253114616,"data":{"createdTime":1774253114616,"data":"TQTD","cmd":"getClassSecurities"},"cmd":"getClassSecurities"}
2026-03-23 11:05:14.050 LOG 1: После dispatch: cmd=getClassSecurities, data тип=string
2026-03-23 11:05:14.100 LOG 0: Запрос от C# 1 (req_id=120): {"id":120,"createdTime":1774253114617,"data":{"createdTime":1774253114617,"data":"TQOD","cmd":"getClassSecurities"},"cmd":"getClassSecurities"}
2026-03-23 11:05:14.150 LOG 1: После dispatch: cmd=getClassSecurities, data тип=string
2026-03-23 11:05:14.200 LOG 0: Запрос от C# 1 (req_id=121): {"id":121,"createdTime":1774253114618,"data":{"createdTime":1774253114618,"data":"TQOY","cmd":"getClassSecurities"},"cmd":"getClassSecurities"}
2026-03-23 11:05:14.250 LOG 1: После dispatch: cmd=getClassSecurities, data тип=string
2026-03-23 11:05:14.300 LOG 0: Запрос от C# 1 (req_id=122): {"id":122,"createdTime":1774253114620,"data":{"createdTime":1774253114620,"data":"TQTF_F_HOL","cmd":"getClassSecurities"},"cmd":"getClassSecurities"}
2026-03-23 11:05:14.350 LOG 1: После dispatch: cmd=getClassSecurities, data тип=string
2026-03-23 11:05:14.400 LOG 0: Запрос от C# 1 (req_id=123): {"id":123,"createdTime":1774253114620,"data":{"createdTime":1774253114620,"data":"EES_OTC","cmd":"getClassSecurities"},"cmd":"getClassSecurities"}
2026-03-23 11:05:14.450 LOG 1: После dispatch: cmd=getClassSecurities, data тип=string
2026-03-23 11:05:14.500 LOG 0: Запрос от C# 1 (req_id=124): {"id":124,"createdTime":1774253114623,"data":{"createdTime":1774253114623,"data":"TQTF_F","cmd":"getClassSecurities"},"cmd":"getClassSecurities"}
2026-03-23 11:05:14.550 LOG 1: После dispatch: cmd=getClassSecurities, data тип=string
2026-03-23 11:05:14.600 LOG 0: Запрос от C# 1 (req_id=125): {"id":125,"createdTime":1774253114624,"data":{"createdTime":1774253114624,"data":"SMS","cmd":"getClassSecurities"},"cmd":"getClassSecurities"}
2026-03-23 11:05:14.650 LOG 1: После dispatch: cmd=getClassSecurities, data тип=string
2026-03-23 11:05:14.700 LOG 0: Запрос от C# 1 (req_id=126): {"id":126,"createdTime":1774253114625,"data":{"createdTime":1774253114625,"data":"ALGO_ICEBERG","cmd":"getClassSecurities"},"cmd":"getClassSecurities"}
2026-03-23 11:05:14.750 LOG 1: После dispatch: cmd=getClassSecurities, data тип=string
2026-03-23 11:05:14.800 LOG 0: Запрос от C# 1 (req_id=127): {"id":127,"createdTime":1774253114625,"data":{"createdTime":1774253114625,"data":"ALGO_VOLATIL","cmd":"getClassSecurities"},"cmd":"getClassSecurities"}
2026-03-23 11:05:14.850 LOG 1: После dispatch: cmd=getClassSecurities, data тип=string
2026-03-23 11:05:14.900 LOG 0: Запрос от C# 1 (req_id=128): {"id":128,"createdTime":1774253114626,"data":{"createdTime":1774253114626,"data":"ALGO_TWAP","cmd":"getClassSecurities"},"cmd":"getClassSecurities"}
2026-03-23 11:05:14.950 LOG 1: После dispatch: cmd=getClassSecurities, data тип=string
2026-03-23 11:05:14.000 LOG 0: Запрос от C# 1 (req_id=129): {"id":129,"createdTime":1774253114627,"data":{"createdTime":1774253114627,"data":"ALGO_VWAP","cmd":"getClassSecurities"},"cmd":"getClassSecurities"}
2026-03-23 11:05:14.050 LOG 1: После dispatch: cmd=getClassSecurities, data тип=string
2026-03-23 11:05:14.100 LOG 0: Запрос от C# 1 (req_id=130): {"id":130,"createdTime":1774253114628,"data":{"createdTime":1774253114628,"data":"ALGO_GTD","cmd":"getClassSecurities"},"cmd":"getClassSecurities"}
2026-03-23 11:05:14.150 LOG 1: После dispatch: cmd=getClassSecurities, data тип=string
2026-03-23 11:05:14.200 LOG 0: Запрос от C# 1 (req_id=131): {"id":131,"createdTime":1774253114628,"data":{"createdTime":1774253114628,"data":"MPAU","cmd":"getClassSecurities"},"cmd":"getClassSecurities"}
2026-03-23 11:05:14.250 LOG 1: После dispatch: cmd=getClassSecurities, data тип=string
2026-03-23 11:05:14.300 LOG 0: Запрос от C# 1 (req_id=132): {"id":132,"createdTime":1774253114629,"data":{"createdTime":1774253114629,"data":"PSAU_FREE","cmd":"getClassSecurities"},"cmd":"getClassSecurities"}
2026-03-23 11:05:14.350 LOG 1: После dispatch: cmd=getClassSecurities, data тип=string
2026-03-23 11:05:14.400 LOG 0: Запрос от C# 1 (req_id=133): {"id":133,"createdTime":1774253114629,"data":{"createdTime":1774253114629,"data":"PSAU","cmd":"getClassSecurities"},"cmd":"getClassSecurities"}
2026-03-23 11:05:14.450 LOG 1: После dispatch: cmd=getClassSecurities, data тип=string
2026-03-23 11:05:14.500 LOG 0: Запрос от C# 1 (req_id=134): {"id":134,"createdTime":1774253114632,"data":{"createdTime":1774253114632,"data":"PSSU","cmd":"getClassSecurities"},"cmd":"getClassSecurities"}
2026-03-23 11:05:14.550 LOG 1: После dispatch: cmd=getClassSecurities, data тип=string
2026-03-23 11:05:14.600 LOG 0: Запрос от C# 1 (req_id=135): {"id":135,"createdTime":1774253114632,"data":{"createdTime":1774253114632,"data":"PSSU_YAD","cmd":"getClassSecurities"},"cmd":"getClassSecurities"}
2026-03-23 11:05:14.650 LOG 1: После dispatch: cmd=getClassSecurities, data тип=string
2026-03-23 11:05:14.700 LOG 0: Запрос от C# 1 (req_id=136): {"id":136,"createdTime":1774253114633,"data":{"createdTime":1774253114633,"data":"PACY","cmd":"getClassSecurities"},"cmd":"getClassSecurities"}
2026-03-23 11:05:14.750 LOG 1: После dispatch: cmd=getClassSecurities, data тип=string
2026-03-23 11:05:14.800 LOG 0: Запрос от C# 1 (req_id=137): {"id":137,"createdTime":1774253114633,"data":{"createdTime":1774253114633,"data":"QT_EQ","cmd":"getClassSecurities"},"cmd":"getClassSecurities"}
2026-03-23 11:05:14.850 LOG 1: После dispatch: cmd=getClassSecurities, data тип=string
2026-03-23 11:05:14.900 LOG 0: Запрос от C# 1 (req_id=138): {"id":138,"createdTime":1774253114635,"data":{"createdTime":1774253114635,"data":"SPBFUT|RIM6","cmd":"getSecurityInfo"},"cmd":"getSecurityInfo"}
2026-03-23 11:05:14.950 LOG 1: После dispatch: cmd=getSecurityInfo, data тип=table
2026-03-23 11:05:14.000 LOG 0: Запрос от C# 1 (req_id=139): {"id":139,"createdTime":1774253114659,"data":{"createdTime":1774253114659,"data":"TQBR|LKOH","cmd":"getSecurityInfo"},"cmd":"getSecurityInfo"}
2026-03-23 11:05:14.050 LOG 1: После dispatch: cmd=getSecurityInfo, data тип=table
2026-03-23 11:05:14.100 LOG 0: Запрос от C# 1 (req_id=140): {"id":140,"createdTime":1774253114662,"data":{"createdTime":1774253114662,"data":"","cmd":"isConnected"},"cmd":"isConnected"}
2026-03-23 11:05:14.200 LOG 1: После dispatch: cmd=isConnected, data тип=string
2026-03-23 11:05:14.250 LOG 0: Запрос от C# 1 (req_id=141): {"id":141,"createdTime":1774253114665,"data":{"createdTime":1774253114665,"data":"","cmd":"getWorkingFolder"},"cmd":"getWorkingFolder"}
2026-03-23 11:05:14.350 LOG 1: После dispatch: cmd=getWorkingFolder, data тип=string
2026-03-23 11:05:14.400 LOG 0: Запрос от C# 1 (req_id=142): {"id":142,"createdTime":1774253114667,"data":{"createdTime":1774253114667,"data":"","cmd":"getScriptPath"},"cmd":"getScriptPath"}
2026-03-23 11:05:14.500 LOG 1: После dispatch: cmd=getScriptPath, data тип=string
2026-03-23 11:05:14.550 LOG 0: Запрос от C# 1 (req_id=143): {"id":143,"createdTime":1774253114670,"data":{"createdTime":1774253114670,"data":"VERSION","cmd":"getInfoParam"},"cmd":"getInfoParam"}
2026-03-23 11:05:14.650 LOG 1: После dispatch: cmd=getInfoParam, data тип=string
2026-03-23 11:05:14.750 LOG 0: Запрос от C# 1 (req_id=144): {"id":144,"createdTime":1774253114671,"data":{"createdTime":1774253114671,"data":"TRADEDATE","cmd":"getInfoParam"},"cmd":"getInfoParam"}
2026-03-23 11:05:14.850 LOG 1: После dispatch: cmd=getInfoParam, data тип=string
2026-03-23 11:05:14.900 LOG 0: Запрос от C# 1 (req_id=145): {"id":145,"createdTime":1774253114672,"data":{"createdTime":1774253114672,"data":"SERVERTIME","cmd":"getInfoParam"},"cmd":"getInfoParam"}
2026-03-23 11:05:14.000 LOG 1: После dispatch: cmd=getInfoParam, data тип=string
2026-03-23 11:05:14.050 LOG 0: Запрос от C# 1 (req_id=146): {"id":146,"createdTime":1774253114672,"data":{"createdTime":1774253114672,"data":"LASTRECORDTIME","cmd":"getInfoParam"},"cmd":"getInfoParam"}
2026-03-23 11:05:14.150 LOG 1: После dispatch: cmd=getInfoParam, data тип=string
2026-03-23 11:05:14.200 LOG 0: Запрос от C# 1 (req_id=147): {"id":147,"createdTime":1774253114673,"data":{"createdTime":1774253114673,"data":"NUMRECORDS","cmd":"getInfoParam"},"cmd":"getInfoParam"}
2026-03-23 11:05:14.300 LOG 1: После dispatch: cmd=getInfoParam, data тип=string
2026-03-23 11:05:14.350 LOG 0: Запрос от C# 1 (req_id=148): {"id":148,"createdTime":1774253114674,"data":{"createdTime":1774253114674,"data":"LASTRECORD","cmd":"getInfoParam"},"cmd":"getInfoParam"}
2026-03-23 11:05:14.450 LOG 1: После dispatch: cmd=getInfoParam, data тип=string
2026-03-23 11:05:14.500 LOG 0: Запрос от C# 1 (req_id=149): {"id":149,"createdTime":1774253114674,"data":{"createdTime":1774253114674,"data":"LATERECORD","cmd":"getInfoParam"},"cmd":"getInfoParam"}
2026-03-23 11:05:14.600 LOG 1: После dispatch: cmd=getInfoParam, data тип=string
2026-03-23 11:05:14.650 LOG 0: Запрос от C# 1 (req_id=150): {"id":150,"createdTime":1774253114675,"data":{"createdTime":1774253114675,"data":"CONNECTION","cmd":"getInfoParam"},"cmd":"getInfoParam"}
2026-03-23 11:05:14.750 LOG 1: После dispatch: cmd=getInfoParam, data тип=string
2026-03-23 11:05:14.800 LOG 0: Запрос от C# 1 (req_id=151): {"id":151,"createdTime":1774253114676,"data":{"createdTime":1774253114676,"data":"IPADDRESS","cmd":"getInfoParam"},"cmd":"getInfoParam"}
2026-03-23 11:05:14.900 LOG 1: После dispatch: cmd=getInfoParam, data тип=string
2026-03-23 11:05:14.950 LOG 0: Запрос от C# 1 (req_id=152): {"id":152,"createdTime":1774253114677,"data":{"createdTime":1774253114677,"data":"IPPORT","cmd":"getInfoParam"},"cmd":"getInfoParam"}
2026-03-23 11:05:14.050 LOG 1: После dispatch: cmd=getInfoParam, data тип=string
2026-03-23 11:05:14.100 LOG 0: Запрос от C# 1 (req_id=153): {"id":153,"createdTime":1774253114678,"data":{"createdTime":1774253114678,"data":"IPCOMMENT","cmd":"getInfoParam"},"cmd":"getInfoParam"}
2026-03-23 11:05:14.200 LOG 1: После dispatch: cmd=getInfoParam, data тип=string
2026-03-23 11:05:14.250 LOG 0: Запрос от C# 1 (req_id=154): {"id":154,"createdTime":1774253114679,"data":{"createdTime":1774253114679,"data":"SERVER","cmd":"getInfoParam"},"cmd":"getInfoParam"}
2026-03-23 11:05:14.350 LOG 1: После dispatch: cmd=getInfoParam, data тип=string
2026-03-23 11:05:14.400 LOG 0: Запрос от C# 1 (req_id=155): {"id":155,"createdTime":1774253114680,"data":{"createdTime":1774253114680,"data":"SESSIONID","cmd":"getInfoParam"},"cmd":"getInfoParam"}
2026-03-23 11:05:14.500 LOG 1: После dispatch: cmd=getInfoParam, data тип=string
2026-03-23 11:05:14.550 LOG 0: Запрос от C# 1 (req_id=156): {"id":156,"createdTime":1774253114681,"data":{"createdTime":1774253114681,"data":"USER","cmd":"getInfoParam"},"cmd":"getInfoParam"}
2026-03-23 11:05:14.650 LOG 1: После dispatch: cmd=getInfoParam, data тип=string
2026-03-23 11:05:14.700 LOG 0: Запрос от C# 1 (req_id=157): {"id":157,"createdTime":1774253114681,"data":{"createdTime":1774253114681,"data":"USERID","cmd":"getInfoParam"},"cmd":"getInfoParam"}
2026-03-23 11:05:14.800 LOG 1: После dispatch: cmd=getInfoParam, data тип=string
2026-03-23 11:05:14.850 LOG 0: Запрос от C# 1 (req_id=158): {"id":158,"createdTime":1774253114683,"data":{"createdTime":1774253114683,"data":"ORG","cmd":"getInfoParam"},"cmd":"getInfoParam"}
2026-03-23 11:05:14.950 LOG 1: После dispatch: cmd=getInfoParam, data тип=string
2026-03-23 11:05:14.000 LOG 0: Запрос от C# 1 (req_id=159): {"id":159,"createdTime":1774253114683,"data":{"createdTime":1774253114683,"data":"MEMORY","cmd":"getInfoParam"},"cmd":"getInfoParam"}
2026-03-23 11:05:14.100 LOG 1: После dispatch: cmd=getInfoParam, data тип=string
2026-03-23 11:05:14.150 LOG 0: Запрос от C# 1 (req_id=160): {"id":160,"createdTime":1774253114684,"data":{"createdTime":1774253114684,"data":"LOCALTIME","cmd":"getInfoParam"},"cmd":"getInfoParam"}
2026-03-23 11:05:14.250 LOG 1: После dispatch: cmd=getInfoParam, data тип=string
2026-03-23 11:05:14.300 LOG 0: Запрос от C# 1 (req_id=161): {"id":161,"createdTime":1774253114687,"data":{"createdTime":1774253114687,"data":"CONNECTIONTIME","cmd":"getInfoParam"},"cmd":"getInfoParam"}
2026-03-23 11:05:14.400 LOG 1: После dispatch: cmd=getInfoParam, data тип=string
2026-03-23 11:05:14.450 LOG 0: Запрос от C# 1 (req_id=162): {"id":162,"createdTime":1774253114687,"data":{"createdTime":1774253114687,"data":"MESSAGESSENT","cmd":"getInfoParam"},"cmd":"getInfoParam"}
2026-03-23 11:05:14.550 LOG 1: После dispatch: cmd=getInfoParam, data тип=string
2026-03-23 11:05:14.600 LOG 0: Запрос от C# 1 (req_id=163): {"id":163,"createdTime":1774253114688,"data":{"createdTime":1774253114688,"data":"ALLSENT","cmd":"getInfoParam"},"cmd":"getInfoParam"}
2026-03-23 11:05:14.700 LOG 1: После dispatch: cmd=getInfoParam, data тип=string
2026-03-23 11:05:14.750 LOG 0: Запрос от C# 1 (req_id=164): {"id":164,"createdTime":1774253114688,"data":{"createdTime":1774253114688,"data":"BYTESSENT","cmd":"getInfoParam"},"cmd":"getInfoParam"}
2026-03-23 11:05:14.850 LOG 1: После dispatch: cmd=getInfoParam, data тип=string
2026-03-23 11:05:14.900 LOG 0: Запрос от C# 1 (req_id=165): {"id":165,"createdTime":1774253114689,"data":{"createdTime":1774253114689,"data":"BYTESPERSECSENT","cmd":"getInfoParam"},"cmd":"getInfoParam"}
2026-03-23 11:05:14.000 LOG 1: После dispatch: cmd=getInfoParam, data тип=string
2026-03-23 11:05:14.050 LOG 0: Запрос от C# 1 (req_id=166): {"id":166,"createdTime":1774253114689,"data":{"createdTime":1774253114689,"data":"MESSAGESRECV","cmd":"getInfoParam"},"cmd":"getInfoParam"}
2026-03-23 11:05:14.150 LOG 1: После dispatch: cmd=getInfoParam, data тип=string
2026-03-23 11:05:14.200 LOG 0: Запрос от C# 1 (req_id=167): {"id":167,"createdTime":1774253114690,"data":{"createdTime":1774253114690,"data":"BYTESRECV","cmd":"getInfoParam"},"cmd":"getInfoParam"}
2026-03-23 11:05:14.300 LOG 1: После dispatch: cmd=getInfoParam, data тип=string
2026-03-23 11:05:14.350 LOG 0: Запрос от C# 1 (req_id=168): {"id":168,"createdTime":1774253114691,"data":{"createdTime":1774253114691,"data":"ALLRECV","cmd":"getInfoParam"},"cmd":"getInfoParam"}
2026-03-23 11:05:14.450 LOG 1: После dispatch: cmd=getInfoParam, data тип=string
2026-03-23 11:05:14.500 LOG 0: Запрос от C# 1 (req_id=169): {"id":169,"createdTime":1774253114692,"data":{"createdTime":1774253114692,"data":"BYTESPERSECRECV","cmd":"getInfoParam"},"cmd":"getInfoParam"}
2026-03-23 11:05:14.600 LOG 1: После dispatch: cmd=getInfoParam, data тип=string
2026-03-23 11:05:14.650 LOG 0: Запрос от C# 1 (req_id=170): {"id":170,"createdTime":1774253114693,"data":{"createdTime":1774253114693,"data":"AVGSENT","cmd":"getInfoParam"},"cmd":"getInfoParam"}
2026-03-23 11:05:14.750 LOG 1: После dispatch: cmd=getInfoParam, data тип=string
2026-03-23 11:05:14.800 LOG 0: Запрос от C# 1 (req_id=171): {"id":171,"createdTime":1774253114693,"data":{"createdTime":1774253114693,"data":"AVGRECV","cmd":"getInfoParam"},"cmd":"getInfoParam"}
2026-03-23 11:05:14.900 LOG 1: После dispatch: cmd=getInfoParam, data тип=string
2026-03-23 11:05:14.950 LOG 0: Запрос от C# 1 (req_id=172): {"id":172,"createdTime":1774253114694,"data":{"createdTime":1774253114694,"data":"LASTPINGTIME","cmd":"getInfoParam"},"cmd":"getInfoParam"}
2026-03-23 11:05:14.050 LOG 1: После dispatch: cmd=getInfoParam, data тип=string
2026-03-23 11:05:14.100 LOG 0: Запрос от C# 1 (req_id=173): {"id":173,"createdTime":1774253114695,"data":{"createdTime":1774253114695,"data":"LASTPINGDURATION","cmd":"getInfoParam"},"cmd":"getInfoParam"}
2026-03-23 11:05:14.200 LOG 1: После dispatch: cmd=getInfoParam, data тип=string
2026-03-23 11:05:14.250 LOG 0: Запрос от C# 1 (req_id=174): {"id":174,"createdTime":1774253114697,"data":{"createdTime":1774253114697,"data":"AVGPINGDURATION","cmd":"getInfoParam"},"cmd":"getInfoParam"}
2026-03-23 11:05:14.350 LOG 1: После dispatch: cmd=getInfoParam, data тип=string
2026-03-23 11:05:14.400 LOG 0: Запрос от C# 1 (req_id=175): {"id":175,"createdTime":1774253114697,"data":{"createdTime":1774253114697,"data":"MAXPINGTIME","cmd":"getInfoParam"},"cmd":"getInfoParam"}
2026-03-23 11:05:14.500 LOG 1: После dispatch: cmd=getInfoParam, data тип=string
2026-03-23 11:05:14.550 LOG 0: Запрос от C# 1 (req_id=176): {"id":176,"createdTime":1774253114698,"data":{"createdTime":1774253114698,"data":"MAXPINGDURATION","cmd":"getInfoParam"},"cmd":"getInfoParam"}
2026-03-23 11:05:14.650 LOG 1: После dispatch: cmd=getInfoParam, data тип=string
2026-03-23 11:05:14.700 LOG 0: Запрос от C# 1 (req_id=177): {"id":177,"createdTime":1774253114733,"data":{"createdTime":1774253114732,"data":"SPBFUT|RIM6","cmd":"Subscribe_Level_II_Quotes"},"cmd":"Subscribe_Level_II_Quotes"}
2026-03-23 11:05:14.750 LOG 1: Subscribe_Level_II_Quotes called | raw data: SPBFUT|RIM6
2026-03-23 11:05:14.800 LOG 1: Subscribe Level II: class=SPBFUT, sec=RIM6
2026-03-23 11:05:14.850 LOG 1: После dispatch: cmd=Subscribe_Level_II_Quotes, data тип=boolean
2026-03-23 11:09:07.300 LOG 0: Запрос от C# 1 (req_id=1): {"id":1,"createdTime":1774253347652,"data":{"createdTime":1774253347641,"data":"","cmd":"getClassesList"},"cmd":"getClassesList"}
2026-03-23 11:09:07.350 LOG 0: Р’С‹Р·РѕРІ getClassesList, req_id=?
2026-03-23 11:09:07.400 LOG 1: После dispatch: cmd=getClassesList, data тип=string
2026-03-23 11:09:07.450 LOG 0: Запрос от C# 1 (req_id=2): {"id":2,"createdTime":1774253347763,"data":{"createdTime":1774253347763,"data":"","cmd":"getClassesList"},"cmd":"getClassesList"}
2026-03-23 11:09:07.500 LOG 0: Р’С‹Р·РѕРІ getClassesList, req_id=?
2026-03-23 11:09:07.550 LOG 1: После dispatch: cmd=getClassesList, data тип=string
2026-03-23 11:09:07.600 LOG 0: Запрос от C# 1 (req_id=3): {"id":3,"createdTime":1774253347765,"data":{"createdTime":1774253347765,"data":"TQTE","cmd":"getClassInfo"},"cmd":"getClassInfo"}
2026-03-23 11:09:07.650 LOG 1: После dispatch: cmd=getClassInfo, data тип=table
2026-03-23 11:09:07.700 LOG 0: Запрос от C# 1 (req_id=4): {"id":4,"createdTime":1774253347884,"data":{"createdTime":1774253347884,"data":"TQCB","cmd":"getClassInfo"},"cmd":"getClassInfo"}
2026-03-23 11:09:07.750 LOG 1: После dispatch: cmd=getClassInfo, data тип=table
2026-03-23 11:09:07.800 LOG 0: Запрос от C# 1 (req_id=5): {"id":5,"createdTime":1774253347886,"data":{"createdTime":1774253347886,"data":"TQOE","cmd":"getClassInfo"},"cmd":"getClassInfo"}
2026-03-23 11:09:07.850 LOG 1: После dispatch: cmd=getClassInfo, data тип=table
2026-03-23 11:09:07.900 LOG 0: Запрос от C# 1 (req_id=6): {"id":6,"createdTime":1774253347887,"data":{"createdTime":1774253347887,"data":"TQRD","cmd":"getClassInfo"},"cmd":"getClassInfo"}
2026-03-23 11:09:07.950 LOG 1: После dispatch: cmd=getClassInfo, data тип=table
2026-03-23 11:09:07.000 LOG 0: Запрос от C# 1 (req_id=7): {"id":7,"createdTime":1774253347888,"data":{"createdTime":1774253347888,"data":"TQUD","cmd":"getClassInfo"},"cmd":"getClassInfo"}
2026-03-23 11:09:07.050 LOG 1: После dispatch: cmd=getClassInfo, data тип=table
2026-03-23 11:09:07.100 LOG 0: Запрос от C# 1 (req_id=8): {"id":8,"createdTime":1774253347889,"data":{"createdTime":1774253347889,"data":"TQED","cmd":"getClassInfo"},"cmd":"getClassInfo"}
2026-03-23 11:09:07.150 LOG 1: После dispatch: cmd=getClassInfo, data тип=table
2026-03-23 11:09:07.200 LOG 0: Запрос от C# 1 (req_id=9): {"id":9,"createdTime":1774253347890,"data":{"createdTime":1774253347890,"data":"FQBR","cmd":"getClassInfo"},"cmd":"getClassInfo"}
2026-03-23 11:09:07.250 LOG 1: После dispatch: cmd=getClassInfo, data тип=table
2026-03-23 11:09:07.300 LOG 0: Запрос от C# 1 (req_id=10): {"id":10,"createdTime":1774253347891,"data":{"createdTime":1774253347891,"data":"SPBFUT","cmd":"getClassInfo"},"cmd":"getClassInfo"}
2026-03-23 11:09:07.350 LOG 1: После dispatch: cmd=getClassInfo, data тип=table
2026-03-23 11:09:07.400 LOG 0: Запрос от C# 1 (req_id=11): {"id":11,"createdTime":1774253347892,"data":{"createdTime":1774253347892,"data":"SPBOPT","cmd":"getClassInfo"},"cmd":"getClassInfo"}
2026-03-23 11:09:07.450 LOG 1: После dispatch: cmd=getClassInfo, data тип=table
2026-03-23 11:09:07.500 LOG 0: Запрос от C# 1 (req_id=12): {"id":12,"createdTime":1774253347893,"data":{"createdTime":1774253347893,"data":"USDRUB","cmd":"getClassInfo"},"cmd":"getClassInfo"}
2026-03-23 11:09:07.550 LOG 1: После dispatch: cmd=getClassInfo, data тип=table
2026-03-23 11:09:07.600 LOG 0: Запрос от C# 1 (req_id=13): {"id":13,"createdTime":1774253347893,"data":{"createdTime":1774253347893,"data":"OPTSPOT","cmd":"getClassInfo"},"cmd":"getClassInfo"}
2026-03-23 11:09:07.650 LOG 1: После dispatch: cmd=getClassInfo, data тип=table
2026-03-23 11:09:07.700 LOG 0: Запрос от C# 1 (req_id=14): {"id":14,"createdTime":1774253347894,"data":{"createdTime":1774253347894,"data":"OPTCURNCY","cmd":"getClassInfo"},"cmd":"getClassInfo"}
2026-03-23 11:09:07.750 LOG 1: После dispatch: cmd=getClassInfo, data тип=table
2026-03-23 11:09:07.800 LOG 0: Запрос от C# 1 (req_id=15): {"id":15,"createdTime":1774253347895,"data":{"createdTime":1774253347895,"data":"OPTCOMDTY","cmd":"getClassInfo"},"cmd":"getClassInfo"}
2026-03-23 11:09:07.850 LOG 1: После dispatch: cmd=getClassInfo, data тип=table
2026-03-23 11:09:07.900 LOG 0: Запрос от C# 1 (req_id=16): {"id":16,"createdTime":1774253347896,"data":{"createdTime":1774253347896,"data":"OPTIDX","cmd":"getClassInfo"},"cmd":"getClassInfo"}
2026-03-23 11:09:07.950 LOG 1: После dispatch: cmd=getClassInfo, data тип=table
2026-03-23 11:09:07.000 LOG 0: Запрос от C# 1 (req_id=17): {"id":17,"createdTime":1774253347896,"data":{"createdTime":1774253347896,"data":"RTSIDX","cmd":"getClassInfo"},"cmd":"getClassInfo"}
2026-03-23 11:09:07.050 LOG 1: После dispatch: cmd=getClassInfo, data тип=table
2026-03-23 11:09:07.100 LOG 0: Запрос от C# 1 (req_id=18): {"id":18,"createdTime":1774253347897,"data":{"createdTime":1774253347897,"data":"EQRP_INFO","cmd":"getClassInfo"},"cmd":"getClassInfo"}
2026-03-23 11:09:07.150 LOG 1: После dispatch: cmd=getClassInfo, data тип=table
2026-03-23 11:09:07.200 LOG 0: Запрос от C# 1 (req_id=19): {"id":19,"createdTime":1774253347898,"data":{"createdTime":1774253347898,"data":"FUTCLT","cmd":"getClassInfo"},"cmd":"getClassInfo"}
2026-03-23 11:09:07.250 LOG 1: После dispatch: cmd=getClassInfo, data тип=table
2026-03-23 11:09:07.300 LOG 0: Запрос от C# 1 (req_id=20): {"id":20,"createdTime":1774253347899,"data":{"createdTime":1774253347899,"data":"SPBXM","cmd":"getClassInfo"},"cmd":"getClassInfo"}
2026-03-23 11:09:07.350 LOG 1: После dispatch: cmd=getClassInfo, data тип=table
2026-03-23 11:09:07.400 LOG 0: Запрос от C# 1 (req_id=21): {"id":21,"createdTime":1774253347900,"data":{"createdTime":1774253347900,"data":"SPBDE","cmd":"getClassInfo"},"cmd":"getClassInfo"}
2026-03-23 11:09:07.450 LOG 1: После dispatch: cmd=getClassInfo, data тип=table
2026-03-23 11:09:07.500 LOG 0: Запрос от C# 1 (req_id=22): {"id":22,"createdTime":1774253347900,"data":{"createdTime":1774253347900,"data":"SPBEQRU","cmd":"getClassInfo"},"cmd":"getClassInfo"}
2026-03-23 11:09:07.550 LOG 1: После dispatch: cmd=getClassInfo, data тип=table
2026-03-23 11:09:07.600 LOG 0: Запрос от C# 1 (req_id=23): {"id":23,"createdTime":1774253347901,"data":{"createdTime":1774253347901,"data":"SPBRU","cmd":"getClassInfo"},"cmd":"getClassInfo"}
2026-03-23 11:09:07.650 LOG 1: После dispatch: cmd=getClassInfo, data тип=table
2026-03-23 11:09:07.700 LOG 0: Запрос от C# 1 (req_id=24): {"id":24,"createdTime":1774253347902,"data":{"createdTime":1774253347902,"data":"SPBRUBND","cmd":"getClassInfo"},"cmd":"getClassInfo"}
2026-03-23 11:09:07.750 LOG 1: После dispatch: cmd=getClassInfo, data тип=table
2026-03-23 11:09:07.800 LOG 0: Запрос от C# 1 (req_id=25): {"id":25,"createdTime":1774253347903,"data":{"createdTime":1774253347903,"data":"SPBRU_USD","cmd":"getClassInfo"},"cmd":"getClassInfo"}
2026-03-23 11:09:07.850 LOG 1: После dispatch: cmd=getClassInfo, data тип=table
2026-03-23 11:09:07.900 LOG 0: Запрос от C# 1 (req_id=26): {"id":26,"createdTime":1774253347904,"data":{"createdTime":1774253347904,"data":"PSSPBRUBNDDO","cmd":"getClassInfo"},"cmd":"getClassInfo"}
2026-03-23 11:09:07.950 LOG 1: После dispatch: cmd=getClassInfo, data тип=table
2026-03-23 11:09:07.000 LOG 0: Запрос от C# 1 (req_id=27): {"id":27,"createdTime":1774253347905,"data":{"createdTime":1774253347905,"data":"REPORT","cmd":"getClassInfo"},"cmd":"getClassInfo"}
2026-03-23 11:09:07.050 LOG 1: После dispatch: cmd=getClassInfo, data тип=table
2026-03-23 11:09:07.100 LOG 0: Запрос от C# 1 (req_id=28): {"id":28,"createdTime":1774253347905,"data":{"createdTime":1774253347905,"data":"REPORTFORTS","cmd":"getClassInfo"},"cmd":"getClassInfo"}
2026-03-23 11:09:07.150 LOG 1: После dispatch: cmd=getClassInfo, data тип=table
2026-03-23 11:09:07.200 LOG 0: Запрос от C# 1 (req_id=29): {"id":29,"createdTime":1774253347906,"data":{"createdTime":1774253347906,"data":"VTB_OTC","cmd":"getClassInfo"},"cmd":"getClassInfo"}
2026-03-23 11:09:07.250 LOG 1: После dispatch: cmd=getClassInfo, data тип=table
2026-03-23 11:09:07.300 LOG 0: Запрос от C# 1 (req_id=30): {"id":30,"createdTime":1774253347910,"data":{"createdTime":1774253347910,"data":"CROSSRATE","cmd":"getClassInfo"},"cmd":"getClassInfo"}
2026-03-23 11:09:07.350 LOG 1: После dispatch: cmd=getClassInfo, data тип=table
2026-03-23 11:09:25.050 LOG 0: Запрос от C# 1 (req_id=31): {"id":31,"createdTime":1774253365015,"data":{"createdTime":1774253365015,"data":"QT_BN","cmd":"getClassInfo"},"cmd":"getClassInfo"}
2026-03-23 11:09:25.100 LOG 1: После dispatch: cmd=getClassInfo, data тип=table
2026-03-23 11:09:30.050 LOG 0: Запрос от C# 1 (req_id=32): {"id":32,"createdTime":1774253370518,"data":{"createdTime":1774253370518,"data":"INDX","cmd":"getClassInfo"},"cmd":"getClassInfo"}
2026-03-23 11:09:30.100 LOG 1: После dispatch: cmd=getClassInfo, data тип=table
2026-03-23 11:09:32.050 LOG 0: Запрос от C# 1 (req_id=33): {"id":33,"createdTime":1774253372324,"data":{"createdTime":1774253372324,"data":"TQIF_HOL","cmd":"getClassInfo"},"cmd":"getClassInfo"}
2026-03-23 11:09:32.100 LOG 1: После dispatch: cmd=getClassInfo, data тип=table
2026-03-23 11:09:38.050 LOG 0: Запрос от C# 1 (req_id=34): {"id":34,"createdTime":1774253372332,"data":{"createdTime":1774253372332,"data":"TQTF_HOL","cmd":"getClassInfo"},"cmd":"getClassInfo"}
2026-03-23 11:09:38.100 LOG 1: После dispatch: cmd=getClassInfo, data тип=table
2026-03-23 11:09:44.100 LOG 0: Запрос от C# 1 (req_id=35): {"id":35,"createdTime":1774253384254,"data":{"createdTime":1774253384254,"data":"TQTF_W_HOL","cmd":"getClassInfo"},"cmd":"getClassInfo"}
2026-03-23 11:09:44.150 LOG 1: После dispatch: cmd=getClassInfo, data тип=table
2026-03-23 11:09:44.200 LOG 0: Запрос от C# 1 (req_id=36): {"id":36,"createdTime":1774253384257,"data":{"createdTime":1774253384257,"data":"UP","cmd":"getClassInfo"},"cmd":"getClassInfo"}
2026-03-23 11:09:44.250 LOG 1: После dispatch: cmd=getClassInfo, data тип=table
2026-03-23 11:09:44.300 LOG 0: Запрос от C# 1 (req_id=37): {"id":37,"createdTime":1774253384259,"data":{"createdTime":1774253384259,"data":"CETS","cmd":"getClassInfo"},"cmd":"getClassInfo"}
2026-03-23 11:09:44.350 LOG 1: После dispatch: cmd=getClassInfo, data тип=table
2026-03-23 11:09:44.400 LOG 0: Запрос от C# 1 (req_id=38): {"id":38,"createdTime":1774253384260,"data":{"createdTime":1774253384260,"data":"CETS_MTL","cmd":"getClassInfo"},"cmd":"getClassInfo"}
2026-03-23 11:09:44.450 LOG 1: После dispatch: cmd=getClassInfo, data тип=table
2026-03-23 11:09:44.500 LOG 0: Запрос от C# 1 (req_id=39): {"id":39,"createdTime":1774253384262,"data":{"createdTime":1774253384262,"data":"TQFD","cmd":"getClassInfo"},"cmd":"getClassInfo"}
2026-03-23 11:09:44.550 LOG 1: После dispatch: cmd=getClassInfo, data тип=table
2026-03-23 11:09:44.600 LOG 0: Запрос от C# 1 (req_id=40): {"id":40,"createdTime":1774253384263,"data":{"createdTime":1774253384263,"data":"TQFE","cmd":"getClassInfo"},"cmd":"getClassInfo"}
2026-03-23 11:09:44.650 LOG 1: После dispatch: cmd=getClassInfo, data тип=table
2026-03-23 11:09:44.700 LOG 0: Запрос от C# 1 (req_id=41): {"id":41,"createdTime":1774253384264,"data":{"createdTime":1774253384264,"data":"OCTR","cmd":"getClassInfo"},"cmd":"getClassInfo"}
2026-03-23 11:09:44.750 LOG 1: После dispatch: cmd=getClassInfo, data тип=table
2026-03-23 11:09:44.800 LOG 0: Запрос от C# 1 (req_id=42): {"id":42,"createdTime":1774253384265,"data":{"createdTime":1774253384265,"data":"TQTY","cmd":"getClassInfo"},"cmd":"getClassInfo"}
2026-03-23 11:09:44.850 LOG 1: После dispatch: cmd=getClassInfo, data тип=table
2026-03-23 11:09:44.900 LOG 0: Запрос от C# 1 (req_id=43): {"id":43,"createdTime":1774253384267,"data":{"createdTime":1774253384267,"data":"MTQR","cmd":"getClassInfo"},"cmd":"getClassInfo"}
2026-03-23 11:09:44.950 LOG 1: После dispatch: cmd=getClassInfo, data тип=table
2026-03-23 11:09:44.000 LOG 0: Запрос от C# 1 (req_id=44): {"id":44,"createdTime":1774253384268,"data":{"createdTime":1774253384268,"data":"SMAL","cmd":"getClassInfo"},"cmd":"getClassInfo"}
2026-03-23 11:09:44.050 LOG 1: После dispatch: cmd=getClassInfo, data тип=table
2026-03-23 11:09:44.100 LOG 0: Запрос от C# 1 (req_id=45): {"id":45,"createdTime":1774253384269,"data":{"createdTime":1774253384269,"data":"TQBR","cmd":"getClassInfo"},"cmd":"getClassInfo"}
2026-03-23 11:09:44.150 LOG 1: После dispatch: cmd=getClassInfo, data тип=table
2026-03-23 11:09:44.200 LOG 0: Запрос от C# 1 (req_id=46): {"id":46,"createdTime":1774253384271,"data":{"createdTime":1774253384271,"data":"TQOB","cmd":"getClassInfo"},"cmd":"getClassInfo"}
2026-03-23 11:09:44.250 LOG 1: После dispatch: cmd=getClassInfo, data тип=table
2026-03-23 11:09:44.300 LOG 0: Запрос от C# 1 (req_id=47): {"id":47,"createdTime":1774253384271,"data":{"createdTime":1774253384271,"data":"TQIF","cmd":"getClassInfo"},"cmd":"getClassInfo"}
2026-03-23 11:09:44.350 LOG 1: После dispatch: cmd=getClassInfo, data тип=table
2026-03-23 11:09:44.400 LOG 0: Запрос от C# 1 (req_id=48): {"id":48,"createdTime":1774253384273,"data":{"createdTime":1774253384273,"data":"TQTF","cmd":"getClassInfo"},"cmd":"getClassInfo"}
2026-03-23 11:09:44.450 LOG 1: После dispatch: cmd=getClassInfo, data тип=table
2026-03-23 11:09:44.500 LOG 0: Запрос от C# 1 (req_id=49): {"id":49,"createdTime":1774253384275,"data":{"createdTime":1774253384275,"data":"TQTF_W","cmd":"getClassInfo"},"cmd":"getClassInfo"}
2026-03-23 11:09:44.550 LOG 1: После dispatch: cmd=getClassInfo, data тип=table
2026-03-23 11:09:44.600 LOG 0: Запрос от C# 1 (req_id=50): {"id":50,"createdTime":1774253384277,"data":{"createdTime":1774253384277,"data":"TQBD","cmd":"getClassInfo"},"cmd":"getClassInfo"}
2026-03-23 11:09:44.650 LOG 1: После dispatch: cmd=getClassInfo, data тип=table
2026-03-23 11:09:44.700 LOG 0: Запрос от C# 1 (req_id=51): {"id":51,"createdTime":1774253384280,"data":{"createdTime":1774253384280,"data":"TQTD","cmd":"getClassInfo"},"cmd":"getClassInfo"}
2026-03-23 11:09:44.750 LOG 1: После dispatch: cmd=getClassInfo, data тип=table
2026-03-23 11:09:44.800 LOG 0: Запрос от C# 1 (req_id=52): {"id":52,"createdTime":1774253384281,"data":{"createdTime":1774253384281,"data":"TQOD","cmd":"getClassInfo"},"cmd":"getClassInfo"}
2026-03-23 11:09:44.850 LOG 1: После dispatch: cmd=getClassInfo, data тип=table
2026-03-23 11:09:44.900 LOG 0: Запрос от C# 1 (req_id=53): {"id":53,"createdTime":1774253384282,"data":{"createdTime":1774253384282,"data":"TQOY","cmd":"getClassInfo"},"cmd":"getClassInfo"}
2026-03-23 11:09:44.950 LOG 1: После dispatch: cmd=getClassInfo, data тип=table
2026-03-23 11:09:44.000 LOG 0: Запрос от C# 1 (req_id=54): {"id":54,"createdTime":1774253384284,"data":{"createdTime":1774253384284,"data":"TQTF_F_HOL","cmd":"getClassInfo"},"cmd":"getClassInfo"}
2026-03-23 11:09:44.050 LOG 1: После dispatch: cmd=getClassInfo, data тип=table
2026-03-23 11:09:44.100 LOG 0: Запрос от C# 1 (req_id=55): {"id":55,"createdTime":1774253384288,"data":{"createdTime":1774253384288,"data":"EES_OTC","cmd":"getClassInfo"},"cmd":"getClassInfo"}
2026-03-23 11:09:44.150 LOG 1: После dispatch: cmd=getClassInfo, data тип=table
2026-03-23 11:09:44.200 LOG 0: Запрос от C# 1 (req_id=56): {"id":56,"createdTime":1774253384289,"data":{"createdTime":1774253384289,"data":"TQTF_F","cmd":"getClassInfo"},"cmd":"getClassInfo"}
2026-03-23 11:09:44.250 LOG 1: После dispatch: cmd=getClassInfo, data тип=table
2026-03-23 11:09:44.300 LOG 0: Запрос от C# 1 (req_id=57): {"id":57,"createdTime":1774253384290,"data":{"createdTime":1774253384290,"data":"SMS","cmd":"getClassInfo"},"cmd":"getClassInfo"}
2026-03-23 11:09:44.350 LOG 1: После dispatch: cmd=getClassInfo, data тип=table
2026-03-23 11:09:44.400 LOG 0: Запрос от C# 1 (req_id=58): {"id":58,"createdTime":1774253384291,"data":{"createdTime":1774253384291,"data":"ALGO_ICEBERG","cmd":"getClassInfo"},"cmd":"getClassInfo"}
2026-03-23 11:09:44.450 LOG 1: После dispatch: cmd=getClassInfo, data тип=table
2026-03-23 11:09:44.500 LOG 0: Запрос от C# 1 (req_id=59): {"id":59,"createdTime":1774253384293,"data":{"createdTime":1774253384293,"data":"ALGO_VOLATIL","cmd":"getClassInfo"},"cmd":"getClassInfo"}
2026-03-23 11:09:44.550 LOG 1: После dispatch: cmd=getClassInfo, data тип=table
2026-03-23 11:09:44.600 LOG 0: Запрос от C# 1 (req_id=60): {"id":60,"createdTime":1774253384295,"data":{"createdTime":1774253384295,"data":"ALGO_TWAP","cmd":"getClassInfo"},"cmd":"getClassInfo"}
2026-03-23 11:09:44.650 LOG 1: После dispatch: cmd=getClassInfo, data тип=table
2026-03-23 11:09:44.700 LOG 0: Запрос от C# 1 (req_id=61): {"id":61,"createdTime":1774253384296,"data":{"createdTime":1774253384296,"data":"ALGO_VWAP","cmd":"getClassInfo"},"cmd":"getClassInfo"}
2026-03-23 11:09:44.750 LOG 1: После dispatch: cmd=getClassInfo, data тип=table
2026-03-23 11:09:44.800 LOG 0: Запрос от C# 1 (req_id=62): {"id":62,"createdTime":1774253384297,"data":{"createdTime":1774253384297,"data":"ALGO_GTD","cmd":"getClassInfo"},"cmd":"getClassInfo"}
2026-03-23 11:09:44.850 LOG 1: После dispatch: cmd=getClassInfo, data тип=table
2026-03-23 11:09:44.900 LOG 0: Запрос от C# 1 (req_id=63): {"id":63,"createdTime":1774253384298,"data":{"createdTime":1774253384298,"data":"MPAU","cmd":"getClassInfo"},"cmd":"getClassInfo"}
2026-03-23 11:09:44.950 LOG 1: После dispatch: cmd=getClassInfo, data тип=table
2026-03-23 11:09:44.000 LOG 0: Запрос от C# 1 (req_id=64): {"id":64,"createdTime":1774253384298,"data":{"createdTime":1774253384298,"data":"PSAU_FREE","cmd":"getClassInfo"},"cmd":"getClassInfo"}
2026-03-23 11:09:44.050 LOG 1: После dispatch: cmd=getClassInfo, data тип=table
2026-03-23 11:09:44.100 LOG 0: Запрос от C# 1 (req_id=65): {"id":65,"createdTime":1774253384299,"data":{"createdTime":1774253384299,"data":"PSAU","cmd":"getClassInfo"},"cmd":"getClassInfo"}
2026-03-23 11:09:44.150 LOG 1: После dispatch: cmd=getClassInfo, data тип=table
2026-03-23 11:09:44.200 LOG 0: Запрос от C# 1 (req_id=66): {"id":66,"createdTime":1774253384300,"data":{"createdTime":1774253384300,"data":"PSSU","cmd":"getClassInfo"},"cmd":"getClassInfo"}
2026-03-23 11:09:44.250 LOG 1: После dispatch: cmd=getClassInfo, data тип=table
2026-03-23 11:09:44.300 LOG 0: Запрос от C# 1 (req_id=67): {"id":67,"createdTime":1774253384301,"data":{"createdTime":1774253384301,"data":"PSSU_YAD","cmd":"getClassInfo"},"cmd":"getClassInfo"}
2026-03-23 11:09:44.350 LOG 1: После dispatch: cmd=getClassInfo, data тип=table
2026-03-23 11:09:44.400 LOG 0: Запрос от C# 1 (req_id=68): {"id":68,"createdTime":1774253384302,"data":{"createdTime":1774253384302,"data":"PACY","cmd":"getClassInfo"},"cmd":"getClassInfo"}
2026-03-23 11:09:44.450 LOG 1: После dispatch: cmd=getClassInfo, data тип=table
2026-03-23 11:09:44.500 LOG 0: Запрос от C# 1 (req_id=69): {"id":69,"createdTime":1774253384303,"data":{"createdTime":1774253384303,"data":"QT_EQ","cmd":"getClassInfo"},"cmd":"getClassInfo"}
2026-03-23 11:09:44.550 LOG 1: После dispatch: cmd=getClassInfo, data тип=table
2026-03-23 11:09:44.600 LOG 0: Запрос от C# 1 (req_id=70): {"id":70,"createdTime":1774253384304,"data":{"createdTime":1774253384304,"data":"","cmd":"getClassesList"},"cmd":"getClassesList"}
2026-03-23 11:09:44.650 LOG 0: Р’С‹Р·РѕРІ getClassesList, req_id=?
2026-03-23 11:09:44.700 LOG 1: После dispatch: cmd=getClassesList, data тип=string
2026-03-23 11:09:44.750 LOG 0: Запрос от C# 1 (req_id=71): {"id":71,"createdTime":1774253384306,"data":{"createdTime":1774253384306,"data":"TQTE","cmd":"getClassSecurities"},"cmd":"getClassSecurities"}
2026-03-23 11:09:44.800 LOG 1: После dispatch: cmd=getClassSecurities, data тип=string
2026-03-23 11:09:44.850 LOG 0: Запрос от C# 1 (req_id=72): {"id":72,"createdTime":1774253384310,"data":{"createdTime":1774253384310,"data":"TQCB","cmd":"getClassSecurities"},"cmd":"getClassSecurities"}
2026-03-23 11:09:44.900 LOG 1: После dispatch: cmd=getClassSecurities, data тип=string
2026-03-23 11:09:44.950 LOG 0: Запрос от C# 1 (req_id=73): {"id":73,"createdTime":1774253384392,"data":{"createdTime":1774253384392,"data":"TQOE","cmd":"getClassSecurities"},"cmd":"getClassSecurities"}
2026-03-23 11:09:44.000 LOG 1: После dispatch: cmd=getClassSecurities, data тип=string
2026-03-23 11:09:44.050 LOG 0: Запрос от C# 1 (req_id=74): {"id":74,"createdTime":1774253384394,"data":{"createdTime":1774253384394,"data":"TQRD","cmd":"getClassSecurities"},"cmd":"getClassSecurities"}
2026-03-23 11:09:44.100 LOG 1: После dispatch: cmd=getClassSecurities, data тип=string
2026-03-23 11:09:44.150 LOG 0: Запрос от C# 1 (req_id=75): {"id":75,"createdTime":1774253384395,"data":{"createdTime":1774253384395,"data":"TQUD","cmd":"getClassSecurities"},"cmd":"getClassSecurities"}
2026-03-23 11:09:44.200 LOG 1: После dispatch: cmd=getClassSecurities, data тип=string
2026-03-23 11:09:44.250 LOG 0: Запрос от C# 1 (req_id=76): {"id":76,"createdTime":1774253384396,"data":{"createdTime":1774253384396,"data":"TQED","cmd":"getClassSecurities"},"cmd":"getClassSecurities"}
2026-03-23 11:09:44.300 LOG 1: После dispatch: cmd=getClassSecurities, data тип=string
2026-03-23 11:09:44.350 LOG 0: Запрос от C# 1 (req_id=77): {"id":77,"createdTime":1774253384397,"data":{"createdTime":1774253384397,"data":"FQBR","cmd":"getClassSecurities"},"cmd":"getClassSecurities"}
2026-03-23 11:09:44.400 LOG 1: После dispatch: cmd=getClassSecurities, data тип=string
2026-03-23 11:09:44.450 LOG 0: Запрос от C# 1 (req_id=78): {"id":78,"createdTime":1774253384398,"data":{"createdTime":1774253384398,"data":"SPBFUT","cmd":"getClassSecurities"},"cmd":"getClassSecurities"}
2026-03-23 11:09:44.500 LOG 1: После dispatch: cmd=getClassSecurities, data тип=string
2026-03-23 11:09:44.550 LOG 0: Запрос от C# 1 (req_id=79): {"id":79,"createdTime":1774253384406,"data":{"createdTime":1774253384406,"data":"SPBOPT","cmd":"getClassSecurities"},"cmd":"getClassSecurities"}
2026-03-23 11:09:44.600 LOG 1: После dispatch: cmd=getClassSecurities, data тип=string
2026-03-23 11:09:44.800 LOG 0: Запрос от C# 1 (req_id=80): {"id":80,"createdTime":1774253384640,"data":{"createdTime":1774253384640,"data":"USDRUB","cmd":"getClassSecurities"},"cmd":"getClassSecurities"}
2026-03-23 11:09:44.850 LOG 1: После dispatch: cmd=getClassSecurities, data тип=string
2026-03-23 11:09:44.900 LOG 0: Запрос от C# 1 (req_id=81): {"id":81,"createdTime":1774253384640,"data":{"createdTime":1774253384640,"data":"OPTSPOT","cmd":"getClassSecurities"},"cmd":"getClassSecurities"}
2026-03-23 11:09:44.950 LOG 1: После dispatch: cmd=getClassSecurities, data тип=string
2026-03-23 11:09:45.050 LOG 0: Запрос от C# 1 (req_id=82): {"id":82,"createdTime":1774253385016,"data":{"createdTime":1774253385016,"data":"OPTCURNCY","cmd":"getClassSecurities"},"cmd":"getClassSecurities"}
2026-03-23 11:09:45.100 LOG 1: После dispatch: cmd=getClassSecurities, data тип=string
2026-03-23 11:09:45.150 LOG 0: Запрос от C# 1 (req_id=83): {"id":83,"createdTime":1774253385034,"data":{"createdTime":1774253385034,"data":"OPTCOMDTY","cmd":"getClassSecurities"},"cmd":"getClassSecurities"}
2026-03-23 11:09:45.200 LOG 1: После dispatch: cmd=getClassSecurities, data тип=string
2026-03-23 11:09:45.250 LOG 0: Запрос от C# 1 (req_id=84): {"id":84,"createdTime":1774253385044,"data":{"createdTime":1774253385044,"data":"OPTIDX","cmd":"getClassSecurities"},"cmd":"getClassSecurities"}
2026-03-23 11:09:45.300 LOG 1: После dispatch: cmd=getClassSecurities, data тип=string
2026-03-23 11:09:45.350 LOG 0: Запрос от C# 1 (req_id=85): {"id":85,"createdTime":1774253385082,"data":{"createdTime":1774253385082,"data":"RTSIDX","cmd":"getClassSecurities"},"cmd":"getClassSecurities"}
2026-03-23 11:09:45.400 LOG 1: После dispatch: cmd=getClassSecurities, data тип=string
2026-03-23 11:09:45.450 LOG 0: Запрос от C# 1 (req_id=86): {"id":86,"createdTime":1774253385097,"data":{"createdTime":1774253385097,"data":"EQRP_INFO","cmd":"getClassSecurities"},"cmd":"getClassSecurities"}
2026-03-23 11:09:45.500 LOG 1: После dispatch: cmd=getClassSecurities, data тип=string
2026-03-23 11:09:45.550 LOG 0: Запрос от C# 1 (req_id=87): {"id":87,"createdTime":1774253385225,"data":{"createdTime":1774253385225,"data":"FUTCLT","cmd":"getClassSecurities"},"cmd":"getClassSecurities"}
2026-03-23 11:09:45.600 LOG 1: После dispatch: cmd=getClassSecurities, data тип=string
2026-03-23 11:09:45.650 LOG 0: Запрос от C# 1 (req_id=88): {"id":88,"createdTime":1774253385238,"data":{"createdTime":1774253385238,"data":"SPBXM","cmd":"getClassSecurities"},"cmd":"getClassSecurities"}
2026-03-23 11:09:45.700 LOG 1: После dispatch: cmd=getClassSecurities, data тип=string
2026-03-23 11:09:45.750 LOG 0: Запрос от C# 1 (req_id=89): {"id":89,"createdTime":1774253385277,"data":{"createdTime":1774253385277,"data":"SPBDE","cmd":"getClassSecurities"},"cmd":"getClassSecurities"}
2026-03-23 11:09:45.800 LOG 1: После dispatch: cmd=getClassSecurities, data тип=string
2026-03-23 11:09:45.850 LOG 0: Запрос от C# 1 (req_id=90): {"id":90,"createdTime":1774253385279,"data":{"createdTime":1774253385279,"data":"SPBEQRU","cmd":"getClassSecurities"},"cmd":"getClassSecurities"}
2026-03-23 11:09:45.900 LOG 1: После dispatch: cmd=getClassSecurities, data тип=string
2026-03-23 11:09:45.950 LOG 0: Запрос от C# 1 (req_id=91): {"id":91,"createdTime":1774253385280,"data":{"createdTime":1774253385280,"data":"SPBRU","cmd":"getClassSecurities"},"cmd":"getClassSecurities"}
2026-03-23 11:09:45.000 LOG 1: После dispatch: cmd=getClassSecurities, data тип=string
2026-03-23 11:09:45.050 LOG 0: Запрос от C# 1 (req_id=92): {"id":92,"createdTime":1774253385290,"data":{"createdTime":1774253385290,"data":"SPBRUBND","cmd":"getClassSecurities"},"cmd":"getClassSecurities"}
2026-03-23 11:09:45.100 LOG 1: После dispatch: cmd=getClassSecurities, data тип=string
2026-03-23 11:09:45.150 LOG 0: Запрос от C# 1 (req_id=93): {"id":93,"createdTime":1774253385301,"data":{"createdTime":1774253385301,"data":"SPBRU_USD","cmd":"getClassSecurities"},"cmd":"getClassSecurities"}
2026-03-23 11:09:45.200 LOG 1: После dispatch: cmd=getClassSecurities, data тип=string
2026-03-23 11:09:45.250 LOG 0: Запрос от C# 1 (req_id=94): {"id":94,"createdTime":1774253385302,"data":{"createdTime":1774253385302,"data":"PSSPBRUBNDDO","cmd":"getClassSecurities"},"cmd":"getClassSecurities"}
2026-03-23 11:09:45.300 LOG 1: После dispatch: cmd=getClassSecurities, data тип=string
2026-03-23 11:09:45.350 LOG 0: Запрос от C# 1 (req_id=95): {"id":95,"createdTime":1774253385304,"data":{"createdTime":1774253385304,"data":"REPORT","cmd":"getClassSecurities"},"cmd":"getClassSecurities"}
2026-03-23 11:09:45.400 LOG 1: После dispatch: cmd=getClassSecurities, data тип=string
2026-03-23 11:09:45.450 LOG 0: Запрос от C# 1 (req_id=96): {"id":96,"createdTime":1774253385305,"data":{"createdTime":1774253385305,"data":"REPORTFORTS","cmd":"getClassSecurities"},"cmd":"getClassSecurities"}
2026-03-23 11:09:45.500 LOG 1: После dispatch: cmd=getClassSecurities, data тип=string
2026-03-23 11:09:45.550 LOG 0: Запрос от C# 1 (req_id=97): {"id":97,"createdTime":1774253385305,"data":{"createdTime":1774253385305,"data":"VTB_OTC","cmd":"getClassSecurities"},"cmd":"getClassSecurities"}
2026-03-23 11:09:45.600 LOG 1: После dispatch: cmd=getClassSecurities, data тип=string
2026-03-23 11:09:45.650 LOG 0: Запрос от C# 1 (req_id=98): {"id":98,"createdTime":1774253385306,"data":{"createdTime":1774253385306,"data":"CROSSRATE","cmd":"getClassSecurities"},"cmd":"getClassSecurities"}
2026-03-23 11:09:45.700 LOG 1: После dispatch: cmd=getClassSecurities, data тип=string
2026-03-23 11:09:45.750 LOG 0: Запрос от C# 1 (req_id=99): {"id":99,"createdTime":1774253385307,"data":{"createdTime":1774253385307,"data":"QT_BN","cmd":"getClassSecurities"},"cmd":"getClassSecurities"}
2026-03-23 11:09:45.800 LOG 1: После dispatch: cmd=getClassSecurities, data тип=string
2026-03-23 11:09:45.850 LOG 0: Запрос от C# 1 (req_id=100): {"id":100,"createdTime":1774253385309,"data":{"createdTime":1774253385309,"data":"INDX","cmd":"getClassSecurities"},"cmd":"getClassSecurities"}
2026-03-23 11:09:45.900 LOG 1: После dispatch: cmd=getClassSecurities, data тип=string
2026-03-23 11:09:45.950 LOG 0: Запрос от C# 1 (req_id=101): {"id":101,"createdTime":1774253385310,"data":{"createdTime":1774253385310,"data":"TQIF_HOL","cmd":"getClassSecurities"},"cmd":"getClassSecurities"}
2026-03-23 11:09:45.000 LOG 1: После dispatch: cmd=getClassSecurities, data тип=string
2026-03-23 11:09:45.050 LOG 0: Запрос от C# 1 (req_id=102): {"id":102,"createdTime":1774253385317,"data":{"createdTime":1774253385317,"data":"TQTF_HOL","cmd":"getClassSecurities"},"cmd":"getClassSecurities"}
2026-03-23 11:09:45.100 LOG 1: После dispatch: cmd=getClassSecurities, data тип=string
2026-03-23 11:09:45.150 LOG 0: Запрос от C# 1 (req_id=103): {"id":103,"createdTime":1774253385319,"data":{"createdTime":1774253385319,"data":"TQTF_W_HOL","cmd":"getClassSecurities"},"cmd":"getClassSecurities"}
2026-03-23 11:09:45.200 LOG 1: После dispatch: cmd=getClassSecurities, data тип=string
2026-03-23 11:09:45.250 LOG 0: Запрос от C# 1 (req_id=104): {"id":104,"createdTime":1774253385320,"data":{"createdTime":1774253385320,"data":"UP","cmd":"getClassSecurities"},"cmd":"getClassSecurities"}
2026-03-23 11:09:45.300 LOG 1: После dispatch: cmd=getClassSecurities, data тип=string
2026-03-23 11:09:45.350 LOG 0: Запрос от C# 1 (req_id=105): {"id":105,"createdTime":1774253385324,"data":{"createdTime":1774253385324,"data":"CETS","cmd":"getClassSecurities"},"cmd":"getClassSecurities"}
2026-03-23 11:09:45.400 LOG 1: После dispatch: cmd=getClassSecurities, data тип=string
2026-03-23 11:09:45.450 LOG 0: Запрос от C# 1 (req_id=106): {"id":106,"createdTime":1774253385328,"data":{"createdTime":1774253385328,"data":"CETS_MTL","cmd":"getClassSecurities"},"cmd":"getClassSecurities"}
2026-03-23 11:09:45.500 LOG 1: После dispatch: cmd=getClassSecurities, data тип=string
2026-03-23 11:09:45.550 LOG 0: Запрос от C# 1 (req_id=107): {"id":107,"createdTime":1774253385330,"data":{"createdTime":1774253385330,"data":"TQFD","cmd":"getClassSecurities"},"cmd":"getClassSecurities"}
2026-03-23 11:09:45.600 LOG 1: После dispatch: cmd=getClassSecurities, data тип=string
2026-03-23 11:09:45.650 LOG 0: Запрос от C# 1 (req_id=108): {"id":108,"createdTime":1774253385331,"data":{"createdTime":1774253385331,"data":"TQFE","cmd":"getClassSecurities"},"cmd":"getClassSecurities"}
2026-03-23 11:09:45.700 LOG 1: После dispatch: cmd=getClassSecurities, data тип=string
2026-03-23 11:09:45.750 LOG 0: Запрос от C# 1 (req_id=109): {"id":109,"createdTime":1774253385334,"data":{"createdTime":1774253385334,"data":"OCTR","cmd":"getClassSecurities"},"cmd":"getClassSecurities"}
2026-03-23 11:09:45.800 LOG 1: После dispatch: cmd=getClassSecurities, data тип=string
2026-03-23 11:09:45.900 LOG 0: Запрос от C# 1 (req_id=110): {"id":110,"createdTime":1774253385357,"data":{"createdTime":1774253385357,"data":"TQTY","cmd":"getClassSecurities"},"cmd":"getClassSecurities"}
2026-03-23 11:09:45.950 LOG 1: После dispatch: cmd=getClassSecurities, data тип=string
2026-03-23 11:09:45.000 LOG 0: Запрос от C# 1 (req_id=111): {"id":111,"createdTime":1774253385360,"data":{"createdTime":1774253385360,"data":"MTQR","cmd":"getClassSecurities"},"cmd":"getClassSecurities"}
2026-03-23 11:09:45.050 LOG 1: После dispatch: cmd=getClassSecurities, data тип=string
2026-03-23 11:09:45.100 LOG 0: Запрос от C# 1 (req_id=112): {"id":112,"createdTime":1774253385371,"data":{"createdTime":1774253385371,"data":"SMAL","cmd":"getClassSecurities"},"cmd":"getClassSecurities"}
2026-03-23 11:09:45.150 LOG 1: После dispatch: cmd=getClassSecurities, data тип=string
2026-03-23 11:09:45.200 LOG 0: Запрос от C# 1 (req_id=113): {"id":113,"createdTime":1774253385374,"data":{"createdTime":1774253385374,"data":"TQBR","cmd":"getClassSecurities"},"cmd":"getClassSecurities"}
2026-03-23 11:09:45.250 LOG 1: После dispatch: cmd=getClassSecurities, data тип=string
2026-03-23 11:09:45.300 LOG 0: Запрос от C# 1 (req_id=114): {"id":114,"createdTime":1774253385385,"data":{"createdTime":1774253385385,"data":"TQOB","cmd":"getClassSecurities"},"cmd":"getClassSecurities"}
2026-03-23 11:09:45.350 LOG 1: После dispatch: cmd=getClassSecurities, data тип=string
2026-03-23 11:09:45.400 LOG 0: Запрос от C# 1 (req_id=115): {"id":115,"createdTime":1774253385390,"data":{"createdTime":1774253385390,"data":"TQIF","cmd":"getClassSecurities"},"cmd":"getClassSecurities"}
2026-03-23 11:09:45.450 LOG 1: После dispatch: cmd=getClassSecurities, data тип=string
2026-03-23 11:09:45.500 LOG 0: Запрос от C# 1 (req_id=116): {"id":116,"createdTime":1774253385394,"data":{"createdTime":1774253385394,"data":"TQTF","cmd":"getClassSecurities"},"cmd":"getClassSecurities"}
2026-03-23 11:09:45.550 LOG 1: После dispatch: cmd=getClassSecurities, data тип=string
2026-03-23 11:09:45.600 LOG 0: Запрос от C# 1 (req_id=117): {"id":117,"createdTime":1774253385395,"data":{"createdTime":1774253385395,"data":"TQTF_W","cmd":"getClassSecurities"},"cmd":"getClassSecurities"}
2026-03-23 11:09:45.650 LOG 1: После dispatch: cmd=getClassSecurities, data тип=string
2026-03-23 11:09:45.700 LOG 0: Запрос от C# 1 (req_id=118): {"id":118,"createdTime":1774253385397,"data":{"createdTime":1774253385397,"data":"TQBD","cmd":"getClassSecurities"},"cmd":"getClassSecurities"}
2026-03-23 11:09:45.750 LOG 1: После dispatch: cmd=getClassSecurities, data тип=string
2026-03-23 11:09:45.850 LOG 0: Запрос от C# 1 (req_id=119): {"id":119,"createdTime":1774253385400,"data":{"createdTime":1774253385400,"data":"TQTD","cmd":"getClassSecurities"},"cmd":"getClassSecurities"}
2026-03-23 11:09:45.900 LOG 1: После dispatch: cmd=getClassSecurities, data тип=string
2026-03-23 11:09:45.950 LOG 0: Запрос от C# 1 (req_id=120): {"id":120,"createdTime":1774253385401,"data":{"createdTime":1774253385401,"data":"TQOD","cmd":"getClassSecurities"},"cmd":"getClassSecurities"}
2026-03-23 11:09:45.000 LOG 1: После dispatch: cmd=getClassSecurities, data тип=string
2026-03-23 11:09:45.050 LOG 0: Запрос от C# 1 (req_id=121): {"id":121,"createdTime":1774253385402,"data":{"createdTime":1774253385402,"data":"TQOY","cmd":"getClassSecurities"},"cmd":"getClassSecurities"}
2026-03-23 11:09:45.100 LOG 1: После dispatch: cmd=getClassSecurities, data тип=string
2026-03-23 11:09:45.150 LOG 0: Запрос от C# 1 (req_id=122): {"id":122,"createdTime":1774253385405,"data":{"createdTime":1774253385405,"data":"TQTF_F_HOL","cmd":"getClassSecurities"},"cmd":"getClassSecurities"}
2026-03-23 11:09:45.200 LOG 1: После dispatch: cmd=getClassSecurities, data тип=string
2026-03-23 11:09:45.250 LOG 0: Запрос от C# 1 (req_id=123): {"id":123,"createdTime":1774253385406,"data":{"createdTime":1774253385406,"data":"EES_OTC","cmd":"getClassSecurities"},"cmd":"getClassSecurities"}
2026-03-23 11:09:45.300 LOG 1: После dispatch: cmd=getClassSecurities, data тип=string
2026-03-23 11:09:45.350 LOG 0: Запрос от C# 1 (req_id=124): {"id":124,"createdTime":1774253385406,"data":{"createdTime":1774253385406,"data":"TQTF_F","cmd":"getClassSecurities"},"cmd":"getClassSecurities"}
2026-03-23 11:09:45.400 LOG 1: После dispatch: cmd=getClassSecurities, data тип=string
2026-03-23 11:09:45.450 LOG 0: Запрос от C# 1 (req_id=125): {"id":125,"createdTime":1774253385409,"data":{"createdTime":1774253385409,"data":"SMS","cmd":"getClassSecurities"},"cmd":"getClassSecurities"}
2026-03-23 11:09:45.500 LOG 1: После dispatch: cmd=getClassSecurities, data тип=string
2026-03-23 11:09:45.550 LOG 0: Запрос от C# 1 (req_id=126): {"id":126,"createdTime":1774253385409,"data":{"createdTime":1774253385409,"data":"ALGO_ICEBERG","cmd":"getClassSecurities"},"cmd":"getClassSecurities"}
2026-03-23 11:09:45.600 LOG 1: После dispatch: cmd=getClassSecurities, data тип=string
2026-03-23 11:09:45.650 LOG 0: Запрос от C# 1 (req_id=127): {"id":127,"createdTime":1774253385410,"data":{"createdTime":1774253385410,"data":"ALGO_VOLATIL","cmd":"getClassSecurities"},"cmd":"getClassSecurities"}
2026-03-23 11:09:45.700 LOG 1: После dispatch: cmd=getClassSecurities, data тип=string
2026-03-23 11:09:45.750 LOG 0: Запрос от C# 1 (req_id=128): {"id":128,"createdTime":1774253385411,"data":{"createdTime":1774253385411,"data":"ALGO_TWAP","cmd":"getClassSecurities"},"cmd":"getClassSecurities"}
2026-03-23 11:09:45.800 LOG 1: После dispatch: cmd=getClassSecurities, data тип=string
2026-03-23 11:09:45.850 LOG 0: Запрос от C# 1 (req_id=129): {"id":129,"createdTime":1774253385412,"data":{"createdTime":1774253385412,"data":"ALGO_VWAP","cmd":"getClassSecurities"},"cmd":"getClassSecurities"}
2026-03-23 11:09:45.900 LOG 1: После dispatch: cmd=getClassSecurities, data тип=string
2026-03-23 11:09:45.950 LOG 0: Запрос от C# 1 (req_id=130): {"id":130,"createdTime":1774253385413,"data":{"createdTime":1774253385413,"data":"ALGO_GTD","cmd":"getClassSecurities"},"cmd":"getClassSecurities"}
2026-03-23 11:09:45.000 LOG 1: После dispatch: cmd=getClassSecurities, data тип=string
2026-03-23 11:09:45.050 LOG 0: Запрос от C# 1 (req_id=131): {"id":131,"createdTime":1774253385414,"data":{"createdTime":1774253385414,"data":"MPAU","cmd":"getClassSecurities"},"cmd":"getClassSecurities"}
2026-03-23 11:09:45.100 LOG 1: После dispatch: cmd=getClassSecurities, data тип=string
2026-03-23 11:09:45.150 LOG 0: Запрос от C# 1 (req_id=132): {"id":132,"createdTime":1774253385414,"data":{"createdTime":1774253385414,"data":"PSAU_FREE","cmd":"getClassSecurities"},"cmd":"getClassSecurities"}
2026-03-23 11:09:45.200 LOG 1: После dispatch: cmd=getClassSecurities, data тип=string
2026-03-23 11:09:45.250 LOG 0: Запрос от C# 1 (req_id=133): {"id":133,"createdTime":1774253385415,"data":{"createdTime":1774253385415,"data":"PSAU","cmd":"getClassSecurities"},"cmd":"getClassSecurities"}
2026-03-23 11:09:45.300 LOG 1: После dispatch: cmd=getClassSecurities, data тип=string
2026-03-23 11:09:45.350 LOG 0: Запрос от C# 1 (req_id=134): {"id":134,"createdTime":1774253385419,"data":{"createdTime":1774253385419,"data":"PSSU","cmd":"getClassSecurities"},"cmd":"getClassSecurities"}
2026-03-23 11:09:45.400 LOG 1: После dispatch: cmd=getClassSecurities, data тип=string
2026-03-23 11:09:45.450 LOG 0: Запрос от C# 1 (req_id=135): {"id":135,"createdTime":1774253385420,"data":{"createdTime":1774253385420,"data":"PSSU_YAD","cmd":"getClassSecurities"},"cmd":"getClassSecurities"}
2026-03-23 11:09:45.500 LOG 1: После dispatch: cmd=getClassSecurities, data тип=string
2026-03-23 11:09:45.550 LOG 0: Запрос от C# 1 (req_id=136): {"id":136,"createdTime":1774253385422,"data":{"createdTime":1774253385422,"data":"PACY","cmd":"getClassSecurities"},"cmd":"getClassSecurities"}
2026-03-23 11:09:45.600 LOG 1: После dispatch: cmd=getClassSecurities, data тип=string
2026-03-23 11:09:45.650 LOG 0: Запрос от C# 1 (req_id=137): {"id":137,"createdTime":1774253385422,"data":{"createdTime":1774253385422,"data":"QT_EQ","cmd":"getClassSecurities"},"cmd":"getClassSecurities"}
2026-03-23 11:09:45.700 LOG 1: После dispatch: cmd=getClassSecurities, data тип=string
2026-03-23 11:09:45.750 LOG 0: Запрос от C# 1 (req_id=138): {"id":138,"createdTime":1774253385424,"data":{"createdTime":1774253385424,"data":"SPBFUT|RIM6","cmd":"getSecurityInfo"},"cmd":"getSecurityInfo"}
2026-03-23 11:09:45.800 LOG 1: После dispatch: cmd=getSecurityInfo, data тип=table
2026-03-23 11:09:45.850 LOG 0: Запрос от C# 1 (req_id=139): {"id":139,"createdTime":1774253385453,"data":{"createdTime":1774253385453,"data":"TQBR|LKOH","cmd":"getSecurityInfo"},"cmd":"getSecurityInfo"}
2026-03-23 11:09:45.900 LOG 1: После dispatch: cmd=getSecurityInfo, data тип=table
2026-03-23 11:09:45.950 LOG 0: Запрос от C# 1 (req_id=140): {"id":140,"createdTime":1774253385456,"data":{"createdTime":1774253385456,"data":"","cmd":"isConnected"},"cmd":"isConnected"}
2026-03-23 11:09:45.050 LOG 1: После dispatch: cmd=isConnected, data тип=string
2026-03-23 11:09:45.100 LOG 0: Запрос от C# 1 (req_id=141): {"id":141,"createdTime":1774253385458,"data":{"createdTime":1774253385458,"data":"","cmd":"getWorkingFolder"},"cmd":"getWorkingFolder"}
2026-03-23 11:09:45.200 LOG 1: После dispatch: cmd=getWorkingFolder, data тип=string
2026-03-23 11:09:45.250 LOG 0: Запрос от C# 1 (req_id=142): {"id":142,"createdTime":1774253385460,"data":{"createdTime":1774253385460,"data":"","cmd":"getScriptPath"},"cmd":"getScriptPath"}
2026-03-23 11:09:45.350 LOG 1: После dispatch: cmd=getScriptPath, data тип=string
2026-03-23 11:09:45.400 LOG 0: Запрос от C# 1 (req_id=143): {"id":143,"createdTime":1774253385462,"data":{"createdTime":1774253385462,"data":"VERSION","cmd":"getInfoParam"},"cmd":"getInfoParam"}
2026-03-23 11:09:45.500 LOG 1: После dispatch: cmd=getInfoParam, data тип=string
2026-03-23 11:09:45.550 LOG 0: Запрос от C# 1 (req_id=144): {"id":144,"createdTime":1774253385463,"data":{"createdTime":1774253385463,"data":"TRADEDATE","cmd":"getInfoParam"},"cmd":"getInfoParam"}
2026-03-23 11:09:45.650 LOG 1: После dispatch: cmd=getInfoParam, data тип=string
2026-03-23 11:09:45.700 LOG 0: Запрос от C# 1 (req_id=145): {"id":145,"createdTime":1774253385464,"data":{"createdTime":1774253385464,"data":"SERVERTIME","cmd":"getInfoParam"},"cmd":"getInfoParam"}
2026-03-23 11:09:45.800 LOG 1: После dispatch: cmd=getInfoParam, data тип=string
2026-03-23 11:09:45.850 LOG 0: Запрос от C# 1 (req_id=146): {"id":146,"createdTime":1774253385465,"data":{"createdTime":1774253385465,"data":"LASTRECORDTIME","cmd":"getInfoParam"},"cmd":"getInfoParam"}
2026-03-23 11:09:45.950 LOG 1: После dispatch: cmd=getInfoParam, data тип=string
2026-03-23 11:09:45.000 LOG 0: Запрос от C# 1 (req_id=147): {"id":147,"createdTime":1774253385465,"data":{"createdTime":1774253385465,"data":"NUMRECORDS","cmd":"getInfoParam"},"cmd":"getInfoParam"}
2026-03-23 11:09:45.100 LOG 1: После dispatch: cmd=getInfoParam, data тип=string
2026-03-23 11:09:45.150 LOG 0: Запрос от C# 1 (req_id=148): {"id":148,"createdTime":1774253385466,"data":{"createdTime":1774253385466,"data":"LASTRECORD","cmd":"getInfoParam"},"cmd":"getInfoParam"}
2026-03-23 11:09:45.250 LOG 1: После dispatch: cmd=getInfoParam, data тип=string
2026-03-23 11:09:45.300 LOG 0: Запрос от C# 1 (req_id=149): {"id":149,"createdTime":1774253385467,"data":{"createdTime":1774253385467,"data":"LATERECORD","cmd":"getInfoParam"},"cmd":"getInfoParam"}
2026-03-23 11:09:45.400 LOG 1: После dispatch: cmd=getInfoParam, data тип=string
2026-03-23 11:09:45.450 LOG 0: Запрос от C# 1 (req_id=150): {"id":150,"createdTime":1774253385467,"data":{"createdTime":1774253385467,"data":"CONNECTION","cmd":"getInfoParam"},"cmd":"getInfoParam"}
2026-03-23 11:09:45.550 LOG 1: После dispatch: cmd=getInfoParam, data тип=string
2026-03-23 11:09:45.600 LOG 0: Запрос от C# 1 (req_id=151): {"id":151,"createdTime":1774253385468,"data":{"createdTime":1774253385468,"data":"IPADDRESS","cmd":"getInfoParam"},"cmd":"getInfoParam"}
2026-03-23 11:09:45.700 LOG 1: После dispatch: cmd=getInfoParam, data тип=string
2026-03-23 11:09:45.750 LOG 0: Запрос от C# 1 (req_id=152): {"id":152,"createdTime":1774253385468,"data":{"createdTime":1774253385468,"data":"IPPORT","cmd":"getInfoParam"},"cmd":"getInfoParam"}
2026-03-23 11:09:45.850 LOG 1: После dispatch: cmd=getInfoParam, data тип=string
2026-03-23 11:09:45.900 LOG 0: Запрос от C# 1 (req_id=153): {"id":153,"createdTime":1774253385469,"data":{"createdTime":1774253385469,"data":"IPCOMMENT","cmd":"getInfoParam"},"cmd":"getInfoParam"}
2026-03-23 11:09:45.000 LOG 1: После dispatch: cmd=getInfoParam, data тип=string
2026-03-23 11:09:45.050 LOG 0: Запрос от C# 1 (req_id=154): {"id":154,"createdTime":1774253385469,"data":{"createdTime":1774253385469,"data":"SERVER","cmd":"getInfoParam"},"cmd":"getInfoParam"}
2026-03-23 11:09:45.150 LOG 1: После dispatch: cmd=getInfoParam, data тип=string
2026-03-23 11:09:45.200 LOG 0: Запрос от C# 1 (req_id=155): {"id":155,"createdTime":1774253385470,"data":{"createdTime":1774253385470,"data":"SESSIONID","cmd":"getInfoParam"},"cmd":"getInfoParam"}
2026-03-23 11:09:45.300 LOG 1: После dispatch: cmd=getInfoParam, data тип=string
2026-03-23 11:09:45.350 LOG 0: Запрос от C# 1 (req_id=156): {"id":156,"createdTime":1774253385471,"data":{"createdTime":1774253385471,"data":"USER","cmd":"getInfoParam"},"cmd":"getInfoParam"}
2026-03-23 11:09:45.450 LOG 1: После dispatch: cmd=getInfoParam, data тип=string
2026-03-23 11:09:45.500 LOG 0: Запрос от C# 1 (req_id=157): {"id":157,"createdTime":1774253385471,"data":{"createdTime":1774253385471,"data":"USERID","cmd":"getInfoParam"},"cmd":"getInfoParam"}
2026-03-23 11:09:45.600 LOG 1: После dispatch: cmd=getInfoParam, data тип=string
2026-03-23 11:09:45.650 LOG 0: Запрос от C# 1 (req_id=158): {"id":158,"createdTime":1774253385472,"data":{"createdTime":1774253385472,"data":"ORG","cmd":"getInfoParam"},"cmd":"getInfoParam"}
2026-03-23 11:09:45.750 LOG 1: После dispatch: cmd=getInfoParam, data тип=string
2026-03-23 11:09:45.800 LOG 0: Запрос от C# 1 (req_id=159): {"id":159,"createdTime":1774253385473,"data":{"createdTime":1774253385473,"data":"MEMORY","cmd":"getInfoParam"},"cmd":"getInfoParam"}
2026-03-23 11:09:45.900 LOG 1: После dispatch: cmd=getInfoParam, data тип=string
2026-03-23 11:09:45.950 LOG 0: Запрос от C# 1 (req_id=160): {"id":160,"createdTime":1774253385473,"data":{"createdTime":1774253385473,"data":"LOCALTIME","cmd":"getInfoParam"},"cmd":"getInfoParam"}
2026-03-23 11:09:45.050 LOG 1: После dispatch: cmd=getInfoParam, data тип=string
2026-03-23 11:09:45.100 LOG 0: Запрос от C# 1 (req_id=161): {"id":161,"createdTime":1774253385473,"data":{"createdTime":1774253385473,"data":"CONNECTIONTIME","cmd":"getInfoParam"},"cmd":"getInfoParam"}
2026-03-23 11:09:45.200 LOG 1: После dispatch: cmd=getInfoParam, data тип=string
2026-03-23 11:09:45.250 LOG 0: Запрос от C# 1 (req_id=162): {"id":162,"createdTime":1774253385474,"data":{"createdTime":1774253385474,"data":"MESSAGESSENT","cmd":"getInfoParam"},"cmd":"getInfoParam"}
2026-03-23 11:09:45.350 LOG 1: После dispatch: cmd=getInfoParam, data тип=string
2026-03-23 11:09:45.400 LOG 0: Запрос от C# 1 (req_id=163): {"id":163,"createdTime":1774253385475,"data":{"createdTime":1774253385475,"data":"ALLSENT","cmd":"getInfoParam"},"cmd":"getInfoParam"}
2026-03-23 11:09:45.500 LOG 1: После dispatch: cmd=getInfoParam, data тип=string
2026-03-23 11:09:45.550 LOG 0: Запрос от C# 1 (req_id=164): {"id":164,"createdTime":1774253385475,"data":{"createdTime":1774253385475,"data":"BYTESSENT","cmd":"getInfoParam"},"cmd":"getInfoParam"}
2026-03-23 11:09:45.650 LOG 1: После dispatch: cmd=getInfoParam, data тип=string
2026-03-23 11:09:45.700 LOG 0: Запрос от C# 1 (req_id=165): {"id":165,"createdTime":1774253385476,"data":{"createdTime":1774253385476,"data":"BYTESPERSECSENT","cmd":"getInfoParam"},"cmd":"getInfoParam"}
2026-03-23 11:09:45.800 LOG 1: После dispatch: cmd=getInfoParam, data тип=string
2026-03-23 11:09:45.850 LOG 0: Запрос от C# 1 (req_id=166): {"id":166,"createdTime":1774253385476,"data":{"createdTime":1774253385476,"data":"MESSAGESRECV","cmd":"getInfoParam"},"cmd":"getInfoParam"}
2026-03-23 11:09:45.950 LOG 1: После dispatch: cmd=getInfoParam, data тип=string
2026-03-23 11:09:45.000 LOG 0: Запрос от C# 1 (req_id=167): {"id":167,"createdTime":1774253385477,"data":{"createdTime":1774253385477,"data":"BYTESRECV","cmd":"getInfoParam"},"cmd":"getInfoParam"}
2026-03-23 11:09:45.100 LOG 1: После dispatch: cmd=getInfoParam, data тип=string
2026-03-23 11:09:45.150 LOG 0: Запрос от C# 1 (req_id=168): {"id":168,"createdTime":1774253385481,"data":{"createdTime":1774253385481,"data":"ALLRECV","cmd":"getInfoParam"},"cmd":"getInfoParam"}
2026-03-23 11:09:45.250 LOG 1: После dispatch: cmd=getInfoParam, data тип=string
2026-03-23 11:09:45.300 LOG 0: Запрос от C# 1 (req_id=169): {"id":169,"createdTime":1774253385482,"data":{"createdTime":1774253385482,"data":"BYTESPERSECRECV","cmd":"getInfoParam"},"cmd":"getInfoParam"}
2026-03-23 11:09:45.400 LOG 1: После dispatch: cmd=getInfoParam, data тип=string
2026-03-23 11:09:45.450 LOG 0: Запрос от C# 1 (req_id=170): {"id":170,"createdTime":1774253385482,"data":{"createdTime":1774253385482,"data":"AVGSENT","cmd":"getInfoParam"},"cmd":"getInfoParam"}
2026-03-23 11:09:45.550 LOG 1: После dispatch: cmd=getInfoParam, data тип=string
2026-03-23 11:09:45.600 LOG 0: Запрос от C# 1 (req_id=171): {"id":171,"createdTime":1774253385483,"data":{"createdTime":1774253385483,"data":"AVGRECV","cmd":"getInfoParam"},"cmd":"getInfoParam"}
2026-03-23 11:09:45.700 LOG 1: После dispatch: cmd=getInfoParam, data тип=string
2026-03-23 11:09:45.750 LOG 0: Запрос от C# 1 (req_id=172): {"id":172,"createdTime":1774253385484,"data":{"createdTime":1774253385484,"data":"LASTPINGTIME","cmd":"getInfoParam"},"cmd":"getInfoParam"}
2026-03-23 11:09:45.850 LOG 1: После dispatch: cmd=getInfoParam, data тип=string
2026-03-23 11:09:45.900 LOG 0: Запрос от C# 1 (req_id=173): {"id":173,"createdTime":1774253385485,"data":{"createdTime":1774253385485,"data":"LASTPINGDURATION","cmd":"getInfoParam"},"cmd":"getInfoParam"}
2026-03-23 11:09:45.000 LOG 1: После dispatch: cmd=getInfoParam, data тип=string
2026-03-23 11:09:45.050 LOG 0: Запрос от C# 1 (req_id=174): {"id":174,"createdTime":1774253385486,"data":{"createdTime":1774253385486,"data":"AVGPINGDURATION","cmd":"getInfoParam"},"cmd":"getInfoParam"}
2026-03-23 11:09:45.150 LOG 1: После dispatch: cmd=getInfoParam, data тип=string
2026-03-23 11:09:45.200 LOG 0: Запрос от C# 1 (req_id=175): {"id":175,"createdTime":1774253385486,"data":{"createdTime":1774253385486,"data":"MAXPINGTIME","cmd":"getInfoParam"},"cmd":"getInfoParam"}
2026-03-23 11:09:45.300 LOG 1: После dispatch: cmd=getInfoParam, data тип=string
2026-03-23 11:09:45.350 LOG 0: Запрос от C# 1 (req_id=176): {"id":176,"createdTime":1774253385487,"data":{"createdTime":1774253385487,"data":"MAXPINGDURATION","cmd":"getInfoParam"},"cmd":"getInfoParam"}
2026-03-23 11:09:45.450 LOG 1: После dispatch: cmd=getInfoParam, data тип=string
2026-03-23 11:09:45.500 LOG 0: Запрос от C# 1 (req_id=177): {"id":177,"createdTime":1774253385525,"data":{"createdTime":1774253385523,"data":"SPBFUT|RIM6","cmd":"Subscribe_Level_II_Quotes"},"cmd":"Subscribe_Level_II_Quotes"}
2026-03-23 11:09:45.550 LOG 1: Subscribe_Level_II_Quotes called | raw data: SPBFUT|RIM6
2026-03-23 11:09:45.600 LOG 1: Subscribe Level II: class=SPBFUT, sec=RIM6
2026-03-23 11:09:45.650 LOG 1: После dispatch: cmd=Subscribe_Level_II_Quotes, data тип=boolean
2026-03-23 11:13:33.050 LOG 0: Запрос от C# 1 (req_id=1): {"id":1,"createdTime":1774253613125,"data":{"createdTime":1774253613123,"data":"","cmd":"getClassesList"},"cmd":"getClassesList"}
2026-03-23 11:13:33.100 LOG 0: Р’С‹Р·РѕРІ getClassesList, req_id=?
2026-03-23 11:13:33.150 LOG 1: После dispatch: cmd=getClassesList, data тип=string
2026-03-23 11:13:33.200 LOG 0: Запрос от C# 1 (req_id=2): {"id":2,"createdTime":1774253613246,"data":{"createdTime":1774253613246,"data":"","cmd":"getClassesList"},"cmd":"getClassesList"}
2026-03-23 11:13:33.250 LOG 0: Р’С‹Р·РѕРІ getClassesList, req_id=?
2026-03-23 11:13:33.300 LOG 1: После dispatch: cmd=getClassesList, data тип=string
2026-03-23 11:13:33.350 LOG 0: Запрос от C# 1 (req_id=3): {"id":3,"createdTime":1774253613247,"data":{"createdTime":1774253613247,"data":"TQTE","cmd":"getClassInfo"},"cmd":"getClassInfo"}
2026-03-23 11:13:33.400 LOG 1: После dispatch: cmd=getClassInfo, data тип=table
2026-03-23 11:13:33.450 LOG 0: Запрос от C# 1 (req_id=4): {"id":4,"createdTime":1774253613375,"data":{"createdTime":1774253613375,"data":"TQCB","cmd":"getClassInfo"},"cmd":"getClassInfo"}
2026-03-23 11:13:33.500 LOG 1: После dispatch: cmd=getClassInfo, data тип=table
2026-03-23 11:13:33.550 LOG 0: Запрос от C# 1 (req_id=5): {"id":5,"createdTime":1774253613379,"data":{"createdTime":1774253613379,"data":"TQOE","cmd":"getClassInfo"},"cmd":"getClassInfo"}
2026-03-23 11:13:33.600 LOG 1: После dispatch: cmd=getClassInfo, data тип=table
2026-03-23 11:13:33.650 LOG 0: Запрос от C# 1 (req_id=6): {"id":6,"createdTime":1774253613379,"data":{"createdTime":1774253613379,"data":"TQRD","cmd":"getClassInfo"},"cmd":"getClassInfo"}
2026-03-23 11:13:33.700 LOG 1: После dispatch: cmd=getClassInfo, data тип=table
2026-03-23 11:13:33.750 LOG 0: Запрос от C# 1 (req_id=7): {"id":7,"createdTime":1774253613380,"data":{"createdTime":1774253613380,"data":"TQUD","cmd":"getClassInfo"},"cmd":"getClassInfo"}
2026-03-23 11:13:33.800 LOG 1: После dispatch: cmd=getClassInfo, data тип=table
2026-03-23 11:13:33.850 LOG 0: Запрос от C# 1 (req_id=8): {"id":8,"createdTime":1774253613381,"data":{"createdTime":1774253613381,"data":"TQED","cmd":"getClassInfo"},"cmd":"getClassInfo"}
2026-03-23 11:13:33.900 LOG 1: После dispatch: cmd=getClassInfo, data тип=table
2026-03-23 11:13:33.950 LOG 0: Запрос от C# 1 (req_id=9): {"id":9,"createdTime":1774253613382,"data":{"createdTime":1774253613382,"data":"FQBR","cmd":"getClassInfo"},"cmd":"getClassInfo"}
2026-03-23 11:13:33.000 LOG 1: После dispatch: cmd=getClassInfo, data тип=table
2026-03-23 11:13:33.050 LOG 0: Запрос от C# 1 (req_id=10): {"id":10,"createdTime":1774253613383,"data":{"createdTime":1774253613383,"data":"SPBFUT","cmd":"getClassInfo"},"cmd":"getClassInfo"}
2026-03-23 11:13:33.100 LOG 1: После dispatch: cmd=getClassInfo, data тип=table
2026-03-23 11:13:33.150 LOG 0: Запрос от C# 1 (req_id=11): {"id":11,"createdTime":1774253613384,"data":{"createdTime":1774253613384,"data":"SPBOPT","cmd":"getClassInfo"},"cmd":"getClassInfo"}
2026-03-23 11:13:33.200 LOG 1: После dispatch: cmd=getClassInfo, data тип=table
2026-03-23 11:13:33.250 LOG 0: Запрос от C# 1 (req_id=12): {"id":12,"createdTime":1774253613384,"data":{"createdTime":1774253613384,"data":"USDRUB","cmd":"getClassInfo"},"cmd":"getClassInfo"}
2026-03-23 11:13:33.300 LOG 1: После dispatch: cmd=getClassInfo, data тип=table
2026-03-23 11:13:33.350 LOG 0: Запрос от C# 1 (req_id=13): {"id":13,"createdTime":1774253613385,"data":{"createdTime":1774253613385,"data":"OPTSPOT","cmd":"getClassInfo"},"cmd":"getClassInfo"}
2026-03-23 11:13:33.400 LOG 1: После dispatch: cmd=getClassInfo, data тип=table
2026-03-23 11:13:33.450 LOG 0: Запрос от C# 1 (req_id=14): {"id":14,"createdTime":1774253613386,"data":{"createdTime":1774253613386,"data":"OPTCURNCY","cmd":"getClassInfo"},"cmd":"getClassInfo"}
2026-03-23 11:13:33.500 LOG 1: После dispatch: cmd=getClassInfo, data тип=table
2026-03-23 11:13:33.550 LOG 0: Запрос от C# 1 (req_id=15): {"id":15,"createdTime":1774253613386,"data":{"createdTime":1774253613386,"data":"OPTCOMDTY","cmd":"getClassInfo"},"cmd":"getClassInfo"}
2026-03-23 11:13:33.600 LOG 1: После dispatch: cmd=getClassInfo, data тип=table
2026-03-23 11:13:33.650 LOG 0: Запрос от C# 1 (req_id=16): {"id":16,"createdTime":1774253613387,"data":{"createdTime":1774253613387,"data":"OPTIDX","cmd":"getClassInfo"},"cmd":"getClassInfo"}
2026-03-23 11:13:33.700 LOG 1: После dispatch: cmd=getClassInfo, data тип=table
2026-03-23 11:13:33.750 LOG 0: Запрос от C# 1 (req_id=17): {"id":17,"createdTime":1774253613388,"data":{"createdTime":1774253613388,"data":"RTSIDX","cmd":"getClassInfo"},"cmd":"getClassInfo"}
2026-03-23 11:13:33.800 LOG 1: После dispatch: cmd=getClassInfo, data тип=table
2026-03-23 11:13:33.850 LOG 0: Запрос от C# 1 (req_id=18): {"id":18,"createdTime":1774253613389,"data":{"createdTime":1774253613389,"data":"EQRP_INFO","cmd":"getClassInfo"},"cmd":"getClassInfo"}
2026-03-23 11:13:33.900 LOG 1: После dispatch: cmd=getClassInfo, data тип=table
2026-03-23 11:13:33.950 LOG 0: Запрос от C# 1 (req_id=19): {"id":19,"createdTime":1774253613390,"data":{"createdTime":1774253613390,"data":"FUTCLT","cmd":"getClassInfo"},"cmd":"getClassInfo"}
2026-03-23 11:13:33.000 LOG 1: После dispatch: cmd=getClassInfo, data тип=table
2026-03-23 11:13:33.050 LOG 0: Запрос от C# 1 (req_id=20): {"id":20,"createdTime":1774253613391,"data":{"createdTime":1774253613391,"data":"SPBXM","cmd":"getClassInfo"},"cmd":"getClassInfo"}
2026-03-23 11:13:33.100 LOG 1: После dispatch: cmd=getClassInfo, data тип=table
2026-03-23 11:13:33.150 LOG 0: Запрос от C# 1 (req_id=21): {"id":21,"createdTime":1774253613391,"data":{"createdTime":1774253613391,"data":"SPBDE","cmd":"getClassInfo"},"cmd":"getClassInfo"}
2026-03-23 11:13:33.200 LOG 1: После dispatch: cmd=getClassInfo, data тип=table
2026-03-23 11:13:33.250 LOG 0: Запрос от C# 1 (req_id=22): {"id":22,"createdTime":1774253613392,"data":{"createdTime":1774253613392,"data":"SPBEQRU","cmd":"getClassInfo"},"cmd":"getClassInfo"}
2026-03-23 11:13:33.300 LOG 1: После dispatch: cmd=getClassInfo, data тип=table
2026-03-23 11:13:33.350 LOG 0: Запрос от C# 1 (req_id=23): {"id":23,"createdTime":1774253613394,"data":{"createdTime":1774253613393,"data":"SPBRU","cmd":"getClassInfo"},"cmd":"getClassInfo"}
2026-03-23 11:13:33.400 LOG 1: После dispatch: cmd=getClassInfo, data тип=table
2026-03-23 11:13:33.450 LOG 0: Запрос от C# 1 (req_id=24): {"id":24,"createdTime":1774253613396,"data":{"createdTime":1774253613396,"data":"SPBRUBND","cmd":"getClassInfo"},"cmd":"getClassInfo"}
2026-03-23 11:13:33.500 LOG 1: После dispatch: cmd=getClassInfo, data тип=table
2026-03-23 11:13:33.550 LOG 0: Запрос от C# 1 (req_id=25): {"id":25,"createdTime":1774253613400,"data":{"createdTime":1774253613400,"data":"SPBRU_USD","cmd":"getClassInfo"},"cmd":"getClassInfo"}
2026-03-23 11:13:33.600 LOG 1: После dispatch: cmd=getClassInfo, data тип=table
2026-03-23 11:13:33.650 LOG 0: Запрос от C# 1 (req_id=26): {"id":26,"createdTime":1774253613401,"data":{"createdTime":1774253613401,"data":"PSSPBRUBNDDO","cmd":"getClassInfo"},"cmd":"getClassInfo"}
2026-03-23 11:13:33.700 LOG 1: После dispatch: cmd=getClassInfo, data тип=table
2026-03-23 11:13:33.750 LOG 0: Запрос от C# 1 (req_id=27): {"id":27,"createdTime":1774253613402,"data":{"createdTime":1774253613402,"data":"REPORT","cmd":"getClassInfo"},"cmd":"getClassInfo"}
2026-03-23 11:13:33.800 LOG 1: После dispatch: cmd=getClassInfo, data тип=table
2026-03-23 11:13:33.850 LOG 0: Запрос от C# 1 (req_id=28): {"id":28,"createdTime":1774253613402,"data":{"createdTime":1774253613402,"data":"REPORTFORTS","cmd":"getClassInfo"},"cmd":"getClassInfo"}
2026-03-23 11:13:33.900 LOG 1: После dispatch: cmd=getClassInfo, data тип=table
2026-03-23 11:13:33.950 LOG 0: Запрос от C# 1 (req_id=29): {"id":29,"createdTime":1774253613403,"data":{"createdTime":1774253613403,"data":"VTB_OTC","cmd":"getClassInfo"},"cmd":"getClassInfo"}
2026-03-23 11:13:33.000 LOG 1: После dispatch: cmd=getClassInfo, data тип=table
2026-03-23 11:13:33.050 LOG 0: Запрос от C# 1 (req_id=30): {"id":30,"createdTime":1774253613404,"data":{"createdTime":1774253613404,"data":"CROSSRATE","cmd":"getClassInfo"},"cmd":"getClassInfo"}
2026-03-23 11:13:33.100 LOG 1: После dispatch: cmd=getClassInfo, data тип=table
2026-03-23 11:13:33.150 LOG 0: Запрос от C# 1 (req_id=31): {"id":31,"createdTime":1774253613404,"data":{"createdTime":1774253613404,"data":"QT_BN","cmd":"getClassInfo"},"cmd":"getClassInfo"}
2026-03-23 11:13:33.200 LOG 1: После dispatch: cmd=getClassInfo, data тип=table
2026-03-23 11:13:33.250 LOG 0: Запрос от C# 1 (req_id=32): {"id":32,"createdTime":1774253613405,"data":{"createdTime":1774253613405,"data":"INDX","cmd":"getClassInfo"},"cmd":"getClassInfo"}
2026-03-23 11:13:33.300 LOG 1: После dispatch: cmd=getClassInfo, data тип=table
2026-03-23 11:13:33.350 LOG 0: Запрос от C# 1 (req_id=33): {"id":33,"createdTime":1774253613406,"data":{"createdTime":1774253613406,"data":"TQIF_HOL","cmd":"getClassInfo"},"cmd":"getClassInfo"}
2026-03-23 11:13:33.400 LOG 1: После dispatch: cmd=getClassInfo, data тип=table
2026-03-23 11:13:33.450 LOG 0: Запрос от C# 1 (req_id=34): {"id":34,"createdTime":1774253613406,"data":{"createdTime":1774253613406,"data":"TQTF_HOL","cmd":"getClassInfo"},"cmd":"getClassInfo"}
2026-03-23 11:13:33.500 LOG 1: После dispatch: cmd=getClassInfo, data тип=table
2026-03-23 11:13:33.550 LOG 0: Запрос от C# 1 (req_id=35): {"id":35,"createdTime":1774253613407,"data":{"createdTime":1774253613407,"data":"TQTF_W_HOL","cmd":"getClassInfo"},"cmd":"getClassInfo"}
2026-03-23 11:13:33.600 LOG 1: После dispatch: cmd=getClassInfo, data тип=table
2026-03-23 11:13:33.650 LOG 0: Запрос от C# 1 (req_id=36): {"id":36,"createdTime":1774253613408,"data":{"createdTime":1774253613408,"data":"UP","cmd":"getClassInfo"},"cmd":"getClassInfo"}
2026-03-23 11:13:33.700 LOG 1: После dispatch: cmd=getClassInfo, data тип=table
2026-03-23 11:13:33.750 LOG 0: Запрос от C# 1 (req_id=37): {"id":37,"createdTime":1774253613409,"data":{"createdTime":1774253613409,"data":"CETS","cmd":"getClassInfo"},"cmd":"getClassInfo"}
2026-03-23 11:13:33.800 LOG 1: После dispatch: cmd=getClassInfo, data тип=table
2026-03-23 11:13:33.850 LOG 0: Запрос от C# 1 (req_id=38): {"id":38,"createdTime":1774253613413,"data":{"createdTime":1774253613413,"data":"CETS_MTL","cmd":"getClassInfo"},"cmd":"getClassInfo"}
2026-03-23 11:13:33.900 LOG 1: После dispatch: cmd=getClassInfo, data тип=table
2026-03-23 11:13:33.950 LOG 0: Запрос от C# 1 (req_id=39): {"id":39,"createdTime":1774253613414,"data":{"createdTime":1774253613414,"data":"TQFD","cmd":"getClassInfo"},"cmd":"getClassInfo"}
2026-03-23 11:13:33.000 LOG 1: После dispatch: cmd=getClassInfo, data тип=table
2026-03-23 11:13:33.050 LOG 0: Запрос от C# 1 (req_id=40): {"id":40,"createdTime":1774253613415,"data":{"createdTime":1774253613415,"data":"TQFE","cmd":"getClassInfo"},"cmd":"getClassInfo"}
2026-03-23 11:13:33.100 LOG 1: После dispatch: cmd=getClassInfo, data тип=table
2026-03-23 11:13:33.150 LOG 0: Запрос от C# 1 (req_id=41): {"id":41,"createdTime":1774253613416,"data":{"createdTime":1774253613416,"data":"OCTR","cmd":"getClassInfo"},"cmd":"getClassInfo"}
2026-03-23 11:13:33.200 LOG 1: После dispatch: cmd=getClassInfo, data тип=table
2026-03-23 11:13:33.250 LOG 0: Запрос от C# 1 (req_id=42): {"id":42,"createdTime":1774253613417,"data":{"createdTime":1774253613417,"data":"TQTY","cmd":"getClassInfo"},"cmd":"getClassInfo"}
2026-03-23 11:13:33.300 LOG 1: После dispatch: cmd=getClassInfo, data тип=table
2026-03-23 11:13:33.350 LOG 0: Запрос от C# 1 (req_id=43): {"id":43,"createdTime":1774253613418,"data":{"createdTime":1774253613418,"data":"MTQR","cmd":"getClassInfo"},"cmd":"getClassInfo"}
2026-03-23 11:13:33.400 LOG 1: После dispatch: cmd=getClassInfo, data тип=table
2026-03-23 11:13:33.450 LOG 0: Запрос от C# 1 (req_id=44): {"id":44,"createdTime":1774253613419,"data":{"createdTime":1774253613419,"data":"SMAL","cmd":"getClassInfo"},"cmd":"getClassInfo"}
2026-03-23 11:13:33.500 LOG 1: После dispatch: cmd=getClassInfo, data тип=table
2026-03-23 11:13:33.550 LOG 0: Запрос от C# 1 (req_id=45): {"id":45,"createdTime":1774253613419,"data":{"createdTime":1774253613419,"data":"TQBR","cmd":"getClassInfo"},"cmd":"getClassInfo"}
2026-03-23 11:13:33.600 LOG 1: После dispatch: cmd=getClassInfo, data тип=table
2026-03-23 11:13:33.650 LOG 0: Запрос от C# 1 (req_id=46): {"id":46,"createdTime":1774253613421,"data":{"createdTime":1774253613421,"data":"TQOB","cmd":"getClassInfo"},"cmd":"getClassInfo"}
2026-03-23 11:13:33.700 LOG 1: После dispatch: cmd=getClassInfo, data тип=table
2026-03-23 11:13:33.750 LOG 0: Запрос от C# 1 (req_id=47): {"id":47,"createdTime":1774253613425,"data":{"createdTime":1774253613425,"data":"TQIF","cmd":"getClassInfo"},"cmd":"getClassInfo"}
2026-03-23 11:13:33.800 LOG 1: После dispatch: cmd=getClassInfo, data тип=table
2026-03-23 11:13:33.850 LOG 0: Запрос от C# 1 (req_id=48): {"id":48,"createdTime":1774253613425,"data":{"createdTime":1774253613425,"data":"TQTF","cmd":"getClassInfo"},"cmd":"getClassInfo"}
2026-03-23 11:13:33.900 LOG 1: После dispatch: cmd=getClassInfo, data тип=table
2026-03-23 11:13:33.950 LOG 0: Запрос от C# 1 (req_id=49): {"id":49,"createdTime":1774253613426,"data":{"createdTime":1774253613426,"data":"TQTF_W","cmd":"getClassInfo"},"cmd":"getClassInfo"}
2026-03-23 11:13:33.000 LOG 1: После dispatch: cmd=getClassInfo, data тип=table
2026-03-23 11:13:33.050 LOG 0: Запрос от C# 1 (req_id=50): {"id":50,"createdTime":1774253613427,"data":{"createdTime":1774253613427,"data":"TQBD","cmd":"getClassInfo"},"cmd":"getClassInfo"}
2026-03-23 11:13:33.100 LOG 1: После dispatch: cmd=getClassInfo, data тип=table
2026-03-23 11:13:33.150 LOG 0: Запрос от C# 1 (req_id=51): {"id":51,"createdTime":1774253613427,"data":{"createdTime":1774253613427,"data":"TQTD","cmd":"getClassInfo"},"cmd":"getClassInfo"}
2026-03-23 11:13:33.200 LOG 1: После dispatch: cmd=getClassInfo, data тип=table
2026-03-23 11:13:33.250 LOG 0: Запрос от C# 1 (req_id=52): {"id":52,"createdTime":1774253613428,"data":{"createdTime":1774253613428,"data":"TQOD","cmd":"getClassInfo"},"cmd":"getClassInfo"}
2026-03-23 11:13:33.300 LOG 1: После dispatch: cmd=getClassInfo, data тип=table
2026-03-23 11:13:33.350 LOG 0: Запрос от C# 1 (req_id=53): {"id":53,"createdTime":1774253613429,"data":{"createdTime":1774253613429,"data":"TQOY","cmd":"getClassInfo"},"cmd":"getClassInfo"}
2026-03-23 11:13:33.400 LOG 1: После dispatch: cmd=getClassInfo, data тип=table
2026-03-23 11:13:33.450 LOG 0: Запрос от C# 1 (req_id=54): {"id":54,"createdTime":1774253613431,"data":{"createdTime":1774253613431,"data":"TQTF_F_HOL","cmd":"getClassInfo"},"cmd":"getClassInfo"}
2026-03-23 11:13:33.500 LOG 1: После dispatch: cmd=getClassInfo, data тип=table
2026-03-23 11:13:33.550 LOG 0: Запрос от C# 1 (req_id=55): {"id":55,"createdTime":1774253613431,"data":{"createdTime":1774253613431,"data":"EES_OTC","cmd":"getClassInfo"},"cmd":"getClassInfo"}
2026-03-23 11:13:33.600 LOG 1: После dispatch: cmd=getClassInfo, data тип=table
2026-03-23 11:13:33.650 LOG 0: Запрос от C# 1 (req_id=56): {"id":56,"createdTime":1774253613432,"data":{"createdTime":1774253613432,"data":"TQTF_F","cmd":"getClassInfo"},"cmd":"getClassInfo"}
2026-03-23 11:13:33.700 LOG 1: После dispatch: cmd=getClassInfo, data тип=table
2026-03-23 11:13:33.750 LOG 0: Запрос от C# 1 (req_id=57): {"id":57,"createdTime":1774253613433,"data":{"createdTime":1774253613433,"data":"SMS","cmd":"getClassInfo"},"cmd":"getClassInfo"}
2026-03-23 11:13:33.800 LOG 1: После dispatch: cmd=getClassInfo, data тип=table
2026-03-23 11:13:33.850 LOG 0: Запрос от C# 1 (req_id=58): {"id":58,"createdTime":1774253613434,"data":{"createdTime":1774253613434,"data":"ALGO_ICEBERG","cmd":"getClassInfo"},"cmd":"getClassInfo"}
2026-03-23 11:13:33.900 LOG 1: После dispatch: cmd=getClassInfo, data тип=table
2026-03-23 11:13:33.950 LOG 0: Запрос от C# 1 (req_id=59): {"id":59,"createdTime":1774253613434,"data":{"createdTime":1774253613434,"data":"ALGO_VOLATIL","cmd":"getClassInfo"},"cmd":"getClassInfo"}
2026-03-23 11:13:33.000 LOG 1: После dispatch: cmd=getClassInfo, data тип=table
2026-03-23 11:13:33.050 LOG 0: Запрос от C# 1 (req_id=60): {"id":60,"createdTime":1774253613435,"data":{"createdTime":1774253613435,"data":"ALGO_TWAP","cmd":"getClassInfo"},"cmd":"getClassInfo"}
2026-03-23 11:13:33.100 LOG 1: После dispatch: cmd=getClassInfo, data тип=table
2026-03-23 11:13:33.150 LOG 0: Запрос от C# 1 (req_id=61): {"id":61,"createdTime":1774253613436,"data":{"createdTime":1774253613436,"data":"ALGO_VWAP","cmd":"getClassInfo"},"cmd":"getClassInfo"}
2026-03-23 11:13:33.200 LOG 1: После dispatch: cmd=getClassInfo, data тип=table
2026-03-23 11:13:33.250 LOG 0: Запрос от C# 1 (req_id=62): {"id":62,"createdTime":1774253613437,"data":{"createdTime":1774253613437,"data":"ALGO_GTD","cmd":"getClassInfo"},"cmd":"getClassInfo"}
2026-03-23 11:13:33.300 LOG 1: После dispatch: cmd=getClassInfo, data тип=table
2026-03-23 11:13:33.350 LOG 0: Запрос от C# 1 (req_id=63): {"id":63,"createdTime":1774253613438,"data":{"createdTime":1774253613438,"data":"MPAU","cmd":"getClassInfo"},"cmd":"getClassInfo"}
2026-03-23 11:13:33.400 LOG 1: После dispatch: cmd=getClassInfo, data тип=table
2026-03-23 11:13:33.450 LOG 0: Запрос от C# 1 (req_id=64): {"id":64,"createdTime":1774253613439,"data":{"createdTime":1774253613439,"data":"PSAU_FREE","cmd":"getClassInfo"},"cmd":"getClassInfo"}
2026-03-23 11:13:33.500 LOG 1: После dispatch: cmd=getClassInfo, data тип=table
2026-03-23 11:13:33.550 LOG 0: Запрос от C# 1 (req_id=65): {"id":65,"createdTime":1774253613440,"data":{"createdTime":1774253613440,"data":"PSAU","cmd":"getClassInfo"},"cmd":"getClassInfo"}
2026-03-23 11:13:33.600 LOG 1: После dispatch: cmd=getClassInfo, data тип=table
2026-03-23 11:13:33.650 LOG 0: Запрос от C# 1 (req_id=66): {"id":66,"createdTime":1774253613442,"data":{"createdTime":1774253613442,"data":"PSSU","cmd":"getClassInfo"},"cmd":"getClassInfo"}
2026-03-23 11:13:33.700 LOG 1: После dispatch: cmd=getClassInfo, data тип=table
2026-03-23 11:13:33.750 LOG 0: Запрос от C# 1 (req_id=67): {"id":67,"createdTime":1774253613443,"data":{"createdTime":1774253613443,"data":"PSSU_YAD","cmd":"getClassInfo"},"cmd":"getClassInfo"}
2026-03-23 11:13:33.800 LOG 1: После dispatch: cmd=getClassInfo, data тип=table
2026-03-23 11:13:33.850 LOG 0: Запрос от C# 1 (req_id=68): {"id":68,"createdTime":1774253613444,"data":{"createdTime":1774253613444,"data":"PACY","cmd":"getClassInfo"},"cmd":"getClassInfo"}
2026-03-23 11:13:33.900 LOG 1: После dispatch: cmd=getClassInfo, data тип=table
2026-03-23 11:13:33.950 LOG 0: Запрос от C# 1 (req_id=69): {"id":69,"createdTime":1774253613444,"data":{"createdTime":1774253613444,"data":"QT_EQ","cmd":"getClassInfo"},"cmd":"getClassInfo"}
2026-03-23 11:13:33.000 LOG 1: После dispatch: cmd=getClassInfo, data тип=table
2026-03-23 11:13:33.050 LOG 0: Запрос от C# 1 (req_id=70): {"id":70,"createdTime":1774253613445,"data":{"createdTime":1774253613445,"data":"","cmd":"getClassesList"},"cmd":"getClassesList"}
2026-03-23 11:13:33.100 LOG 0: Р’С‹Р·РѕРІ getClassesList, req_id=?
2026-03-23 11:13:33.150 LOG 1: После dispatch: cmd=getClassesList, data тип=string
2026-03-23 11:13:33.200 LOG 0: Запрос от C# 1 (req_id=71): {"id":71,"createdTime":1774253613447,"data":{"createdTime":1774253613447,"data":"TQTE","cmd":"getClassSecurities"},"cmd":"getClassSecurities"}
2026-03-23 11:13:33.250 LOG 1: После dispatch: cmd=getClassSecurities, data тип=string
2026-03-23 11:13:33.300 LOG 0: Запрос от C# 1 (req_id=72): {"id":72,"createdTime":1774253613448,"data":{"createdTime":1774253613448,"data":"TQCB","cmd":"getClassSecurities"},"cmd":"getClassSecurities"}
2026-03-23 11:13:33.350 LOG 1: После dispatch: cmd=getClassSecurities, data тип=string
2026-03-23 11:13:33.400 LOG 0: Запрос от C# 1 (req_id=73): {"id":73,"createdTime":1774253613556,"data":{"createdTime":1774253613556,"data":"TQOE","cmd":"getClassSecurities"},"cmd":"getClassSecurities"}
2026-03-23 11:13:33.450 LOG 1: После dispatch: cmd=getClassSecurities, data тип=string
2026-03-23 11:13:33.500 LOG 0: Запрос от C# 1 (req_id=74): {"id":74,"createdTime":1774253613558,"data":{"createdTime":1774253613558,"data":"TQRD","cmd":"getClassSecurities"},"cmd":"getClassSecurities"}
2026-03-23 11:13:33.550 LOG 1: После dispatch: cmd=getClassSecurities, data тип=string
2026-03-23 11:13:33.600 LOG 0: Запрос от C# 1 (req_id=75): {"id":75,"createdTime":1774253613559,"data":{"createdTime":1774253613559,"data":"TQUD","cmd":"getClassSecurities"},"cmd":"getClassSecurities"}
2026-03-23 11:13:33.650 LOG 1: После dispatch: cmd=getClassSecurities, data тип=string
2026-03-23 11:13:33.700 LOG 0: Запрос от C# 1 (req_id=76): {"id":76,"createdTime":1774253613560,"data":{"createdTime":1774253613560,"data":"TQED","cmd":"getClassSecurities"},"cmd":"getClassSecurities"}
2026-03-23 11:13:33.750 LOG 1: После dispatch: cmd=getClassSecurities, data тип=string
2026-03-23 11:13:33.800 LOG 0: Запрос от C# 1 (req_id=77): {"id":77,"createdTime":1774253613561,"data":{"createdTime":1774253613561,"data":"FQBR","cmd":"getClassSecurities"},"cmd":"getClassSecurities"}
2026-03-23 11:13:33.850 LOG 1: После dispatch: cmd=getClassSecurities, data тип=string
2026-03-23 11:13:33.900 LOG 0: Запрос от C# 1 (req_id=78): {"id":78,"createdTime":1774253613561,"data":{"createdTime":1774253613561,"data":"SPBFUT","cmd":"getClassSecurities"},"cmd":"getClassSecurities"}
2026-03-23 11:13:33.950 LOG 1: После dispatch: cmd=getClassSecurities, data тип=string
2026-03-23 11:13:33.000 LOG 0: Запрос от C# 1 (req_id=79): {"id":79,"createdTime":1774253613565,"data":{"createdTime":1774253613565,"data":"SPBOPT","cmd":"getClassSecurities"},"cmd":"getClassSecurities"}
2026-03-23 11:13:33.050 LOG 1: После dispatch: cmd=getClassSecurities, data тип=string
2026-03-23 11:13:33.100 LOG 0: Запрос от C# 1 (req_id=80): {"id":80,"createdTime":1774253613850,"data":{"createdTime":1774253613850,"data":"USDRUB","cmd":"getClassSecurities"},"cmd":"getClassSecurities"}
2026-03-23 11:13:33.150 LOG 1: После dispatch: cmd=getClassSecurities, data тип=string
2026-03-23 11:13:33.200 LOG 0: Запрос от C# 1 (req_id=81): {"id":81,"createdTime":1774253613853,"data":{"createdTime":1774253613853,"data":"OPTSPOT","cmd":"getClassSecurities"},"cmd":"getClassSecurities"}
2026-03-23 11:13:33.250 LOG 1: После dispatch: cmd=getClassSecurities, data тип=string
2026-03-23 11:13:34.050 LOG 0: Запрос от C# 1 (req_id=82): {"id":82,"createdTime":1774253614238,"data":{"createdTime":1774253614238,"data":"OPTCURNCY","cmd":"getClassSecurities"},"cmd":"getClassSecurities"}
2026-03-23 11:13:34.100 LOG 1: После dispatch: cmd=getClassSecurities, data тип=string
2026-03-23 11:13:34.150 LOG 0: Запрос от C# 1 (req_id=83): {"id":83,"createdTime":1774253614242,"data":{"createdTime":1774253614242,"data":"OPTCOMDTY","cmd":"getClassSecurities"},"cmd":"getClassSecurities"}
2026-03-23 11:13:34.200 LOG 1: После dispatch: cmd=getClassSecurities, data тип=string
2026-03-23 11:13:34.250 LOG 0: Запрос от C# 1 (req_id=84): {"id":84,"createdTime":1774253614254,"data":{"createdTime":1774253614254,"data":"OPTIDX","cmd":"getClassSecurities"},"cmd":"getClassSecurities"}
2026-03-23 11:13:34.300 LOG 1: После dispatch: cmd=getClassSecurities, data тип=string
2026-03-23 11:13:34.350 LOG 0: Запрос от C# 1 (req_id=85): {"id":85,"createdTime":1774253614289,"data":{"createdTime":1774253614289,"data":"RTSIDX","cmd":"getClassSecurities"},"cmd":"getClassSecurities"}
2026-03-23 11:13:34.400 LOG 1: После dispatch: cmd=getClassSecurities, data тип=string
2026-03-23 11:13:34.450 LOG 0: Запрос от C# 1 (req_id=86): {"id":86,"createdTime":1774253614302,"data":{"createdTime":1774253614302,"data":"EQRP_INFO","cmd":"getClassSecurities"},"cmd":"getClassSecurities"}
2026-03-23 11:13:34.500 LOG 1: После dispatch: cmd=getClassSecurities, data тип=string
2026-03-23 11:13:34.550 LOG 0: Запрос от C# 1 (req_id=87): {"id":87,"createdTime":1774253614425,"data":{"createdTime":1774253614425,"data":"FUTCLT","cmd":"getClassSecurities"},"cmd":"getClassSecurities"}
2026-03-23 11:13:34.600 LOG 1: После dispatch: cmd=getClassSecurities, data тип=string
2026-03-23 11:13:34.650 LOG 0: Запрос от C# 1 (req_id=88): {"id":88,"createdTime":1774253614427,"data":{"createdTime":1774253614427,"data":"SPBXM","cmd":"getClassSecurities"},"cmd":"getClassSecurities"}
2026-03-23 11:13:34.700 LOG 1: После dispatch: cmd=getClassSecurities, data тип=string
2026-03-23 11:13:34.750 LOG 0: Запрос от C# 1 (req_id=89): {"id":89,"createdTime":1774253614452,"data":{"createdTime":1774253614452,"data":"SPBDE","cmd":"getClassSecurities"},"cmd":"getClassSecurities"}
2026-03-23 11:13:34.800 LOG 1: После dispatch: cmd=getClassSecurities, data тип=string
2026-03-23 11:13:34.850 LOG 0: Запрос от C# 1 (req_id=90): {"id":90,"createdTime":1774253614454,"data":{"createdTime":1774253614454,"data":"SPBEQRU","cmd":"getClassSecurities"},"cmd":"getClassSecurities"}
2026-03-23 11:13:34.900 LOG 1: После dispatch: cmd=getClassSecurities, data тип=string
2026-03-23 11:13:34.950 LOG 0: Запрос от C# 1 (req_id=91): {"id":91,"createdTime":1774253614455,"data":{"createdTime":1774253614455,"data":"SPBRU","cmd":"getClassSecurities"},"cmd":"getClassSecurities"}
2026-03-23 11:13:34.000 LOG 1: После dispatch: cmd=getClassSecurities, data тип=string
2026-03-23 11:13:34.050 LOG 0: Запрос от C# 1 (req_id=92): {"id":92,"createdTime":1774253614459,"data":{"createdTime":1774253614459,"data":"SPBRUBND","cmd":"getClassSecurities"},"cmd":"getClassSecurities"}
2026-03-23 11:13:34.100 LOG 1: После dispatch: cmd=getClassSecurities, data тип=string
2026-03-23 11:13:34.150 LOG 0: Запрос от C# 1 (req_id=93): {"id":93,"createdTime":1774253614462,"data":{"createdTime":1774253614462,"data":"SPBRU_USD","cmd":"getClassSecurities"},"cmd":"getClassSecurities"}
2026-03-23 11:13:34.200 LOG 1: После dispatch: cmd=getClassSecurities, data тип=string
2026-03-23 11:13:34.250 LOG 0: Запрос от C# 1 (req_id=94): {"id":94,"createdTime":1774253614463,"data":{"createdTime":1774253614463,"data":"PSSPBRUBNDDO","cmd":"getClassSecurities"},"cmd":"getClassSecurities"}
2026-03-23 11:13:34.300 LOG 1: После dispatch: cmd=getClassSecurities, data тип=string
2026-03-23 11:13:34.350 LOG 0: Запрос от C# 1 (req_id=95): {"id":95,"createdTime":1774253614464,"data":{"createdTime":1774253614464,"data":"REPORT","cmd":"getClassSecurities"},"cmd":"getClassSecurities"}
2026-03-23 11:13:34.400 LOG 1: После dispatch: cmd=getClassSecurities, data тип=string
2026-03-23 11:13:34.450 LOG 0: Запрос от C# 1 (req_id=96): {"id":96,"createdTime":1774253614465,"data":{"createdTime":1774253614464,"data":"REPORTFORTS","cmd":"getClassSecurities"},"cmd":"getClassSecurities"}
2026-03-23 11:13:34.500 LOG 1: После dispatch: cmd=getClassSecurities, data тип=string
2026-03-23 11:13:34.550 LOG 0: Запрос от C# 1 (req_id=97): {"id":97,"createdTime":1774253614465,"data":{"createdTime":1774253614465,"data":"VTB_OTC","cmd":"getClassSecurities"},"cmd":"getClassSecurities"}
2026-03-23 11:13:34.600 LOG 1: После dispatch: cmd=getClassSecurities, data тип=string
2026-03-23 11:13:34.650 LOG 0: Запрос от C# 1 (req_id=98): {"id":98,"createdTime":1774253614466,"data":{"createdTime":1774253614466,"data":"CROSSRATE","cmd":"getClassSecurities"},"cmd":"getClassSecurities"}
2026-03-23 11:13:34.700 LOG 1: После dispatch: cmd=getClassSecurities, data тип=string
2026-03-23 11:13:34.750 LOG 0: Запрос от C# 1 (req_id=99): {"id":99,"createdTime":1774253614469,"data":{"createdTime":1774253614469,"data":"QT_BN","cmd":"getClassSecurities"},"cmd":"getClassSecurities"}
2026-03-23 11:13:34.800 LOG 1: После dispatch: cmd=getClassSecurities, data тип=string
2026-03-23 11:13:34.850 LOG 0: Запрос от C# 1 (req_id=100): {"id":100,"createdTime":1774253614470,"data":{"createdTime":1774253614470,"data":"INDX","cmd":"getClassSecurities"},"cmd":"getClassSecurities"}
2026-03-23 11:13:34.900 LOG 1: После dispatch: cmd=getClassSecurities, data тип=string
2026-03-23 11:13:34.950 LOG 0: Запрос от C# 1 (req_id=101): {"id":101,"createdTime":1774253614472,"data":{"createdTime":1774253614472,"data":"TQIF_HOL","cmd":"getClassSecurities"},"cmd":"getClassSecurities"}
2026-03-23 11:13:34.000 LOG 1: После dispatch: cmd=getClassSecurities, data тип=string
2026-03-23 11:13:34.050 LOG 0: Запрос от C# 1 (req_id=102): {"id":102,"createdTime":1774253614476,"data":{"createdTime":1774253614476,"data":"TQTF_HOL","cmd":"getClassSecurities"},"cmd":"getClassSecurities"}
2026-03-23 11:13:34.100 LOG 1: После dispatch: cmd=getClassSecurities, data тип=string
2026-03-23 11:13:34.150 LOG 0: Запрос от C# 1 (req_id=103): {"id":103,"createdTime":1774253614477,"data":{"createdTime":1774253614477,"data":"TQTF_W_HOL","cmd":"getClassSecurities"},"cmd":"getClassSecurities"}
2026-03-23 11:13:34.200 LOG 1: После dispatch: cmd=getClassSecurities, data тип=string
2026-03-23 11:13:34.250 LOG 0: Запрос от C# 1 (req_id=104): {"id":104,"createdTime":1774253614478,"data":{"createdTime":1774253614478,"data":"UP","cmd":"getClassSecurities"},"cmd":"getClassSecurities"}
2026-03-23 11:13:34.300 LOG 1: После dispatch: cmd=getClassSecurities, data тип=string
2026-03-23 11:13:34.350 LOG 0: Запрос от C# 1 (req_id=105): {"id":105,"createdTime":1774253614478,"data":{"createdTime":1774253614478,"data":"CETS","cmd":"getClassSecurities"},"cmd":"getClassSecurities"}
2026-03-23 11:13:34.400 LOG 1: После dispatch: cmd=getClassSecurities, data тип=string
2026-03-23 11:13:34.450 LOG 0: Запрос от C# 1 (req_id=106): {"id":106,"createdTime":1774253614483,"data":{"createdTime":1774253614483,"data":"CETS_MTL","cmd":"getClassSecurities"},"cmd":"getClassSecurities"}
2026-03-23 11:13:34.500 LOG 1: После dispatch: cmd=getClassSecurities, data тип=string
2026-03-23 11:13:34.550 LOG 0: Запрос от C# 1 (req_id=107): {"id":107,"createdTime":1774253614484,"data":{"createdTime":1774253614484,"data":"TQFD","cmd":"getClassSecurities"},"cmd":"getClassSecurities"}
2026-03-23 11:13:34.600 LOG 1: После dispatch: cmd=getClassSecurities, data тип=string
2026-03-23 11:13:34.650 LOG 0: Запрос от C# 1 (req_id=108): {"id":108,"createdTime":1774253614485,"data":{"createdTime":1774253614485,"data":"TQFE","cmd":"getClassSecurities"},"cmd":"getClassSecurities"}
2026-03-23 11:13:34.700 LOG 1: После dispatch: cmd=getClassSecurities, data тип=string
2026-03-23 11:13:34.750 LOG 0: Запрос от C# 1 (req_id=109): {"id":109,"createdTime":1774253614486,"data":{"createdTime":1774253614486,"data":"OCTR","cmd":"getClassSecurities"},"cmd":"getClassSecurities"}
2026-03-23 11:13:34.800 LOG 1: После dispatch: cmd=getClassSecurities, data тип=string
2026-03-23 11:13:34.850 LOG 0: Запрос от C# 1 (req_id=110): {"id":110,"createdTime":1774253614503,"data":{"createdTime":1774253614503,"data":"TQTY","cmd":"getClassSecurities"},"cmd":"getClassSecurities"}
2026-03-23 11:13:34.900 LOG 1: После dispatch: cmd=getClassSecurities, data тип=string
2026-03-23 11:13:34.950 LOG 0: Запрос от C# 1 (req_id=111): {"id":111,"createdTime":1774253614503,"data":{"createdTime":1774253614503,"data":"MTQR","cmd":"getClassSecurities"},"cmd":"getClassSecurities"}
2026-03-23 11:13:34.000 LOG 1: После dispatch: cmd=getClassSecurities, data тип=string
2026-03-23 11:13:34.050 LOG 0: Запрос от C# 1 (req_id=112): {"id":112,"createdTime":1774253614513,"data":{"createdTime":1774253614513,"data":"SMAL","cmd":"getClassSecurities"},"cmd":"getClassSecurities"}
2026-03-23 11:13:34.100 LOG 1: После dispatch: cmd=getClassSecurities, data тип=string
2026-03-23 11:13:34.150 LOG 0: Запрос от C# 1 (req_id=113): {"id":113,"createdTime":1774253614516,"data":{"createdTime":1774253614516,"data":"TQBR","cmd":"getClassSecurities"},"cmd":"getClassSecurities"}
2026-03-23 11:13:34.200 LOG 1: После dispatch: cmd=getClassSecurities, data тип=string
2026-03-23 11:13:34.250 LOG 0: Запрос от C# 1 (req_id=114): {"id":114,"createdTime":1774253614518,"data":{"createdTime":1774253614518,"data":"TQOB","cmd":"getClassSecurities"},"cmd":"getClassSecurities"}
2026-03-23 11:13:34.300 LOG 1: После dispatch: cmd=getClassSecurities, data тип=string
2026-03-23 11:13:34.350 LOG 0: Запрос от C# 1 (req_id=115): {"id":115,"createdTime":1774253614520,"data":{"createdTime":1774253614520,"data":"TQIF","cmd":"getClassSecurities"},"cmd":"getClassSecurities"}
2026-03-23 11:13:34.400 LOG 1: После dispatch: cmd=getClassSecurities, data тип=string
2026-03-23 11:13:34.450 LOG 0: Запрос от C# 1 (req_id=116): {"id":116,"createdTime":1774253614522,"data":{"createdTime":1774253614522,"data":"TQTF","cmd":"getClassSecurities"},"cmd":"getClassSecurities"}
2026-03-23 11:13:34.500 LOG 1: После dispatch: cmd=getClassSecurities, data тип=string
2026-03-23 11:13:34.550 LOG 0: Запрос от C# 1 (req_id=117): {"id":117,"createdTime":1774253614523,"data":{"createdTime":1774253614523,"data":"TQTF_W","cmd":"getClassSecurities"},"cmd":"getClassSecurities"}
2026-03-23 11:13:34.600 LOG 1: После dispatch: cmd=getClassSecurities, data тип=string
2026-03-23 11:13:34.650 LOG 0: Запрос от C# 1 (req_id=118): {"id":118,"createdTime":1774253614524,"data":{"createdTime":1774253614524,"data":"TQBD","cmd":"getClassSecurities"},"cmd":"getClassSecurities"}
2026-03-23 11:13:34.700 LOG 1: После dispatch: cmd=getClassSecurities, data тип=string
2026-03-23 11:13:34.750 LOG 0: Запрос от C# 1 (req_id=119): {"id":119,"createdTime":1774253614524,"data":{"createdTime":1774253614524,"data":"TQTD","cmd":"getClassSecurities"},"cmd":"getClassSecurities"}
2026-03-23 11:13:34.800 LOG 1: После dispatch: cmd=getClassSecurities, data тип=string
2026-03-23 11:13:34.850 LOG 0: Запрос от C# 1 (req_id=120): {"id":120,"createdTime":1774253614525,"data":{"createdTime":1774253614525,"data":"TQOD","cmd":"getClassSecurities"},"cmd":"getClassSecurities"}
2026-03-23 11:13:34.900 LOG 1: После dispatch: cmd=getClassSecurities, data тип=string
2026-03-23 11:13:34.950 LOG 0: Запрос от C# 1 (req_id=121): {"id":121,"createdTime":1774253614527,"data":{"createdTime":1774253614527,"data":"TQOY","cmd":"getClassSecurities"},"cmd":"getClassSecurities"}
2026-03-23 11:13:34.000 LOG 1: После dispatch: cmd=getClassSecurities, data тип=string
2026-03-23 11:13:34.050 LOG 0: Запрос от C# 1 (req_id=122): {"id":122,"createdTime":1774253614529,"data":{"createdTime":1774253614529,"data":"TQTF_F_HOL","cmd":"getClassSecurities"},"cmd":"getClassSecurities"}
2026-03-23 11:13:34.100 LOG 1: После dispatch: cmd=getClassSecurities, data тип=string
2026-03-23 11:13:34.150 LOG 0: Запрос от C# 1 (req_id=123): {"id":123,"createdTime":1774253614529,"data":{"createdTime":1774253614529,"data":"EES_OTC","cmd":"getClassSecurities"},"cmd":"getClassSecurities"}
2026-03-23 11:13:34.200 LOG 1: После dispatch: cmd=getClassSecurities, data тип=string
2026-03-23 11:13:34.250 LOG 0: Запрос от C# 1 (req_id=124): {"id":124,"createdTime":1774253614530,"data":{"createdTime":1774253614530,"data":"TQTF_F","cmd":"getClassSecurities"},"cmd":"getClassSecurities"}
2026-03-23 11:13:34.300 LOG 1: После dispatch: cmd=getClassSecurities, data тип=string
2026-03-23 11:13:34.350 LOG 0: Запрос от C# 1 (req_id=125): {"id":125,"createdTime":1774253614530,"data":{"createdTime":1774253614530,"data":"SMS","cmd":"getClassSecurities"},"cmd":"getClassSecurities"}
2026-03-23 11:13:34.400 LOG 1: После dispatch: cmd=getClassSecurities, data тип=string
2026-03-23 11:13:34.450 LOG 0: Запрос от C# 1 (req_id=126): {"id":126,"createdTime":1774253614531,"data":{"createdTime":1774253614531,"data":"ALGO_ICEBERG","cmd":"getClassSecurities"},"cmd":"getClassSecurities"}
2026-03-23 11:13:34.500 LOG 1: После dispatch: cmd=getClassSecurities, data тип=string
2026-03-23 11:13:34.550 LOG 0: Запрос от C# 1 (req_id=127): {"id":127,"createdTime":1774253614533,"data":{"createdTime":1774253614533,"data":"ALGO_VOLATIL","cmd":"getClassSecurities"},"cmd":"getClassSecurities"}
2026-03-23 11:13:34.600 LOG 1: После dispatch: cmd=getClassSecurities, data тип=string
2026-03-23 11:13:34.650 LOG 0: Запрос от C# 1 (req_id=128): {"id":128,"createdTime":1774253614535,"data":{"createdTime":1774253614535,"data":"ALGO_TWAP","cmd":"getClassSecurities"},"cmd":"getClassSecurities"}
2026-03-23 11:13:34.700 LOG 1: После dispatch: cmd=getClassSecurities, data тип=string
2026-03-23 11:13:34.750 LOG 0: Запрос от C# 1 (req_id=129): {"id":129,"createdTime":1774253614535,"data":{"createdTime":1774253614535,"data":"ALGO_VWAP","cmd":"getClassSecurities"},"cmd":"getClassSecurities"}
2026-03-23 11:13:34.800 LOG 1: После dispatch: cmd=getClassSecurities, data тип=string
2026-03-23 11:13:34.850 LOG 0: Запрос от C# 1 (req_id=130): {"id":130,"createdTime":1774253614536,"data":{"createdTime":1774253614536,"data":"ALGO_GTD","cmd":"getClassSecurities"},"cmd":"getClassSecurities"}
2026-03-23 11:13:34.900 LOG 1: После dispatch: cmd=getClassSecurities, data тип=string
2026-03-23 11:13:34.950 LOG 0: Запрос от C# 1 (req_id=131): {"id":131,"createdTime":1774253614536,"data":{"createdTime":1774253614536,"data":"MPAU","cmd":"getClassSecurities"},"cmd":"getClassSecurities"}
2026-03-23 11:13:34.000 LOG 1: После dispatch: cmd=getClassSecurities, data тип=string
2026-03-23 11:13:34.050 LOG 0: Запрос от C# 1 (req_id=132): {"id":132,"createdTime":1774253614537,"data":{"createdTime":1774253614537,"data":"PSAU_FREE","cmd":"getClassSecurities"},"cmd":"getClassSecurities"}
2026-03-23 11:13:34.100 LOG 1: После dispatch: cmd=getClassSecurities, data тип=string
2026-03-23 11:13:34.150 LOG 0: Запрос от C# 1 (req_id=133): {"id":133,"createdTime":1774253614537,"data":{"createdTime":1774253614537,"data":"PSAU","cmd":"getClassSecurities"},"cmd":"getClassSecurities"}
2026-03-23 11:13:34.200 LOG 1: После dispatch: cmd=getClassSecurities, data тип=string
2026-03-23 11:13:34.250 LOG 0: Запрос от C# 1 (req_id=134): {"id":134,"createdTime":1774253614539,"data":{"createdTime":1774253614539,"data":"PSSU","cmd":"getClassSecurities"},"cmd":"getClassSecurities"}
2026-03-23 11:13:34.300 LOG 1: После dispatch: cmd=getClassSecurities, data тип=string
2026-03-23 11:13:34.350 LOG 0: Запрос от C# 1 (req_id=135): {"id":135,"createdTime":1774253614540,"data":{"createdTime":1774253614540,"data":"PSSU_YAD","cmd":"getClassSecurities"},"cmd":"getClassSecurities"}
2026-03-23 11:13:34.400 LOG 1: После dispatch: cmd=getClassSecurities, data тип=string
2026-03-23 11:13:34.450 LOG 0: Запрос от C# 1 (req_id=136): {"id":136,"createdTime":1774253614540,"data":{"createdTime":1774253614540,"data":"PACY","cmd":"getClassSecurities"},"cmd":"getClassSecurities"}
2026-03-23 11:13:34.500 LOG 1: После dispatch: cmd=getClassSecurities, data тип=string
2026-03-23 11:13:34.550 LOG 0: Запрос от C# 1 (req_id=137): {"id":137,"createdTime":1774253614540,"data":{"createdTime":1774253614540,"data":"QT_EQ","cmd":"getClassSecurities"},"cmd":"getClassSecurities"}
2026-03-23 11:13:34.600 LOG 1: После dispatch: cmd=getClassSecurities, data тип=string
2026-03-23 11:13:34.650 LOG 0: Запрос от C# 1 (req_id=138): {"id":138,"createdTime":1774253614544,"data":{"createdTime":1774253614544,"data":"SPBFUT|RIM6","cmd":"getSecurityInfo"},"cmd":"getSecurityInfo"}
2026-03-23 11:13:34.700 LOG 1: После dispatch: cmd=getSecurityInfo, data тип=table
2026-03-23 11:13:34.750 LOG 0: Запрос от C# 1 (req_id=139): {"id":139,"createdTime":1774253614565,"data":{"createdTime":1774253614565,"data":"TQBR|LKOH","cmd":"getSecurityInfo"},"cmd":"getSecurityInfo"}
2026-03-23 11:13:34.800 LOG 1: После dispatch: cmd=getSecurityInfo, data тип=table
2026-03-23 11:13:34.850 LOG 0: Запрос от C# 1 (req_id=140): {"id":140,"createdTime":1774253614569,"data":{"createdTime":1774253614569,"data":"","cmd":"isConnected"},"cmd":"isConnected"}
2026-03-23 11:13:34.950 LOG 1: После dispatch: cmd=isConnected, data тип=string
2026-03-23 11:13:34.000 LOG 0: Запрос от C# 1 (req_id=141): {"id":141,"createdTime":1774253614573,"data":{"createdTime":1774253614573,"data":"","cmd":"getWorkingFolder"},"cmd":"getWorkingFolder"}
2026-03-23 11:13:34.100 LOG 1: После dispatch: cmd=getWorkingFolder, data тип=string
2026-03-23 11:13:34.150 LOG 0: Запрос от C# 1 (req_id=142): {"id":142,"createdTime":1774253614578,"data":{"createdTime":1774253614578,"data":"","cmd":"getScriptPath"},"cmd":"getScriptPath"}
2026-03-23 11:13:34.250 LOG 1: После dispatch: cmd=getScriptPath, data тип=string
2026-03-23 11:13:34.300 LOG 0: Запрос от C# 1 (req_id=143): {"id":143,"createdTime":1774253614580,"data":{"createdTime":1774253614580,"data":"VERSION","cmd":"getInfoParam"},"cmd":"getInfoParam"}
2026-03-23 11:13:34.400 LOG 1: После dispatch: cmd=getInfoParam, data тип=string
2026-03-23 11:13:34.450 LOG 0: Запрос от C# 1 (req_id=144): {"id":144,"createdTime":1774253614581,"data":{"createdTime":1774253614581,"data":"TRADEDATE","cmd":"getInfoParam"},"cmd":"getInfoParam"}
2026-03-23 11:13:34.550 LOG 1: После dispatch: cmd=getInfoParam, data тип=string
2026-03-23 11:13:34.600 LOG 0: Запрос от C# 1 (req_id=145): {"id":145,"createdTime":1774253614582,"data":{"createdTime":1774253614582,"data":"SERVERTIME","cmd":"getInfoParam"},"cmd":"getInfoParam"}
2026-03-23 11:13:34.700 LOG 1: После dispatch: cmd=getInfoParam, data тип=string
2026-03-23 11:13:34.750 LOG 0: Запрос от C# 1 (req_id=146): {"id":146,"createdTime":1774253614582,"data":{"createdTime":1774253614582,"data":"LASTRECORDTIME","cmd":"getInfoParam"},"cmd":"getInfoParam"}
2026-03-23 11:13:34.850 LOG 1: После dispatch: cmd=getInfoParam, data тип=string
2026-03-23 11:13:34.900 LOG 0: Запрос от C# 1 (req_id=147): {"id":147,"createdTime":1774253614583,"data":{"createdTime":1774253614583,"data":"NUMRECORDS","cmd":"getInfoParam"},"cmd":"getInfoParam"}
2026-03-23 11:13:34.000 LOG 1: После dispatch: cmd=getInfoParam, data тип=string
2026-03-23 11:13:34.050 LOG 0: Запрос от C# 1 (req_id=148): {"id":148,"createdTime":1774253614584,"data":{"createdTime":1774253614584,"data":"LASTRECORD","cmd":"getInfoParam"},"cmd":"getInfoParam"}
2026-03-23 11:13:34.150 LOG 1: После dispatch: cmd=getInfoParam, data тип=string
2026-03-23 11:13:34.200 LOG 0: Запрос от C# 1 (req_id=149): {"id":149,"createdTime":1774253614585,"data":{"createdTime":1774253614585,"data":"LATERECORD","cmd":"getInfoParam"},"cmd":"getInfoParam"}
2026-03-23 11:13:34.300 LOG 1: После dispatch: cmd=getInfoParam, data тип=string
2026-03-23 11:13:34.350 LOG 0: Запрос от C# 1 (req_id=150): {"id":150,"createdTime":1774253614586,"data":{"createdTime":1774253614586,"data":"CONNECTION","cmd":"getInfoParam"},"cmd":"getInfoParam"}
2026-03-23 11:13:34.450 LOG 1: После dispatch: cmd=getInfoParam, data тип=string
2026-03-23 11:13:34.500 LOG 0: Запрос от C# 1 (req_id=151): {"id":151,"createdTime":1774253614587,"data":{"createdTime":1774253614587,"data":"IPADDRESS","cmd":"getInfoParam"},"cmd":"getInfoParam"}
2026-03-23 11:13:34.600 LOG 1: После dispatch: cmd=getInfoParam, data тип=string
2026-03-23 11:13:34.650 LOG 0: Запрос от C# 1 (req_id=152): {"id":152,"createdTime":1774253614587,"data":{"createdTime":1774253614587,"data":"IPPORT","cmd":"getInfoParam"},"cmd":"getInfoParam"}
2026-03-23 11:13:34.750 LOG 1: После dispatch: cmd=getInfoParam, data тип=string
2026-03-23 11:13:34.800 LOG 0: Запрос от C# 1 (req_id=153): {"id":153,"createdTime":1774253614588,"data":{"createdTime":1774253614588,"data":"IPCOMMENT","cmd":"getInfoParam"},"cmd":"getInfoParam"}
2026-03-23 11:13:34.900 LOG 1: После dispatch: cmd=getInfoParam, data тип=string
2026-03-23 11:13:34.950 LOG 0: Запрос от C# 1 (req_id=154): {"id":154,"createdTime":1774253614590,"data":{"createdTime":1774253614590,"data":"SERVER","cmd":"getInfoParam"},"cmd":"getInfoParam"}
2026-03-23 11:13:34.050 LOG 1: После dispatch: cmd=getInfoParam, data тип=string
2026-03-23 11:13:34.100 LOG 0: Запрос от C# 1 (req_id=155): {"id":155,"createdTime":1774253614590,"data":{"createdTime":1774253614590,"data":"SESSIONID","cmd":"getInfoParam"},"cmd":"getInfoParam"}
2026-03-23 11:13:34.200 LOG 1: После dispatch: cmd=getInfoParam, data тип=string
2026-03-23 11:13:34.250 LOG 0: Запрос от C# 1 (req_id=156): {"id":156,"createdTime":1774253614593,"data":{"createdTime":1774253614593,"data":"USER","cmd":"getInfoParam"},"cmd":"getInfoParam"}
2026-03-23 11:13:34.350 LOG 1: После dispatch: cmd=getInfoParam, data тип=string
2026-03-23 11:13:34.400 LOG 0: Запрос от C# 1 (req_id=157): {"id":157,"createdTime":1774253614594,"data":{"createdTime":1774253614594,"data":"USERID","cmd":"getInfoParam"},"cmd":"getInfoParam"}
2026-03-23 11:13:34.500 LOG 1: После dispatch: cmd=getInfoParam, data тип=string
2026-03-23 11:13:34.550 LOG 0: Запрос от C# 1 (req_id=158): {"id":158,"createdTime":1774253614594,"data":{"createdTime":1774253614594,"data":"ORG","cmd":"getInfoParam"},"cmd":"getInfoParam"}
2026-03-23 11:13:34.650 LOG 1: После dispatch: cmd=getInfoParam, data тип=string
2026-03-23 11:13:34.700 LOG 0: Запрос от C# 1 (req_id=159): {"id":159,"createdTime":1774253614595,"data":{"createdTime":1774253614595,"data":"MEMORY","cmd":"getInfoParam"},"cmd":"getInfoParam"}
2026-03-23 11:13:34.800 LOG 1: После dispatch: cmd=getInfoParam, data тип=string
2026-03-23 11:13:34.850 LOG 0: Запрос от C# 1 (req_id=160): {"id":160,"createdTime":1774253614595,"data":{"createdTime":1774253614595,"data":"LOCALTIME","cmd":"getInfoParam"},"cmd":"getInfoParam"}
2026-03-23 11:13:34.950 LOG 1: После dispatch: cmd=getInfoParam, data тип=string
2026-03-23 11:13:34.000 LOG 0: Запрос от C# 1 (req_id=161): {"id":161,"createdTime":1774253614596,"data":{"createdTime":1774253614596,"data":"CONNECTIONTIME","cmd":"getInfoParam"},"cmd":"getInfoParam"}
2026-03-23 11:13:34.100 LOG 1: После dispatch: cmd=getInfoParam, data тип=string
2026-03-23 11:13:34.150 LOG 0: Запрос от C# 1 (req_id=162): {"id":162,"createdTime":1774253614596,"data":{"createdTime":1774253614596,"data":"MESSAGESSENT","cmd":"getInfoParam"},"cmd":"getInfoParam"}
2026-03-23 11:13:34.250 LOG 1: После dispatch: cmd=getInfoParam, data тип=string
2026-03-23 11:13:34.300 LOG 0: Запрос от C# 1 (req_id=163): {"id":163,"createdTime":1774253614597,"data":{"createdTime":1774253614597,"data":"ALLSENT","cmd":"getInfoParam"},"cmd":"getInfoParam"}
2026-03-23 11:13:34.400 LOG 1: После dispatch: cmd=getInfoParam, data тип=string
2026-03-23 11:13:34.450 LOG 0: Запрос от C# 1 (req_id=164): {"id":164,"createdTime":1774253614597,"data":{"createdTime":1774253614597,"data":"BYTESSENT","cmd":"getInfoParam"},"cmd":"getInfoParam"}
2026-03-23 11:13:34.550 LOG 1: После dispatch: cmd=getInfoParam, data тип=string
2026-03-23 11:13:34.600 LOG 0: Запрос от C# 1 (req_id=165): {"id":165,"createdTime":1774253614599,"data":{"createdTime":1774253614599,"data":"BYTESPERSECSENT","cmd":"getInfoParam"},"cmd":"getInfoParam"}
2026-03-23 11:13:34.700 LOG 1: После dispatch: cmd=getInfoParam, data тип=string
2026-03-23 11:13:34.750 LOG 0: Запрос от C# 1 (req_id=166): {"id":166,"createdTime":1774253614600,"data":{"createdTime":1774253614600,"data":"MESSAGESRECV","cmd":"getInfoParam"},"cmd":"getInfoParam"}
2026-03-23 11:13:34.850 LOG 1: После dispatch: cmd=getInfoParam, data тип=string
2026-03-23 11:13:34.900 LOG 0: Запрос от C# 1 (req_id=167): {"id":167,"createdTime":1774253614600,"data":{"createdTime":1774253614600,"data":"BYTESRECV","cmd":"getInfoParam"},"cmd":"getInfoParam"}
2026-03-23 11:13:34.000 LOG 1: После dispatch: cmd=getInfoParam, data тип=string
2026-03-23 11:13:34.050 LOG 0: Запрос от C# 1 (req_id=168): {"id":168,"createdTime":1774253614601,"data":{"createdTime":1774253614601,"data":"ALLRECV","cmd":"getInfoParam"},"cmd":"getInfoParam"}
2026-03-23 11:13:34.150 LOG 1: После dispatch: cmd=getInfoParam, data тип=string
2026-03-23 11:13:34.200 LOG 0: Запрос от C# 1 (req_id=169): {"id":169,"createdTime":1774253614601,"data":{"createdTime":1774253614601,"data":"BYTESPERSECRECV","cmd":"getInfoParam"},"cmd":"getInfoParam"}
2026-03-23 11:13:34.300 LOG 1: После dispatch: cmd=getInfoParam, data тип=string
2026-03-23 11:13:34.350 LOG 0: Запрос от C# 1 (req_id=170): {"id":170,"createdTime":1774253614602,"data":{"createdTime":1774253614602,"data":"AVGSENT","cmd":"getInfoParam"},"cmd":"getInfoParam"}
2026-03-23 11:13:34.450 LOG 1: После dispatch: cmd=getInfoParam, data тип=string
2026-03-23 11:13:34.500 LOG 0: Запрос от C# 1 (req_id=171): {"id":171,"createdTime":1774253614603,"data":{"createdTime":1774253614603,"data":"AVGRECV","cmd":"getInfoParam"},"cmd":"getInfoParam"}
2026-03-23 11:13:34.600 LOG 1: После dispatch: cmd=getInfoParam, data тип=string
2026-03-23 11:13:34.650 LOG 0: Запрос от C# 1 (req_id=172): {"id":172,"createdTime":1774253614603,"data":{"createdTime":1774253614603,"data":"LASTPINGTIME","cmd":"getInfoParam"},"cmd":"getInfoParam"}
2026-03-23 11:13:34.750 LOG 1: После dispatch: cmd=getInfoParam, data тип=string
2026-03-23 11:13:34.800 LOG 0: Запрос от C# 1 (req_id=173): {"id":173,"createdTime":1774253614604,"data":{"createdTime":1774253614604,"data":"LASTPINGDURATION","cmd":"getInfoParam"},"cmd":"getInfoParam"}
2026-03-23 11:13:34.900 LOG 1: После dispatch: cmd=getInfoParam, data тип=string
2026-03-23 11:13:34.950 LOG 0: Запрос от C# 1 (req_id=174): {"id":174,"createdTime":1774253614605,"data":{"createdTime":1774253614605,"data":"AVGPINGDURATION","cmd":"getInfoParam"},"cmd":"getInfoParam"}
2026-03-23 11:13:34.050 LOG 1: После dispatch: cmd=getInfoParam, data тип=string
2026-03-23 11:13:34.100 LOG 0: Запрос от C# 1 (req_id=175): {"id":175,"createdTime":1774253614605,"data":{"createdTime":1774253614605,"data":"MAXPINGTIME","cmd":"getInfoParam"},"cmd":"getInfoParam"}
2026-03-23 11:13:34.200 LOG 1: После dispatch: cmd=getInfoParam, data тип=string
2026-03-23 11:13:34.250 LOG 0: Запрос от C# 1 (req_id=176): {"id":176,"createdTime":1774253614606,"data":{"createdTime":1774253614606,"data":"MAXPINGDURATION","cmd":"getInfoParam"},"cmd":"getInfoParam"}
2026-03-23 11:13:34.350 LOG 1: После dispatch: cmd=getInfoParam, data тип=string
2026-03-23 11:13:34.400 LOG 0: Запрос от C# 1 (req_id=177): {"id":177,"createdTime":1774253614648,"data":{"createdTime":1774253614647,"data":"SPBFUT|RIM6","cmd":"Subscribe_Level_II_Quotes"},"cmd":"Subscribe_Level_II_Quotes"}
2026-03-23 11:13:34.450 LOG 1: Subscribe_Level_II_Quotes called | raw data: SPBFUT|RIM6
2026-03-23 11:13:34.500 LOG 1: Subscribe Level II: class=SPBFUT, sec=RIM6
2026-03-23 11:13:34.550 LOG 1: После dispatch: cmd=Subscribe_Level_II_Quotes, data тип=boolean
