2026-04-09 10:28:57.050 LOG 0: Detected Quik version: 1208, script path: C:\Programming\QuikSharp\lua
2026-04-09 10:28:57.100 LOG 1: Shared memory IPC (variant 2) initialized
2026-04-09 10:28:57.150 LOG 1: QUIK# connected via shared memory (variant 2)
2026-04-09 10:35:16.050 LOG 0: Detected Quik version: 1208, script path: C:\Programming\QuikSharp\lua
2026-04-09 10:35:16.100 LOG 1: Shared memory IPC (variant 2) initialized
2026-04-09 10:35:16.150 LOG 1: QUIK# connected via shared memory (variant 2)
2026-04-09 10:39:40.050 LOG 0: Detected Quik version: 1208, script path: C:\Programming\QuikSharp\lua
2026-04-09 10:39:40.100 LOG 1: Shared memory IPC (variant 2) initialized
2026-04-09 10:39:40.150 LOG 1: QUIK# connected via shared memory (variant 2)
2026-04-09 10:43:00.050 LOG 0: Detected Quik version: 1208, script path: C:\Programming\QuikSharp\lua
2026-04-09 10:43:00.100 LOG 1: Shared memory IPC (variant 2) initialized
2026-04-09 10:43:00.150 LOG 1: QUIK# connected via shared memory (variant 2)
2026-04-09 17:48:16.050 LOG 0: Detected Quik version: 1208, script path: C:\Programming\QuikSharp\lua
2026-04-09 17:48:16.100 LOG 1: Shared memory IPC (variant 2) initialized
2026-04-09 17:48:16.150 LOG 1: QUIK# connected via shared memory (variant 2)
2026-04-09 17:56:23.050 LOG 0: Detected Quik version: 1208, script path: C:\Programming\QuikSharp\lua
2026-04-09 17:56:23.100 LOG 1: Shared memory IPC (variant 2) initialized
2026-04-09 17:56:23.150 LOG 1: QUIK# connected via shared memory (variant 2)
2026-04-09 17:59:35.050 LOG 0: Detected Quik version: 1208, script path: C:\Programming\QuikSharp\lua
2026-04-09 17:59:35.100 LOG 1: Shared memory IPC (variant 2) initialized
2026-04-09 17:59:35.150 LOG 1: QUIK# connected via shared memory (variant 2)
2026-04-09 18:00:10.200 LOG 3: field 1.0
2026-04-09 18:00:10.250 LOG 3: field 1.0
2026-04-09 18:00:10.300 LOG 3: field 98.67
2026-04-09 18:00:10.350 LOG 3: field 986.7
2026-04-09 18:00:10.400 LOG 3: field 0.0
2026-04-09 18:00:10.450 LOG 3: field 14.95
2026-04-09 18:00:10.500 LOG 3: field 14.47
2026-04-09 18:00:10.550 LOG 3: field 0.0
2026-04-09 18:00:10.600 LOG 3: field 0.0
2026-04-09 18:00:10.650 LOG 3: field 0.0
2026-04-09 18:00:10.700 LOG 3: field 0.0
2026-04-09 18:00:10.750 LOG 3: field 0.0
2026-04-09 18:00:10.800 LOG 3: field 0.0
2026-04-09 18:00:10.850 LOG 3: field 0.0
2026-04-09 18:00:10.900 LOG 3: field 0.0
2026-04-09 18:00:10.950 LOG 3: field 0.0
2026-04-09 18:00:10.000 LOG 3: field 0.0
2026-04-09 18:00:10.050 LOG 3: field 0.0
2026-04-09 18:00:10.100 LOG 3: field 0.0
2026-04-09 18:00:10.150 LOG 3: field 0
2026-04-09 18:00:10.200 LOG 3: field 1.0
2026-04-09 18:00:10.250 LOG 3: field 1.0
2026-04-09 18:00:10.300 LOG 3: field 98.67
2026-04-09 18:00:10.350 LOG 3: field 986.7
2026-04-09 18:00:10.400 LOG 3: field 0.0
2026-04-09 18:00:10.450 LOG 3: field 14.95
2026-04-09 18:00:10.500 LOG 3: field 14.47
2026-04-09 18:00:10.550 LOG 3: field 0.0
2026-04-09 18:00:10.600 LOG 3: field 0.0
2026-04-09 18:00:10.650 LOG 3: field 0.0
2026-04-09 18:00:10.700 LOG 3: field 0.0
2026-04-09 18:00:10.750 LOG 3: field 0.0
2026-04-09 18:00:10.800 LOG 3: field 0.0
2026-04-09 18:00:10.850 LOG 3: field 0.0
2026-04-09 18:00:10.900 LOG 3: field 0.0
2026-04-09 18:00:10.950 LOG 3: field 0.0
2026-04-09 18:00:10.000 LOG 3: field 0.0
2026-04-09 18:00:10.050 LOG 3: field 0.0
2026-04-09 18:00:10.150 LOG 3: field 0.0
2026-04-09 18:00:10.200 LOG 3: field 0
2026-04-09 18:02:35.050 LOG 0: Detected Quik version: 1208, script path: C:\Programming\QuikSharp\lua
2026-04-09 18:02:35.100 LOG 1: Shared memory IPC (variant 2) initialized
2026-04-09 18:02:35.150 LOG 1: QUIK# connected via shared memory (variant 2)
2026-04-09 18:02:52.350 LOG 3: int_fields 
2026-04-09 18:02:52.400 LOG 3: field 77924509061 77924509061
2026-04-09 18:02:52.450 LOG 3: field 77924509061 77924509061
2026-04-09 18:02:52.500 LOG 3: field 1162788 1162788
2026-04-09 18:02:52.550 LOG 3: field 1162788 1162788
2026-04-09 18:02:52.600 LOG 3: field 0 0
2026-04-09 18:02:52.650 LOG 3: field 0 0
2026-04-09 18:02:52.700 LOG 3: field 26 26
2026-04-09 18:02:52.750 LOG 3: field 0 0
2026-04-09 18:02:52.800 LOG 3: field 1 1
2026-04-09 18:02:52.850 LOG 3: field 0 0
2026-04-09 18:02:52.900 LOG 3: field 0 0
2026-04-09 18:02:52.950 LOG 3: field -1 -1
2026-04-09 18:02:52.000 LOG 3: field -1 -1
2026-04-09 18:02:52.050 LOG 3: field 0 0
2026-04-09 18:02:52.100 LOG 3: field 0 0
2026-04-09 18:02:52.150 LOG 3: field 0 0
2026-04-09 18:02:52.200 LOG 3: field 0 0
2026-04-09 18:02:52.250 LOG 3: field 0 0
2026-04-09 18:02:52.300 LOG 3: field 1 1
2026-04-09 18:02:52.350 LOG 3: field 1 1
2026-04-09 18:02:52.400 LOG 3: field -1 -1
2026-04-09 18:02:52.450 LOG 3: field 0 0
2026-04-09 18:02:52.500 LOG 3: field 0 0
2026-04-09 18:02:52.550 LOG 3: field 0 0
2026-04-09 18:02:52.600 LOG 3: field 0 0
2026-04-09 18:02:52.650 LOG 3: field 0 0
2026-04-09 18:02:52.700 LOG 3: field 0 0
2026-04-09 18:02:52.750 LOG 3: field 0 0
2026-04-09 18:02:52.800 LOG 3: field 0 0
2026-04-09 18:02:52.850 LOG 3: field 0 0
2026-04-09 18:02:52.900 LOG 3: float_fields 
2026-04-09 18:02:52.950 LOG 3: field 1.0 1.0
2026-04-09 18:02:52.000 LOG 3: field 1.0 1.0
2026-04-09 18:02:52.050 LOG 3: field 98.67 98.67
2026-04-09 18:02:52.100 LOG 3: field 986.7 986.7
2026-04-09 18:02:52.150 LOG 3: field 0.0 0.0
2026-04-09 18:02:52.200 LOG 3: field 14.95 14.95
2026-04-09 18:02:52.250 LOG 3: field 14.47 14.47
2026-04-09 18:02:52.300 LOG 3: field 0.0 0.0
2026-04-09 18:02:52.350 LOG 3: field 0.0 0.0
2026-04-09 18:02:52.400 LOG 3: field 0.0 0.0
2026-04-09 18:02:52.450 LOG 3: field 0.0 0.0
2026-04-09 18:02:52.500 LOG 3: field 0.0 0.0
2026-04-09 18:02:52.550 LOG 3: field 0.0 0.0
2026-04-09 18:02:52.600 LOG 3: field 0.0 0.0
2026-04-09 18:02:52.650 LOG 3: field 0.0 0.0
2026-04-09 18:02:52.700 LOG 3: field 0.0 0.0
2026-04-09 18:02:52.750 LOG 3: field 0.0 0.0
2026-04-09 18:02:52.800 LOG 3: field 0.0 0.0
2026-04-09 18:02:52.850 LOG 3: field 0.0 0.0
2026-04-09 18:02:52.900 LOG 3: field 0 0
2026-04-09 18:02:52.950 LOG 3: int_fields 
2026-04-09 18:02:52.000 LOG 3: field 77924527921 77924527921
2026-04-09 18:02:52.050 LOG 3: field 77924527921 77924527921
2026-04-09 18:02:52.100 LOG 3: field 1162788 1162788
2026-04-09 18:02:52.150 LOG 3: field 0 0
2026-04-09 18:02:52.200 LOG 3: field 0 0
2026-04-09 18:02:52.250 LOG 3: field 0 0
2026-04-09 18:02:52.300 LOG 3: field 25 25
2026-04-09 18:02:52.350 LOG 3: field 0 0
2026-04-09 18:02:52.400 LOG 3: field 1 1
2026-04-09 18:02:52.450 LOG 3: field 0 0
2026-04-09 18:02:52.500 LOG 3: field 0 0
2026-04-09 18:02:52.550 LOG 3: field -1 -1
2026-04-09 18:02:52.600 LOG 3: field -1 -1
2026-04-09 18:02:52.650 LOG 3: field 0 0
2026-04-09 18:02:52.700 LOG 3: field 0 0
2026-04-09 18:02:52.750 LOG 3: field 0 0
2026-04-09 18:02:52.800 LOG 3: field 0 0
2026-04-09 18:02:52.850 LOG 3: field 0 0
2026-04-09 18:02:52.900 LOG 3: field 1 1
2026-04-09 18:02:52.950 LOG 3: field 1 1
2026-04-09 18:02:52.000 LOG 3: field -1 -1
2026-04-09 18:02:52.050 LOG 3: field 0 0
2026-04-09 18:02:52.100 LOG 3: field 0 0
2026-04-09 18:02:52.150 LOG 3: field 0 0
2026-04-09 18:02:52.200 LOG 3: field 0 0
2026-04-09 18:02:52.250 LOG 3: field 0 0
2026-04-09 18:02:52.300 LOG 3: field 0 0
2026-04-09 18:02:52.350 LOG 3: field 0 0
2026-04-09 18:02:52.400 LOG 3: field 0 0
2026-04-09 18:02:52.450 LOG 3: field 0 0
2026-04-09 18:02:52.500 LOG 3: float_fields 
2026-04-09 18:02:52.550 LOG 3: field 1.0 1.0
2026-04-09 18:02:52.600 LOG 3: field 1.0 1.0
2026-04-09 18:02:52.650 LOG 3: field 98.67 98.67
2026-04-09 18:02:52.700 LOG 3: field 986.7 986.7
2026-04-09 18:02:52.750 LOG 3: field 0.0 0.0
2026-04-09 18:02:52.800 LOG 3: field 14.95 14.95
2026-04-09 18:02:52.850 LOG 3: field 14.47 14.47
2026-04-09 18:02:52.900 LOG 3: field 0.0 0.0
2026-04-09 18:02:52.950 LOG 3: field 0.0 0.0
2026-04-09 18:02:52.000 LOG 3: field 0.0 0.0
2026-04-09 18:02:52.050 LOG 3: field 0.0 0.0
2026-04-09 18:02:52.100 LOG 3: field 0.0 0.0
2026-04-09 18:02:52.150 LOG 3: field 0.0 0.0
2026-04-09 18:02:52.200 LOG 3: field 0.0 0.0
2026-04-09 18:02:52.250 LOG 3: field 0.0 0.0
2026-04-09 18:02:52.300 LOG 3: field 0.0 0.0
2026-04-09 18:02:52.350 LOG 3: field 0.0 0.0
2026-04-09 18:02:52.400 LOG 3: field 0.0 0.0
2026-04-09 18:02:52.450 LOG 3: field 0.0 0.0
2026-04-09 18:02:52.500 LOG 3: field 0 0
2026-04-09 18:06:02.050 LOG 0: Detected Quik version: 1208, script path: C:\Programming\QuikSharp\lua
2026-04-09 18:06:02.100 LOG 1: Shared memory IPC (variant 2) initialized
2026-04-09 18:06:02.150 LOG 1: QUIK# connected via shared memory (variant 2)
2026-04-09 18:06:18.800 LOG 3: int_fields 
2026-04-09 18:06:18.850 LOG 3: field 77924509061 77924509061
2026-04-09 18:06:18.900 LOG 3: field 77924509061 77924509061
2026-04-09 18:06:18.950 LOG 3: field 1162788 1162788
2026-04-09 18:06:18.000 LOG 3: field 1162788 1162788
2026-04-09 18:06:18.050 LOG 3: field 0 0
2026-04-09 18:06:18.100 LOG 3: field 0 0
2026-04-09 18:06:18.150 LOG 3: field 26 26
2026-04-09 18:06:18.200 LOG 3: field 0 0
2026-04-09 18:06:18.250 LOG 3: field 1 1
2026-04-09 18:06:18.300 LOG 3: field 0 0
2026-04-09 18:06:18.350 LOG 3: field 0 0
2026-04-09 18:06:18.400 LOG 3: field 0 0
2026-04-09 18:06:18.450 LOG 3: field 0 0
2026-04-09 18:06:18.500 LOG 3: field 0 0
2026-04-09 18:06:18.550 LOG 3: field 1 1
2026-04-09 18:06:18.600 LOG 3: field 1 1
2026-04-09 18:06:18.650 LOG 3: field 1 1
2026-04-09 18:06:18.700 LOG 3: field 0 0
2026-04-09 18:06:18.750 LOG 3: field -1 -1
2026-04-09 18:06:18.800 LOG 3: field 0 0
2026-04-09 18:06:18.850 LOG 3: field 0 0
2026-04-09 18:06:18.900 LOG 3: field 0 0
2026-04-09 18:06:18.950 LOG 3: field 0 0
2026-04-09 18:06:18.000 LOG 3: field 0 0
2026-04-09 18:06:18.050 LOG 3: field 0 0
2026-04-09 18:06:18.100 LOG 3: field 0 0
2026-04-09 18:06:18.150 LOG 3: field 0 0
2026-04-09 18:06:18.200 LOG 3: field 0 0
2026-04-09 18:06:18.250 LOG 3: field 0 0
2026-04-09 18:06:18.300 LOG 3: field 0 0
2026-04-09 18:06:18.350 LOG 3: field 0 0
2026-04-09 18:06:18.400 LOG 3: field 20260410 20260410
2026-04-09 18:06:18.500 LOG 3: field 0 0
2026-04-09 18:06:18.550 LOG 3: field 0 0
2026-04-09 18:06:18.600 LOG 3: float_fields 
2026-04-09 18:06:18.650 LOG 3: field 1.0 1.0
2026-04-09 18:06:18.700 LOG 3: field 98.67 98.67
2026-04-09 18:06:18.750 LOG 3: field 986.7 986.7
2026-04-09 18:06:18.800 LOG 3: field 0.0 0.0
2026-04-09 18:06:18.850 LOG 3: field 14.95 14.95
2026-04-09 18:06:18.900 LOG 3: field 14.47 14.47
2026-04-09 18:06:18.950 LOG 3: field 0.0 0.0
2026-04-09 18:06:18.000 LOG 3: field 0.0 0.0
2026-04-09 18:06:18.050 LOG 3: field 0.0 0.0
2026-04-09 18:06:18.100 LOG 3: field 0.0 0.0
2026-04-09 18:06:18.150 LOG 3: field 0.0 0.0
2026-04-09 18:06:18.200 LOG 3: field 0.0 0.0
2026-04-09 18:06:18.250 LOG 3: field 0 0
2026-04-09 18:06:18.300 LOG 3: field 0.0 0.0
2026-04-09 18:06:18.350 LOG 3: field 0.0 0.0
2026-04-09 18:06:18.400 LOG 3: field 0 0
2026-04-09 18:06:18.450 LOG 3: field -1 -1
2026-04-09 18:06:18.500 LOG 3: field -1 -1
2026-04-09 18:06:18.550 LOG 3: field 0 0
2026-04-09 18:06:18.600 LOG 3: field 0.0 0.0
2026-04-09 18:06:18.650 LOG 3: field 0.0 0.0
2026-04-09 18:06:18.700 LOG 3: int_fields 
2026-04-09 18:06:18.750 LOG 3: field 77924527921 77924527921
2026-04-09 18:06:18.800 LOG 3: field 77924527921 77924527921
2026-04-09 18:06:18.850 LOG 3: field 1162788 1162788
2026-04-09 18:06:18.900 LOG 3: field 0 0
2026-04-09 18:06:18.950 LOG 3: field 0 0
2026-04-09 18:06:18.000 LOG 3: field 0 0
2026-04-09 18:06:18.050 LOG 3: field 25 25
2026-04-09 18:06:18.100 LOG 3: field 0 0
2026-04-09 18:06:18.150 LOG 3: field 1 1
2026-04-09 18:06:18.200 LOG 3: field 0 0
2026-04-09 18:06:18.250 LOG 3: field 0 0
2026-04-09 18:06:18.300 LOG 3: field 0 0
2026-04-09 18:06:18.350 LOG 3: field 0 0
2026-04-09 18:06:18.400 LOG 3: field 0 0
2026-04-09 18:06:18.450 LOG 3: field 1 1
2026-04-09 18:06:18.500 LOG 3: field 1 1
2026-04-09 18:06:18.550 LOG 3: field 1 1
2026-04-09 18:06:18.600 LOG 3: field 0 0
2026-04-09 18:06:18.650 LOG 3: field -1 -1
2026-04-09 18:06:18.700 LOG 3: field 0 0
2026-04-09 18:06:18.750 LOG 3: field 0 0
2026-04-09 18:06:18.800 LOG 3: field 0 0
2026-04-09 18:06:18.850 LOG 3: field 0 0
2026-04-09 18:06:18.900 LOG 3: field 0 0
2026-04-09 18:06:18.950 LOG 3: field 0 0
2026-04-09 18:06:18.000 LOG 3: field 0 0
2026-04-09 18:06:18.050 LOG 3: field 0 0
2026-04-09 18:06:18.100 LOG 3: field 0 0
2026-04-09 18:06:18.150 LOG 3: field 0 0
2026-04-09 18:06:18.200 LOG 3: field 0 0
2026-04-09 18:06:18.250 LOG 3: field 0 0
2026-04-09 18:06:18.300 LOG 3: field 20260410 20260410
2026-04-09 18:06:18.350 LOG 3: field 0 0
2026-04-09 18:06:18.400 LOG 3: field 0 0
2026-04-09 18:06:18.450 LOG 3: float_fields 
2026-04-09 18:06:18.500 LOG 3: field 1.0 1.0
2026-04-09 18:06:18.550 LOG 3: field 98.67 98.67
2026-04-09 18:06:18.600 LOG 3: field 986.7 986.7
2026-04-09 18:06:18.650 LOG 3: field 0.0 0.0
2026-04-09 18:06:18.700 LOG 3: field 14.95 14.95
2026-04-09 18:06:18.750 LOG 3: field 14.47 14.47
2026-04-09 18:06:18.800 LOG 3: field 0.0 0.0
2026-04-09 18:06:18.850 LOG 3: field 0.0 0.0
2026-04-09 18:06:18.900 LOG 3: field 0.0 0.0
2026-04-09 18:06:18.950 LOG 3: field 0.0 0.0
2026-04-09 18:06:18.000 LOG 3: field 0.0 0.0
2026-04-09 18:06:18.050 LOG 3: field 0.0 0.0
2026-04-09 18:06:18.100 LOG 3: field 0 0
2026-04-09 18:06:18.150 LOG 3: field 0.0 0.0
2026-04-09 18:06:18.200 LOG 3: field 0.0 0.0
2026-04-09 18:06:18.250 LOG 3: field 0 0
2026-04-09 18:06:18.300 LOG 3: field -1 -1
2026-04-09 18:06:18.350 LOG 3: field -1 -1
2026-04-09 18:06:18.400 LOG 3: field 0 0
2026-04-09 18:06:18.450 LOG 3: field 0.0 0.0
2026-04-09 18:06:18.500 LOG 3: field 0.0 0.0
2026-04-09 18:07:13.500 LOG 3: int_fields 
2026-04-09 18:07:13.550 LOG 3: field 77924509061 77924509061
2026-04-09 18:07:13.600 LOG 3: field 77924509061 77924509061
2026-04-09 18:07:13.650 LOG 3: field 1162788 1162788
2026-04-09 18:07:13.700 LOG 3: field 1162788 1162788
2026-04-09 18:07:13.750 LOG 3: field 0 0
2026-04-09 18:07:13.800 LOG 3: field 0 0
2026-04-09 18:07:13.850 LOG 3: field 26 26
2026-04-09 18:07:13.900 LOG 3: field 0 0
2026-04-09 18:07:13.950 LOG 3: field 1 1
2026-04-09 18:07:13.000 LOG 3: field 0 0
2026-04-09 18:07:13.050 LOG 3: field 0 0
2026-04-09 18:07:13.100 LOG 3: field 0 0
2026-04-09 18:07:13.150 LOG 3: field 0 0
2026-04-09 18:07:13.200 LOG 3: field 0 0
2026-04-09 18:07:13.250 LOG 3: field 1 1
2026-04-09 18:07:13.300 LOG 3: field 1 1
2026-04-09 18:07:13.350 LOG 3: field 1 1
2026-04-09 18:07:13.400 LOG 3: field 0 0
2026-04-09 18:07:13.450 LOG 3: field -1 -1
2026-04-09 18:07:13.500 LOG 3: field 0 0
2026-04-09 18:07:13.550 LOG 3: field 0 0
2026-04-09 18:07:13.600 LOG 3: field 0 0
2026-04-09 18:07:13.650 LOG 3: field 0 0
2026-04-09 18:07:13.700 LOG 3: field 0 0
2026-04-09 18:07:13.750 LOG 3: field 0 0
2026-04-09 18:07:13.800 LOG 3: field 0 0
2026-04-09 18:07:13.850 LOG 3: field 0 0
2026-04-09 18:07:13.900 LOG 3: field 0 0
2026-04-09 18:07:13.950 LOG 3: field 0 0
2026-04-09 18:07:13.000 LOG 3: field 0 0
2026-04-09 18:07:13.050 LOG 3: field 0 0
2026-04-09 18:07:13.100 LOG 3: field 20260410 20260410
2026-04-09 18:07:13.150 LOG 3: field 0 0
2026-04-09 18:07:13.200 LOG 3: field 0 0
2026-04-09 18:07:13.250 LOG 3: float_fields 
2026-04-09 18:07:13.300 LOG 3: field 1.0 1.0
2026-04-09 18:07:13.350 LOG 3: field 98.67 98.67
2026-04-09 18:07:13.400 LOG 3: field 986.7 986.7
2026-04-09 18:07:13.450 LOG 3: field 0.0 0.0
2026-04-09 18:07:13.500 LOG 3: field 14.95 14.95
2026-04-09 18:07:13.550 LOG 3: field 14.47 14.47
2026-04-09 18:07:13.600 LOG 3: field 0.0 0.0
2026-04-09 18:07:13.650 LOG 3: field 0.0 0.0
2026-04-09 18:07:13.700 LOG 3: field 0.0 0.0
2026-04-09 18:07:13.750 LOG 3: field 0.0 0.0
2026-04-09 18:07:13.800 LOG 3: field 0.0 0.0
2026-04-09 18:07:13.850 LOG 3: field 0.0 0.0
2026-04-09 18:07:13.900 LOG 3: field 0 0
2026-04-09 18:07:13.950 LOG 3: field 0.0 0.0
2026-04-09 18:07:13.000 LOG 3: field 0.0 0.0
2026-04-09 18:07:13.050 LOG 3: field 0 0
2026-04-09 18:07:13.100 LOG 3: field -1 -1
2026-04-09 18:07:13.150 LOG 3: field -1 -1
2026-04-09 18:07:13.200 LOG 3: field 0 0
2026-04-09 18:07:13.250 LOG 3: field 0.0 0.0
2026-04-09 18:07:13.300 LOG 3: field 0.0 0.0
2026-04-09 18:07:13.350 LOG 3: int_fields 
2026-04-09 18:07:13.400 LOG 3: field 77924527921 77924527921
2026-04-09 18:07:13.450 LOG 3: field 77924527921 77924527921
2026-04-09 18:07:13.500 LOG 3: field 1162788 1162788
2026-04-09 18:07:13.550 LOG 3: field 0 0
2026-04-09 18:07:13.600 LOG 3: field 0 0
2026-04-09 18:07:13.650 LOG 3: field 0 0
2026-04-09 18:07:13.700 LOG 3: field 25 25
2026-04-09 18:07:13.750 LOG 3: field 0 0
2026-04-09 18:07:13.800 LOG 3: field 1 1
2026-04-09 18:07:13.850 LOG 3: field 0 0
2026-04-09 18:07:13.900 LOG 3: field 0 0
2026-04-09 18:07:13.950 LOG 3: field 0 0
2026-04-09 18:07:13.000 LOG 3: field 0 0
2026-04-09 18:07:13.050 LOG 3: field 0 0
2026-04-09 18:07:13.100 LOG 3: field 1 1
2026-04-09 18:07:13.150 LOG 3: field 1 1
2026-04-09 18:07:13.200 LOG 3: field 1 1
2026-04-09 18:07:13.250 LOG 3: field 0 0
2026-04-09 18:07:13.300 LOG 3: field -1 -1
2026-04-09 18:07:13.350 LOG 3: field 0 0
2026-04-09 18:07:13.400 LOG 3: field 0 0
2026-04-09 18:07:13.450 LOG 3: field 0 0
2026-04-09 18:07:13.500 LOG 3: field 0 0
2026-04-09 18:07:13.550 LOG 3: field 0 0
2026-04-09 18:07:13.600 LOG 3: field 0 0
2026-04-09 18:07:13.650 LOG 3: field 0 0
2026-04-09 18:07:13.700 LOG 3: field 0 0
2026-04-09 18:07:13.750 LOG 3: field 0 0
2026-04-09 18:07:13.800 LOG 3: field 0 0
2026-04-09 18:07:13.850 LOG 3: field 0 0
2026-04-09 18:07:13.900 LOG 3: field 0 0
2026-04-09 18:07:13.950 LOG 3: field 20260410 20260410
2026-04-09 18:07:13.000 LOG 3: field 0 0
2026-04-09 18:07:13.050 LOG 3: field 0 0
2026-04-09 18:07:13.100 LOG 3: float_fields 
2026-04-09 18:07:13.150 LOG 3: field 1.0 1.0
2026-04-09 18:07:13.200 LOG 3: field 98.67 98.67
2026-04-09 18:07:13.250 LOG 3: field 986.7 986.7
2026-04-09 18:07:13.300 LOG 3: field 0.0 0.0
2026-04-09 18:07:13.350 LOG 3: field 14.95 14.95
2026-04-09 18:07:13.400 LOG 3: field 14.47 14.47
2026-04-09 18:07:13.450 LOG 3: field 0.0 0.0
2026-04-09 18:07:13.500 LOG 3: field 0.0 0.0
2026-04-09 18:07:13.550 LOG 3: field 0.0 0.0
2026-04-09 18:07:13.600 LOG 3: field 0.0 0.0
2026-04-09 18:07:13.650 LOG 3: field 0.0 0.0
2026-04-09 18:07:13.700 LOG 3: field 0.0 0.0
2026-04-09 18:07:13.750 LOG 3: field 0 0
2026-04-09 18:07:13.800 LOG 3: field 0.0 0.0
2026-04-09 18:07:13.850 LOG 3: field 0.0 0.0
2026-04-09 18:07:13.900 LOG 3: field 0 0
2026-04-09 18:07:13.950 LOG 3: field -1 -1
2026-04-09 18:07:13.000 LOG 3: field -1 -1
2026-04-09 18:07:13.050 LOG 3: field 0 0
2026-04-09 18:07:13.100 LOG 3: field 0.0 0.0
2026-04-09 18:07:13.150 LOG 3: field 0.0 0.0
2026-04-09 18:07:16.450 LOG 3: int_fields 
2026-04-09 18:07:16.500 LOG 3: field 77924509061 77924509061
2026-04-09 18:07:16.550 LOG 3: field 77924509061 77924509061
2026-04-09 18:07:16.600 LOG 3: field 1162788 1162788
2026-04-09 18:07:16.650 LOG 3: field 1162788 1162788
2026-04-09 18:07:16.700 LOG 3: field 0 0
2026-04-09 18:07:16.750 LOG 3: field 0 0
2026-04-09 18:07:16.800 LOG 3: field 26 26
2026-04-09 18:07:16.850 LOG 3: field 0 0
2026-04-09 18:07:16.900 LOG 3: field 1 1
2026-04-09 18:07:16.950 LOG 3: field 0 0
2026-04-09 18:07:16.000 LOG 3: field 0 0
2026-04-09 18:07:16.050 LOG 3: field 0 0
2026-04-09 18:07:16.100 LOG 3: field 0 0
2026-04-09 18:07:16.150 LOG 3: field 0 0
2026-04-09 18:07:16.200 LOG 3: field 1 1
2026-04-09 18:07:16.250 LOG 3: field 1 1
2026-04-09 18:07:16.300 LOG 3: field 1 1
2026-04-09 18:07:16.350 LOG 3: field 0 0
2026-04-09 18:07:16.400 LOG 3: field -1 -1
2026-04-09 18:07:16.450 LOG 3: field 0 0
2026-04-09 18:07:16.500 LOG 3: field 0 0
2026-04-09 18:07:16.550 LOG 3: field 0 0
2026-04-09 18:07:16.600 LOG 3: field 0 0
2026-04-09 18:07:16.650 LOG 3: field 0 0
2026-04-09 18:07:16.700 LOG 3: field 0 0
2026-04-09 18:07:16.750 LOG 3: field 0 0
2026-04-09 18:07:16.800 LOG 3: field 0 0
2026-04-09 18:07:16.850 LOG 3: field 0 0
2026-04-09 18:07:16.900 LOG 3: field 0 0
2026-04-09 18:07:16.950 LOG 3: field 0 0
2026-04-09 18:07:16.000 LOG 3: field 0 0
2026-04-09 18:07:16.050 LOG 3: field 20260410 20260410
2026-04-09 18:07:16.100 LOG 3: field 0 0
2026-04-09 18:07:16.150 LOG 3: field 0 0
2026-04-09 18:07:16.200 LOG 3: float_fields 
2026-04-09 18:07:16.250 LOG 3: field 1.0 1.0
2026-04-09 18:07:16.300 LOG 3: field 98.67 98.67
2026-04-09 18:07:16.350 LOG 3: field 986.7 986.7
2026-04-09 18:07:16.400 LOG 3: field 0.0 0.0
2026-04-09 18:07:16.450 LOG 3: field 14.95 14.95
2026-04-09 18:07:16.500 LOG 3: field 14.47 14.47
2026-04-09 18:07:16.550 LOG 3: field 0.0 0.0
2026-04-09 18:07:16.600 LOG 3: field 0.0 0.0
2026-04-09 18:07:16.650 LOG 3: field 0.0 0.0
2026-04-09 18:07:16.700 LOG 3: field 0.0 0.0
2026-04-09 18:07:16.750 LOG 3: field 0.0 0.0
2026-04-09 18:07:16.800 LOG 3: field 0.0 0.0
2026-04-09 18:07:16.850 LOG 3: field 0 0
2026-04-09 18:07:16.900 LOG 3: field 0.0 0.0
2026-04-09 18:07:16.950 LOG 3: field 0.0 0.0
2026-04-09 18:07:16.000 LOG 3: field 0 0
2026-04-09 18:07:16.050 LOG 3: field -1 -1
2026-04-09 18:07:16.100 LOG 3: field -1 -1
2026-04-09 18:07:16.150 LOG 3: field 0 0
2026-04-09 18:07:16.200 LOG 3: field 0.0 0.0
2026-04-09 18:07:16.250 LOG 3: field 0.0 0.0
2026-04-09 18:07:16.300 LOG 3: int_fields 
2026-04-09 18:07:16.350 LOG 3: field 77924527921 77924527921
2026-04-09 18:07:16.400 LOG 3: field 77924527921 77924527921
2026-04-09 18:07:16.450 LOG 3: field 1162788 1162788
2026-04-09 18:07:16.500 LOG 3: field 0 0
2026-04-09 18:07:16.550 LOG 3: field 0 0
2026-04-09 18:07:16.600 LOG 3: field 0 0
2026-04-09 18:07:16.650 LOG 3: field 25 25
2026-04-09 18:07:16.700 LOG 3: field 0 0
2026-04-09 18:07:16.750 LOG 3: field 1 1
2026-04-09 18:07:16.800 LOG 3: field 0 0
2026-04-09 18:07:16.850 LOG 3: field 0 0
2026-04-09 18:07:16.900 LOG 3: field 0 0
2026-04-09 18:07:16.950 LOG 3: field 0 0
2026-04-09 18:07:16.000 LOG 3: field 0 0
2026-04-09 18:07:16.050 LOG 3: field 1 1
2026-04-09 18:07:16.100 LOG 3: field 1 1
2026-04-09 18:07:16.150 LOG 3: field 1 1
2026-04-09 18:07:16.200 LOG 3: field 0 0
2026-04-09 18:07:16.250 LOG 3: field -1 -1
2026-04-09 18:07:16.300 LOG 3: field 0 0
2026-04-09 18:07:16.350 LOG 3: field 0 0
2026-04-09 18:07:16.400 LOG 3: field 0 0
2026-04-09 18:07:16.450 LOG 3: field 0 0
2026-04-09 18:07:16.500 LOG 3: field 0 0
2026-04-09 18:07:16.550 LOG 3: field 0 0
2026-04-09 18:07:16.600 LOG 3: field 0 0
2026-04-09 18:07:16.650 LOG 3: field 0 0
2026-04-09 18:07:16.700 LOG 3: field 0 0
2026-04-09 18:07:16.750 LOG 3: field 0 0
2026-04-09 18:07:16.800 LOG 3: field 0 0
2026-04-09 18:07:16.850 LOG 3: field 0 0
2026-04-09 18:07:16.900 LOG 3: field 20260410 20260410
2026-04-09 18:07:16.950 LOG 3: field 0 0
2026-04-09 18:07:16.000 LOG 3: field 0 0
2026-04-09 18:07:16.050 LOG 3: float_fields 
2026-04-09 18:07:16.100 LOG 3: field 1.0 1.0
2026-04-09 18:07:16.150 LOG 3: field 98.67 98.67
2026-04-09 18:07:16.200 LOG 3: field 986.7 986.7
2026-04-09 18:07:16.250 LOG 3: field 0.0 0.0
2026-04-09 18:07:16.300 LOG 3: field 14.95 14.95
2026-04-09 18:07:16.350 LOG 3: field 14.47 14.47
2026-04-09 18:07:16.400 LOG 3: field 0.0 0.0
2026-04-09 18:07:16.450 LOG 3: field 0.0 0.0
2026-04-09 18:07:16.500 LOG 3: field 0.0 0.0
2026-04-09 18:07:16.550 LOG 3: field 0.0 0.0
2026-04-09 18:07:16.600 LOG 3: field 0.0 0.0
2026-04-09 18:07:16.650 LOG 3: field 0.0 0.0
2026-04-09 18:07:16.700 LOG 3: field 0 0
2026-04-09 18:07:16.750 LOG 3: field 0.0 0.0
2026-04-09 18:07:16.800 LOG 3: field 0.0 0.0
2026-04-09 18:07:16.850 LOG 3: field 0 0
2026-04-09 18:07:16.900 LOG 3: field -1 -1
2026-04-09 18:07:16.950 LOG 3: field -1 -1
2026-04-09 18:07:16.000 LOG 3: field 0 0
2026-04-09 18:07:16.050 LOG 3: field 0.0 0.0
2026-04-09 18:07:16.100 LOG 3: field 0.0 0.0
2026-04-09 18:07:26.150 LOG 3: int_fields 
2026-04-09 18:07:26.200 LOG 3: field 77924509061 77924509061
2026-04-09 18:07:26.250 LOG 3: field 77924509061 77924509061
2026-04-09 18:07:26.300 LOG 3: field 1162788 1162788
2026-04-09 18:07:26.350 LOG 3: field 1162788 1162788
2026-04-09 18:07:26.400 LOG 3: field 0 0
2026-04-09 18:07:26.450 LOG 3: field 0 0
2026-04-09 18:07:26.500 LOG 3: field 26 26
2026-04-09 18:07:26.550 LOG 3: field 0 0
2026-04-09 18:07:26.600 LOG 3: field 1 1
2026-04-09 18:07:26.650 LOG 3: field 0 0
2026-04-09 18:07:26.700 LOG 3: field 0 0
2026-04-09 18:07:26.800 LOG 3: field 0 0
2026-04-09 18:07:26.850 LOG 3: field 0 0
2026-04-09 18:07:26.900 LOG 3: field 0 0
2026-04-09 18:07:26.950 LOG 3: field 1 1
2026-04-09 18:07:26.000 LOG 3: field 1 1
2026-04-09 18:07:26.050 LOG 3: field 1 1
2026-04-09 18:07:26.100 LOG 3: field 0 0
2026-04-09 18:07:26.150 LOG 3: field -1 -1
2026-04-09 18:07:26.200 LOG 3: field 0 0
2026-04-09 18:07:26.250 LOG 3: field 0 0
2026-04-09 18:07:26.300 LOG 3: field 0 0
2026-04-09 18:07:26.350 LOG 3: field 0 0
2026-04-09 18:07:26.400 LOG 3: field 0 0
2026-04-09 18:07:26.450 LOG 3: field 0 0
2026-04-09 18:07:26.500 LOG 3: field 0 0
2026-04-09 18:07:26.550 LOG 3: field 0 0
2026-04-09 18:07:26.600 LOG 3: field 0 0
2026-04-09 18:07:26.650 LOG 3: field 0 0
2026-04-09 18:07:26.700 LOG 3: field 0 0
2026-04-09 18:07:26.750 LOG 3: field 0 0
2026-04-09 18:07:26.800 LOG 3: field 20260410 20260410
2026-04-09 18:07:26.850 LOG 3: field 0 0
2026-04-09 18:07:26.900 LOG 3: field 0 0
2026-04-09 18:07:26.950 LOG 3: float_fields 
2026-04-09 18:07:26.000 LOG 3: field 1.0 1.0
2026-04-09 18:07:26.050 LOG 3: field 98.67 98.67
2026-04-09 18:07:26.100 LOG 3: field 986.7 986.7
2026-04-09 18:07:26.150 LOG 3: field 0.0 0.0
2026-04-09 18:07:26.200 LOG 3: field 14.95 14.95
2026-04-09 18:07:26.250 LOG 3: field 14.47 14.47
2026-04-09 18:07:26.300 LOG 3: field 0.0 0.0
2026-04-09 18:07:26.350 LOG 3: field 0.0 0.0
2026-04-09 18:07:26.400 LOG 3: field 0.0 0.0
2026-04-09 18:07:26.450 LOG 3: field 0.0 0.0
2026-04-09 18:07:26.500 LOG 3: field 0.0 0.0
2026-04-09 18:07:26.550 LOG 3: field 0.0 0.0
2026-04-09 18:07:26.600 LOG 3: field 0 0
2026-04-09 18:07:26.650 LOG 3: field 0.0 0.0
2026-04-09 18:07:26.700 LOG 3: field 0.0 0.0
2026-04-09 18:07:26.750 LOG 3: field 0 0
2026-04-09 18:07:26.800 LOG 3: field -1 -1
2026-04-09 18:07:26.850 LOG 3: field -1 -1
2026-04-09 18:07:26.900 LOG 3: field 0 0
2026-04-09 18:07:26.950 LOG 3: field 0.0 0.0
2026-04-09 18:07:26.000 LOG 3: field 0.0 0.0
2026-04-09 18:07:26.050 LOG 3: int_fields 
2026-04-09 18:07:26.100 LOG 3: field 77924527921 77924527921
2026-04-09 18:07:26.150 LOG 3: field 77924527921 77924527921
2026-04-09 18:07:26.200 LOG 3: field 1162788 1162788
2026-04-09 18:07:26.250 LOG 3: field 0 0
2026-04-09 18:07:26.300 LOG 3: field 0 0
2026-04-09 18:07:26.350 LOG 3: field 0 0
2026-04-09 18:07:26.400 LOG 3: field 25 25
2026-04-09 18:07:26.450 LOG 3: field 0 0
2026-04-09 18:07:26.500 LOG 3: field 1 1
2026-04-09 18:07:26.550 LOG 3: field 0 0
2026-04-09 18:07:26.600 LOG 3: field 0 0
2026-04-09 18:07:26.650 LOG 3: field 0 0
2026-04-09 18:07:26.700 LOG 3: field 0 0
2026-04-09 18:07:26.750 LOG 3: field 0 0
2026-04-09 18:07:26.800 LOG 3: field 1 1
2026-04-09 18:07:26.850 LOG 3: field 1 1
2026-04-09 18:07:26.900 LOG 3: field 1 1
2026-04-09 18:07:26.950 LOG 3: field 0 0
2026-04-09 18:07:26.000 LOG 3: field -1 -1
2026-04-09 18:07:26.050 LOG 3: field 0 0
2026-04-09 18:07:26.100 LOG 3: field 0 0
2026-04-09 18:07:26.150 LOG 3: field 0 0
2026-04-09 18:07:26.200 LOG 3: field 0 0
2026-04-09 18:07:26.250 LOG 3: field 0 0
2026-04-09 18:07:26.300 LOG 3: field 0 0
2026-04-09 18:07:26.350 LOG 3: field 0 0
2026-04-09 18:07:26.400 LOG 3: field 0 0
2026-04-09 18:07:26.450 LOG 3: field 0 0
2026-04-09 18:07:26.500 LOG 3: field 0 0
2026-04-09 18:07:26.550 LOG 3: field 0 0
2026-04-09 18:07:26.600 LOG 3: field 0 0
2026-04-09 18:07:26.650 LOG 3: field 20260410 20260410
2026-04-09 18:07:26.700 LOG 3: field 0 0
2026-04-09 18:07:26.750 LOG 3: field 0 0
2026-04-09 18:07:26.800 LOG 3: float_fields 
2026-04-09 18:07:26.850 LOG 3: field 1.0 1.0
2026-04-09 18:07:26.900 LOG 3: field 98.67 98.67
2026-04-09 18:07:26.950 LOG 3: field 986.7 986.7
2026-04-09 18:07:26.000 LOG 3: field 0.0 0.0
2026-04-09 18:07:26.050 LOG 3: field 14.95 14.95
2026-04-09 18:07:26.100 LOG 3: field 14.47 14.47
2026-04-09 18:07:26.150 LOG 3: field 0.0 0.0
2026-04-09 18:07:26.200 LOG 3: field 0.0 0.0
2026-04-09 18:07:26.250 LOG 3: field 0.0 0.0
2026-04-09 18:07:26.300 LOG 3: field 0.0 0.0
2026-04-09 18:07:26.350 LOG 3: field 0.0 0.0
2026-04-09 18:07:26.400 LOG 3: field 0.0 0.0
2026-04-09 18:07:26.450 LOG 3: field 0 0
2026-04-09 18:07:26.500 LOG 3: field 0.0 0.0
2026-04-09 18:07:26.550 LOG 3: field 0.0 0.0
2026-04-09 18:07:26.600 LOG 3: field 0 0
2026-04-09 18:07:26.650 LOG 3: field -1 -1
2026-04-09 18:07:26.700 LOG 3: field -1 -1
2026-04-09 18:07:26.750 LOG 3: field 0 0
2026-04-09 18:07:26.800 LOG 3: field 0.0 0.0
2026-04-09 18:07:26.850 LOG 3: field 0.0 0.0
2026-04-09 18:07:35.150 LOG 3: int_fields 
2026-04-09 18:07:35.200 LOG 3: field 77924509061 77924509061
2026-04-09 18:07:35.250 LOG 3: field 77924509061 77924509061
2026-04-09 18:07:35.300 LOG 3: field 1162788 1162788
2026-04-09 18:07:35.350 LOG 3: field 1162788 1162788
2026-04-09 18:07:35.400 LOG 3: field 0 0
2026-04-09 18:07:35.450 LOG 3: field 0 0
2026-04-09 18:07:35.500 LOG 3: field 26 26
2026-04-09 18:07:35.550 LOG 3: field 0 0
2026-04-09 18:07:35.600 LOG 3: field 1 1
2026-04-09 18:07:35.650 LOG 3: field 0 0
2026-04-09 18:07:35.700 LOG 3: field 0 0
2026-04-09 18:07:35.750 LOG 3: field 0 0
2026-04-09 18:07:35.800 LOG 3: field 0 0
2026-04-09 18:07:35.850 LOG 3: field 0 0
2026-04-09 18:07:35.900 LOG 3: field 1 1
2026-04-09 18:07:35.950 LOG 3: field 1 1
2026-04-09 18:07:35.000 LOG 3: field 1 1
2026-04-09 18:07:35.050 LOG 3: field 0 0
2026-04-09 18:07:35.100 LOG 3: field -1 -1
2026-04-09 18:07:35.150 LOG 3: field 0 0
2026-04-09 18:07:35.200 LOG 3: field 0 0
2026-04-09 18:07:35.250 LOG 3: field 0 0
2026-04-09 18:07:35.300 LOG 3: field 0 0
2026-04-09 18:07:35.350 LOG 3: field 0 0
2026-04-09 18:07:35.400 LOG 3: field 0 0
2026-04-09 18:07:35.450 LOG 3: field 0 0
2026-04-09 18:07:35.500 LOG 3: field 0 0
2026-04-09 18:07:35.550 LOG 3: field 0 0
2026-04-09 18:07:35.600 LOG 3: field 0 0
2026-04-09 18:07:35.650 LOG 3: field 0 0
2026-04-09 18:07:35.700 LOG 3: field 0 0
2026-04-09 18:07:35.750 LOG 3: field 20260410 20260410
2026-04-09 18:07:35.800 LOG 3: field 0 0
2026-04-09 18:07:35.850 LOG 3: field 0 0
2026-04-09 18:07:35.900 LOG 3: float_fields 
2026-04-09 18:07:35.950 LOG 3: field 1.0 1.0
2026-04-09 18:07:35.000 LOG 3: field 98.67 98.67
2026-04-09 18:07:35.050 LOG 3: field 986.7 986.7
2026-04-09 18:07:35.100 LOG 3: field 0.0 0.0
2026-04-09 18:07:35.150 LOG 3: field 14.95 14.95
2026-04-09 18:07:35.200 LOG 3: field 14.47 14.47
2026-04-09 18:07:35.250 LOG 3: field 0.0 0.0
2026-04-09 18:07:35.300 LOG 3: field 0.0 0.0
2026-04-09 18:07:35.350 LOG 3: field 0.0 0.0
2026-04-09 18:07:35.400 LOG 3: field 0.0 0.0
2026-04-09 18:07:35.450 LOG 3: field 0.0 0.0
2026-04-09 18:07:35.500 LOG 3: field 0.0 0.0
2026-04-09 18:07:35.550 LOG 3: field 0 0
2026-04-09 18:07:35.600 LOG 3: field 0.0 0.0
2026-04-09 18:07:35.650 LOG 3: field 0.0 0.0
2026-04-09 18:07:35.700 LOG 3: field 0 0
2026-04-09 18:07:35.750 LOG 3: field -1 -1
2026-04-09 18:07:35.800 LOG 3: field -1 -1
2026-04-09 18:07:35.850 LOG 3: field 0 0
2026-04-09 18:07:35.900 LOG 3: field 0.0 0.0
2026-04-09 18:07:35.950 LOG 3: field 0.0 0.0
2026-04-09 18:07:35.000 LOG 3: int_fields 
2026-04-09 18:07:35.050 LOG 3: field 77924527921 77924527921
2026-04-09 18:07:35.100 LOG 3: field 77924527921 77924527921
2026-04-09 18:07:35.150 LOG 3: field 1162788 1162788
2026-04-09 18:07:35.200 LOG 3: field 0 0
2026-04-09 18:07:35.250 LOG 3: field 0 0
2026-04-09 18:07:35.300 LOG 3: field 0 0
2026-04-09 18:07:35.350 LOG 3: field 25 25
2026-04-09 18:07:35.400 LOG 3: field 0 0
2026-04-09 18:07:35.450 LOG 3: field 1 1
2026-04-09 18:07:35.500 LOG 3: field 0 0
2026-04-09 18:07:35.550 LOG 3: field 0 0
2026-04-09 18:07:35.600 LOG 3: field 0 0
2026-04-09 18:07:35.650 LOG 3: field 0 0
2026-04-09 18:07:35.700 LOG 3: field 0 0
2026-04-09 18:07:35.750 LOG 3: field 1 1
2026-04-09 18:07:35.800 LOG 3: field 1 1
2026-04-09 18:07:35.850 LOG 3: field 1 1
2026-04-09 18:07:35.900 LOG 3: field 0 0
2026-04-09 18:07:35.950 LOG 3: field -1 -1
2026-04-09 18:07:35.000 LOG 3: field 0 0
2026-04-09 18:07:35.050 LOG 3: field 0 0
2026-04-09 18:07:35.100 LOG 3: field 0 0
2026-04-09 18:07:35.150 LOG 3: field 0 0
2026-04-09 18:07:35.200 LOG 3: field 0 0
2026-04-09 18:07:35.250 LOG 3: field 0 0
2026-04-09 18:07:35.300 LOG 3: field 0 0
2026-04-09 18:07:35.350 LOG 3: field 0 0
2026-04-09 18:07:35.400 LOG 3: field 0 0
2026-04-09 18:07:35.450 LOG 3: field 0 0
2026-04-09 18:07:35.500 LOG 3: field 0 0
2026-04-09 18:07:35.550 LOG 3: field 0 0
2026-04-09 18:07:35.600 LOG 3: field 20260410 20260410
2026-04-09 18:07:35.650 LOG 3: field 0 0
2026-04-09 18:07:35.700 LOG 3: field 0 0
2026-04-09 18:07:35.750 LOG 3: float_fields 
2026-04-09 18:07:35.800 LOG 3: field 1.0 1.0
2026-04-09 18:07:35.850 LOG 3: field 98.67 98.67
2026-04-09 18:07:35.900 LOG 3: field 986.7 986.7
2026-04-09 18:07:35.950 LOG 3: field 0.0 0.0
2026-04-09 18:07:35.000 LOG 3: field 14.95 14.95
2026-04-09 18:07:35.050 LOG 3: field 14.47 14.47
2026-04-09 18:07:35.100 LOG 3: field 0.0 0.0
2026-04-09 18:07:35.150 LOG 3: field 0.0 0.0
2026-04-09 18:07:35.200 LOG 3: field 0.0 0.0
2026-04-09 18:07:35.250 LOG 3: field 0.0 0.0
2026-04-09 18:07:35.300 LOG 3: field 0.0 0.0
2026-04-09 18:07:35.350 LOG 3: field 0.0 0.0
2026-04-09 18:07:35.400 LOG 3: field 0 0
2026-04-09 18:07:35.450 LOG 3: field 0.0 0.0
2026-04-09 18:07:35.500 LOG 3: field 0.0 0.0
2026-04-09 18:07:35.550 LOG 3: field 0 0
2026-04-09 18:07:35.600 LOG 3: field -1 -1
2026-04-09 18:07:35.650 LOG 3: field -1 -1
2026-04-09 18:07:35.700 LOG 3: field 0 0
2026-04-09 18:07:35.750 LOG 3: field 0.0 0.0
2026-04-09 18:07:35.800 LOG 3: field 0.0 0.0
2026-04-09 18:07:35.850 LOG 3: int_fields 
2026-04-09 18:07:35.900 LOG 3: field 77947783631 77947783631
2026-04-09 18:07:35.950 LOG 3: field 77947783631 77947783631
2026-04-09 18:07:35.000 LOG 3: field 1162788 1162788
2026-04-09 18:07:35.050 LOG 3: field 0 0
2026-04-09 18:07:35.100 LOG 3: field 0 0
2026-04-09 18:07:35.150 LOG 3: field 9180729 9180729
2026-04-09 18:07:35.200 LOG 3: field 25 25
2026-04-09 18:07:35.250 LOG 3: field 0 0
2026-04-09 18:07:35.300 LOG 3: field 1 1
2026-04-09 18:07:35.350 LOG 3: field 0 0
2026-04-09 18:07:35.400 LOG 3: field 0 0
2026-04-09 18:07:35.450 LOG 3: field 0 0
2026-04-09 18:07:35.500 LOG 3: field 0 0
2026-04-09 18:07:35.550 LOG 3: field 0 0
2026-04-09 18:07:35.600 LOG 3: field 1 1
2026-04-09 18:07:35.650 LOG 3: field 1 1
2026-04-09 18:07:35.700 LOG 3: field 1 1
2026-04-09 18:07:35.750 LOG 3: field 0 0
2026-04-09 18:07:35.800 LOG 3: field -1 -1
2026-04-09 18:07:35.850 LOG 3: field 0 0
2026-04-09 18:07:35.900 LOG 3: field 0 0
2026-04-09 18:07:35.950 LOG 3: field 0 0
2026-04-09 18:07:35.000 LOG 3: field 0 0
2026-04-09 18:07:35.050 LOG 3: field 0 0
2026-04-09 18:07:35.100 LOG 3: field 0 0
2026-04-09 18:07:35.150 LOG 3: field 0 0
2026-04-09 18:07:35.200 LOG 3: field 0 0
2026-04-09 18:07:35.250 LOG 3: field 0 0
2026-04-09 18:07:35.300 LOG 3: field 0 0
2026-04-09 18:07:35.350 LOG 3: field 0 0
2026-04-09 18:07:35.400 LOG 3: field 0 0
2026-04-09 18:07:35.450 LOG 3: field 20260410 20260410
2026-04-09 18:07:35.500 LOG 3: field 0 0
2026-04-09 18:07:35.550 LOG 3: field 0 0
2026-04-09 18:07:35.600 LOG 3: float_fields 
2026-04-09 18:07:35.650 LOG 3: field 1.0 1.0
2026-04-09 18:07:35.700 LOG 3: field 100.99 100.99
2026-04-09 18:07:35.750 LOG 3: field 1009.9 1009.9
2026-04-09 18:07:35.800 LOG 3: field 0.0 0.0
2026-04-09 18:07:35.850 LOG 3: field 12.44 12.44
2026-04-09 18:07:35.900 LOG 3: field 28.88 28.88
2026-04-09 18:07:35.950 LOG 3: field 0.0 0.0
2026-04-09 18:07:35.000 LOG 3: field 0.0 0.0
2026-04-09 18:07:35.050 LOG 3: field 0.0 0.0
2026-04-09 18:07:35.100 LOG 3: field 0.0 0.0
2026-04-09 18:07:35.150 LOG 3: field 0.0 0.0
2026-04-09 18:07:35.200 LOG 3: field 0.0 0.0
2026-04-09 18:07:35.250 LOG 3: field 0 0
2026-04-09 18:07:35.300 LOG 3: field 0.0 0.0
2026-04-09 18:07:35.350 LOG 3: field 0.0 0.0
2026-04-09 18:07:35.400 LOG 3: field 0 0
2026-04-09 18:07:35.450 LOG 3: field -1 -1
2026-04-09 18:07:35.500 LOG 3: field -1 -1
2026-04-09 18:07:35.550 LOG 3: field 0 0
2026-04-09 18:07:35.600 LOG 3: field 0.0 0.0
2026-04-09 18:07:35.650 LOG 3: field 0.0 0.0
2026-04-09 18:07:36.500 LOG 3: int_fields 
2026-04-09 18:07:36.550 LOG 3: field 77924509061 77924509061
2026-04-09 18:07:36.600 LOG 3: field 77924509061 77924509061
2026-04-09 18:07:36.650 LOG 3: field 1162788 1162788
2026-04-09 18:07:36.700 LOG 3: field 1162788 1162788
2026-04-09 18:07:36.750 LOG 3: field 0 0
2026-04-09 18:07:36.800 LOG 3: field 0 0
2026-04-09 18:07:36.850 LOG 3: field 26 26
2026-04-09 18:07:36.900 LOG 3: field 0 0
2026-04-09 18:07:36.950 LOG 3: field 1 1
2026-04-09 18:07:36.000 LOG 3: field 0 0
2026-04-09 18:07:36.050 LOG 3: field 0 0
2026-04-09 18:07:36.100 LOG 3: field 0 0
2026-04-09 18:07:36.150 LOG 3: field 0 0
2026-04-09 18:07:36.200 LOG 3: field 0 0
2026-04-09 18:07:36.250 LOG 3: field 1 1
2026-04-09 18:07:36.300 LOG 3: field 1 1
2026-04-09 18:07:36.350 LOG 3: field 1 1
2026-04-09 18:07:36.400 LOG 3: field 0 0
2026-04-09 18:07:36.450 LOG 3: field -1 -1
2026-04-09 18:07:36.500 LOG 3: field 0 0
2026-04-09 18:07:36.550 LOG 3: field 0 0
2026-04-09 18:07:36.600 LOG 3: field 0 0
2026-04-09 18:07:36.650 LOG 3: field 0 0
2026-04-09 18:07:36.700 LOG 3: field 0 0
2026-04-09 18:07:36.750 LOG 3: field 0 0
2026-04-09 18:07:36.800 LOG 3: field 0 0
2026-04-09 18:07:36.850 LOG 3: field 0 0
2026-04-09 18:07:36.900 LOG 3: field 0 0
2026-04-09 18:07:36.950 LOG 3: field 0 0
2026-04-09 18:07:36.000 LOG 3: field 0 0
2026-04-09 18:07:36.050 LOG 3: field 0 0
2026-04-09 18:07:36.100 LOG 3: field 20260410 20260410
2026-04-09 18:07:36.150 LOG 3: field 0 0
2026-04-09 18:07:36.200 LOG 3: field 0 0
2026-04-09 18:07:36.250 LOG 3: float_fields 
2026-04-09 18:07:36.300 LOG 3: field 1.0 1.0
2026-04-09 18:07:36.350 LOG 3: field 98.67 98.67
2026-04-09 18:07:36.400 LOG 3: field 986.7 986.7
2026-04-09 18:07:36.450 LOG 3: field 0.0 0.0
2026-04-09 18:07:36.500 LOG 3: field 14.95 14.95
2026-04-09 18:07:36.550 LOG 3: field 14.47 14.47
2026-04-09 18:07:36.600 LOG 3: field 0.0 0.0
2026-04-09 18:07:36.650 LOG 3: field 0.0 0.0
2026-04-09 18:07:36.700 LOG 3: field 0.0 0.0
2026-04-09 18:07:36.750 LOG 3: field 0.0 0.0
2026-04-09 18:07:36.800 LOG 3: field 0.0 0.0
2026-04-09 18:07:36.850 LOG 3: field 0.0 0.0
2026-04-09 18:07:36.900 LOG 3: field 0 0
2026-04-09 18:07:36.950 LOG 3: field 0.0 0.0
2026-04-09 18:07:36.000 LOG 3: field 0.0 0.0
2026-04-09 18:07:36.050 LOG 3: field 0 0
2026-04-09 18:07:36.100 LOG 3: field -1 -1
2026-04-09 18:07:36.150 LOG 3: field -1 -1
2026-04-09 18:07:36.200 LOG 3: field 0 0
2026-04-09 18:07:36.250 LOG 3: field 0.0 0.0
2026-04-09 18:07:36.300 LOG 3: field 0.0 0.0
2026-04-09 18:07:36.350 LOG 3: int_fields 
2026-04-09 18:07:36.400 LOG 3: field 77924527921 77924527921
2026-04-09 18:07:36.450 LOG 3: field 77924527921 77924527921
2026-04-09 18:07:36.500 LOG 3: field 1162788 1162788
2026-04-09 18:07:36.550 LOG 3: field 0 0
2026-04-09 18:07:36.600 LOG 3: field 0 0
2026-04-09 18:07:36.650 LOG 3: field 0 0
2026-04-09 18:07:36.700 LOG 3: field 25 25
2026-04-09 18:07:36.750 LOG 3: field 0 0
2026-04-09 18:07:36.800 LOG 3: field 1 1
2026-04-09 18:07:36.850 LOG 3: field 0 0
2026-04-09 18:07:36.900 LOG 3: field 0 0
2026-04-09 18:07:36.950 LOG 3: field 0 0
2026-04-09 18:07:36.000 LOG 3: field 0 0
2026-04-09 18:07:36.050 LOG 3: field 0 0
2026-04-09 18:07:36.100 LOG 3: field 1 1
2026-04-09 18:07:36.150 LOG 3: field 1 1
2026-04-09 18:07:36.200 LOG 3: field 1 1
2026-04-09 18:07:36.250 LOG 3: field 0 0
2026-04-09 18:07:36.300 LOG 3: field -1 -1
2026-04-09 18:07:36.350 LOG 3: field 0 0
2026-04-09 18:07:36.400 LOG 3: field 0 0
2026-04-09 18:07:36.450 LOG 3: field 0 0
2026-04-09 18:07:36.500 LOG 3: field 0 0
2026-04-09 18:07:36.550 LOG 3: field 0 0
2026-04-09 18:07:36.600 LOG 3: field 0 0
2026-04-09 18:07:36.650 LOG 3: field 0 0
2026-04-09 18:07:36.700 LOG 3: field 0 0
2026-04-09 18:07:36.750 LOG 3: field 0 0
2026-04-09 18:07:36.800 LOG 3: field 0 0
2026-04-09 18:07:36.850 LOG 3: field 0 0
2026-04-09 18:07:36.900 LOG 3: field 0 0
2026-04-09 18:07:36.950 LOG 3: field 20260410 20260410
2026-04-09 18:07:36.000 LOG 3: field 0 0
2026-04-09 18:07:36.050 LOG 3: field 0 0
2026-04-09 18:07:36.100 LOG 3: float_fields 
2026-04-09 18:07:36.150 LOG 3: field 1.0 1.0
2026-04-09 18:07:36.200 LOG 3: field 98.67 98.67
2026-04-09 18:07:36.250 LOG 3: field 986.7 986.7
2026-04-09 18:07:36.300 LOG 3: field 0.0 0.0
2026-04-09 18:07:36.350 LOG 3: field 14.95 14.95
2026-04-09 18:07:36.400 LOG 3: field 14.47 14.47
2026-04-09 18:07:36.450 LOG 3: field 0.0 0.0
2026-04-09 18:07:36.500 LOG 3: field 0.0 0.0
2026-04-09 18:07:36.550 LOG 3: field 0.0 0.0
2026-04-09 18:07:36.600 LOG 3: field 0.0 0.0
2026-04-09 18:07:36.650 LOG 3: field 0.0 0.0
2026-04-09 18:07:36.700 LOG 3: field 0.0 0.0
2026-04-09 18:07:36.750 LOG 3: field 0 0
2026-04-09 18:07:36.800 LOG 3: field 0.0 0.0
2026-04-09 18:07:36.850 LOG 3: field 0.0 0.0
2026-04-09 18:07:36.900 LOG 3: field 0 0
2026-04-09 18:07:36.950 LOG 3: field -1 -1
2026-04-09 18:07:36.000 LOG 3: field -1 -1
2026-04-09 18:07:36.050 LOG 3: field 0 0
2026-04-09 18:07:36.100 LOG 3: field 0.0 0.0
2026-04-09 18:07:36.150 LOG 3: field 0.0 0.0
2026-04-09 18:07:36.200 LOG 3: int_fields 
2026-04-09 18:07:36.250 LOG 3: field 77947783631 77947783631
2026-04-09 18:07:36.300 LOG 3: field 77947783631 77947783631
2026-04-09 18:07:36.350 LOG 3: field 1162788 1162788
2026-04-09 18:07:36.400 LOG 3: field 0 0
2026-04-09 18:07:36.450 LOG 3: field 0 0
2026-04-09 18:07:36.500 LOG 3: field 9180729 9180729
2026-04-09 18:07:36.550 LOG 3: field 25 25
2026-04-09 18:07:36.600 LOG 3: field 0 0
2026-04-09 18:07:36.650 LOG 3: field 1 1
2026-04-09 18:07:36.700 LOG 3: field 0 0
2026-04-09 18:07:36.750 LOG 3: field 0 0
2026-04-09 18:07:36.800 LOG 3: field 0 0
2026-04-09 18:07:36.850 LOG 3: field 0 0
2026-04-09 18:07:36.900 LOG 3: field 0 0
2026-04-09 18:07:36.950 LOG 3: field 1 1
2026-04-09 18:07:36.000 LOG 3: field 1 1
2026-04-09 18:07:36.050 LOG 3: field 1 1
2026-04-09 18:07:36.100 LOG 3: field 0 0
2026-04-09 18:07:36.150 LOG 3: field -1 -1
2026-04-09 18:07:36.200 LOG 3: field 0 0
2026-04-09 18:07:36.250 LOG 3: field 0 0
2026-04-09 18:07:36.300 LOG 3: field 0 0
2026-04-09 18:07:36.350 LOG 3: field 0 0
2026-04-09 18:07:36.400 LOG 3: field 0 0
2026-04-09 18:07:36.450 LOG 3: field 0 0
2026-04-09 18:07:36.500 LOG 3: field 0 0
2026-04-09 18:07:36.550 LOG 3: field 0 0
2026-04-09 18:07:36.600 LOG 3: field 0 0
2026-04-09 18:07:36.650 LOG 3: field 0 0
2026-04-09 18:07:36.700 LOG 3: field 0 0
2026-04-09 18:07:36.750 LOG 3: field 0 0
2026-04-09 18:07:36.800 LOG 3: field 20260410 20260410
2026-04-09 18:07:36.850 LOG 3: field 0 0
2026-04-09 18:07:36.900 LOG 3: field 0 0
2026-04-09 18:07:36.950 LOG 3: float_fields 
2026-04-09 18:07:36.000 LOG 3: field 1.0 1.0
2026-04-09 18:07:36.050 LOG 3: field 100.99 100.99
2026-04-09 18:07:36.100 LOG 3: field 1009.9 1009.9
2026-04-09 18:07:36.150 LOG 3: field 0.0 0.0
2026-04-09 18:07:36.200 LOG 3: field 12.44 12.44
2026-04-09 18:07:36.250 LOG 3: field 28.88 28.88
2026-04-09 18:07:36.300 LOG 3: field 0.0 0.0
2026-04-09 18:07:36.350 LOG 3: field 0.0 0.0
2026-04-09 18:07:36.400 LOG 3: field 0.0 0.0
2026-04-09 18:07:36.450 LOG 3: field 0.0 0.0
2026-04-09 18:07:36.500 LOG 3: field 0.0 0.0
2026-04-09 18:07:36.550 LOG 3: field 0.0 0.0
2026-04-09 18:07:36.600 LOG 3: field 0 0
2026-04-09 18:07:36.650 LOG 3: field 0.0 0.0
2026-04-09 18:07:36.700 LOG 3: field 0.0 0.0
2026-04-09 18:07:36.750 LOG 3: field 0 0
2026-04-09 18:07:36.800 LOG 3: field -1 -1
2026-04-09 18:07:36.850 LOG 3: field -1 -1
2026-04-09 18:07:36.900 LOG 3: field 0 0
2026-04-09 18:07:36.950 LOG 3: field 0.0 0.0
2026-04-09 18:07:36.000 LOG 3: field 0.0 0.0
2026-04-09 18:07:37.800 LOG 3: int_fields 
2026-04-09 18:07:37.850 LOG 3: field 77924509061 77924509061
2026-04-09 18:07:37.900 LOG 3: field 77924509061 77924509061
2026-04-09 18:07:37.950 LOG 3: field 1162788 1162788
2026-04-09 18:07:37.000 LOG 3: field 1162788 1162788
2026-04-09 18:07:37.050 LOG 3: field 0 0
2026-04-09 18:07:37.100 LOG 3: field 0 0
2026-04-09 18:07:37.150 LOG 3: field 26 26
2026-04-09 18:07:37.200 LOG 3: field 0 0
2026-04-09 18:07:37.250 LOG 3: field 1 1
2026-04-09 18:07:37.300 LOG 3: field 0 0
2026-04-09 18:07:37.350 LOG 3: field 0 0
2026-04-09 18:07:37.400 LOG 3: field 0 0
2026-04-09 18:07:37.450 LOG 3: field 0 0
2026-04-09 18:07:37.500 LOG 3: field 0 0
2026-04-09 18:07:37.550 LOG 3: field 1 1
2026-04-09 18:07:37.600 LOG 3: field 1 1
2026-04-09 18:07:37.650 LOG 3: field 1 1
2026-04-09 18:07:37.700 LOG 3: field 0 0
2026-04-09 18:07:37.750 LOG 3: field -1 -1
2026-04-09 18:07:37.800 LOG 3: field 0 0
2026-04-09 18:07:37.850 LOG 3: field 0 0
2026-04-09 18:07:37.900 LOG 3: field 0 0
2026-04-09 18:07:37.950 LOG 3: field 0 0
2026-04-09 18:07:37.000 LOG 3: field 0 0
2026-04-09 18:07:37.050 LOG 3: field 0 0
2026-04-09 18:07:37.100 LOG 3: field 0 0
2026-04-09 18:07:37.150 LOG 3: field 0 0
2026-04-09 18:07:37.200 LOG 3: field 0 0
2026-04-09 18:07:37.250 LOG 3: field 0 0
2026-04-09 18:07:37.300 LOG 3: field 0 0
2026-04-09 18:07:37.350 LOG 3: field 0 0
2026-04-09 18:07:37.400 LOG 3: field 20260410 20260410
2026-04-09 18:07:37.450 LOG 3: field 0 0
2026-04-09 18:07:37.500 LOG 3: field 0 0
2026-04-09 18:07:37.550 LOG 3: float_fields 
2026-04-09 18:07:37.600 LOG 3: field 1.0 1.0
2026-04-09 18:07:37.650 LOG 3: field 98.67 98.67
2026-04-09 18:07:37.700 LOG 3: field 986.7 986.7
2026-04-09 18:07:37.750 LOG 3: field 0.0 0.0
2026-04-09 18:07:37.800 LOG 3: field 14.95 14.95
2026-04-09 18:07:37.850 LOG 3: field 14.47 14.47
2026-04-09 18:07:37.900 LOG 3: field 0.0 0.0
2026-04-09 18:07:37.950 LOG 3: field 0.0 0.0
2026-04-09 18:07:37.000 LOG 3: field 0.0 0.0
2026-04-09 18:07:37.050 LOG 3: field 0.0 0.0
2026-04-09 18:07:37.100 LOG 3: field 0.0 0.0
2026-04-09 18:07:37.150 LOG 3: field 0.0 0.0
2026-04-09 18:07:37.200 LOG 3: field 0 0
2026-04-09 18:07:37.250 LOG 3: field 0.0 0.0
2026-04-09 18:07:37.300 LOG 3: field 0.0 0.0
2026-04-09 18:07:37.350 LOG 3: field 0 0
2026-04-09 18:07:37.400 LOG 3: field -1 -1
2026-04-09 18:07:37.450 LOG 3: field -1 -1
2026-04-09 18:07:37.500 LOG 3: field 0 0
2026-04-09 18:07:37.550 LOG 3: field 0.0 0.0
2026-04-09 18:07:37.600 LOG 3: field 0.0 0.0
2026-04-09 18:07:37.650 LOG 3: int_fields 
2026-04-09 18:07:37.700 LOG 3: field 77924527921 77924527921
2026-04-09 18:07:37.750 LOG 3: field 77924527921 77924527921
2026-04-09 18:07:37.800 LOG 3: field 1162788 1162788
2026-04-09 18:07:37.850 LOG 3: field 0 0
2026-04-09 18:07:37.900 LOG 3: field 0 0
2026-04-09 18:07:37.950 LOG 3: field 0 0
2026-04-09 18:07:37.000 LOG 3: field 25 25
2026-04-09 18:07:37.050 LOG 3: field 0 0
2026-04-09 18:07:37.100 LOG 3: field 1 1
2026-04-09 18:07:37.150 LOG 3: field 0 0
2026-04-09 18:07:37.200 LOG 3: field 0 0
2026-04-09 18:07:37.250 LOG 3: field 0 0
2026-04-09 18:07:37.300 LOG 3: field 0 0
2026-04-09 18:07:37.350 LOG 3: field 0 0
2026-04-09 18:07:37.400 LOG 3: field 1 1
2026-04-09 18:07:37.450 LOG 3: field 1 1
2026-04-09 18:07:37.500 LOG 3: field 1 1
2026-04-09 18:07:37.550 LOG 3: field 0 0
2026-04-09 18:07:37.600 LOG 3: field -1 -1
2026-04-09 18:07:37.650 LOG 3: field 0 0
2026-04-09 18:07:37.700 LOG 3: field 0 0
2026-04-09 18:07:37.750 LOG 3: field 0 0
2026-04-09 18:07:37.800 LOG 3: field 0 0
2026-04-09 18:07:37.850 LOG 3: field 0 0
2026-04-09 18:07:37.900 LOG 3: field 0 0
2026-04-09 18:07:37.950 LOG 3: field 0 0
2026-04-09 18:07:37.000 LOG 3: field 0 0
2026-04-09 18:07:37.050 LOG 3: field 0 0
2026-04-09 18:07:37.100 LOG 3: field 0 0
2026-04-09 18:07:37.150 LOG 3: field 0 0
2026-04-09 18:07:37.200 LOG 3: field 0 0
2026-04-09 18:07:37.250 LOG 3: field 20260410 20260410
2026-04-09 18:07:37.300 LOG 3: field 0 0
2026-04-09 18:07:37.350 LOG 3: field 0 0
2026-04-09 18:07:37.400 LOG 3: float_fields 
2026-04-09 18:07:37.450 LOG 3: field 1.0 1.0
2026-04-09 18:07:37.500 LOG 3: field 98.67 98.67
2026-04-09 18:07:37.550 LOG 3: field 986.7 986.7
2026-04-09 18:07:37.600 LOG 3: field 0.0 0.0
2026-04-09 18:07:37.650 LOG 3: field 14.95 14.95
2026-04-09 18:07:37.700 LOG 3: field 14.47 14.47
2026-04-09 18:07:37.750 LOG 3: field 0.0 0.0
2026-04-09 18:07:37.800 LOG 3: field 0.0 0.0
2026-04-09 18:07:37.850 LOG 3: field 0.0 0.0
2026-04-09 18:07:37.900 LOG 3: field 0.0 0.0
2026-04-09 18:07:37.950 LOG 3: field 0.0 0.0
2026-04-09 18:07:37.000 LOG 3: field 0.0 0.0
2026-04-09 18:07:37.050 LOG 3: field 0 0
2026-04-09 18:07:37.100 LOG 3: field 0.0 0.0
2026-04-09 18:07:37.150 LOG 3: field 0.0 0.0
2026-04-09 18:07:37.200 LOG 3: field 0 0
2026-04-09 18:07:37.250 LOG 3: field -1 -1
2026-04-09 18:07:37.300 LOG 3: field -1 -1
2026-04-09 18:07:37.350 LOG 3: field 0 0
2026-04-09 18:07:37.400 LOG 3: field 0.0 0.0
2026-04-09 18:07:37.450 LOG 3: field 0.0 0.0
2026-04-09 18:07:37.500 LOG 3: int_fields 
2026-04-09 18:07:37.550 LOG 3: field 77947783631 77947783631
2026-04-09 18:07:37.600 LOG 3: field 77947783631 77947783631
2026-04-09 18:07:37.650 LOG 3: field 1162788 1162788
2026-04-09 18:07:37.700 LOG 3: field 0 0
2026-04-09 18:07:37.750 LOG 3: field 0 0
2026-04-09 18:07:37.800 LOG 3: field 9180729 9180729
2026-04-09 18:07:37.850 LOG 3: field 25 25
2026-04-09 18:07:37.900 LOG 3: field 0 0
2026-04-09 18:07:37.950 LOG 3: field 1 1
2026-04-09 18:07:37.000 LOG 3: field 0 0
2026-04-09 18:07:37.050 LOG 3: field 0 0
2026-04-09 18:07:37.100 LOG 3: field 0 0
2026-04-09 18:07:37.150 LOG 3: field 0 0
2026-04-09 18:07:37.200 LOG 3: field 0 0
2026-04-09 18:07:37.250 LOG 3: field 1 1
2026-04-09 18:07:37.300 LOG 3: field 1 1
2026-04-09 18:07:37.350 LOG 3: field 1 1
2026-04-09 18:07:37.400 LOG 3: field 0 0
2026-04-09 18:07:37.450 LOG 3: field -1 -1
2026-04-09 18:07:37.500 LOG 3: field 0 0
2026-04-09 18:07:37.550 LOG 3: field 0 0
2026-04-09 18:07:37.600 LOG 3: field 0 0
2026-04-09 18:07:37.650 LOG 3: field 0 0
2026-04-09 18:07:37.700 LOG 3: field 0 0
2026-04-09 18:07:37.750 LOG 3: field 0 0
2026-04-09 18:07:37.800 LOG 3: field 0 0
2026-04-09 18:07:37.850 LOG 3: field 0 0
2026-04-09 18:07:37.900 LOG 3: field 0 0
2026-04-09 18:07:37.950 LOG 3: field 0 0
2026-04-09 18:07:37.000 LOG 3: field 0 0
2026-04-09 18:07:37.050 LOG 3: field 0 0
2026-04-09 18:07:37.100 LOG 3: field 20260410 20260410
2026-04-09 18:07:37.150 LOG 3: field 0 0
2026-04-09 18:07:37.200 LOG 3: field 0 0
2026-04-09 18:07:37.250 LOG 3: float_fields 
2026-04-09 18:07:37.300 LOG 3: field 1.0 1.0
2026-04-09 18:07:37.350 LOG 3: field 100.99 100.99
2026-04-09 18:07:37.400 LOG 3: field 1009.9 1009.9
2026-04-09 18:07:37.450 LOG 3: field 0.0 0.0
2026-04-09 18:07:37.500 LOG 3: field 12.44 12.44
2026-04-09 18:07:37.550 LOG 3: field 28.88 28.88
2026-04-09 18:07:37.600 LOG 3: field 0.0 0.0
2026-04-09 18:07:37.650 LOG 3: field 0.0 0.0
2026-04-09 18:07:37.700 LOG 3: field 0.0 0.0
2026-04-09 18:07:37.750 LOG 3: field 0.0 0.0
2026-04-09 18:07:37.800 LOG 3: field 0.0 0.0
2026-04-09 18:07:37.850 LOG 3: field 0.0 0.0
2026-04-09 18:07:37.900 LOG 3: field 0 0
2026-04-09 18:07:37.950 LOG 3: field 0.0 0.0
2026-04-09 18:07:37.000 LOG 3: field 0.0 0.0
2026-04-09 18:07:37.050 LOG 3: field 0 0
2026-04-09 18:07:37.100 LOG 3: field -1 -1
2026-04-09 18:07:37.150 LOG 3: field -1 -1
2026-04-09 18:07:37.200 LOG 3: field 0 0
2026-04-09 18:07:37.250 LOG 3: field 0.0 0.0
2026-04-09 18:07:37.300 LOG 3: field 0.0 0.0
2026-04-09 18:07:37.350 LOG 3: int_fields 
2026-04-09 18:07:37.400 LOG 3: field 77947788055 77947788055
2026-04-09 18:07:37.450 LOG 3: field 77947788055 77947788055
2026-04-09 18:07:37.500 LOG 3: field 1162788 1162788
2026-04-09 18:07:37.550 LOG 3: field 0 0
2026-04-09 18:07:37.600 LOG 3: field 0 0
2026-04-09 18:07:37.650 LOG 3: field 9180730 9180730
2026-04-09 18:07:37.700 LOG 3: field 25 25
2026-04-09 18:07:37.750 LOG 3: field 0 0
2026-04-09 18:07:37.800 LOG 3: field 1 1
2026-04-09 18:07:37.850 LOG 3: field 0 0
2026-04-09 18:07:37.900 LOG 3: field 0 0
2026-04-09 18:07:37.950 LOG 3: field 0 0
2026-04-09 18:07:37.000 LOG 3: field 0 0
2026-04-09 18:07:37.050 LOG 3: field 0 0
2026-04-09 18:07:37.100 LOG 3: field 1 1
2026-04-09 18:07:37.150 LOG 3: field 1 1
2026-04-09 18:07:37.200 LOG 3: field 1 1
2026-04-09 18:07:37.250 LOG 3: field 0 0
2026-04-09 18:07:37.300 LOG 3: field -1 -1
2026-04-09 18:07:37.350 LOG 3: field 0 0
2026-04-09 18:07:37.400 LOG 3: field 0 0
2026-04-09 18:07:37.450 LOG 3: field 0 0
2026-04-09 18:07:37.500 LOG 3: field 0 0
2026-04-09 18:07:37.550 LOG 3: field 0 0
2026-04-09 18:07:37.600 LOG 3: field 0 0
2026-04-09 18:07:37.650 LOG 3: field 0 0
2026-04-09 18:07:37.700 LOG 3: field 0 0
2026-04-09 18:07:37.750 LOG 3: field 0 0
2026-04-09 18:07:37.800 LOG 3: field 0 0
2026-04-09 18:07:37.850 LOG 3: field 0 0
2026-04-09 18:07:37.900 LOG 3: field 0 0
2026-04-09 18:07:37.950 LOG 3: field 20260410 20260410
2026-04-09 18:07:37.000 LOG 3: field 0 0
2026-04-09 18:07:37.050 LOG 3: field 0 0
2026-04-09 18:07:37.100 LOG 3: float_fields 
2026-04-09 18:07:37.150 LOG 3: field 1.0 1.0
2026-04-09 18:07:37.200 LOG 3: field 102.9 102.9
2026-04-09 18:07:37.250 LOG 3: field 1029.0 1029.0
2026-04-09 18:07:37.300 LOG 3: field 0.0 0.0
2026-04-09 18:07:37.350 LOG 3: field 15.1 15.1
2026-04-09 18:07:37.400 LOG 3: field 65.67 65.67
2026-04-09 18:07:37.450 LOG 3: field 0.0 0.0
2026-04-09 18:07:37.500 LOG 3: field 0.0 0.0
2026-04-09 18:07:37.550 LOG 3: field 0.0 0.0
2026-04-09 18:07:37.600 LOG 3: field 0.0 0.0
2026-04-09 18:07:37.650 LOG 3: field 0.0 0.0
2026-04-09 18:07:37.700 LOG 3: field 0.0 0.0
2026-04-09 18:07:37.750 LOG 3: field 0 0
2026-04-09 18:07:37.800 LOG 3: field 0.0 0.0
2026-04-09 18:07:37.850 LOG 3: field 0.0 0.0
2026-04-09 18:07:37.900 LOG 3: field 0 0
2026-04-09 18:07:37.950 LOG 3: field -1 -1
2026-04-09 18:07:37.000 LOG 3: field -1 -1
2026-04-09 18:07:37.050 LOG 3: field 0 0
2026-04-09 18:07:37.100 LOG 3: field 0.0 0.0
2026-04-09 18:07:37.150 LOG 3: field 0.0 0.0
2026-04-09 18:07:46.200 LOG 3: int_fields 
2026-04-09 18:07:46.250 LOG 3: field 77924509061 77924509061
2026-04-09 18:07:46.300 LOG 3: field 77924509061 77924509061
2026-04-09 18:07:46.350 LOG 3: field 1162788 1162788
2026-04-09 18:07:46.400 LOG 3: field 1162788 1162788
2026-04-09 18:07:46.450 LOG 3: field 0 0
2026-04-09 18:07:46.500 LOG 3: field 0 0
2026-04-09 18:07:46.550 LOG 3: field 26 26
2026-04-09 18:07:46.600 LOG 3: field 0 0
2026-04-09 18:07:46.650 LOG 3: field 1 1
2026-04-09 18:07:46.700 LOG 3: field 0 0
2026-04-09 18:07:46.750 LOG 3: field 0 0
2026-04-09 18:07:46.800 LOG 3: field 0 0
2026-04-09 18:07:46.850 LOG 3: field 0 0
2026-04-09 18:07:46.900 LOG 3: field 0 0
2026-04-09 18:07:46.950 LOG 3: field 1 1
2026-04-09 18:07:46.000 LOG 3: field 1 1
2026-04-09 18:07:46.050 LOG 3: field 1 1
2026-04-09 18:07:46.100 LOG 3: field 0 0
2026-04-09 18:07:46.150 LOG 3: field -1 -1
2026-04-09 18:07:46.200 LOG 3: field 0 0
2026-04-09 18:07:46.250 LOG 3: field 0 0
2026-04-09 18:07:46.300 LOG 3: field 0 0
2026-04-09 18:07:46.350 LOG 3: field 0 0
2026-04-09 18:07:46.400 LOG 3: field 0 0
2026-04-09 18:07:46.450 LOG 3: field 0 0
2026-04-09 18:07:46.500 LOG 3: field 0 0
2026-04-09 18:07:46.550 LOG 3: field 0 0
2026-04-09 18:07:46.600 LOG 3: field 0 0
2026-04-09 18:07:46.650 LOG 3: field 0 0
2026-04-09 18:07:46.700 LOG 3: field 0 0
2026-04-09 18:07:46.750 LOG 3: field 0 0
2026-04-09 18:07:46.800 LOG 3: field 20260410 20260410
2026-04-09 18:07:46.850 LOG 3: field 0 0
2026-04-09 18:07:46.900 LOG 3: field 0 0
2026-04-09 18:07:46.950 LOG 3: float_fields 
2026-04-09 18:07:46.000 LOG 3: field 1.0 1.0
2026-04-09 18:07:46.050 LOG 3: field 98.67 98.67
2026-04-09 18:07:46.100 LOG 3: field 986.7 986.7
2026-04-09 18:07:46.150 LOG 3: field 0.0 0.0
2026-04-09 18:07:46.200 LOG 3: field 14.95 14.95
2026-04-09 18:07:46.250 LOG 3: field 14.47 14.47
2026-04-09 18:07:46.300 LOG 3: field 0.0 0.0
2026-04-09 18:07:46.350 LOG 3: field 0.0 0.0
2026-04-09 18:07:46.400 LOG 3: field 0.0 0.0
2026-04-09 18:07:46.450 LOG 3: field 0.0 0.0
2026-04-09 18:07:46.500 LOG 3: field 0.0 0.0
2026-04-09 18:07:46.550 LOG 3: field 0.0 0.0
2026-04-09 18:07:46.600 LOG 3: field 0 0
2026-04-09 18:07:46.650 LOG 3: field 0.0 0.0
2026-04-09 18:07:46.700 LOG 3: field 0.0 0.0
2026-04-09 18:07:46.750 LOG 3: field 0 0
2026-04-09 18:07:46.800 LOG 3: field -1 -1
2026-04-09 18:07:46.850 LOG 3: field -1 -1
2026-04-09 18:07:46.900 LOG 3: field 0 0
2026-04-09 18:07:46.950 LOG 3: field 0.0 0.0
2026-04-09 18:07:46.000 LOG 3: field 0.0 0.0
2026-04-09 18:07:46.050 LOG 3: int_fields 
2026-04-09 18:07:46.100 LOG 3: field 77924527921 77924527921
2026-04-09 18:07:46.150 LOG 3: field 77924527921 77924527921
2026-04-09 18:07:46.200 LOG 3: field 1162788 1162788
2026-04-09 18:07:46.250 LOG 3: field 0 0
2026-04-09 18:07:46.300 LOG 3: field 0 0
2026-04-09 18:07:46.350 LOG 3: field 0 0
2026-04-09 18:07:46.400 LOG 3: field 25 25
2026-04-09 18:07:46.450 LOG 3: field 0 0
2026-04-09 18:07:46.500 LOG 3: field 1 1
2026-04-09 18:07:46.550 LOG 3: field 0 0
2026-04-09 18:07:46.600 LOG 3: field 0 0
2026-04-09 18:07:46.650 LOG 3: field 0 0
2026-04-09 18:07:46.700 LOG 3: field 0 0
2026-04-09 18:07:46.750 LOG 3: field 0 0
2026-04-09 18:07:46.800 LOG 3: field 1 1
2026-04-09 18:07:46.850 LOG 3: field 1 1
2026-04-09 18:07:46.900 LOG 3: field 1 1
2026-04-09 18:07:46.950 LOG 3: field 0 0
2026-04-09 18:07:46.000 LOG 3: field -1 -1
2026-04-09 18:07:46.050 LOG 3: field 0 0
2026-04-09 18:07:46.100 LOG 3: field 0 0
2026-04-09 18:07:46.150 LOG 3: field 0 0
2026-04-09 18:07:46.200 LOG 3: field 0 0
2026-04-09 18:07:46.250 LOG 3: field 0 0
2026-04-09 18:07:46.300 LOG 3: field 0 0
2026-04-09 18:07:46.350 LOG 3: field 0 0
2026-04-09 18:07:46.400 LOG 3: field 0 0
2026-04-09 18:07:46.450 LOG 3: field 0 0
2026-04-09 18:07:46.500 LOG 3: field 0 0
2026-04-09 18:07:46.550 LOG 3: field 0 0
2026-04-09 18:07:46.600 LOG 3: field 0 0
2026-04-09 18:07:46.650 LOG 3: field 20260410 20260410
2026-04-09 18:07:46.700 LOG 3: field 0 0
2026-04-09 18:07:46.750 LOG 3: field 0 0
2026-04-09 18:07:46.800 LOG 3: float_fields 
2026-04-09 18:07:46.850 LOG 3: field 1.0 1.0
2026-04-09 18:07:46.900 LOG 3: field 98.67 98.67
2026-04-09 18:07:46.950 LOG 3: field 986.7 986.7
2026-04-09 18:07:46.000 LOG 3: field 0.0 0.0
2026-04-09 18:07:46.050 LOG 3: field 14.95 14.95
2026-04-09 18:07:46.100 LOG 3: field 14.47 14.47
2026-04-09 18:07:46.150 LOG 3: field 0.0 0.0
2026-04-09 18:07:46.200 LOG 3: field 0.0 0.0
2026-04-09 18:07:46.250 LOG 3: field 0.0 0.0
2026-04-09 18:07:46.300 LOG 3: field 0.0 0.0
2026-04-09 18:07:46.350 LOG 3: field 0.0 0.0
2026-04-09 18:07:46.400 LOG 3: field 0.0 0.0
2026-04-09 18:07:46.450 LOG 3: field 0 0
2026-04-09 18:07:46.500 LOG 3: field 0.0 0.0
2026-04-09 18:07:46.550 LOG 3: field 0.0 0.0
2026-04-09 18:07:46.600 LOG 3: field 0 0
2026-04-09 18:07:46.650 LOG 3: field -1 -1
2026-04-09 18:07:46.700 LOG 3: field -1 -1
2026-04-09 18:07:46.750 LOG 3: field 0 0
2026-04-09 18:07:46.800 LOG 3: field 0.0 0.0
2026-04-09 18:07:46.850 LOG 3: field 0.0 0.0
2026-04-09 18:07:46.900 LOG 3: int_fields 
2026-04-09 18:07:46.950 LOG 3: field 77947783631 77947783631
2026-04-09 18:07:46.000 LOG 3: field 77947783631 77947783631
2026-04-09 18:07:46.050 LOG 3: field 1162788 1162788
2026-04-09 18:07:46.100 LOG 3: field 0 0
2026-04-09 18:07:46.150 LOG 3: field 0 0
2026-04-09 18:07:46.200 LOG 3: field 9180729 9180729
2026-04-09 18:07:46.250 LOG 3: field 25 25
2026-04-09 18:07:46.300 LOG 3: field 0 0
2026-04-09 18:07:46.350 LOG 3: field 1 1
2026-04-09 18:07:46.400 LOG 3: field 0 0
2026-04-09 18:07:46.450 LOG 3: field 0 0
2026-04-09 18:07:46.500 LOG 3: field 0 0
2026-04-09 18:07:46.550 LOG 3: field 0 0
2026-04-09 18:07:46.600 LOG 3: field 0 0
2026-04-09 18:07:46.650 LOG 3: field 1 1
2026-04-09 18:07:46.700 LOG 3: field 1 1
2026-04-09 18:07:46.750 LOG 3: field 1 1
2026-04-09 18:07:46.800 LOG 3: field 0 0
2026-04-09 18:07:46.850 LOG 3: field -1 -1
2026-04-09 18:07:46.900 LOG 3: field 0 0
2026-04-09 18:07:46.950 LOG 3: field 0 0
2026-04-09 18:07:46.000 LOG 3: field 0 0
2026-04-09 18:07:46.050 LOG 3: field 0 0
2026-04-09 18:07:46.100 LOG 3: field 0 0
2026-04-09 18:07:46.150 LOG 3: field 0 0
2026-04-09 18:07:46.200 LOG 3: field 0 0
2026-04-09 18:07:46.250 LOG 3: field 0 0
2026-04-09 18:07:46.300 LOG 3: field 0 0
2026-04-09 18:07:46.350 LOG 3: field 0 0
2026-04-09 18:07:46.400 LOG 3: field 0 0
2026-04-09 18:07:46.450 LOG 3: field 0 0
2026-04-09 18:07:46.500 LOG 3: field 20260410 20260410
2026-04-09 18:07:46.550 LOG 3: field 0 0
2026-04-09 18:07:46.600 LOG 3: field 0 0
2026-04-09 18:07:46.650 LOG 3: float_fields 
2026-04-09 18:07:46.700 LOG 3: field 1.0 1.0
2026-04-09 18:07:46.750 LOG 3: field 100.99 100.99
2026-04-09 18:07:46.800 LOG 3: field 1009.9 1009.9
2026-04-09 18:07:46.850 LOG 3: field 0.0 0.0
2026-04-09 18:07:46.900 LOG 3: field 12.44 12.44
2026-04-09 18:07:46.950 LOG 3: field 28.88 28.88
2026-04-09 18:07:46.000 LOG 3: field 0.0 0.0
2026-04-09 18:07:46.050 LOG 3: field 0.0 0.0
2026-04-09 18:07:46.100 LOG 3: field 0.0 0.0
2026-04-09 18:07:46.150 LOG 3: field 0.0 0.0
2026-04-09 18:07:46.200 LOG 3: field 0.0 0.0
2026-04-09 18:07:46.250 LOG 3: field 0.0 0.0
2026-04-09 18:07:46.300 LOG 3: field 0 0
2026-04-09 18:07:46.350 LOG 3: field 0.0 0.0
2026-04-09 18:07:46.400 LOG 3: field 0.0 0.0
2026-04-09 18:07:46.450 LOG 3: field 0 0
2026-04-09 18:07:46.500 LOG 3: field -1 -1
2026-04-09 18:07:46.550 LOG 3: field -1 -1
2026-04-09 18:07:46.600 LOG 3: field 0 0
2026-04-09 18:07:46.650 LOG 3: field 0.0 0.0
2026-04-09 18:07:46.700 LOG 3: field 0.0 0.0
2026-04-09 18:07:46.750 LOG 3: int_fields 
2026-04-09 18:07:46.800 LOG 3: field 77947788055 77947788055
2026-04-09 18:07:46.850 LOG 3: field 77947788055 77947788055
2026-04-09 18:07:46.900 LOG 3: field 1162788 1162788
2026-04-09 18:07:46.950 LOG 3: field 0 0
2026-04-09 18:07:46.000 LOG 3: field 0 0
2026-04-09 18:07:46.050 LOG 3: field 9180730 9180730
2026-04-09 18:07:46.100 LOG 3: field 25 25
2026-04-09 18:07:46.150 LOG 3: field 0 0
2026-04-09 18:07:46.200 LOG 3: field 1 1
2026-04-09 18:07:46.250 LOG 3: field 0 0
2026-04-09 18:07:46.300 LOG 3: field 0 0
2026-04-09 18:07:46.350 LOG 3: field 0 0
2026-04-09 18:07:46.400 LOG 3: field 0 0
2026-04-09 18:07:46.450 LOG 3: field 0 0
2026-04-09 18:07:46.500 LOG 3: field 1 1
2026-04-09 18:07:46.550 LOG 3: field 1 1
2026-04-09 18:07:46.600 LOG 3: field 1 1
2026-04-09 18:07:46.650 LOG 3: field 0 0
2026-04-09 18:07:46.700 LOG 3: field -1 -1
2026-04-09 18:07:46.750 LOG 3: field 0 0
2026-04-09 18:07:46.800 LOG 3: field 0 0
2026-04-09 18:07:46.850 LOG 3: field 0 0
2026-04-09 18:07:46.900 LOG 3: field 0 0
2026-04-09 18:07:46.950 LOG 3: field 0 0
2026-04-09 18:07:46.000 LOG 3: field 0 0
2026-04-09 18:07:46.050 LOG 3: field 0 0
2026-04-09 18:07:46.100 LOG 3: field 0 0
2026-04-09 18:07:46.150 LOG 3: field 0 0
2026-04-09 18:07:46.200 LOG 3: field 0 0
2026-04-09 18:07:46.250 LOG 3: field 0 0
2026-04-09 18:07:46.300 LOG 3: field 0 0
2026-04-09 18:07:46.350 LOG 3: field 20260410 20260410
2026-04-09 18:07:46.400 LOG 3: field 0 0
2026-04-09 18:07:46.450 LOG 3: field 0 0
2026-04-09 18:07:46.500 LOG 3: float_fields 
2026-04-09 18:07:46.550 LOG 3: field 1.0 1.0
2026-04-09 18:07:46.600 LOG 3: field 102.9 102.9
2026-04-09 18:07:46.650 LOG 3: field 1029.0 1029.0
2026-04-09 18:07:46.700 LOG 3: field 0.0 0.0
2026-04-09 18:07:46.750 LOG 3: field 15.1 15.1
2026-04-09 18:07:46.800 LOG 3: field 65.67 65.67
2026-04-09 18:07:46.850 LOG 3: field 0.0 0.0
2026-04-09 18:07:46.900 LOG 3: field 0.0 0.0
2026-04-09 18:07:46.950 LOG 3: field 0.0 0.0
2026-04-09 18:07:46.000 LOG 3: field 0.0 0.0
2026-04-09 18:07:46.050 LOG 3: field 0.0 0.0
2026-04-09 18:07:46.100 LOG 3: field 0.0 0.0
2026-04-09 18:07:46.150 LOG 3: field 0 0
2026-04-09 18:07:46.200 LOG 3: field 0.0 0.0
2026-04-09 18:07:46.250 LOG 3: field 0.0 0.0
2026-04-09 18:07:46.300 LOG 3: field 0 0
2026-04-09 18:07:46.350 LOG 3: field -1 -1
2026-04-09 18:07:46.400 LOG 3: field -1 -1
2026-04-09 18:07:46.450 LOG 3: field 0 0
2026-04-09 18:07:46.500 LOG 3: field 0.0 0.0
2026-04-09 18:07:46.550 LOG 3: field 0.0 0.0
2026-04-09 18:07:47.400 LOG 3: int_fields 
2026-04-09 18:07:47.450 LOG 3: field 77924509061 77924509061
2026-04-09 18:07:47.500 LOG 3: field 77924509061 77924509061
2026-04-09 18:07:47.550 LOG 3: field 1162788 1162788
2026-04-09 18:07:47.600 LOG 3: field 1162788 1162788
2026-04-09 18:07:47.650 LOG 3: field 0 0
2026-04-09 18:07:47.700 LOG 3: field 0 0
2026-04-09 18:07:47.750 LOG 3: field 26 26
2026-04-09 18:07:47.800 LOG 3: field 0 0
2026-04-09 18:07:47.850 LOG 3: field 1 1
2026-04-09 18:07:47.900 LOG 3: field 0 0
2026-04-09 18:07:47.950 LOG 3: field 0 0
2026-04-09 18:07:47.000 LOG 3: field 0 0
2026-04-09 18:07:47.050 LOG 3: field 0 0
2026-04-09 18:07:47.100 LOG 3: field 0 0
2026-04-09 18:07:47.150 LOG 3: field 1 1
2026-04-09 18:07:47.200 LOG 3: field 1 1
2026-04-09 18:07:47.250 LOG 3: field 1 1
2026-04-09 18:07:47.300 LOG 3: field 0 0
2026-04-09 18:07:47.350 LOG 3: field -1 -1
2026-04-09 18:07:47.400 LOG 3: field 0 0
2026-04-09 18:07:47.450 LOG 3: field 0 0
2026-04-09 18:07:47.500 LOG 3: field 0 0
2026-04-09 18:07:47.550 LOG 3: field 0 0
2026-04-09 18:07:47.600 LOG 3: field 0 0
2026-04-09 18:07:47.650 LOG 3: field 0 0
2026-04-09 18:07:47.700 LOG 3: field 0 0
2026-04-09 18:07:47.750 LOG 3: field 0 0
2026-04-09 18:07:47.800 LOG 3: field 0 0
2026-04-09 18:07:47.850 LOG 3: field 0 0
2026-04-09 18:07:47.900 LOG 3: field 0 0
2026-04-09 18:07:47.950 LOG 3: field 0 0
2026-04-09 18:07:47.000 LOG 3: field 20260410 20260410
2026-04-09 18:07:47.050 LOG 3: field 0 0
2026-04-09 18:07:47.100 LOG 3: field 0 0
2026-04-09 18:07:47.150 LOG 3: float_fields 
2026-04-09 18:07:47.200 LOG 3: field 1.0 1.0
2026-04-09 18:07:47.250 LOG 3: field 98.67 98.67
2026-04-09 18:07:47.300 LOG 3: field 986.7 986.7
2026-04-09 18:07:47.350 LOG 3: field 0.0 0.0
2026-04-09 18:07:47.400 LOG 3: field 14.95 14.95
2026-04-09 18:07:47.450 LOG 3: field 14.47 14.47
2026-04-09 18:07:47.500 LOG 3: field 0.0 0.0
2026-04-09 18:07:47.550 LOG 3: field 0.0 0.0
2026-04-09 18:07:47.600 LOG 3: field 0.0 0.0
2026-04-09 18:07:47.650 LOG 3: field 0.0 0.0
2026-04-09 18:07:47.700 LOG 3: field 0.0 0.0
2026-04-09 18:07:47.750 LOG 3: field 0.0 0.0
2026-04-09 18:07:47.800 LOG 3: field 0 0
2026-04-09 18:07:47.850 LOG 3: field 0.0 0.0
2026-04-09 18:07:47.900 LOG 3: field 0.0 0.0
2026-04-09 18:07:47.950 LOG 3: field 0 0
2026-04-09 18:07:47.000 LOG 3: field -1 -1
2026-04-09 18:07:47.050 LOG 3: field -1 -1
2026-04-09 18:07:47.100 LOG 3: field 0 0
2026-04-09 18:07:47.150 LOG 3: field 0.0 0.0
2026-04-09 18:07:47.200 LOG 3: field 0.0 0.0
2026-04-09 18:07:47.250 LOG 3: int_fields 
2026-04-09 18:07:47.300 LOG 3: field 77924527921 77924527921
2026-04-09 18:07:47.350 LOG 3: field 77924527921 77924527921
2026-04-09 18:07:47.400 LOG 3: field 1162788 1162788
2026-04-09 18:07:47.450 LOG 3: field 0 0
2026-04-09 18:07:47.500 LOG 3: field 0 0
2026-04-09 18:07:47.550 LOG 3: field 0 0
2026-04-09 18:07:47.600 LOG 3: field 25 25
2026-04-09 18:07:47.650 LOG 3: field 0 0
2026-04-09 18:07:47.700 LOG 3: field 1 1
2026-04-09 18:07:47.750 LOG 3: field 0 0
2026-04-09 18:07:47.800 LOG 3: field 0 0
2026-04-09 18:07:47.850 LOG 3: field 0 0
2026-04-09 18:07:47.900 LOG 3: field 0 0
2026-04-09 18:07:47.950 LOG 3: field 0 0
2026-04-09 18:07:47.000 LOG 3: field 1 1
2026-04-09 18:07:47.050 LOG 3: field 1 1
2026-04-09 18:07:47.100 LOG 3: field 1 1
2026-04-09 18:07:47.150 LOG 3: field 0 0
2026-04-09 18:07:47.200 LOG 3: field -1 -1
2026-04-09 18:07:47.250 LOG 3: field 0 0
2026-04-09 18:07:47.300 LOG 3: field 0 0
2026-04-09 18:07:47.350 LOG 3: field 0 0
2026-04-09 18:07:47.400 LOG 3: field 0 0
2026-04-09 18:07:47.450 LOG 3: field 0 0
2026-04-09 18:07:47.500 LOG 3: field 0 0
2026-04-09 18:07:47.550 LOG 3: field 0 0
2026-04-09 18:07:47.600 LOG 3: field 0 0
2026-04-09 18:07:47.650 LOG 3: field 0 0
2026-04-09 18:07:47.700 LOG 3: field 0 0
2026-04-09 18:07:47.750 LOG 3: field 0 0
2026-04-09 18:07:47.800 LOG 3: field 0 0
2026-04-09 18:07:47.850 LOG 3: field 20260410 20260410
2026-04-09 18:07:47.900 LOG 3: field 0 0
2026-04-09 18:07:47.950 LOG 3: field 0 0
2026-04-09 18:07:47.000 LOG 3: float_fields 
2026-04-09 18:07:47.050 LOG 3: field 1.0 1.0
2026-04-09 18:07:47.100 LOG 3: field 98.67 98.67
2026-04-09 18:07:47.150 LOG 3: field 986.7 986.7
2026-04-09 18:07:47.200 LOG 3: field 0.0 0.0
2026-04-09 18:07:47.250 LOG 3: field 14.95 14.95
2026-04-09 18:07:47.300 LOG 3: field 14.47 14.47
2026-04-09 18:07:47.350 LOG 3: field 0.0 0.0
2026-04-09 18:07:47.400 LOG 3: field 0.0 0.0
2026-04-09 18:07:47.450 LOG 3: field 0.0 0.0
2026-04-09 18:07:47.500 LOG 3: field 0.0 0.0
2026-04-09 18:07:47.550 LOG 3: field 0.0 0.0
2026-04-09 18:07:47.600 LOG 3: field 0.0 0.0
2026-04-09 18:07:47.650 LOG 3: field 0 0
2026-04-09 18:07:47.700 LOG 3: field 0.0 0.0
2026-04-09 18:07:47.750 LOG 3: field 0.0 0.0
2026-04-09 18:07:47.800 LOG 3: field 0 0
2026-04-09 18:07:47.850 LOG 3: field -1 -1
2026-04-09 18:07:47.900 LOG 3: field -1 -1
2026-04-09 18:07:47.950 LOG 3: field 0 0
2026-04-09 18:07:47.000 LOG 3: field 0.0 0.0
2026-04-09 18:07:47.050 LOG 3: field 0.0 0.0
2026-04-09 18:07:47.100 LOG 3: int_fields 
2026-04-09 18:07:47.150 LOG 3: field 77947783631 77947783631
2026-04-09 18:07:47.200 LOG 3: field 77947783631 77947783631
2026-04-09 18:07:47.250 LOG 3: field 1162788 1162788
2026-04-09 18:07:47.300 LOG 3: field 0 0
2026-04-09 18:07:47.350 LOG 3: field 0 0
2026-04-09 18:07:47.400 LOG 3: field 9180729 9180729
2026-04-09 18:07:47.450 LOG 3: field 25 25
2026-04-09 18:07:47.500 LOG 3: field 0 0
2026-04-09 18:07:47.550 LOG 3: field 1 1
2026-04-09 18:07:47.600 LOG 3: field 0 0
2026-04-09 18:07:47.650 LOG 3: field 0 0
2026-04-09 18:07:47.700 LOG 3: field 0 0
2026-04-09 18:07:47.750 LOG 3: field 0 0
2026-04-09 18:07:47.800 LOG 3: field 0 0
2026-04-09 18:07:47.850 LOG 3: field 1 1
2026-04-09 18:07:47.900 LOG 3: field 1 1
2026-04-09 18:07:47.950 LOG 3: field 1 1
2026-04-09 18:07:47.000 LOG 3: field 0 0
2026-04-09 18:07:47.050 LOG 3: field -1 -1
2026-04-09 18:07:47.100 LOG 3: field 0 0
2026-04-09 18:07:47.150 LOG 3: field 0 0
2026-04-09 18:07:47.200 LOG 3: field 0 0
2026-04-09 18:07:47.250 LOG 3: field 0 0
2026-04-09 18:07:47.300 LOG 3: field 0 0
2026-04-09 18:07:47.350 LOG 3: field 0 0
2026-04-09 18:07:47.400 LOG 3: field 0 0
2026-04-09 18:07:47.450 LOG 3: field 0 0
2026-04-09 18:07:47.500 LOG 3: field 0 0
2026-04-09 18:07:47.550 LOG 3: field 0 0
2026-04-09 18:07:47.600 LOG 3: field 0 0
2026-04-09 18:07:47.650 LOG 3: field 0 0
2026-04-09 18:07:47.700 LOG 3: field 20260410 20260410
2026-04-09 18:07:47.750 LOG 3: field 0 0
2026-04-09 18:07:47.800 LOG 3: field 0 0
2026-04-09 18:07:47.850 LOG 3: float_fields 
2026-04-09 18:07:47.900 LOG 3: field 1.0 1.0
2026-04-09 18:07:47.950 LOG 3: field 100.99 100.99
2026-04-09 18:07:47.000 LOG 3: field 1009.9 1009.9
2026-04-09 18:07:47.050 LOG 3: field 0.0 0.0
2026-04-09 18:07:47.100 LOG 3: field 12.44 12.44
2026-04-09 18:07:47.150 LOG 3: field 28.88 28.88
2026-04-09 18:07:47.200 LOG 3: field 0.0 0.0
2026-04-09 18:07:47.250 LOG 3: field 0.0 0.0
2026-04-09 18:07:47.300 LOG 3: field 0.0 0.0
2026-04-09 18:07:47.350 LOG 3: field 0.0 0.0
2026-04-09 18:07:47.400 LOG 3: field 0.0 0.0
2026-04-09 18:07:47.450 LOG 3: field 0.0 0.0
2026-04-09 18:07:47.500 LOG 3: field 0 0
2026-04-09 18:07:47.550 LOG 3: field 0.0 0.0
2026-04-09 18:07:47.600 LOG 3: field 0.0 0.0
2026-04-09 18:07:47.650 LOG 3: field 0 0
2026-04-09 18:07:47.700 LOG 3: field -1 -1
2026-04-09 18:07:47.750 LOG 3: field -1 -1
2026-04-09 18:07:47.800 LOG 3: field 0 0
2026-04-09 18:07:47.850 LOG 3: field 0.0 0.0
2026-04-09 18:07:47.900 LOG 3: field 0.0 0.0
2026-04-09 18:07:47.950 LOG 3: int_fields 
2026-04-09 18:07:47.000 LOG 3: field 77947788055 77947788055
2026-04-09 18:07:47.050 LOG 3: field 77947788055 77947788055
2026-04-09 18:07:47.100 LOG 3: field 1162788 1162788
2026-04-09 18:07:47.150 LOG 3: field 0 0
2026-04-09 18:07:47.200 LOG 3: field 0 0
2026-04-09 18:07:47.250 LOG 3: field 9180730 9180730
2026-04-09 18:07:47.300 LOG 3: field 25 25
2026-04-09 18:07:47.350 LOG 3: field 0 0
2026-04-09 18:07:47.400 LOG 3: field 1 1
2026-04-09 18:07:47.450 LOG 3: field 0 0
2026-04-09 18:07:47.500 LOG 3: field 0 0
2026-04-09 18:07:47.550 LOG 3: field 0 0
2026-04-09 18:07:47.600 LOG 3: field 0 0
2026-04-09 18:07:47.650 LOG 3: field 0 0
2026-04-09 18:07:47.700 LOG 3: field 1 1
2026-04-09 18:07:47.750 LOG 3: field 1 1
2026-04-09 18:07:47.800 LOG 3: field 1 1
2026-04-09 18:07:47.850 LOG 3: field 0 0
2026-04-09 18:07:47.900 LOG 3: field -1 -1
2026-04-09 18:07:47.950 LOG 3: field 0 0
2026-04-09 18:07:47.000 LOG 3: field 0 0
2026-04-09 18:07:47.050 LOG 3: field 0 0
2026-04-09 18:07:47.100 LOG 3: field 0 0
2026-04-09 18:07:47.150 LOG 3: field 0 0
2026-04-09 18:07:47.200 LOG 3: field 0 0
2026-04-09 18:07:47.250 LOG 3: field 0 0
2026-04-09 18:07:47.300 LOG 3: field 0 0
2026-04-09 18:07:47.350 LOG 3: field 0 0
2026-04-09 18:07:47.400 LOG 3: field 0 0
2026-04-09 18:07:47.450 LOG 3: field 0 0
2026-04-09 18:07:47.500 LOG 3: field 0 0
2026-04-09 18:07:47.550 LOG 3: field 20260410 20260410
2026-04-09 18:07:47.600 LOG 3: field 0 0
2026-04-09 18:07:47.650 LOG 3: field 0 0
2026-04-09 18:07:47.700 LOG 3: float_fields 
2026-04-09 18:07:47.750 LOG 3: field 1.0 1.0
2026-04-09 18:07:47.800 LOG 3: field 102.9 102.9
2026-04-09 18:07:47.850 LOG 3: field 1029.0 1029.0
2026-04-09 18:07:47.900 LOG 3: field 0.0 0.0
2026-04-09 18:07:47.950 LOG 3: field 15.1 15.1
2026-04-09 18:07:47.000 LOG 3: field 65.67 65.67
2026-04-09 18:07:47.050 LOG 3: field 0.0 0.0
2026-04-09 18:07:47.100 LOG 3: field 0.0 0.0
2026-04-09 18:07:47.150 LOG 3: field 0.0 0.0
2026-04-09 18:07:47.200 LOG 3: field 0.0 0.0
2026-04-09 18:07:47.250 LOG 3: field 0.0 0.0
2026-04-09 18:07:47.300 LOG 3: field 0.0 0.0
2026-04-09 18:07:47.350 LOG 3: field 0 0
2026-04-09 18:07:47.400 LOG 3: field 0.0 0.0
2026-04-09 18:07:47.450 LOG 3: field 0.0 0.0
2026-04-09 18:07:47.500 LOG 3: field 0 0
2026-04-09 18:07:47.550 LOG 3: field -1 -1
2026-04-09 18:07:47.600 LOG 3: field -1 -1
2026-04-09 18:07:47.650 LOG 3: field 0 0
2026-04-09 18:07:47.700 LOG 3: field 0.0 0.0
2026-04-09 18:07:47.750 LOG 3: field 0.0 0.0
2026-04-09 18:07:47.800 LOG 3: int_fields 
2026-04-09 18:07:47.850 LOG 3: field 77947793758 77947793758
2026-04-09 18:07:47.900 LOG 3: field 77947793758 77947793758
2026-04-09 18:07:47.950 LOG 3: field 1162788 1162788
2026-04-09 18:07:47.000 LOG 3: field 0 0
2026-04-09 18:07:47.050 LOG 3: field 0 0
2026-04-09 18:07:47.100 LOG 3: field 9180731 9180731
2026-04-09 18:07:47.150 LOG 3: field 25 25
2026-04-09 18:07:47.200 LOG 3: field 0 0
2026-04-09 18:07:47.250 LOG 3: field 1 1
2026-04-09 18:07:47.300 LOG 3: field 0 0
2026-04-09 18:07:47.350 LOG 3: field 0 0
2026-04-09 18:07:47.400 LOG 3: field 0 0
2026-04-09 18:07:47.450 LOG 3: field 0 0
2026-04-09 18:07:47.500 LOG 3: field 0 0
2026-04-09 18:07:47.550 LOG 3: field 1 1
2026-04-09 18:07:47.600 LOG 3: field 1 1
2026-04-09 18:07:47.650 LOG 3: field 1 1
2026-04-09 18:07:47.700 LOG 3: field 0 0
2026-04-09 18:07:47.750 LOG 3: field -1 -1
2026-04-09 18:07:47.800 LOG 3: field 0 0
2026-04-09 18:07:47.850 LOG 3: field 0 0
2026-04-09 18:07:47.900 LOG 3: field 0 0
2026-04-09 18:07:47.950 LOG 3: field 0 0
2026-04-09 18:07:47.000 LOG 3: field 0 0
2026-04-09 18:07:47.050 LOG 3: field 0 0
2026-04-09 18:07:47.100 LOG 3: field 0 0
2026-04-09 18:07:47.150 LOG 3: field 0 0
2026-04-09 18:07:47.200 LOG 3: field 0 0
2026-04-09 18:07:47.250 LOG 3: field 0 0
2026-04-09 18:07:47.300 LOG 3: field 0 0
2026-04-09 18:07:47.350 LOG 3: field 0 0
2026-04-09 18:07:47.400 LOG 3: field 20260410 20260410
2026-04-09 18:07:47.450 LOG 3: field 0 0
2026-04-09 18:07:47.500 LOG 3: field 0 0
2026-04-09 18:07:47.550 LOG 3: float_fields 
2026-04-09 18:07:47.600 LOG 3: field 1.0 1.0
2026-04-09 18:07:47.650 LOG 3: field 105.89 105.89
2026-04-09 18:07:47.700 LOG 3: field 1058.9 1058.9
2026-04-09 18:07:47.750 LOG 3: field 0.0 0.0
2026-04-09 18:07:47.800 LOG 3: field 15.03 15.03
2026-04-09 18:07:47.850 LOG 3: field 8.43 8.43
2026-04-09 18:07:47.900 LOG 3: field 0.0 0.0
2026-04-09 18:07:47.950 LOG 3: field 0.0 0.0
2026-04-09 18:07:47.000 LOG 3: field 0.0 0.0
2026-04-09 18:07:47.050 LOG 3: field 0.0 0.0
2026-04-09 18:07:47.100 LOG 3: field 0.0 0.0
2026-04-09 18:07:47.150 LOG 3: field 0.0 0.0
2026-04-09 18:07:47.200 LOG 3: field 0 0
2026-04-09 18:07:47.250 LOG 3: field 0.0 0.0
2026-04-09 18:07:47.300 LOG 3: field 0.0 0.0
2026-04-09 18:07:47.350 LOG 3: field 0 0
2026-04-09 18:07:47.400 LOG 3: field -1 -1
2026-04-09 18:07:47.450 LOG 3: field -1 -1
2026-04-09 18:07:47.500 LOG 3: field 0 0
2026-04-09 18:07:47.550 LOG 3: field 0.0 0.0
2026-04-09 18:07:47.600 LOG 3: field 0.0 0.0
2026-04-09 18:07:56.350 LOG 3: int_fields 
2026-04-09 18:07:56.400 LOG 3: field 77924509061 77924509061
2026-04-09 18:07:56.450 LOG 3: field 77924509061 77924509061
2026-04-09 18:07:56.500 LOG 3: field 1162788 1162788
2026-04-09 18:07:56.550 LOG 3: field 1162788 1162788
2026-04-09 18:07:56.600 LOG 3: field 0 0
2026-04-09 18:07:56.650 LOG 3: field 0 0
2026-04-09 18:07:56.700 LOG 3: field 26 26
2026-04-09 18:07:56.750 LOG 3: field 0 0
2026-04-09 18:07:56.800 LOG 3: field 1 1
2026-04-09 18:07:56.850 LOG 3: field 0 0
2026-04-09 18:07:56.900 LOG 3: field 0 0
2026-04-09 18:07:56.950 LOG 3: field 0 0
2026-04-09 18:07:56.000 LOG 3: field 0 0
2026-04-09 18:07:56.050 LOG 3: field 0 0
2026-04-09 18:07:56.100 LOG 3: field 1 1
2026-04-09 18:07:56.150 LOG 3: field 1 1
2026-04-09 18:07:56.200 LOG 3: field 1 1
2026-04-09 18:07:56.250 LOG 3: field 0 0
2026-04-09 18:07:56.300 LOG 3: field -1 -1
2026-04-09 18:07:56.350 LOG 3: field 0 0
2026-04-09 18:07:56.400 LOG 3: field 0 0
2026-04-09 18:07:56.450 LOG 3: field 0 0
2026-04-09 18:07:56.500 LOG 3: field 0 0
2026-04-09 18:07:56.550 LOG 3: field 0 0
2026-04-09 18:07:56.600 LOG 3: field 0 0
2026-04-09 18:07:56.650 LOG 3: field 0 0
2026-04-09 18:07:56.700 LOG 3: field 0 0
2026-04-09 18:07:56.750 LOG 3: field 0 0
2026-04-09 18:07:56.800 LOG 3: field 0 0
2026-04-09 18:07:56.850 LOG 3: field 0 0
2026-04-09 18:07:56.900 LOG 3: field 0 0
2026-04-09 18:07:56.950 LOG 3: field 20260410 20260410
2026-04-09 18:07:56.000 LOG 3: field 0 0
2026-04-09 18:07:56.050 LOG 3: field 0 0
2026-04-09 18:07:56.100 LOG 3: float_fields 
2026-04-09 18:07:56.150 LOG 3: field 1.0 1.0
2026-04-09 18:07:56.200 LOG 3: field 98.67 98.67
2026-04-09 18:07:56.250 LOG 3: field 986.7 986.7
2026-04-09 18:07:56.300 LOG 3: field 0.0 0.0
2026-04-09 18:07:56.350 LOG 3: field 14.95 14.95
2026-04-09 18:07:56.400 LOG 3: field 14.47 14.47
2026-04-09 18:07:56.450 LOG 3: field 0.0 0.0
2026-04-09 18:07:56.500 LOG 3: field 0.0 0.0
2026-04-09 18:07:56.550 LOG 3: field 0.0 0.0
2026-04-09 18:07:56.600 LOG 3: field 0.0 0.0
2026-04-09 18:07:56.650 LOG 3: field 0.0 0.0
2026-04-09 18:07:56.700 LOG 3: field 0.0 0.0
2026-04-09 18:07:56.750 LOG 3: field 0 0
2026-04-09 18:07:56.800 LOG 3: field 0.0 0.0
2026-04-09 18:07:56.850 LOG 3: field 0.0 0.0
2026-04-09 18:07:56.900 LOG 3: field 0 0
2026-04-09 18:07:56.950 LOG 3: field -1 -1
2026-04-09 18:07:56.000 LOG 3: field -1 -1
2026-04-09 18:07:56.050 LOG 3: field 0 0
2026-04-09 18:07:56.100 LOG 3: field 0.0 0.0
2026-04-09 18:07:56.150 LOG 3: field 0.0 0.0
2026-04-09 18:07:56.200 LOG 3: int_fields 
2026-04-09 18:07:56.250 LOG 3: field 77924527921 77924527921
2026-04-09 18:07:56.300 LOG 3: field 77924527921 77924527921
2026-04-09 18:07:56.350 LOG 3: field 1162788 1162788
2026-04-09 18:07:56.400 LOG 3: field 0 0
2026-04-09 18:07:56.450 LOG 3: field 0 0
2026-04-09 18:07:56.500 LOG 3: field 0 0
2026-04-09 18:07:56.550 LOG 3: field 25 25
2026-04-09 18:07:56.600 LOG 3: field 0 0
2026-04-09 18:07:56.650 LOG 3: field 1 1
2026-04-09 18:07:56.700 LOG 3: field 0 0
2026-04-09 18:07:56.750 LOG 3: field 0 0
2026-04-09 18:07:56.800 LOG 3: field 0 0
2026-04-09 18:07:56.850 LOG 3: field 0 0
2026-04-09 18:07:56.900 LOG 3: field 0 0
2026-04-09 18:07:56.950 LOG 3: field 1 1
2026-04-09 18:07:56.000 LOG 3: field 1 1
2026-04-09 18:07:56.050 LOG 3: field 1 1
2026-04-09 18:07:56.100 LOG 3: field 0 0
2026-04-09 18:07:56.150 LOG 3: field -1 -1
2026-04-09 18:07:56.200 LOG 3: field 0 0
2026-04-09 18:07:56.250 LOG 3: field 0 0
2026-04-09 18:07:56.300 LOG 3: field 0 0
2026-04-09 18:07:56.350 LOG 3: field 0 0
2026-04-09 18:07:56.400 LOG 3: field 0 0
2026-04-09 18:07:56.450 LOG 3: field 0 0
2026-04-09 18:07:56.500 LOG 3: field 0 0
2026-04-09 18:07:56.550 LOG 3: field 0 0
2026-04-09 18:07:56.600 LOG 3: field 0 0
2026-04-09 18:07:56.650 LOG 3: field 0 0
2026-04-09 18:07:56.700 LOG 3: field 0 0
2026-04-09 18:07:56.750 LOG 3: field 0 0
2026-04-09 18:07:56.800 LOG 3: field 20260410 20260410
2026-04-09 18:07:56.850 LOG 3: field 0 0
2026-04-09 18:07:56.900 LOG 3: field 0 0
2026-04-09 18:07:56.950 LOG 3: float_fields 
2026-04-09 18:07:56.000 LOG 3: field 1.0 1.0
2026-04-09 18:07:56.050 LOG 3: field 98.67 98.67
2026-04-09 18:07:56.100 LOG 3: field 986.7 986.7
2026-04-09 18:07:56.150 LOG 3: field 0.0 0.0
2026-04-09 18:07:56.200 LOG 3: field 14.95 14.95
2026-04-09 18:07:56.250 LOG 3: field 14.47 14.47
2026-04-09 18:07:56.300 LOG 3: field 0.0 0.0
2026-04-09 18:07:56.350 LOG 3: field 0.0 0.0
2026-04-09 18:07:56.400 LOG 3: field 0.0 0.0
2026-04-09 18:07:56.450 LOG 3: field 0.0 0.0
2026-04-09 18:07:56.500 LOG 3: field 0.0 0.0
2026-04-09 18:07:56.550 LOG 3: field 0.0 0.0
2026-04-09 18:07:56.600 LOG 3: field 0 0
2026-04-09 18:07:56.650 LOG 3: field 0.0 0.0
2026-04-09 18:07:56.700 LOG 3: field 0.0 0.0
2026-04-09 18:07:56.750 LOG 3: field 0 0
2026-04-09 18:07:56.800 LOG 3: field -1 -1
2026-04-09 18:07:56.850 LOG 3: field -1 -1
2026-04-09 18:07:56.900 LOG 3: field 0 0
2026-04-09 18:07:56.950 LOG 3: field 0.0 0.0
2026-04-09 18:07:56.000 LOG 3: field 0.0 0.0
2026-04-09 18:07:56.050 LOG 3: int_fields 
2026-04-09 18:07:56.100 LOG 3: field 77947783631 77947783631
2026-04-09 18:07:56.150 LOG 3: field 77947783631 77947783631
2026-04-09 18:07:56.200 LOG 3: field 1162788 1162788
2026-04-09 18:07:56.250 LOG 3: field 0 0
2026-04-09 18:07:56.300 LOG 3: field 0 0
2026-04-09 18:07:56.350 LOG 3: field 9180729 9180729
2026-04-09 18:07:56.400 LOG 3: field 25 25
2026-04-09 18:07:56.450 LOG 3: field 0 0
2026-04-09 18:07:56.500 LOG 3: field 1 1
2026-04-09 18:07:56.550 LOG 3: field 0 0
2026-04-09 18:07:56.600 LOG 3: field 0 0
2026-04-09 18:07:56.650 LOG 3: field 0 0
2026-04-09 18:07:56.700 LOG 3: field 0 0
2026-04-09 18:07:56.750 LOG 3: field 0 0
2026-04-09 18:07:56.800 LOG 3: field 1 1
2026-04-09 18:07:56.850 LOG 3: field 1 1
2026-04-09 18:07:56.900 LOG 3: field 1 1
2026-04-09 18:07:56.950 LOG 3: field 0 0
2026-04-09 18:07:56.000 LOG 3: field -1 -1
2026-04-09 18:07:56.050 LOG 3: field 0 0
2026-04-09 18:07:56.100 LOG 3: field 0 0
2026-04-09 18:07:56.150 LOG 3: field 0 0
2026-04-09 18:07:56.200 LOG 3: field 0 0
2026-04-09 18:07:56.250 LOG 3: field 0 0
2026-04-09 18:07:56.300 LOG 3: field 0 0
2026-04-09 18:07:56.350 LOG 3: field 0 0
2026-04-09 18:07:56.400 LOG 3: field 0 0
2026-04-09 18:07:56.450 LOG 3: field 0 0
2026-04-09 18:07:56.500 LOG 3: field 0 0
2026-04-09 18:07:56.550 LOG 3: field 0 0
2026-04-09 18:07:56.600 LOG 3: field 0 0
2026-04-09 18:07:56.650 LOG 3: field 20260410 20260410
2026-04-09 18:07:56.700 LOG 3: field 0 0
2026-04-09 18:07:56.750 LOG 3: field 0 0
2026-04-09 18:07:56.800 LOG 3: float_fields 
2026-04-09 18:07:56.850 LOG 3: field 1.0 1.0
2026-04-09 18:07:56.900 LOG 3: field 100.99 100.99
2026-04-09 18:07:56.950 LOG 3: field 1009.9 1009.9
2026-04-09 18:07:56.000 LOG 3: field 0.0 0.0
2026-04-09 18:07:56.050 LOG 3: field 12.44 12.44
2026-04-09 18:07:56.100 LOG 3: field 28.88 28.88
2026-04-09 18:07:56.150 LOG 3: field 0.0 0.0
2026-04-09 18:07:56.200 LOG 3: field 0.0 0.0
2026-04-09 18:07:56.250 LOG 3: field 0.0 0.0
2026-04-09 18:07:56.300 LOG 3: field 0.0 0.0
2026-04-09 18:07:56.350 LOG 3: field 0.0 0.0
2026-04-09 18:07:56.400 LOG 3: field 0.0 0.0
2026-04-09 18:07:56.450 LOG 3: field 0 0
2026-04-09 18:07:56.500 LOG 3: field 0.0 0.0
2026-04-09 18:07:56.550 LOG 3: field 0.0 0.0
2026-04-09 18:07:56.600 LOG 3: field 0 0
2026-04-09 18:07:56.650 LOG 3: field -1 -1
2026-04-09 18:07:56.700 LOG 3: field -1 -1
2026-04-09 18:07:56.750 LOG 3: field 0 0
2026-04-09 18:07:56.800 LOG 3: field 0.0 0.0
2026-04-09 18:07:56.850 LOG 3: field 0.0 0.0
2026-04-09 18:07:56.900 LOG 3: int_fields 
2026-04-09 18:07:56.950 LOG 3: field 77947788055 77947788055
2026-04-09 18:07:56.000 LOG 3: field 77947788055 77947788055
2026-04-09 18:07:56.050 LOG 3: field 1162788 1162788
2026-04-09 18:07:56.100 LOG 3: field 0 0
2026-04-09 18:07:56.150 LOG 3: field 0 0
2026-04-09 18:07:56.200 LOG 3: field 9180730 9180730
2026-04-09 18:07:56.250 LOG 3: field 25 25
2026-04-09 18:07:56.300 LOG 3: field 0 0
2026-04-09 18:07:56.350 LOG 3: field 1 1
2026-04-09 18:07:56.400 LOG 3: field 0 0
2026-04-09 18:07:56.450 LOG 3: field 0 0
2026-04-09 18:07:56.500 LOG 3: field 0 0
2026-04-09 18:07:56.550 LOG 3: field 0 0
2026-04-09 18:07:56.600 LOG 3: field 0 0
2026-04-09 18:07:56.650 LOG 3: field 1 1
2026-04-09 18:07:56.700 LOG 3: field 1 1
2026-04-09 18:07:56.750 LOG 3: field 1 1
2026-04-09 18:07:56.800 LOG 3: field 0 0
2026-04-09 18:07:56.850 LOG 3: field -1 -1
2026-04-09 18:07:56.900 LOG 3: field 0 0
2026-04-09 18:07:56.950 LOG 3: field 0 0
2026-04-09 18:07:56.000 LOG 3: field 0 0
2026-04-09 18:07:56.050 LOG 3: field 0 0
2026-04-09 18:07:56.100 LOG 3: field 0 0
2026-04-09 18:07:56.150 LOG 3: field 0 0
2026-04-09 18:07:56.200 LOG 3: field 0 0
2026-04-09 18:07:56.250 LOG 3: field 0 0
2026-04-09 18:07:56.300 LOG 3: field 0 0
2026-04-09 18:07:56.350 LOG 3: field 0 0
2026-04-09 18:07:56.400 LOG 3: field 0 0
2026-04-09 18:07:56.450 LOG 3: field 0 0
2026-04-09 18:07:56.500 LOG 3: field 20260410 20260410
2026-04-09 18:07:56.550 LOG 3: field 0 0
2026-04-09 18:07:56.600 LOG 3: field 0 0
2026-04-09 18:07:56.650 LOG 3: float_fields 
2026-04-09 18:07:56.700 LOG 3: field 1.0 1.0
2026-04-09 18:07:56.750 LOG 3: field 102.9 102.9
2026-04-09 18:07:56.800 LOG 3: field 1029.0 1029.0
2026-04-09 18:07:56.850 LOG 3: field 0.0 0.0
2026-04-09 18:07:56.900 LOG 3: field 15.1 15.1
2026-04-09 18:07:56.950 LOG 3: field 65.67 65.67
2026-04-09 18:07:56.000 LOG 3: field 0.0 0.0
2026-04-09 18:07:56.050 LOG 3: field 0.0 0.0
2026-04-09 18:07:56.100 LOG 3: field 0.0 0.0
2026-04-09 18:07:56.150 LOG 3: field 0.0 0.0
2026-04-09 18:07:56.200 LOG 3: field 0.0 0.0
2026-04-09 18:07:56.250 LOG 3: field 0.0 0.0
2026-04-09 18:07:56.300 LOG 3: field 0 0
2026-04-09 18:07:56.350 LOG 3: field 0.0 0.0
2026-04-09 18:07:56.400 LOG 3: field 0.0 0.0
2026-04-09 18:07:56.450 LOG 3: field 0 0
2026-04-09 18:07:56.500 LOG 3: field -1 -1
2026-04-09 18:07:56.550 LOG 3: field -1 -1
2026-04-09 18:07:56.600 LOG 3: field 0 0
2026-04-09 18:07:56.650 LOG 3: field 0.0 0.0
2026-04-09 18:07:56.700 LOG 3: field 0.0 0.0
2026-04-09 18:07:56.750 LOG 3: int_fields 
2026-04-09 18:07:56.800 LOG 3: field 77947793758 77947793758
2026-04-09 18:07:56.850 LOG 3: field 77947793758 77947793758
2026-04-09 18:07:56.900 LOG 3: field 1162788 1162788
2026-04-09 18:07:56.950 LOG 3: field 0 0
2026-04-09 18:07:56.000 LOG 3: field 0 0
2026-04-09 18:07:56.050 LOG 3: field 9180731 9180731
2026-04-09 18:07:56.100 LOG 3: field 25 25
2026-04-09 18:07:56.150 LOG 3: field 0 0
2026-04-09 18:07:56.200 LOG 3: field 1 1
2026-04-09 18:07:56.250 LOG 3: field 0 0
2026-04-09 18:07:56.300 LOG 3: field 0 0
2026-04-09 18:07:56.350 LOG 3: field 0 0
2026-04-09 18:07:56.400 LOG 3: field 0 0
2026-04-09 18:07:56.450 LOG 3: field 0 0
2026-04-09 18:07:56.500 LOG 3: field 1 1
2026-04-09 18:07:56.550 LOG 3: field 1 1
2026-04-09 18:07:56.600 LOG 3: field 1 1
2026-04-09 18:07:56.650 LOG 3: field 0 0
2026-04-09 18:07:56.700 LOG 3: field -1 -1
2026-04-09 18:07:56.750 LOG 3: field 0 0
2026-04-09 18:07:56.800 LOG 3: field 0 0
2026-04-09 18:07:56.850 LOG 3: field 0 0
2026-04-09 18:07:56.900 LOG 3: field 0 0
2026-04-09 18:07:56.950 LOG 3: field 0 0
2026-04-09 18:07:56.000 LOG 3: field 0 0
2026-04-09 18:07:56.050 LOG 3: field 0 0
2026-04-09 18:07:56.100 LOG 3: field 0 0
2026-04-09 18:07:56.150 LOG 3: field 0 0
2026-04-09 18:07:56.200 LOG 3: field 0 0
2026-04-09 18:07:56.250 LOG 3: field 0 0
2026-04-09 18:07:56.300 LOG 3: field 0 0
2026-04-09 18:07:56.350 LOG 3: field 20260410 20260410
2026-04-09 18:07:56.400 LOG 3: field 0 0
2026-04-09 18:07:56.450 LOG 3: field 0 0
2026-04-09 18:07:56.500 LOG 3: float_fields 
2026-04-09 18:07:56.550 LOG 3: field 1.0 1.0
2026-04-09 18:07:56.600 LOG 3: field 105.89 105.89
2026-04-09 18:07:56.650 LOG 3: field 1058.9 1058.9
2026-04-09 18:07:56.700 LOG 3: field 0.0 0.0
2026-04-09 18:07:56.750 LOG 3: field 15.03 15.03
2026-04-09 18:07:56.800 LOG 3: field 8.43 8.43
2026-04-09 18:07:56.850 LOG 3: field 0.0 0.0
2026-04-09 18:07:56.900 LOG 3: field 0.0 0.0
2026-04-09 18:07:56.950 LOG 3: field 0.0 0.0
2026-04-09 18:07:56.000 LOG 3: field 0.0 0.0
2026-04-09 18:07:56.050 LOG 3: field 0.0 0.0
2026-04-09 18:07:56.100 LOG 3: field 0.0 0.0
2026-04-09 18:07:56.150 LOG 3: field 0 0
2026-04-09 18:07:56.200 LOG 3: field 0.0 0.0
2026-04-09 18:07:56.250 LOG 3: field 0.0 0.0
2026-04-09 18:07:56.300 LOG 3: field 0 0
2026-04-09 18:07:56.350 LOG 3: field -1 -1
2026-04-09 18:07:56.400 LOG 3: field -1 -1
2026-04-09 18:07:56.450 LOG 3: field 0 0
2026-04-09 18:07:56.500 LOG 3: field 0.0 0.0
2026-04-09 18:07:56.550 LOG 3: field 0.0 0.0
2026-04-09 18:07:56.650 LOG 3: int_fields 
2026-04-09 18:07:56.700 LOG 3: field 77924509061 77924509061
2026-04-09 18:07:56.750 LOG 3: field 77924509061 77924509061
2026-04-09 18:07:56.800 LOG 3: field 1162788 1162788
2026-04-09 18:07:56.850 LOG 3: field 1162788 1162788
2026-04-09 18:07:56.900 LOG 3: field 0 0
2026-04-09 18:07:56.950 LOG 3: field 0 0
2026-04-09 18:07:56.000 LOG 3: field 26 26
2026-04-09 18:07:56.050 LOG 3: field 0 0
2026-04-09 18:07:56.100 LOG 3: field 1 1
2026-04-09 18:07:56.150 LOG 3: field 0 0
2026-04-09 18:07:56.200 LOG 3: field 0 0
2026-04-09 18:07:56.250 LOG 3: field 0 0
2026-04-09 18:07:56.300 LOG 3: field 0 0
2026-04-09 18:07:56.350 LOG 3: field 0 0
2026-04-09 18:07:56.400 LOG 3: field 1 1
2026-04-09 18:07:56.450 LOG 3: field 1 1
2026-04-09 18:07:56.500 LOG 3: field 1 1
2026-04-09 18:07:56.550 LOG 3: field 0 0
2026-04-09 18:07:56.600 LOG 3: field -1 -1
2026-04-09 18:07:56.650 LOG 3: field 0 0
2026-04-09 18:07:56.700 LOG 3: field 0 0
2026-04-09 18:07:56.750 LOG 3: field 0 0
2026-04-09 18:07:56.800 LOG 3: field 0 0
2026-04-09 18:07:56.850 LOG 3: field 0 0
2026-04-09 18:07:56.900 LOG 3: field 0 0
2026-04-09 18:07:56.950 LOG 3: field 0 0
2026-04-09 18:07:56.000 LOG 3: field 0 0
2026-04-09 18:07:56.050 LOG 3: field 0 0
2026-04-09 18:07:56.100 LOG 3: field 0 0
2026-04-09 18:07:56.150 LOG 3: field 0 0
2026-04-09 18:07:56.200 LOG 3: field 0 0
2026-04-09 18:07:56.250 LOG 3: field 20260410 20260410
2026-04-09 18:07:56.300 LOG 3: field 0 0
2026-04-09 18:07:56.350 LOG 3: field 0 0
2026-04-09 18:07:56.400 LOG 3: float_fields 
2026-04-09 18:07:56.450 LOG 3: field 1.0 1.0
2026-04-09 18:07:56.500 LOG 3: field 98.67 98.67
2026-04-09 18:07:56.550 LOG 3: field 986.7 986.7
2026-04-09 18:07:56.600 LOG 3: field 0.0 0.0
2026-04-09 18:07:56.650 LOG 3: field 14.95 14.95
2026-04-09 18:07:56.700 LOG 3: field 14.47 14.47
2026-04-09 18:07:56.750 LOG 3: field 0.0 0.0
2026-04-09 18:07:56.800 LOG 3: field 0.0 0.0
2026-04-09 18:07:56.850 LOG 3: field 0.0 0.0
2026-04-09 18:07:56.900 LOG 3: field 0.0 0.0
2026-04-09 18:07:56.950 LOG 3: field 0.0 0.0
2026-04-09 18:07:56.000 LOG 3: field 0.0 0.0
2026-04-09 18:07:56.050 LOG 3: field 0 0
2026-04-09 18:07:56.100 LOG 3: field 0.0 0.0
2026-04-09 18:07:56.150 LOG 3: field 0.0 0.0
2026-04-09 18:07:56.200 LOG 3: field 0 0
2026-04-09 18:07:56.250 LOG 3: field -1 -1
2026-04-09 18:07:56.300 LOG 3: field -1 -1
2026-04-09 18:07:56.350 LOG 3: field 0 0
2026-04-09 18:07:56.400 LOG 3: field 0.0 0.0
2026-04-09 18:07:56.450 LOG 3: field 0.0 0.0
2026-04-09 18:07:56.500 LOG 3: int_fields 
2026-04-09 18:07:56.550 LOG 3: field 77924527921 77924527921
2026-04-09 18:07:56.600 LOG 3: field 77924527921 77924527921
2026-04-09 18:07:56.650 LOG 3: field 1162788 1162788
2026-04-09 18:07:56.700 LOG 3: field 0 0
2026-04-09 18:07:56.750 LOG 3: field 0 0
2026-04-09 18:07:56.800 LOG 3: field 0 0
2026-04-09 18:07:56.850 LOG 3: field 25 25
2026-04-09 18:07:56.900 LOG 3: field 0 0
2026-04-09 18:07:56.950 LOG 3: field 1 1
2026-04-09 18:07:56.000 LOG 3: field 0 0
2026-04-09 18:07:56.050 LOG 3: field 0 0
2026-04-09 18:07:56.100 LOG 3: field 0 0
2026-04-09 18:07:56.150 LOG 3: field 0 0
2026-04-09 18:07:56.200 LOG 3: field 0 0
2026-04-09 18:07:56.250 LOG 3: field 1 1
2026-04-09 18:07:56.300 LOG 3: field 1 1
2026-04-09 18:07:56.350 LOG 3: field 1 1
2026-04-09 18:07:56.400 LOG 3: field 0 0
2026-04-09 18:07:56.450 LOG 3: field -1 -1
2026-04-09 18:07:56.500 LOG 3: field 0 0
2026-04-09 18:07:56.550 LOG 3: field 0 0
2026-04-09 18:07:56.600 LOG 3: field 0 0
2026-04-09 18:07:56.650 LOG 3: field 0 0
2026-04-09 18:07:56.700 LOG 3: field 0 0
2026-04-09 18:07:56.750 LOG 3: field 0 0
2026-04-09 18:07:56.800 LOG 3: field 0 0
2026-04-09 18:07:56.850 LOG 3: field 0 0
2026-04-09 18:07:56.900 LOG 3: field 0 0
2026-04-09 18:07:56.950 LOG 3: field 0 0
2026-04-09 18:07:56.000 LOG 3: field 0 0
2026-04-09 18:07:56.050 LOG 3: field 0 0
2026-04-09 18:07:56.100 LOG 3: field 20260410 20260410
2026-04-09 18:07:56.150 LOG 3: field 0 0
2026-04-09 18:07:56.200 LOG 3: field 0 0
2026-04-09 18:07:56.250 LOG 3: float_fields 
2026-04-09 18:07:56.300 LOG 3: field 1.0 1.0
2026-04-09 18:07:56.350 LOG 3: field 98.67 98.67
2026-04-09 18:07:56.400 LOG 3: field 986.7 986.7
2026-04-09 18:07:56.450 LOG 3: field 0.0 0.0
2026-04-09 18:07:56.500 LOG 3: field 14.95 14.95
2026-04-09 18:07:56.550 LOG 3: field 14.47 14.47
2026-04-09 18:07:56.600 LOG 3: field 0.0 0.0
2026-04-09 18:07:56.650 LOG 3: field 0.0 0.0
2026-04-09 18:07:56.700 LOG 3: field 0.0 0.0
2026-04-09 18:07:56.750 LOG 3: field 0.0 0.0
2026-04-09 18:07:56.800 LOG 3: field 0.0 0.0
2026-04-09 18:07:56.850 LOG 3: field 0.0 0.0
2026-04-09 18:07:56.900 LOG 3: field 0 0
2026-04-09 18:07:56.950 LOG 3: field 0.0 0.0
2026-04-09 18:07:56.000 LOG 3: field 0.0 0.0
2026-04-09 18:07:56.050 LOG 3: field 0 0
2026-04-09 18:07:56.100 LOG 3: field -1 -1
2026-04-09 18:07:56.150 LOG 3: field -1 -1
2026-04-09 18:07:56.200 LOG 3: field 0 0
2026-04-09 18:07:56.250 LOG 3: field 0.0 0.0
2026-04-09 18:07:56.300 LOG 3: field 0.0 0.0
2026-04-09 18:07:56.350 LOG 3: int_fields 
2026-04-09 18:07:56.400 LOG 3: field 77947783631 77947783631
2026-04-09 18:07:56.450 LOG 3: field 77947783631 77947783631
2026-04-09 18:07:56.500 LOG 3: field 1162788 1162788
2026-04-09 18:07:56.550 LOG 3: field 0 0
2026-04-09 18:07:56.600 LOG 3: field 0 0
2026-04-09 18:07:56.650 LOG 3: field 9180729 9180729
2026-04-09 18:07:56.700 LOG 3: field 25 25
2026-04-09 18:07:56.750 LOG 3: field 0 0
2026-04-09 18:07:56.800 LOG 3: field 1 1
2026-04-09 18:07:56.850 LOG 3: field 0 0
2026-04-09 18:07:56.900 LOG 3: field 0 0
2026-04-09 18:07:56.950 LOG 3: field 0 0
2026-04-09 18:07:56.000 LOG 3: field 0 0
2026-04-09 18:07:56.050 LOG 3: field 0 0
2026-04-09 18:07:56.100 LOG 3: field 1 1
2026-04-09 18:07:56.150 LOG 3: field 1 1
2026-04-09 18:07:56.200 LOG 3: field 1 1
2026-04-09 18:07:56.250 LOG 3: field 0 0
2026-04-09 18:07:56.300 LOG 3: field -1 -1
2026-04-09 18:07:56.350 LOG 3: field 0 0
2026-04-09 18:07:56.400 LOG 3: field 0 0
2026-04-09 18:07:56.450 LOG 3: field 0 0
2026-04-09 18:07:56.500 LOG 3: field 0 0
2026-04-09 18:07:56.550 LOG 3: field 0 0
2026-04-09 18:07:56.600 LOG 3: field 0 0
2026-04-09 18:07:56.650 LOG 3: field 0 0
2026-04-09 18:07:56.700 LOG 3: field 0 0
2026-04-09 18:07:56.750 LOG 3: field 0 0
2026-04-09 18:07:56.800 LOG 3: field 0 0
2026-04-09 18:07:56.850 LOG 3: field 0 0
2026-04-09 18:07:56.900 LOG 3: field 0 0
2026-04-09 18:07:56.950 LOG 3: field 20260410 20260410
2026-04-09 18:07:56.000 LOG 3: field 0 0
2026-04-09 18:07:56.050 LOG 3: field 0 0
2026-04-09 18:07:56.100 LOG 3: float_fields 
2026-04-09 18:07:56.150 LOG 3: field 1.0 1.0
2026-04-09 18:07:56.200 LOG 3: field 100.99 100.99
2026-04-09 18:07:56.250 LOG 3: field 1009.9 1009.9
2026-04-09 18:07:56.300 LOG 3: field 0.0 0.0
2026-04-09 18:07:56.350 LOG 3: field 12.44 12.44
2026-04-09 18:07:56.400 LOG 3: field 28.88 28.88
2026-04-09 18:07:56.450 LOG 3: field 0.0 0.0
2026-04-09 18:07:56.500 LOG 3: field 0.0 0.0
2026-04-09 18:07:56.550 LOG 3: field 0.0 0.0
2026-04-09 18:07:56.600 LOG 3: field 0.0 0.0
2026-04-09 18:07:56.650 LOG 3: field 0.0 0.0
2026-04-09 18:07:56.700 LOG 3: field 0.0 0.0
2026-04-09 18:07:56.750 LOG 3: field 0 0
2026-04-09 18:07:56.800 LOG 3: field 0.0 0.0
2026-04-09 18:07:56.850 LOG 3: field 0.0 0.0
2026-04-09 18:07:56.900 LOG 3: field 0 0
2026-04-09 18:07:56.950 LOG 3: field -1 -1
2026-04-09 18:07:56.000 LOG 3: field -1 -1
2026-04-09 18:07:56.050 LOG 3: field 0 0
2026-04-09 18:07:56.100 LOG 3: field 0.0 0.0
2026-04-09 18:07:56.150 LOG 3: field 0.0 0.0
2026-04-09 18:07:56.200 LOG 3: int_fields 
2026-04-09 18:07:56.250 LOG 3: field 77947788055 77947788055
2026-04-09 18:07:56.300 LOG 3: field 77947788055 77947788055
2026-04-09 18:07:56.350 LOG 3: field 1162788 1162788
2026-04-09 18:07:56.400 LOG 3: field 0 0
2026-04-09 18:07:56.450 LOG 3: field 0 0
2026-04-09 18:07:56.500 LOG 3: field 9180730 9180730
2026-04-09 18:07:56.550 LOG 3: field 25 25
2026-04-09 18:07:56.600 LOG 3: field 0 0
2026-04-09 18:07:56.650 LOG 3: field 1 1
2026-04-09 18:07:56.700 LOG 3: field 0 0
2026-04-09 18:07:56.750 LOG 3: field 0 0
2026-04-09 18:07:56.800 LOG 3: field 0 0
2026-04-09 18:07:56.850 LOG 3: field 0 0
2026-04-09 18:07:56.900 LOG 3: field 0 0
2026-04-09 18:07:56.950 LOG 3: field 1 1
2026-04-09 18:07:56.000 LOG 3: field 1 1
2026-04-09 18:07:56.050 LOG 3: field 1 1
2026-04-09 18:07:56.100 LOG 3: field 0 0
2026-04-09 18:07:56.150 LOG 3: field -1 -1
2026-04-09 18:07:56.200 LOG 3: field 0 0
2026-04-09 18:07:56.250 LOG 3: field 0 0
2026-04-09 18:07:56.300 LOG 3: field 0 0
2026-04-09 18:07:56.350 LOG 3: field 0 0
2026-04-09 18:07:56.400 LOG 3: field 0 0
2026-04-09 18:07:56.450 LOG 3: field 0 0
2026-04-09 18:07:56.500 LOG 3: field 0 0
2026-04-09 18:07:56.550 LOG 3: field 0 0
2026-04-09 18:07:56.600 LOG 3: field 0 0
2026-04-09 18:07:56.650 LOG 3: field 0 0
2026-04-09 18:07:56.700 LOG 3: field 0 0
2026-04-09 18:07:56.750 LOG 3: field 0 0
2026-04-09 18:07:56.800 LOG 3: field 20260410 20260410
2026-04-09 18:07:56.850 LOG 3: field 0 0
2026-04-09 18:07:56.900 LOG 3: field 0 0
2026-04-09 18:07:56.950 LOG 3: float_fields 
2026-04-09 18:07:56.000 LOG 3: field 1.0 1.0
2026-04-09 18:07:56.050 LOG 3: field 102.9 102.9
2026-04-09 18:07:56.100 LOG 3: field 1029.0 1029.0
2026-04-09 18:07:56.150 LOG 3: field 0.0 0.0
2026-04-09 18:07:56.200 LOG 3: field 15.1 15.1
2026-04-09 18:07:56.250 LOG 3: field 65.67 65.67
2026-04-09 18:07:56.300 LOG 3: field 0.0 0.0
2026-04-09 18:07:56.350 LOG 3: field 0.0 0.0
2026-04-09 18:07:56.400 LOG 3: field 0.0 0.0
2026-04-09 18:07:56.450 LOG 3: field 0.0 0.0
2026-04-09 18:07:56.500 LOG 3: field 0.0 0.0
2026-04-09 18:07:56.550 LOG 3: field 0.0 0.0
2026-04-09 18:07:56.600 LOG 3: field 0 0
2026-04-09 18:07:56.650 LOG 3: field 0.0 0.0
2026-04-09 18:07:56.700 LOG 3: field 0.0 0.0
2026-04-09 18:07:56.750 LOG 3: field 0 0
2026-04-09 18:07:56.800 LOG 3: field -1 -1
2026-04-09 18:07:56.850 LOG 3: field -1 -1
2026-04-09 18:07:56.900 LOG 3: field 0 0
2026-04-09 18:07:56.950 LOG 3: field 0.0 0.0
2026-04-09 18:07:56.000 LOG 3: field 0.0 0.0
2026-04-09 18:07:56.050 LOG 3: int_fields 
2026-04-09 18:07:56.100 LOG 3: field 77947793758 77947793758
2026-04-09 18:07:56.150 LOG 3: field 77947793758 77947793758
2026-04-09 18:07:56.200 LOG 3: field 1162788 1162788
2026-04-09 18:07:56.250 LOG 3: field 0 0
2026-04-09 18:07:56.300 LOG 3: field 0 0
2026-04-09 18:07:56.350 LOG 3: field 9180731 9180731
2026-04-09 18:07:56.400 LOG 3: field 25 25
2026-04-09 18:07:56.450 LOG 3: field 0 0
2026-04-09 18:07:56.500 LOG 3: field 1 1
2026-04-09 18:07:56.550 LOG 3: field 0 0
2026-04-09 18:07:56.600 LOG 3: field 0 0
2026-04-09 18:07:56.650 LOG 3: field 0 0
2026-04-09 18:07:56.700 LOG 3: field 0 0
2026-04-09 18:07:56.750 LOG 3: field 0 0
2026-04-09 18:07:56.800 LOG 3: field 1 1
2026-04-09 18:07:56.850 LOG 3: field 1 1
2026-04-09 18:07:56.900 LOG 3: field 1 1
2026-04-09 18:07:56.950 LOG 3: field 0 0
2026-04-09 18:07:56.000 LOG 3: field -1 -1
2026-04-09 18:07:56.050 LOG 3: field 0 0
2026-04-09 18:07:56.100 LOG 3: field 0 0
2026-04-09 18:07:56.150 LOG 3: field 0 0
2026-04-09 18:07:56.200 LOG 3: field 0 0
2026-04-09 18:07:56.250 LOG 3: field 0 0
2026-04-09 18:07:56.300 LOG 3: field 0 0
2026-04-09 18:07:56.350 LOG 3: field 0 0
2026-04-09 18:07:56.400 LOG 3: field 0 0
2026-04-09 18:07:56.450 LOG 3: field 0 0
2026-04-09 18:07:56.500 LOG 3: field 0 0
2026-04-09 18:07:56.550 LOG 3: field 0 0
2026-04-09 18:07:56.600 LOG 3: field 0 0
2026-04-09 18:07:56.650 LOG 3: field 20260410 20260410
2026-04-09 18:07:56.700 LOG 3: field 0 0
2026-04-09 18:07:56.750 LOG 3: field 0 0
2026-04-09 18:07:56.800 LOG 3: float_fields 
2026-04-09 18:07:56.850 LOG 3: field 1.0 1.0
2026-04-09 18:07:56.900 LOG 3: field 105.89 105.89
2026-04-09 18:07:56.950 LOG 3: field 1058.9 1058.9
2026-04-09 18:07:56.000 LOG 3: field 0.0 0.0
2026-04-09 18:07:56.050 LOG 3: field 15.03 15.03
2026-04-09 18:07:56.100 LOG 3: field 8.43 8.43
2026-04-09 18:07:56.150 LOG 3: field 0.0 0.0
2026-04-09 18:07:56.200 LOG 3: field 0.0 0.0
2026-04-09 18:07:56.250 LOG 3: field 0.0 0.0
2026-04-09 18:07:56.300 LOG 3: field 0.0 0.0
2026-04-09 18:07:56.350 LOG 3: field 0.0 0.0
2026-04-09 18:07:56.400 LOG 3: field 0.0 0.0
2026-04-09 18:07:56.450 LOG 3: field 0 0
2026-04-09 18:07:56.500 LOG 3: field 0.0 0.0
2026-04-09 18:07:56.550 LOG 3: field 0.0 0.0
2026-04-09 18:07:56.600 LOG 3: field 0 0
2026-04-09 18:07:56.650 LOG 3: field -1 -1
2026-04-09 18:07:56.700 LOG 3: field -1 -1
2026-04-09 18:07:56.750 LOG 3: field 0 0
2026-04-09 18:07:56.800 LOG 3: field 0.0 0.0
2026-04-09 18:07:56.850 LOG 3: field 0.0 0.0
2026-04-09 18:08:06.250 LOG 3: int_fields 
2026-04-09 18:08:06.300 LOG 3: field 77924509061 77924509061
2026-04-09 18:08:06.350 LOG 3: field 77924509061 77924509061
2026-04-09 18:08:06.400 LOG 3: field 1162788 1162788
2026-04-09 18:08:06.450 LOG 3: field 1162788 1162788
2026-04-09 18:08:06.500 LOG 3: field 0 0
2026-04-09 18:08:06.550 LOG 3: field 0 0
2026-04-09 18:08:06.600 LOG 3: field 26 26
2026-04-09 18:08:06.650 LOG 3: field 0 0
2026-04-09 18:08:06.700 LOG 3: field 1 1
2026-04-09 18:08:06.750 LOG 3: field 0 0
2026-04-09 18:08:06.800 LOG 3: field 0 0
2026-04-09 18:08:06.850 LOG 3: field 0 0
2026-04-09 18:08:06.900 LOG 3: field 0 0
2026-04-09 18:08:06.950 LOG 3: field 0 0
2026-04-09 18:08:06.000 LOG 3: field 1 1
2026-04-09 18:08:06.050 LOG 3: field 1 1
2026-04-09 18:08:06.100 LOG 3: field 1 1
2026-04-09 18:08:06.150 LOG 3: field 0 0
2026-04-09 18:08:06.200 LOG 3: field -1 -1
2026-04-09 18:08:06.250 LOG 3: field 0 0
2026-04-09 18:08:06.300 LOG 3: field 0 0
2026-04-09 18:08:06.350 LOG 3: field 0 0
2026-04-09 18:08:06.400 LOG 3: field 0 0
2026-04-09 18:08:06.450 LOG 3: field 0 0
2026-04-09 18:08:06.500 LOG 3: field 0 0
2026-04-09 18:08:06.550 LOG 3: field 0 0
2026-04-09 18:08:06.600 LOG 3: field 0 0
2026-04-09 18:08:06.650 LOG 3: field 0 0
2026-04-09 18:08:06.700 LOG 3: field 0 0
2026-04-09 18:08:06.750 LOG 3: field 0 0
2026-04-09 18:08:06.800 LOG 3: field 0 0
2026-04-09 18:08:06.850 LOG 3: field 20260410 20260410
2026-04-09 18:08:06.900 LOG 3: field 0 0
2026-04-09 18:08:06.950 LOG 3: field 0 0
2026-04-09 18:08:06.000 LOG 3: float_fields 
2026-04-09 18:08:06.050 LOG 3: field 1.0 1.0
2026-04-09 18:08:06.100 LOG 3: field 98.67 98.67
2026-04-09 18:08:06.150 LOG 3: field 986.7 986.7
2026-04-09 18:08:06.200 LOG 3: field 0.0 0.0
2026-04-09 18:08:06.250 LOG 3: field 14.95 14.95
2026-04-09 18:08:06.300 LOG 3: field 14.47 14.47
2026-04-09 18:08:06.350 LOG 3: field 0.0 0.0
2026-04-09 18:08:06.400 LOG 3: field 0.0 0.0
2026-04-09 18:08:06.450 LOG 3: field 0.0 0.0
2026-04-09 18:08:06.500 LOG 3: field 0.0 0.0
2026-04-09 18:08:06.550 LOG 3: field 0.0 0.0
2026-04-09 18:08:06.600 LOG 3: field 0.0 0.0
2026-04-09 18:08:06.650 LOG 3: field 0 0
2026-04-09 18:08:06.700 LOG 3: field 0.0 0.0
2026-04-09 18:08:06.750 LOG 3: field 0.0 0.0
2026-04-09 18:08:06.800 LOG 3: field 0 0
2026-04-09 18:08:06.850 LOG 3: field -1 -1
2026-04-09 18:08:06.900 LOG 3: field -1 -1
2026-04-09 18:08:06.950 LOG 3: field 0 0
2026-04-09 18:08:06.000 LOG 3: field 0.0 0.0
2026-04-09 18:08:06.050 LOG 3: field 0.0 0.0
2026-04-09 18:08:06.100 LOG 3: int_fields 
2026-04-09 18:08:06.150 LOG 3: field 77924527921 77924527921
2026-04-09 18:08:06.200 LOG 3: field 77924527921 77924527921
2026-04-09 18:08:06.250 LOG 3: field 1162788 1162788
2026-04-09 18:08:06.300 LOG 3: field 0 0
2026-04-09 18:08:06.350 LOG 3: field 0 0
2026-04-09 18:08:06.400 LOG 3: field 0 0
2026-04-09 18:08:06.450 LOG 3: field 25 25
2026-04-09 18:08:06.500 LOG 3: field 0 0
2026-04-09 18:08:06.550 LOG 3: field 1 1
2026-04-09 18:08:06.600 LOG 3: field 0 0
2026-04-09 18:08:06.650 LOG 3: field 0 0
2026-04-09 18:08:06.700 LOG 3: field 0 0
2026-04-09 18:08:06.750 LOG 3: field 0 0
2026-04-09 18:08:06.800 LOG 3: field 0 0
2026-04-09 18:08:06.850 LOG 3: field 1 1
2026-04-09 18:08:06.900 LOG 3: field 1 1
2026-04-09 18:08:06.950 LOG 3: field 1 1
2026-04-09 18:08:06.000 LOG 3: field 0 0
2026-04-09 18:08:06.050 LOG 3: field -1 -1
2026-04-09 18:08:06.100 LOG 3: field 0 0
2026-04-09 18:08:06.150 LOG 3: field 0 0
2026-04-09 18:08:06.200 LOG 3: field 0 0
2026-04-09 18:08:06.250 LOG 3: field 0 0
2026-04-09 18:08:06.300 LOG 3: field 0 0
2026-04-09 18:08:06.350 LOG 3: field 0 0
2026-04-09 18:08:06.400 LOG 3: field 0 0
2026-04-09 18:08:06.450 LOG 3: field 0 0
2026-04-09 18:08:06.500 LOG 3: field 0 0
2026-04-09 18:08:06.550 LOG 3: field 0 0
2026-04-09 18:08:06.600 LOG 3: field 0 0
2026-04-09 18:08:06.650 LOG 3: field 0 0
2026-04-09 18:08:06.700 LOG 3: field 20260410 20260410
2026-04-09 18:08:06.750 LOG 3: field 0 0
2026-04-09 18:08:06.800 LOG 3: field 0 0
2026-04-09 18:08:06.850 LOG 3: float_fields 
2026-04-09 18:08:06.900 LOG 3: field 1.0 1.0
2026-04-09 18:08:06.950 LOG 3: field 98.67 98.67
2026-04-09 18:08:06.000 LOG 3: field 986.7 986.7
2026-04-09 18:08:06.050 LOG 3: field 0.0 0.0
2026-04-09 18:08:06.100 LOG 3: field 14.95 14.95
2026-04-09 18:08:06.150 LOG 3: field 14.47 14.47
2026-04-09 18:08:06.200 LOG 3: field 0.0 0.0
2026-04-09 18:08:06.250 LOG 3: field 0.0 0.0
2026-04-09 18:08:06.300 LOG 3: field 0.0 0.0
2026-04-09 18:08:06.350 LOG 3: field 0.0 0.0
2026-04-09 18:08:06.400 LOG 3: field 0.0 0.0
2026-04-09 18:08:06.450 LOG 3: field 0.0 0.0
2026-04-09 18:08:06.500 LOG 3: field 0 0
2026-04-09 18:08:06.550 LOG 3: field 0.0 0.0
2026-04-09 18:08:06.600 LOG 3: field 0.0 0.0
2026-04-09 18:08:06.650 LOG 3: field 0 0
2026-04-09 18:08:06.700 LOG 3: field -1 -1
2026-04-09 18:08:06.750 LOG 3: field -1 -1
2026-04-09 18:08:06.800 LOG 3: field 0 0
2026-04-09 18:08:06.850 LOG 3: field 0.0 0.0
2026-04-09 18:08:06.900 LOG 3: field 0.0 0.0
2026-04-09 18:08:06.950 LOG 3: int_fields 
2026-04-09 18:08:06.000 LOG 3: field 77947783631 77947783631
2026-04-09 18:08:06.050 LOG 3: field 77947783631 77947783631
2026-04-09 18:08:06.100 LOG 3: field 1162788 1162788
2026-04-09 18:08:06.150 LOG 3: field 0 0
2026-04-09 18:08:06.200 LOG 3: field 0 0
2026-04-09 18:08:06.250 LOG 3: field 9180729 9180729
2026-04-09 18:08:06.300 LOG 3: field 25 25
2026-04-09 18:08:06.350 LOG 3: field 0 0
2026-04-09 18:08:06.400 LOG 3: field 1 1
2026-04-09 18:08:06.450 LOG 3: field 0 0
2026-04-09 18:08:06.500 LOG 3: field 0 0
2026-04-09 18:08:06.550 LOG 3: field 0 0
2026-04-09 18:08:06.600 LOG 3: field 0 0
2026-04-09 18:08:06.650 LOG 3: field 0 0
2026-04-09 18:08:06.700 LOG 3: field 1 1
2026-04-09 18:08:06.750 LOG 3: field 1 1
2026-04-09 18:08:06.800 LOG 3: field 1 1
2026-04-09 18:08:06.850 LOG 3: field 0 0
2026-04-09 18:08:06.900 LOG 3: field -1 -1
2026-04-09 18:08:06.950 LOG 3: field 0 0
2026-04-09 18:08:06.000 LOG 3: field 0 0
2026-04-09 18:08:06.050 LOG 3: field 0 0
2026-04-09 18:08:06.100 LOG 3: field 0 0
2026-04-09 18:08:06.150 LOG 3: field 0 0
2026-04-09 18:08:06.200 LOG 3: field 0 0
2026-04-09 18:08:06.250 LOG 3: field 0 0
2026-04-09 18:08:06.300 LOG 3: field 0 0
2026-04-09 18:08:06.350 LOG 3: field 0 0
2026-04-09 18:08:06.400 LOG 3: field 0 0
2026-04-09 18:08:06.450 LOG 3: field 0 0
2026-04-09 18:08:06.500 LOG 3: field 0 0
2026-04-09 18:08:06.550 LOG 3: field 20260410 20260410
2026-04-09 18:08:06.600 LOG 3: field 0 0
2026-04-09 18:08:06.650 LOG 3: field 0 0
2026-04-09 18:08:06.700 LOG 3: float_fields 
2026-04-09 18:08:06.750 LOG 3: field 1.0 1.0
2026-04-09 18:08:06.800 LOG 3: field 100.99 100.99
2026-04-09 18:08:06.850 LOG 3: field 1009.9 1009.9
2026-04-09 18:08:06.900 LOG 3: field 0.0 0.0
2026-04-09 18:08:06.950 LOG 3: field 12.44 12.44
2026-04-09 18:08:06.000 LOG 3: field 28.88 28.88
2026-04-09 18:08:06.050 LOG 3: field 0.0 0.0
2026-04-09 18:08:06.100 LOG 3: field 0.0 0.0
2026-04-09 18:08:06.150 LOG 3: field 0.0 0.0
2026-04-09 18:08:06.200 LOG 3: field 0.0 0.0
2026-04-09 18:08:06.250 LOG 3: field 0.0 0.0
2026-04-09 18:08:06.300 LOG 3: field 0.0 0.0
2026-04-09 18:08:06.350 LOG 3: field 0 0
2026-04-09 18:08:06.400 LOG 3: field 0.0 0.0
2026-04-09 18:08:06.450 LOG 3: field 0.0 0.0
2026-04-09 18:08:06.500 LOG 3: field 0 0
2026-04-09 18:08:06.550 LOG 3: field -1 -1
2026-04-09 18:08:06.600 LOG 3: field -1 -1
2026-04-09 18:08:06.650 LOG 3: field 0 0
2026-04-09 18:08:06.700 LOG 3: field 0.0 0.0
2026-04-09 18:08:06.750 LOG 3: field 0.0 0.0
2026-04-09 18:08:06.800 LOG 3: int_fields 
2026-04-09 18:08:06.850 LOG 3: field 77947788055 77947788055
2026-04-09 18:08:06.900 LOG 3: field 77947788055 77947788055
2026-04-09 18:08:06.950 LOG 3: field 1162788 1162788
2026-04-09 18:08:06.000 LOG 3: field 0 0
2026-04-09 18:08:06.050 LOG 3: field 0 0
2026-04-09 18:08:06.100 LOG 3: field 9180730 9180730
2026-04-09 18:08:06.150 LOG 3: field 25 25
2026-04-09 18:08:06.200 LOG 3: field 0 0
2026-04-09 18:08:06.250 LOG 3: field 1 1
2026-04-09 18:08:06.300 LOG 3: field 0 0
2026-04-09 18:08:06.350 LOG 3: field 0 0
2026-04-09 18:08:06.400 LOG 3: field 0 0
2026-04-09 18:08:06.450 LOG 3: field 0 0
2026-04-09 18:08:06.500 LOG 3: field 0 0
2026-04-09 18:08:06.550 LOG 3: field 1 1
2026-04-09 18:08:06.600 LOG 3: field 1 1
2026-04-09 18:08:06.650 LOG 3: field 1 1
2026-04-09 18:08:06.700 LOG 3: field 0 0
2026-04-09 18:08:06.750 LOG 3: field -1 -1
2026-04-09 18:08:06.800 LOG 3: field 0 0
2026-04-09 18:08:06.850 LOG 3: field 0 0
2026-04-09 18:08:06.900 LOG 3: field 0 0
2026-04-09 18:08:06.950 LOG 3: field 0 0
2026-04-09 18:08:06.000 LOG 3: field 0 0
2026-04-09 18:08:06.050 LOG 3: field 0 0
2026-04-09 18:08:06.100 LOG 3: field 0 0
2026-04-09 18:08:06.150 LOG 3: field 0 0
2026-04-09 18:08:06.200 LOG 3: field 0 0
2026-04-09 18:08:06.250 LOG 3: field 0 0
2026-04-09 18:08:06.300 LOG 3: field 0 0
2026-04-09 18:08:06.350 LOG 3: field 0 0
2026-04-09 18:08:06.400 LOG 3: field 20260410 20260410
2026-04-09 18:08:06.450 LOG 3: field 0 0
2026-04-09 18:08:06.500 LOG 3: field 0 0
2026-04-09 18:08:06.550 LOG 3: float_fields 
2026-04-09 18:08:06.600 LOG 3: field 1.0 1.0
2026-04-09 18:08:06.650 LOG 3: field 102.9 102.9
2026-04-09 18:08:06.700 LOG 3: field 1029.0 1029.0
2026-04-09 18:08:06.750 LOG 3: field 0.0 0.0
2026-04-09 18:08:06.800 LOG 3: field 15.1 15.1
2026-04-09 18:08:06.850 LOG 3: field 65.67 65.67
2026-04-09 18:08:06.900 LOG 3: field 0.0 0.0
2026-04-09 18:08:06.950 LOG 3: field 0.0 0.0
2026-04-09 18:08:06.000 LOG 3: field 0.0 0.0
2026-04-09 18:08:06.050 LOG 3: field 0.0 0.0
2026-04-09 18:08:06.100 LOG 3: field 0.0 0.0
2026-04-09 18:08:06.150 LOG 3: field 0.0 0.0
2026-04-09 18:08:06.200 LOG 3: field 0 0
2026-04-09 18:08:06.250 LOG 3: field 0.0 0.0
2026-04-09 18:08:06.300 LOG 3: field 0.0 0.0
2026-04-09 18:08:06.350 LOG 3: field 0 0
2026-04-09 18:08:06.400 LOG 3: field -1 -1
2026-04-09 18:08:06.450 LOG 3: field -1 -1
2026-04-09 18:08:06.500 LOG 3: field 0 0
2026-04-09 18:08:06.550 LOG 3: field 0.0 0.0
2026-04-09 18:08:06.600 LOG 3: field 0.0 0.0
2026-04-09 18:08:06.650 LOG 3: int_fields 
2026-04-09 18:08:06.700 LOG 3: field 77947793758 77947793758
2026-04-09 18:08:06.750 LOG 3: field 77947793758 77947793758
2026-04-09 18:08:06.800 LOG 3: field 1162788 1162788
2026-04-09 18:08:06.850 LOG 3: field 0 0
2026-04-09 18:08:06.900 LOG 3: field 0 0
2026-04-09 18:08:06.950 LOG 3: field 9180731 9180731
2026-04-09 18:08:06.000 LOG 3: field 25 25
2026-04-09 18:08:06.050 LOG 3: field 0 0
2026-04-09 18:08:06.100 LOG 3: field 1 1
2026-04-09 18:08:06.150 LOG 3: field 0 0
2026-04-09 18:08:06.200 LOG 3: field 0 0
2026-04-09 18:08:06.250 LOG 3: field 0 0
2026-04-09 18:08:06.300 LOG 3: field 0 0
2026-04-09 18:08:06.350 LOG 3: field 0 0
2026-04-09 18:08:06.400 LOG 3: field 1 1
2026-04-09 18:08:06.450 LOG 3: field 1 1
2026-04-09 18:08:06.500 LOG 3: field 1 1
2026-04-09 18:08:06.550 LOG 3: field 0 0
2026-04-09 18:08:06.600 LOG 3: field -1 -1
2026-04-09 18:08:06.650 LOG 3: field 0 0
2026-04-09 18:08:06.700 LOG 3: field 0 0
2026-04-09 18:08:06.750 LOG 3: field 0 0
2026-04-09 18:08:06.800 LOG 3: field 0 0
2026-04-09 18:08:06.850 LOG 3: field 0 0
2026-04-09 18:08:06.900 LOG 3: field 0 0
2026-04-09 18:08:06.950 LOG 3: field 0 0
2026-04-09 18:08:06.000 LOG 3: field 0 0
2026-04-09 18:08:06.050 LOG 3: field 0 0
2026-04-09 18:08:06.100 LOG 3: field 0 0
2026-04-09 18:08:06.150 LOG 3: field 0 0
2026-04-09 18:08:06.200 LOG 3: field 0 0
2026-04-09 18:08:06.250 LOG 3: field 20260410 20260410
2026-04-09 18:08:06.300 LOG 3: field 0 0
2026-04-09 18:08:06.350 LOG 3: field 0 0
2026-04-09 18:08:06.400 LOG 3: float_fields 
2026-04-09 18:08:06.450 LOG 3: field 1.0 1.0
2026-04-09 18:08:06.500 LOG 3: field 105.89 105.89
2026-04-09 18:08:06.550 LOG 3: field 1058.9 1058.9
2026-04-09 18:08:06.600 LOG 3: field 0.0 0.0
2026-04-09 18:08:06.650 LOG 3: field 15.03 15.03
2026-04-09 18:08:06.700 LOG 3: field 8.43 8.43
2026-04-09 18:08:06.750 LOG 3: field 0.0 0.0
2026-04-09 18:08:06.800 LOG 3: field 0.0 0.0
2026-04-09 18:08:06.850 LOG 3: field 0.0 0.0
2026-04-09 18:08:06.900 LOG 3: field 0.0 0.0
2026-04-09 18:08:06.950 LOG 3: field 0.0 0.0
2026-04-09 18:08:06.000 LOG 3: field 0.0 0.0
2026-04-09 18:08:06.050 LOG 3: field 0 0
2026-04-09 18:08:06.100 LOG 3: field 0.0 0.0
2026-04-09 18:08:06.150 LOG 3: field 0.0 0.0
2026-04-09 18:08:06.200 LOG 3: field 0 0
2026-04-09 18:08:06.250 LOG 3: field -1 -1
2026-04-09 18:08:06.300 LOG 3: field -1 -1
2026-04-09 18:08:06.350 LOG 3: field 0 0
2026-04-09 18:08:06.400 LOG 3: field 0.0 0.0
2026-04-09 18:08:06.450 LOG 3: field 0.0 0.0
2026-04-09 18:08:06.600 LOG 3: int_fields 
2026-04-09 18:08:06.650 LOG 3: field 77924509061 77924509061
2026-04-09 18:08:06.700 LOG 3: field 77924509061 77924509061
2026-04-09 18:08:06.750 LOG 3: field 1162788 1162788
2026-04-09 18:08:06.800 LOG 3: field 1162788 1162788
2026-04-09 18:08:06.850 LOG 3: field 0 0
2026-04-09 18:08:06.900 LOG 3: field 0 0
2026-04-09 18:08:06.950 LOG 3: field 26 26
2026-04-09 18:08:06.000 LOG 3: field 0 0
2026-04-09 18:08:06.050 LOG 3: field 1 1
2026-04-09 18:08:06.100 LOG 3: field 0 0
2026-04-09 18:08:06.150 LOG 3: field 0 0
2026-04-09 18:08:06.200 LOG 3: field 0 0
2026-04-09 18:08:06.250 LOG 3: field 0 0
2026-04-09 18:08:06.300 LOG 3: field 0 0
2026-04-09 18:08:06.350 LOG 3: field 1 1
2026-04-09 18:08:06.400 LOG 3: field 1 1
2026-04-09 18:08:06.450 LOG 3: field 1 1
2026-04-09 18:08:06.500 LOG 3: field 0 0
2026-04-09 18:08:06.550 LOG 3: field -1 -1
2026-04-09 18:08:06.600 LOG 3: field 0 0
2026-04-09 18:08:06.650 LOG 3: field 0 0
2026-04-09 18:08:06.700 LOG 3: field 0 0
2026-04-09 18:08:06.750 LOG 3: field 0 0
2026-04-09 18:08:06.800 LOG 3: field 0 0
2026-04-09 18:08:06.850 LOG 3: field 0 0
2026-04-09 18:08:06.900 LOG 3: field 0 0
2026-04-09 18:08:06.950 LOG 3: field 0 0
2026-04-09 18:08:06.000 LOG 3: field 0 0
2026-04-09 18:08:06.050 LOG 3: field 0 0
2026-04-09 18:08:06.100 LOG 3: field 0 0
2026-04-09 18:08:06.150 LOG 3: field 0 0
2026-04-09 18:08:06.200 LOG 3: field 20260410 20260410
2026-04-09 18:08:06.250 LOG 3: field 0 0
2026-04-09 18:08:06.300 LOG 3: field 0 0
2026-04-09 18:08:06.350 LOG 3: float_fields 
2026-04-09 18:08:06.400 LOG 3: field 1.0 1.0
2026-04-09 18:08:06.450 LOG 3: field 98.67 98.67
2026-04-09 18:08:06.500 LOG 3: field 986.7 986.7
2026-04-09 18:08:06.550 LOG 3: field 0.0 0.0
2026-04-09 18:08:06.600 LOG 3: field 14.95 14.95
2026-04-09 18:08:06.650 LOG 3: field 14.47 14.47
2026-04-09 18:08:06.700 LOG 3: field 0.0 0.0
2026-04-09 18:08:06.750 LOG 3: field 0.0 0.0
2026-04-09 18:08:06.800 LOG 3: field 0.0 0.0
2026-04-09 18:08:06.850 LOG 3: field 0.0 0.0
2026-04-09 18:08:06.900 LOG 3: field 0.0 0.0
2026-04-09 18:08:06.950 LOG 3: field 0.0 0.0
2026-04-09 18:08:06.000 LOG 3: field 0 0
2026-04-09 18:08:06.050 LOG 3: field 0.0 0.0
2026-04-09 18:08:06.100 LOG 3: field 0.0 0.0
2026-04-09 18:08:06.150 LOG 3: field 0 0
2026-04-09 18:08:06.200 LOG 3: field -1 -1
2026-04-09 18:08:06.250 LOG 3: field -1 -1
2026-04-09 18:08:06.300 LOG 3: field 0 0
2026-04-09 18:08:06.350 LOG 3: field 0.0 0.0
2026-04-09 18:08:06.400 LOG 3: field 0.0 0.0
2026-04-09 18:08:06.450 LOG 3: int_fields 
2026-04-09 18:08:06.500 LOG 3: field 77924527921 77924527921
2026-04-09 18:08:06.550 LOG 3: field 77924527921 77924527921
2026-04-09 18:08:06.600 LOG 3: field 1162788 1162788
2026-04-09 18:08:06.650 LOG 3: field 0 0
2026-04-09 18:08:06.700 LOG 3: field 0 0
2026-04-09 18:08:06.750 LOG 3: field 0 0
2026-04-09 18:08:06.800 LOG 3: field 25 25
2026-04-09 18:08:06.850 LOG 3: field 0 0
2026-04-09 18:08:06.900 LOG 3: field 1 1
2026-04-09 18:08:06.950 LOG 3: field 0 0
2026-04-09 18:08:06.000 LOG 3: field 0 0
2026-04-09 18:08:06.050 LOG 3: field 0 0
2026-04-09 18:08:06.100 LOG 3: field 0 0
2026-04-09 18:08:06.150 LOG 3: field 0 0
2026-04-09 18:08:06.200 LOG 3: field 1 1
2026-04-09 18:08:06.250 LOG 3: field 1 1
2026-04-09 18:08:06.300 LOG 3: field 1 1
2026-04-09 18:08:06.350 LOG 3: field 0 0
2026-04-09 18:08:06.400 LOG 3: field -1 -1
2026-04-09 18:08:06.450 LOG 3: field 0 0
2026-04-09 18:08:06.500 LOG 3: field 0 0
2026-04-09 18:08:06.550 LOG 3: field 0 0
2026-04-09 18:08:06.600 LOG 3: field 0 0
2026-04-09 18:08:06.650 LOG 3: field 0 0
2026-04-09 18:08:06.700 LOG 3: field 0 0
2026-04-09 18:08:06.750 LOG 3: field 0 0
2026-04-09 18:08:06.800 LOG 3: field 0 0
2026-04-09 18:08:06.850 LOG 3: field 0 0
2026-04-09 18:08:06.900 LOG 3: field 0 0
2026-04-09 18:08:06.950 LOG 3: field 0 0
2026-04-09 18:08:06.000 LOG 3: field 0 0
2026-04-09 18:08:06.050 LOG 3: field 20260410 20260410
2026-04-09 18:08:06.100 LOG 3: field 0 0
2026-04-09 18:08:06.150 LOG 3: field 0 0
2026-04-09 18:08:06.200 LOG 3: float_fields 
2026-04-09 18:08:06.250 LOG 3: field 1.0 1.0
2026-04-09 18:08:06.300 LOG 3: field 98.67 98.67
2026-04-09 18:08:06.350 LOG 3: field 986.7 986.7
2026-04-09 18:08:06.400 LOG 3: field 0.0 0.0
2026-04-09 18:08:06.450 LOG 3: field 14.95 14.95
2026-04-09 18:08:06.500 LOG 3: field 14.47 14.47
2026-04-09 18:08:06.550 LOG 3: field 0.0 0.0
2026-04-09 18:08:06.600 LOG 3: field 0.0 0.0
2026-04-09 18:08:06.650 LOG 3: field 0.0 0.0
2026-04-09 18:08:06.700 LOG 3: field 0.0 0.0
2026-04-09 18:08:06.750 LOG 3: field 0.0 0.0
2026-04-09 18:08:06.800 LOG 3: field 0.0 0.0
2026-04-09 18:08:06.850 LOG 3: field 0 0
2026-04-09 18:08:06.900 LOG 3: field 0.0 0.0
2026-04-09 18:08:06.950 LOG 3: field 0.0 0.0
2026-04-09 18:08:06.000 LOG 3: field 0 0
2026-04-09 18:08:06.050 LOG 3: field -1 -1
2026-04-09 18:08:06.100 LOG 3: field -1 -1
2026-04-09 18:08:06.150 LOG 3: field 0 0
2026-04-09 18:08:06.200 LOG 3: field 0.0 0.0
2026-04-09 18:08:06.250 LOG 3: field 0.0 0.0
2026-04-09 18:08:06.300 LOG 3: int_fields 
2026-04-09 18:08:06.350 LOG 3: field 77947783631 77947783631
2026-04-09 18:08:06.400 LOG 3: field 77947783631 77947783631
2026-04-09 18:08:06.450 LOG 3: field 1162788 1162788
2026-04-09 18:08:06.500 LOG 3: field 0 0
2026-04-09 18:08:06.550 LOG 3: field 0 0
2026-04-09 18:08:06.600 LOG 3: field 9180729 9180729
2026-04-09 18:08:06.650 LOG 3: field 25 25
2026-04-09 18:08:06.700 LOG 3: field 0 0
2026-04-09 18:08:06.750 LOG 3: field 1 1
2026-04-09 18:08:06.800 LOG 3: field 0 0
2026-04-09 18:08:06.850 LOG 3: field 0 0
2026-04-09 18:08:06.900 LOG 3: field 0 0
2026-04-09 18:08:06.950 LOG 3: field 0 0
2026-04-09 18:08:06.000 LOG 3: field 0 0
2026-04-09 18:08:06.050 LOG 3: field 1 1
2026-04-09 18:08:06.100 LOG 3: field 1 1
2026-04-09 18:08:06.150 LOG 3: field 1 1
2026-04-09 18:08:06.200 LOG 3: field 0 0
2026-04-09 18:08:06.250 LOG 3: field -1 -1
2026-04-09 18:08:06.300 LOG 3: field 0 0
2026-04-09 18:08:06.350 LOG 3: field 0 0
2026-04-09 18:08:06.400 LOG 3: field 0 0
2026-04-09 18:08:06.450 LOG 3: field 0 0
2026-04-09 18:08:06.500 LOG 3: field 0 0
2026-04-09 18:08:06.550 LOG 3: field 0 0
2026-04-09 18:08:06.600 LOG 3: field 0 0
2026-04-09 18:08:06.650 LOG 3: field 0 0
2026-04-09 18:08:06.700 LOG 3: field 0 0
2026-04-09 18:08:06.750 LOG 3: field 0 0
2026-04-09 18:08:06.800 LOG 3: field 0 0
2026-04-09 18:08:06.850 LOG 3: field 0 0
2026-04-09 18:08:06.900 LOG 3: field 20260410 20260410
2026-04-09 18:08:06.950 LOG 3: field 0 0
2026-04-09 18:08:06.000 LOG 3: field 0 0
2026-04-09 18:08:06.050 LOG 3: float_fields 
2026-04-09 18:08:06.100 LOG 3: field 1.0 1.0
2026-04-09 18:08:06.150 LOG 3: field 100.99 100.99
2026-04-09 18:08:06.200 LOG 3: field 1009.9 1009.9
2026-04-09 18:08:06.250 LOG 3: field 0.0 0.0
2026-04-09 18:08:06.300 LOG 3: field 12.44 12.44
2026-04-09 18:08:06.350 LOG 3: field 28.88 28.88
2026-04-09 18:08:06.400 LOG 3: field 0.0 0.0
2026-04-09 18:08:06.450 LOG 3: field 0.0 0.0
2026-04-09 18:08:06.500 LOG 3: field 0.0 0.0
2026-04-09 18:08:06.550 LOG 3: field 0.0 0.0
2026-04-09 18:08:06.600 LOG 3: field 0.0 0.0
2026-04-09 18:08:06.650 LOG 3: field 0.0 0.0
2026-04-09 18:08:06.700 LOG 3: field 0 0
2026-04-09 18:08:06.750 LOG 3: field 0.0 0.0
2026-04-09 18:08:06.800 LOG 3: field 0.0 0.0
2026-04-09 18:08:06.850 LOG 3: field 0 0
2026-04-09 18:08:06.900 LOG 3: field -1 -1
2026-04-09 18:08:06.950 LOG 3: field -1 -1
2026-04-09 18:08:06.000 LOG 3: field 0 0
2026-04-09 18:08:06.050 LOG 3: field 0.0 0.0
2026-04-09 18:08:06.100 LOG 3: field 0.0 0.0
2026-04-09 18:08:06.150 LOG 3: int_fields 
2026-04-09 18:08:06.200 LOG 3: field 77947788055 77947788055
2026-04-09 18:08:06.250 LOG 3: field 77947788055 77947788055
2026-04-09 18:08:06.300 LOG 3: field 1162788 1162788
2026-04-09 18:08:06.350 LOG 3: field 0 0
2026-04-09 18:08:06.400 LOG 3: field 0 0
2026-04-09 18:08:06.450 LOG 3: field 9180730 9180730
2026-04-09 18:08:06.500 LOG 3: field 25 25
2026-04-09 18:08:06.550 LOG 3: field 0 0
2026-04-09 18:08:06.600 LOG 3: field 1 1
2026-04-09 18:08:06.650 LOG 3: field 0 0
2026-04-09 18:08:06.700 LOG 3: field 0 0
2026-04-09 18:08:06.750 LOG 3: field 0 0
2026-04-09 18:08:06.800 LOG 3: field 0 0
2026-04-09 18:08:06.850 LOG 3: field 0 0
2026-04-09 18:08:06.900 LOG 3: field 1 1
2026-04-09 18:08:06.950 LOG 3: field 1 1
2026-04-09 18:08:06.000 LOG 3: field 1 1
2026-04-09 18:08:06.050 LOG 3: field 0 0
2026-04-09 18:08:06.100 LOG 3: field -1 -1
2026-04-09 18:08:06.150 LOG 3: field 0 0
2026-04-09 18:08:06.200 LOG 3: field 0 0
2026-04-09 18:08:06.250 LOG 3: field 0 0
2026-04-09 18:08:06.300 LOG 3: field 0 0
2026-04-09 18:08:06.350 LOG 3: field 0 0
2026-04-09 18:08:06.400 LOG 3: field 0 0
2026-04-09 18:08:06.450 LOG 3: field 0 0
2026-04-09 18:08:06.500 LOG 3: field 0 0
2026-04-09 18:08:06.550 LOG 3: field 0 0
2026-04-09 18:08:06.600 LOG 3: field 0 0
2026-04-09 18:08:06.650 LOG 3: field 0 0
2026-04-09 18:08:06.700 LOG 3: field 0 0
2026-04-09 18:08:06.750 LOG 3: field 20260410 20260410
2026-04-09 18:08:06.800 LOG 3: field 0 0
2026-04-09 18:08:06.850 LOG 3: field 0 0
2026-04-09 18:08:06.900 LOG 3: float_fields 
2026-04-09 18:08:06.950 LOG 3: field 1.0 1.0
2026-04-09 18:08:06.000 LOG 3: field 102.9 102.9
2026-04-09 18:08:06.050 LOG 3: field 1029.0 1029.0
2026-04-09 18:08:06.100 LOG 3: field 0.0 0.0
2026-04-09 18:08:06.150 LOG 3: field 15.1 15.1
2026-04-09 18:08:06.200 LOG 3: field 65.67 65.67
2026-04-09 18:08:06.250 LOG 3: field 0.0 0.0
2026-04-09 18:08:06.300 LOG 3: field 0.0 0.0
2026-04-09 18:08:06.350 LOG 3: field 0.0 0.0
2026-04-09 18:08:06.400 LOG 3: field 0.0 0.0
2026-04-09 18:08:06.450 LOG 3: field 0.0 0.0
2026-04-09 18:08:06.500 LOG 3: field 0.0 0.0
2026-04-09 18:08:06.550 LOG 3: field 0 0
2026-04-09 18:08:06.600 LOG 3: field 0.0 0.0
2026-04-09 18:08:06.650 LOG 3: field 0.0 0.0
2026-04-09 18:08:06.700 LOG 3: field 0 0
2026-04-09 18:08:06.750 LOG 3: field -1 -1
2026-04-09 18:08:06.800 LOG 3: field -1 -1
2026-04-09 18:08:06.850 LOG 3: field 0 0
2026-04-09 18:08:06.900 LOG 3: field 0.0 0.0
2026-04-09 18:08:06.950 LOG 3: field 0.0 0.0
2026-04-09 18:08:06.000 LOG 3: int_fields 
2026-04-09 18:08:06.050 LOG 3: field 77947793758 77947793758
2026-04-09 18:08:06.100 LOG 3: field 77947793758 77947793758
2026-04-09 18:08:06.150 LOG 3: field 1162788 1162788
2026-04-09 18:08:06.200 LOG 3: field 0 0
2026-04-09 18:08:06.250 LOG 3: field 0 0
2026-04-09 18:08:06.300 LOG 3: field 9180731 9180731
2026-04-09 18:08:06.350 LOG 3: field 25 25
2026-04-09 18:08:06.400 LOG 3: field 0 0
2026-04-09 18:08:06.450 LOG 3: field 1 1
2026-04-09 18:08:06.500 LOG 3: field 0 0
2026-04-09 18:08:06.550 LOG 3: field 0 0
2026-04-09 18:08:06.600 LOG 3: field 0 0
2026-04-09 18:08:06.650 LOG 3: field 0 0
2026-04-09 18:08:06.700 LOG 3: field 0 0
2026-04-09 18:08:06.750 LOG 3: field 1 1
2026-04-09 18:08:06.800 LOG 3: field 1 1
2026-04-09 18:08:06.850 LOG 3: field 1 1
2026-04-09 18:08:06.900 LOG 3: field 0 0
2026-04-09 18:08:06.950 LOG 3: field -1 -1
2026-04-09 18:08:06.000 LOG 3: field 0 0
2026-04-09 18:08:06.050 LOG 3: field 0 0
2026-04-09 18:08:06.100 LOG 3: field 0 0
2026-04-09 18:08:06.150 LOG 3: field 0 0
2026-04-09 18:08:06.200 LOG 3: field 0 0
2026-04-09 18:08:06.250 LOG 3: field 0 0
2026-04-09 18:08:06.300 LOG 3: field 0 0
2026-04-09 18:08:06.350 LOG 3: field 0 0
2026-04-09 18:08:06.400 LOG 3: field 0 0
2026-04-09 18:08:06.450 LOG 3: field 0 0
2026-04-09 18:08:06.500 LOG 3: field 0 0
2026-04-09 18:08:06.550 LOG 3: field 0 0
2026-04-09 18:08:06.600 LOG 3: field 20260410 20260410
2026-04-09 18:08:06.650 LOG 3: field 0 0
2026-04-09 18:08:06.700 LOG 3: field 0 0
2026-04-09 18:08:06.750 LOG 3: float_fields 
2026-04-09 18:08:06.800 LOG 3: field 1.0 1.0
2026-04-09 18:08:06.850 LOG 3: field 105.89 105.89
2026-04-09 18:08:06.900 LOG 3: field 1058.9 1058.9
2026-04-09 18:08:06.950 LOG 3: field 0.0 0.0
2026-04-09 18:08:06.000 LOG 3: field 15.03 15.03
2026-04-09 18:08:06.050 LOG 3: field 8.43 8.43
2026-04-09 18:08:06.100 LOG 3: field 0.0 0.0
2026-04-09 18:08:06.150 LOG 3: field 0.0 0.0
2026-04-09 18:08:06.200 LOG 3: field 0.0 0.0
2026-04-09 18:08:06.250 LOG 3: field 0.0 0.0
2026-04-09 18:08:06.300 LOG 3: field 0.0 0.0
2026-04-09 18:08:06.350 LOG 3: field 0.0 0.0
2026-04-09 18:08:06.400 LOG 3: field 0 0
2026-04-09 18:08:06.450 LOG 3: field 0.0 0.0
2026-04-09 18:08:06.500 LOG 3: field 0.0 0.0
2026-04-09 18:08:06.550 LOG 3: field 0 0
2026-04-09 18:08:06.600 LOG 3: field -1 -1
2026-04-09 18:08:06.650 LOG 3: field -1 -1
2026-04-09 18:08:06.700 LOG 3: field 0 0
2026-04-09 18:08:06.750 LOG 3: field 0.0 0.0
2026-04-09 18:08:06.800 LOG 3: field 0.0 0.0
2026-04-09 18:08:16.250 LOG 3: int_fields 
2026-04-09 18:08:16.300 LOG 3: field 77924509061 77924509061
2026-04-09 18:08:16.350 LOG 3: field 77924509061 77924509061
2026-04-09 18:08:16.400 LOG 3: field 1162788 1162788
2026-04-09 18:08:16.450 LOG 3: field 1162788 1162788
2026-04-09 18:08:16.500 LOG 3: field 0 0
2026-04-09 18:08:16.550 LOG 3: field 0 0
2026-04-09 18:08:16.600 LOG 3: field 26 26
2026-04-09 18:08:16.650 LOG 3: field 0 0
2026-04-09 18:08:16.700 LOG 3: field 1 1
2026-04-09 18:08:16.750 LOG 3: field 0 0
2026-04-09 18:08:16.800 LOG 3: field 0 0
2026-04-09 18:08:16.850 LOG 3: field 0 0
2026-04-09 18:08:16.900 LOG 3: field 0 0
2026-04-09 18:08:16.950 LOG 3: field 0 0
2026-04-09 18:08:16.000 LOG 3: field 1 1
2026-04-09 18:08:16.050 LOG 3: field 1 1
2026-04-09 18:08:16.100 LOG 3: field 1 1
2026-04-09 18:08:16.150 LOG 3: field 0 0
2026-04-09 18:08:16.200 LOG 3: field -1 -1
2026-04-09 18:08:16.250 LOG 3: field 0 0
2026-04-09 18:08:16.300 LOG 3: field 0 0
2026-04-09 18:08:16.350 LOG 3: field 0 0
2026-04-09 18:08:16.400 LOG 3: field 0 0
2026-04-09 18:08:16.450 LOG 3: field 0 0
2026-04-09 18:08:16.500 LOG 3: field 0 0
2026-04-09 18:08:16.550 LOG 3: field 0 0
2026-04-09 18:08:16.600 LOG 3: field 0 0
2026-04-09 18:08:16.650 LOG 3: field 0 0
2026-04-09 18:08:16.700 LOG 3: field 0 0
2026-04-09 18:08:16.750 LOG 3: field 0 0
2026-04-09 18:08:16.800 LOG 3: field 0 0
2026-04-09 18:08:16.850 LOG 3: field 20260410 20260410
2026-04-09 18:08:16.900 LOG 3: field 0 0
2026-04-09 18:08:16.950 LOG 3: field 0 0
2026-04-09 18:08:16.000 LOG 3: float_fields 
2026-04-09 18:08:16.050 LOG 3: field 1.0 1.0
2026-04-09 18:08:16.100 LOG 3: field 98.67 98.67
2026-04-09 18:08:16.150 LOG 3: field 986.7 986.7
2026-04-09 18:08:16.200 LOG 3: field 0.0 0.0
2026-04-09 18:08:16.250 LOG 3: field 14.95 14.95
2026-04-09 18:08:16.300 LOG 3: field 14.47 14.47
2026-04-09 18:08:16.350 LOG 3: field 0.0 0.0
2026-04-09 18:08:16.400 LOG 3: field 0.0 0.0
2026-04-09 18:08:16.450 LOG 3: field 0.0 0.0
2026-04-09 18:08:16.500 LOG 3: field 0.0 0.0
2026-04-09 18:08:16.550 LOG 3: field 0.0 0.0
2026-04-09 18:08:16.600 LOG 3: field 0.0 0.0
2026-04-09 18:08:16.650 LOG 3: field 0 0
2026-04-09 18:08:16.700 LOG 3: field 0.0 0.0
2026-04-09 18:08:16.750 LOG 3: field 0.0 0.0
2026-04-09 18:08:16.800 LOG 3: field 0 0
2026-04-09 18:08:16.850 LOG 3: field -1 -1
2026-04-09 18:08:16.900 LOG 3: field -1 -1
2026-04-09 18:08:16.950 LOG 3: field 0 0
2026-04-09 18:08:16.000 LOG 3: field 0.0 0.0
2026-04-09 18:08:16.050 LOG 3: field 0.0 0.0
2026-04-09 18:08:16.100 LOG 3: int_fields 
2026-04-09 18:08:16.150 LOG 3: field 77924527921 77924527921
2026-04-09 18:08:16.200 LOG 3: field 77924527921 77924527921
2026-04-09 18:08:16.250 LOG 3: field 1162788 1162788
2026-04-09 18:08:16.300 LOG 3: field 0 0
2026-04-09 18:08:16.350 LOG 3: field 0 0
2026-04-09 18:08:16.400 LOG 3: field 0 0
2026-04-09 18:08:16.450 LOG 3: field 25 25
2026-04-09 18:08:16.500 LOG 3: field 0 0
2026-04-09 18:08:16.550 LOG 3: field 1 1
2026-04-09 18:08:16.600 LOG 3: field 0 0
2026-04-09 18:08:16.650 LOG 3: field 0 0
2026-04-09 18:08:16.700 LOG 3: field 0 0
2026-04-09 18:08:16.750 LOG 3: field 0 0
2026-04-09 18:08:16.800 LOG 3: field 0 0
2026-04-09 18:08:16.850 LOG 3: field 1 1
2026-04-09 18:08:16.900 LOG 3: field 1 1
2026-04-09 18:08:16.950 LOG 3: field 1 1
2026-04-09 18:08:16.000 LOG 3: field 0 0
2026-04-09 18:08:16.050 LOG 3: field -1 -1
2026-04-09 18:08:16.100 LOG 3: field 0 0
2026-04-09 18:08:16.150 LOG 3: field 0 0
2026-04-09 18:08:16.200 LOG 3: field 0 0
2026-04-09 18:08:16.250 LOG 3: field 0 0
2026-04-09 18:08:16.300 LOG 3: field 0 0
2026-04-09 18:08:16.350 LOG 3: field 0 0
2026-04-09 18:08:16.400 LOG 3: field 0 0
2026-04-09 18:08:16.450 LOG 3: field 0 0
2026-04-09 18:08:16.500 LOG 3: field 0 0
2026-04-09 18:08:16.550 LOG 3: field 0 0
2026-04-09 18:08:16.600 LOG 3: field 0 0
2026-04-09 18:08:16.650 LOG 3: field 0 0
2026-04-09 18:08:16.700 LOG 3: field 20260410 20260410
2026-04-09 18:08:16.750 LOG 3: field 0 0
2026-04-09 18:08:16.800 LOG 3: field 0 0
2026-04-09 18:08:16.850 LOG 3: float_fields 
2026-04-09 18:08:16.900 LOG 3: field 1.0 1.0
2026-04-09 18:08:16.950 LOG 3: field 98.67 98.67
2026-04-09 18:08:16.000 LOG 3: field 986.7 986.7
2026-04-09 18:08:16.050 LOG 3: field 0.0 0.0
2026-04-09 18:08:16.100 LOG 3: field 14.95 14.95
2026-04-09 18:08:16.150 LOG 3: field 14.47 14.47
2026-04-09 18:08:16.200 LOG 3: field 0.0 0.0
2026-04-09 18:08:16.250 LOG 3: field 0.0 0.0
2026-04-09 18:08:16.300 LOG 3: field 0.0 0.0
2026-04-09 18:08:16.350 LOG 3: field 0.0 0.0
2026-04-09 18:08:16.400 LOG 3: field 0.0 0.0
2026-04-09 18:08:16.450 LOG 3: field 0.0 0.0
2026-04-09 18:08:16.500 LOG 3: field 0 0
2026-04-09 18:08:16.550 LOG 3: field 0.0 0.0
2026-04-09 18:08:16.600 LOG 3: field 0.0 0.0
2026-04-09 18:08:16.650 LOG 3: field 0 0
2026-04-09 18:08:16.700 LOG 3: field -1 -1
2026-04-09 18:08:16.750 LOG 3: field -1 -1
2026-04-09 18:08:16.800 LOG 3: field 0 0
2026-04-09 18:08:16.850 LOG 3: field 0.0 0.0
2026-04-09 18:08:16.900 LOG 3: field 0.0 0.0
2026-04-09 18:08:16.950 LOG 3: int_fields 
2026-04-09 18:08:16.000 LOG 3: field 77947783631 77947783631
2026-04-09 18:08:16.050 LOG 3: field 77947783631 77947783631
2026-04-09 18:08:16.100 LOG 3: field 1162788 1162788
2026-04-09 18:08:16.150 LOG 3: field 0 0
2026-04-09 18:08:16.200 LOG 3: field 0 0
2026-04-09 18:08:16.250 LOG 3: field 9180729 9180729
2026-04-09 18:08:16.300 LOG 3: field 25 25
2026-04-09 18:08:16.350 LOG 3: field 0 0
2026-04-09 18:08:16.400 LOG 3: field 1 1
2026-04-09 18:08:16.450 LOG 3: field 0 0
2026-04-09 18:08:16.500 LOG 3: field 0 0
2026-04-09 18:08:16.550 LOG 3: field 0 0
2026-04-09 18:08:16.600 LOG 3: field 0 0
2026-04-09 18:08:16.650 LOG 3: field 0 0
2026-04-09 18:08:16.700 LOG 3: field 1 1
2026-04-09 18:08:16.750 LOG 3: field 1 1
2026-04-09 18:08:16.800 LOG 3: field 1 1
2026-04-09 18:08:16.850 LOG 3: field 0 0
2026-04-09 18:08:16.900 LOG 3: field -1 -1
2026-04-09 18:08:16.950 LOG 3: field 0 0
2026-04-09 18:08:16.000 LOG 3: field 0 0
2026-04-09 18:08:16.050 LOG 3: field 0 0
2026-04-09 18:08:16.100 LOG 3: field 0 0
2026-04-09 18:08:16.150 LOG 3: field 0 0
2026-04-09 18:08:16.200 LOG 3: field 0 0
2026-04-09 18:08:16.250 LOG 3: field 0 0
2026-04-09 18:08:16.300 LOG 3: field 0 0
2026-04-09 18:08:16.350 LOG 3: field 0 0
2026-04-09 18:08:16.400 LOG 3: field 0 0
2026-04-09 18:08:16.450 LOG 3: field 0 0
2026-04-09 18:08:16.500 LOG 3: field 0 0
2026-04-09 18:08:16.550 LOG 3: field 20260410 20260410
2026-04-09 18:08:16.600 LOG 3: field 0 0
2026-04-09 18:08:16.650 LOG 3: field 0 0
2026-04-09 18:08:16.700 LOG 3: float_fields 
2026-04-09 18:08:16.750 LOG 3: field 1.0 1.0
2026-04-09 18:08:16.800 LOG 3: field 100.99 100.99
2026-04-09 18:08:16.850 LOG 3: field 1009.9 1009.9
2026-04-09 18:08:16.900 LOG 3: field 0.0 0.0
2026-04-09 18:08:16.950 LOG 3: field 12.44 12.44
2026-04-09 18:08:16.000 LOG 3: field 28.88 28.88
2026-04-09 18:08:16.050 LOG 3: field 0.0 0.0
2026-04-09 18:08:16.100 LOG 3: field 0.0 0.0
2026-04-09 18:08:16.150 LOG 3: field 0.0 0.0
2026-04-09 18:08:16.200 LOG 3: field 0.0 0.0
2026-04-09 18:08:16.250 LOG 3: field 0.0 0.0
2026-04-09 18:08:16.300 LOG 3: field 0.0 0.0
2026-04-09 18:08:16.350 LOG 3: field 0 0
2026-04-09 18:08:16.400 LOG 3: field 0.0 0.0
2026-04-09 18:08:16.450 LOG 3: field 0.0 0.0
2026-04-09 18:08:16.500 LOG 3: field 0 0
2026-04-09 18:08:16.550 LOG 3: field -1 -1
2026-04-09 18:08:16.600 LOG 3: field -1 -1
2026-04-09 18:08:16.650 LOG 3: field 0 0
2026-04-09 18:08:16.700 LOG 3: field 0.0 0.0
2026-04-09 18:08:16.750 LOG 3: field 0.0 0.0
2026-04-09 18:08:16.800 LOG 3: int_fields 
2026-04-09 18:08:16.850 LOG 3: field 77947788055 77947788055
2026-04-09 18:08:16.900 LOG 3: field 77947788055 77947788055
2026-04-09 18:08:16.950 LOG 3: field 1162788 1162788
2026-04-09 18:08:16.000 LOG 3: field 0 0
2026-04-09 18:08:16.050 LOG 3: field 0 0
2026-04-09 18:08:16.100 LOG 3: field 9180730 9180730
2026-04-09 18:08:16.150 LOG 3: field 25 25
2026-04-09 18:08:16.200 LOG 3: field 0 0
2026-04-09 18:08:16.250 LOG 3: field 1 1
2026-04-09 18:08:16.300 LOG 3: field 0 0
2026-04-09 18:08:16.350 LOG 3: field 0 0
2026-04-09 18:08:16.400 LOG 3: field 0 0
2026-04-09 18:08:16.450 LOG 3: field 0 0
2026-04-09 18:08:16.500 LOG 3: field 0 0
2026-04-09 18:08:16.550 LOG 3: field 1 1
2026-04-09 18:08:16.600 LOG 3: field 1 1
2026-04-09 18:08:16.650 LOG 3: field 1 1
2026-04-09 18:08:16.700 LOG 3: field 0 0
2026-04-09 18:08:16.750 LOG 3: field -1 -1
2026-04-09 18:08:16.800 LOG 3: field 0 0
2026-04-09 18:08:16.850 LOG 3: field 0 0
2026-04-09 18:08:16.900 LOG 3: field 0 0
2026-04-09 18:08:16.950 LOG 3: field 0 0
2026-04-09 18:08:16.000 LOG 3: field 0 0
2026-04-09 18:08:16.050 LOG 3: field 0 0
2026-04-09 18:08:16.100 LOG 3: field 0 0
2026-04-09 18:08:16.150 LOG 3: field 0 0
2026-04-09 18:08:16.200 LOG 3: field 0 0
2026-04-09 18:08:16.250 LOG 3: field 0 0
2026-04-09 18:08:16.300 LOG 3: field 0 0
2026-04-09 18:08:16.350 LOG 3: field 0 0
2026-04-09 18:08:16.400 LOG 3: field 20260410 20260410
2026-04-09 18:08:16.450 LOG 3: field 0 0
2026-04-09 18:08:16.500 LOG 3: field 0 0
2026-04-09 18:08:16.550 LOG 3: float_fields 
2026-04-09 18:08:16.600 LOG 3: field 1.0 1.0
2026-04-09 18:08:16.650 LOG 3: field 102.9 102.9
2026-04-09 18:08:16.700 LOG 3: field 1029.0 1029.0
2026-04-09 18:08:16.750 LOG 3: field 0.0 0.0
2026-04-09 18:08:16.800 LOG 3: field 15.1 15.1
2026-04-09 18:08:16.850 LOG 3: field 65.67 65.67
2026-04-09 18:08:16.900 LOG 3: field 0.0 0.0
2026-04-09 18:08:16.950 LOG 3: field 0.0 0.0
2026-04-09 18:08:16.000 LOG 3: field 0.0 0.0
2026-04-09 18:08:16.050 LOG 3: field 0.0 0.0
2026-04-09 18:08:16.100 LOG 3: field 0.0 0.0
2026-04-09 18:08:16.150 LOG 3: field 0.0 0.0
2026-04-09 18:08:16.200 LOG 3: field 0 0
2026-04-09 18:08:16.250 LOG 3: field 0.0 0.0
2026-04-09 18:08:16.300 LOG 3: field 0.0 0.0
2026-04-09 18:08:16.350 LOG 3: field 0 0
2026-04-09 18:08:16.400 LOG 3: field -1 -1
2026-04-09 18:08:16.450 LOG 3: field -1 -1
2026-04-09 18:08:16.500 LOG 3: field 0 0
2026-04-09 18:08:16.550 LOG 3: field 0.0 0.0
2026-04-09 18:08:16.600 LOG 3: field 0.0 0.0
2026-04-09 18:08:16.650 LOG 3: int_fields 
2026-04-09 18:08:16.700 LOG 3: field 77947793758 77947793758
2026-04-09 18:08:16.750 LOG 3: field 77947793758 77947793758
2026-04-09 18:08:16.800 LOG 3: field 1162788 1162788
2026-04-09 18:08:16.850 LOG 3: field 0 0
2026-04-09 18:08:16.900 LOG 3: field 0 0
2026-04-09 18:08:16.950 LOG 3: field 9180731 9180731
2026-04-09 18:08:16.000 LOG 3: field 25 25
2026-04-09 18:08:16.050 LOG 3: field 0 0
2026-04-09 18:08:16.100 LOG 3: field 1 1
2026-04-09 18:08:16.150 LOG 3: field 0 0
2026-04-09 18:08:16.200 LOG 3: field 0 0
2026-04-09 18:08:16.250 LOG 3: field 0 0
2026-04-09 18:08:16.300 LOG 3: field 0 0
2026-04-09 18:08:16.350 LOG 3: field 0 0
2026-04-09 18:08:16.400 LOG 3: field 1 1
2026-04-09 18:08:16.450 LOG 3: field 1 1
2026-04-09 18:08:16.500 LOG 3: field 1 1
2026-04-09 18:08:16.550 LOG 3: field 0 0
2026-04-09 18:08:16.600 LOG 3: field -1 -1
2026-04-09 18:08:16.650 LOG 3: field 0 0
2026-04-09 18:08:16.700 LOG 3: field 0 0
2026-04-09 18:08:16.750 LOG 3: field 0 0
2026-04-09 18:08:16.800 LOG 3: field 0 0
2026-04-09 18:08:16.850 LOG 3: field 0 0
2026-04-09 18:08:16.900 LOG 3: field 0 0
2026-04-09 18:08:16.950 LOG 3: field 0 0
2026-04-09 18:08:16.000 LOG 3: field 0 0
2026-04-09 18:08:16.050 LOG 3: field 0 0
2026-04-09 18:08:16.100 LOG 3: field 0 0
2026-04-09 18:08:16.150 LOG 3: field 0 0
2026-04-09 18:08:16.200 LOG 3: field 0 0
2026-04-09 18:08:16.250 LOG 3: field 20260410 20260410
2026-04-09 18:08:16.300 LOG 3: field 0 0
2026-04-09 18:08:16.350 LOG 3: field 0 0
2026-04-09 18:08:16.400 LOG 3: float_fields 
2026-04-09 18:08:16.450 LOG 3: field 1.0 1.0
2026-04-09 18:08:16.500 LOG 3: field 105.89 105.89
2026-04-09 18:08:16.550 LOG 3: field 1058.9 1058.9
2026-04-09 18:08:16.600 LOG 3: field 0.0 0.0
2026-04-09 18:08:16.650 LOG 3: field 15.03 15.03
2026-04-09 18:08:16.700 LOG 3: field 8.43 8.43
2026-04-09 18:08:16.750 LOG 3: field 0.0 0.0
2026-04-09 18:08:16.800 LOG 3: field 0.0 0.0
2026-04-09 18:08:16.850 LOG 3: field 0.0 0.0
2026-04-09 18:08:16.900 LOG 3: field 0.0 0.0
2026-04-09 18:08:16.950 LOG 3: field 0.0 0.0
2026-04-09 18:08:16.000 LOG 3: field 0.0 0.0
2026-04-09 18:08:16.050 LOG 3: field 0 0
2026-04-09 18:08:16.100 LOG 3: field 0.0 0.0
2026-04-09 18:08:16.150 LOG 3: field 0.0 0.0
2026-04-09 18:08:16.200 LOG 3: field 0 0
2026-04-09 18:08:16.250 LOG 3: field -1 -1
2026-04-09 18:08:16.300 LOG 3: field -1 -1
2026-04-09 18:08:16.350 LOG 3: field 0 0
2026-04-09 18:08:16.400 LOG 3: field 0.0 0.0
2026-04-09 18:08:16.450 LOG 3: field 0.0 0.0
2026-04-09 18:08:16.500 LOG 3: int_fields 
2026-04-09 18:08:16.550 LOG 3: field 77924509061 77924509061
2026-04-09 18:08:16.600 LOG 3: field 77924509061 77924509061
2026-04-09 18:08:16.650 LOG 3: field 1162788 1162788
2026-04-09 18:08:16.700 LOG 3: field 1162788 1162788
2026-04-09 18:08:16.750 LOG 3: field 0 0
2026-04-09 18:08:16.800 LOG 3: field 0 0
2026-04-09 18:08:16.850 LOG 3: field 26 26
2026-04-09 18:08:16.900 LOG 3: field 0 0
2026-04-09 18:08:16.950 LOG 3: field 1 1
2026-04-09 18:08:16.000 LOG 3: field 0 0
2026-04-09 18:08:16.050 LOG 3: field 0 0
2026-04-09 18:08:16.100 LOG 3: field 0 0
2026-04-09 18:08:16.150 LOG 3: field 0 0
2026-04-09 18:08:16.200 LOG 3: field 0 0
2026-04-09 18:08:16.250 LOG 3: field 1 1
2026-04-09 18:08:16.300 LOG 3: field 1 1
2026-04-09 18:08:16.350 LOG 3: field 1 1
2026-04-09 18:08:16.400 LOG 3: field 0 0
2026-04-09 18:08:16.450 LOG 3: field -1 -1
2026-04-09 18:08:16.500 LOG 3: field 0 0
2026-04-09 18:08:16.550 LOG 3: field 0 0
2026-04-09 18:08:16.600 LOG 3: field 0 0
2026-04-09 18:08:16.650 LOG 3: field 0 0
2026-04-09 18:08:16.700 LOG 3: field 0 0
2026-04-09 18:08:16.750 LOG 3: field 0 0
2026-04-09 18:08:16.800 LOG 3: field 0 0
2026-04-09 18:08:16.850 LOG 3: field 0 0
2026-04-09 18:08:16.900 LOG 3: field 0 0
2026-04-09 18:08:16.950 LOG 3: field 0 0
2026-04-09 18:08:16.000 LOG 3: field 0 0
2026-04-09 18:08:16.050 LOG 3: field 0 0
2026-04-09 18:08:16.100 LOG 3: field 20260410 20260410
2026-04-09 18:08:16.150 LOG 3: field 0 0
2026-04-09 18:08:16.200 LOG 3: field 0 0
2026-04-09 18:08:16.250 LOG 3: float_fields 
2026-04-09 18:08:16.300 LOG 3: field 1.0 1.0
2026-04-09 18:08:16.350 LOG 3: field 98.67 98.67
2026-04-09 18:08:16.400 LOG 3: field 986.7 986.7
2026-04-09 18:08:16.450 LOG 3: field 0.0 0.0
2026-04-09 18:08:16.500 LOG 3: field 14.95 14.95
2026-04-09 18:08:16.550 LOG 3: field 14.47 14.47
2026-04-09 18:08:16.600 LOG 3: field 0.0 0.0
2026-04-09 18:08:16.650 LOG 3: field 0.0 0.0
2026-04-09 18:08:16.700 LOG 3: field 0.0 0.0
2026-04-09 18:08:16.750 LOG 3: field 0.0 0.0
2026-04-09 18:08:16.800 LOG 3: field 0.0 0.0
2026-04-09 18:08:16.850 LOG 3: field 0.0 0.0
2026-04-09 18:08:16.900 LOG 3: field 0 0
2026-04-09 18:08:16.950 LOG 3: field 0.0 0.0
2026-04-09 18:08:16.000 LOG 3: field 0.0 0.0
2026-04-09 18:08:16.050 LOG 3: field 0 0
2026-04-09 18:08:16.100 LOG 3: field -1 -1
2026-04-09 18:08:16.150 LOG 3: field -1 -1
2026-04-09 18:08:16.200 LOG 3: field 0 0
2026-04-09 18:08:16.250 LOG 3: field 0.0 0.0
2026-04-09 18:08:16.300 LOG 3: field 0.0 0.0
2026-04-09 18:08:16.350 LOG 3: int_fields 
2026-04-09 18:08:16.400 LOG 3: field 77924527921 77924527921
2026-04-09 18:08:16.450 LOG 3: field 77924527921 77924527921
2026-04-09 18:08:16.500 LOG 3: field 1162788 1162788
2026-04-09 18:08:16.550 LOG 3: field 0 0
2026-04-09 18:08:16.600 LOG 3: field 0 0
2026-04-09 18:08:16.650 LOG 3: field 0 0
2026-04-09 18:08:16.700 LOG 3: field 25 25
2026-04-09 18:08:16.750 LOG 3: field 0 0
2026-04-09 18:08:16.800 LOG 3: field 1 1
2026-04-09 18:08:16.850 LOG 3: field 0 0
2026-04-09 18:08:16.900 LOG 3: field 0 0
2026-04-09 18:08:16.950 LOG 3: field 0 0
2026-04-09 18:08:16.000 LOG 3: field 0 0
2026-04-09 18:08:16.050 LOG 3: field 0 0
2026-04-09 18:08:16.100 LOG 3: field 1 1
2026-04-09 18:08:16.150 LOG 3: field 1 1
2026-04-09 18:08:16.200 LOG 3: field 1 1
2026-04-09 18:08:16.250 LOG 3: field 0 0
2026-04-09 18:08:16.300 LOG 3: field -1 -1
2026-04-09 18:08:16.350 LOG 3: field 0 0
2026-04-09 18:08:16.400 LOG 3: field 0 0
2026-04-09 18:08:16.450 LOG 3: field 0 0
2026-04-09 18:08:16.500 LOG 3: field 0 0
2026-04-09 18:08:16.550 LOG 3: field 0 0
2026-04-09 18:08:16.600 LOG 3: field 0 0
2026-04-09 18:08:16.650 LOG 3: field 0 0
2026-04-09 18:08:16.700 LOG 3: field 0 0
2026-04-09 18:08:16.750 LOG 3: field 0 0
2026-04-09 18:08:16.800 LOG 3: field 0 0
2026-04-09 18:08:16.850 LOG 3: field 0 0
2026-04-09 18:08:16.900 LOG 3: field 0 0
2026-04-09 18:08:16.950 LOG 3: field 20260410 20260410
2026-04-09 18:08:16.000 LOG 3: field 0 0
2026-04-09 18:08:16.050 LOG 3: field 0 0
2026-04-09 18:08:16.100 LOG 3: float_fields 
2026-04-09 18:08:16.150 LOG 3: field 1.0 1.0
2026-04-09 18:08:16.200 LOG 3: field 98.67 98.67
2026-04-09 18:08:16.250 LOG 3: field 986.7 986.7
2026-04-09 18:08:16.300 LOG 3: field 0.0 0.0
2026-04-09 18:08:16.350 LOG 3: field 14.95 14.95
2026-04-09 18:08:16.400 LOG 3: field 14.47 14.47
2026-04-09 18:08:16.450 LOG 3: field 0.0 0.0
2026-04-09 18:08:16.500 LOG 3: field 0.0 0.0
2026-04-09 18:08:16.550 LOG 3: field 0.0 0.0
2026-04-09 18:08:16.600 LOG 3: field 0.0 0.0
2026-04-09 18:08:16.650 LOG 3: field 0.0 0.0
2026-04-09 18:08:16.700 LOG 3: field 0.0 0.0
2026-04-09 18:08:16.750 LOG 3: field 0 0
2026-04-09 18:08:16.800 LOG 3: field 0.0 0.0
2026-04-09 18:08:16.850 LOG 3: field 0.0 0.0
2026-04-09 18:08:16.900 LOG 3: field 0 0
2026-04-09 18:08:16.950 LOG 3: field -1 -1
2026-04-09 18:08:16.000 LOG 3: field -1 -1
2026-04-09 18:08:16.050 LOG 3: field 0 0
2026-04-09 18:08:16.100 LOG 3: field 0.0 0.0
2026-04-09 18:08:16.150 LOG 3: field 0.0 0.0
2026-04-09 18:08:16.200 LOG 3: int_fields 
2026-04-09 18:08:16.250 LOG 3: field 77947783631 77947783631
2026-04-09 18:08:16.300 LOG 3: field 77947783631 77947783631
2026-04-09 18:08:16.350 LOG 3: field 1162788 1162788
2026-04-09 18:08:16.400 LOG 3: field 0 0
2026-04-09 18:08:16.450 LOG 3: field 0 0
2026-04-09 18:08:16.500 LOG 3: field 9180729 9180729
2026-04-09 18:08:16.550 LOG 3: field 25 25
2026-04-09 18:08:16.600 LOG 3: field 0 0
2026-04-09 18:08:16.650 LOG 3: field 1 1
2026-04-09 18:08:16.700 LOG 3: field 0 0
2026-04-09 18:08:16.750 LOG 3: field 0 0
2026-04-09 18:08:16.800 LOG 3: field 0 0
2026-04-09 18:08:16.850 LOG 3: field 0 0
2026-04-09 18:08:16.900 LOG 3: field 0 0
2026-04-09 18:08:16.950 LOG 3: field 1 1
2026-04-09 18:08:16.000 LOG 3: field 1 1
2026-04-09 18:08:16.050 LOG 3: field 1 1
2026-04-09 18:08:16.100 LOG 3: field 0 0
2026-04-09 18:08:16.150 LOG 3: field -1 -1
2026-04-09 18:08:16.200 LOG 3: field 0 0
2026-04-09 18:08:16.250 LOG 3: field 0 0
2026-04-09 18:08:16.300 LOG 3: field 0 0
2026-04-09 18:08:16.350 LOG 3: field 0 0
2026-04-09 18:08:16.400 LOG 3: field 0 0
2026-04-09 18:08:16.450 LOG 3: field 0 0
2026-04-09 18:08:16.500 LOG 3: field 0 0
2026-04-09 18:08:16.550 LOG 3: field 0 0
2026-04-09 18:08:16.600 LOG 3: field 0 0
2026-04-09 18:08:16.650 LOG 3: field 0 0
2026-04-09 18:08:16.700 LOG 3: field 0 0
2026-04-09 18:08:16.750 LOG 3: field 0 0
2026-04-09 18:08:16.800 LOG 3: field 20260410 20260410
2026-04-09 18:08:16.850 LOG 3: field 0 0
2026-04-09 18:08:16.900 LOG 3: field 0 0
2026-04-09 18:08:16.950 LOG 3: float_fields 
2026-04-09 18:08:16.000 LOG 3: field 1.0 1.0
2026-04-09 18:08:16.050 LOG 3: field 100.99 100.99
2026-04-09 18:08:16.100 LOG 3: field 1009.9 1009.9
2026-04-09 18:08:16.150 LOG 3: field 0.0 0.0
2026-04-09 18:08:16.200 LOG 3: field 12.44 12.44
2026-04-09 18:08:16.250 LOG 3: field 28.88 28.88
2026-04-09 18:08:16.300 LOG 3: field 0.0 0.0
2026-04-09 18:08:16.350 LOG 3: field 0.0 0.0
2026-04-09 18:08:16.400 LOG 3: field 0.0 0.0
2026-04-09 18:08:16.450 LOG 3: field 0.0 0.0
2026-04-09 18:08:16.500 LOG 3: field 0.0 0.0
2026-04-09 18:08:16.550 LOG 3: field 0.0 0.0
2026-04-09 18:08:16.600 LOG 3: field 0 0
2026-04-09 18:08:16.650 LOG 3: field 0.0 0.0
2026-04-09 18:08:16.700 LOG 3: field 0.0 0.0
2026-04-09 18:08:16.750 LOG 3: field 0 0
2026-04-09 18:08:16.800 LOG 3: field -1 -1
2026-04-09 18:08:16.850 LOG 3: field -1 -1
2026-04-09 18:08:16.900 LOG 3: field 0 0
2026-04-09 18:08:16.950 LOG 3: field 0.0 0.0
2026-04-09 18:08:16.000 LOG 3: field 0.0 0.0
2026-04-09 18:08:16.050 LOG 3: int_fields 
2026-04-09 18:08:16.100 LOG 3: field 77947788055 77947788055
2026-04-09 18:08:16.150 LOG 3: field 77947788055 77947788055
2026-04-09 18:08:16.200 LOG 3: field 1162788 1162788
2026-04-09 18:08:16.250 LOG 3: field 0 0
2026-04-09 18:08:16.300 LOG 3: field 0 0
2026-04-09 18:08:16.350 LOG 3: field 9180730 9180730
2026-04-09 18:08:16.400 LOG 3: field 25 25
2026-04-09 18:08:16.450 LOG 3: field 0 0
2026-04-09 18:08:16.500 LOG 3: field 1 1
2026-04-09 18:08:16.550 LOG 3: field 0 0
2026-04-09 18:08:16.600 LOG 3: field 0 0
2026-04-09 18:08:16.650 LOG 3: field 0 0
2026-04-09 18:08:16.700 LOG 3: field 0 0
2026-04-09 18:08:16.750 LOG 3: field 0 0
2026-04-09 18:08:16.800 LOG 3: field 1 1
2026-04-09 18:08:16.850 LOG 3: field 1 1
2026-04-09 18:08:16.900 LOG 3: field 1 1
2026-04-09 18:08:16.950 LOG 3: field 0 0
2026-04-09 18:08:16.000 LOG 3: field -1 -1
2026-04-09 18:08:16.050 LOG 3: field 0 0
2026-04-09 18:08:16.100 LOG 3: field 0 0
2026-04-09 18:08:16.150 LOG 3: field 0 0
2026-04-09 18:08:16.200 LOG 3: field 0 0
2026-04-09 18:08:16.250 LOG 3: field 0 0
2026-04-09 18:08:16.300 LOG 3: field 0 0
2026-04-09 18:08:16.350 LOG 3: field 0 0
2026-04-09 18:08:16.400 LOG 3: field 0 0
2026-04-09 18:08:16.450 LOG 3: field 0 0
2026-04-09 18:08:16.500 LOG 3: field 0 0
2026-04-09 18:08:16.550 LOG 3: field 0 0
2026-04-09 18:08:16.600 LOG 3: field 0 0
2026-04-09 18:08:16.650 LOG 3: field 20260410 20260410
2026-04-09 18:08:16.700 LOG 3: field 0 0
2026-04-09 18:08:16.750 LOG 3: field 0 0
2026-04-09 18:08:16.800 LOG 3: float_fields 
2026-04-09 18:08:16.850 LOG 3: field 1.0 1.0
2026-04-09 18:08:16.900 LOG 3: field 102.9 102.9
2026-04-09 18:08:16.950 LOG 3: field 1029.0 1029.0
2026-04-09 18:08:16.000 LOG 3: field 0.0 0.0
2026-04-09 18:08:16.050 LOG 3: field 15.1 15.1
2026-04-09 18:08:16.100 LOG 3: field 65.67 65.67
2026-04-09 18:08:16.150 LOG 3: field 0.0 0.0
2026-04-09 18:08:16.200 LOG 3: field 0.0 0.0
2026-04-09 18:08:16.250 LOG 3: field 0.0 0.0
2026-04-09 18:08:16.300 LOG 3: field 0.0 0.0
2026-04-09 18:08:16.350 LOG 3: field 0.0 0.0
2026-04-09 18:08:16.400 LOG 3: field 0.0 0.0
2026-04-09 18:08:16.450 LOG 3: field 0 0
2026-04-09 18:08:16.500 LOG 3: field 0.0 0.0
2026-04-09 18:08:16.550 LOG 3: field 0.0 0.0
2026-04-09 18:08:16.600 LOG 3: field 0 0
2026-04-09 18:08:16.650 LOG 3: field -1 -1
2026-04-09 18:08:16.700 LOG 3: field -1 -1
2026-04-09 18:08:16.750 LOG 3: field 0 0
2026-04-09 18:08:16.800 LOG 3: field 0.0 0.0
2026-04-09 18:08:16.850 LOG 3: field 0.0 0.0
2026-04-09 18:08:16.900 LOG 3: int_fields 
2026-04-09 18:08:16.950 LOG 3: field 77947793758 77947793758
2026-04-09 18:08:16.000 LOG 3: field 77947793758 77947793758
2026-04-09 18:08:16.050 LOG 3: field 1162788 1162788
2026-04-09 18:08:16.100 LOG 3: field 0 0
2026-04-09 18:08:16.150 LOG 3: field 0 0
2026-04-09 18:08:16.200 LOG 3: field 9180731 9180731
2026-04-09 18:08:16.250 LOG 3: field 25 25
2026-04-09 18:08:16.300 LOG 3: field 0 0
2026-04-09 18:08:16.350 LOG 3: field 1 1
2026-04-09 18:08:16.400 LOG 3: field 0 0
2026-04-09 18:08:16.450 LOG 3: field 0 0
2026-04-09 18:08:16.500 LOG 3: field 0 0
2026-04-09 18:08:16.550 LOG 3: field 0 0
2026-04-09 18:08:16.600 LOG 3: field 0 0
2026-04-09 18:08:16.650 LOG 3: field 1 1
2026-04-09 18:08:16.700 LOG 3: field 1 1
2026-04-09 18:08:16.750 LOG 3: field 1 1
2026-04-09 18:08:16.800 LOG 3: field 0 0
2026-04-09 18:08:16.850 LOG 3: field -1 -1
2026-04-09 18:08:16.900 LOG 3: field 0 0
2026-04-09 18:08:16.950 LOG 3: field 0 0
2026-04-09 18:08:16.000 LOG 3: field 0 0
2026-04-09 18:08:16.050 LOG 3: field 0 0
2026-04-09 18:08:16.100 LOG 3: field 0 0
2026-04-09 18:08:16.150 LOG 3: field 0 0
2026-04-09 18:08:16.200 LOG 3: field 0 0
2026-04-09 18:08:16.250 LOG 3: field 0 0
2026-04-09 18:08:16.300 LOG 3: field 0 0
2026-04-09 18:08:16.350 LOG 3: field 0 0
2026-04-09 18:08:16.400 LOG 3: field 0 0
2026-04-09 18:08:16.450 LOG 3: field 0 0
2026-04-09 18:08:16.500 LOG 3: field 20260410 20260410
2026-04-09 18:08:16.550 LOG 3: field 0 0
2026-04-09 18:08:16.600 LOG 3: field 0 0
2026-04-09 18:08:16.650 LOG 3: float_fields 
2026-04-09 18:08:16.700 LOG 3: field 1.0 1.0
2026-04-09 18:08:16.750 LOG 3: field 105.89 105.89
2026-04-09 18:08:16.800 LOG 3: field 1058.9 1058.9
2026-04-09 18:08:16.850 LOG 3: field 0.0 0.0
2026-04-09 18:08:16.900 LOG 3: field 15.03 15.03
2026-04-09 18:08:16.950 LOG 3: field 8.43 8.43
2026-04-09 18:08:16.000 LOG 3: field 0.0 0.0
2026-04-09 18:08:16.050 LOG 3: field 0.0 0.0
2026-04-09 18:08:16.100 LOG 3: field 0.0 0.0
2026-04-09 18:08:16.150 LOG 3: field 0.0 0.0
2026-04-09 18:08:16.200 LOG 3: field 0.0 0.0
2026-04-09 18:08:16.250 LOG 3: field 0.0 0.0
2026-04-09 18:08:16.300 LOG 3: field 0 0
2026-04-09 18:08:16.350 LOG 3: field 0.0 0.0
2026-04-09 18:08:16.400 LOG 3: field 0.0 0.0
2026-04-09 18:08:16.450 LOG 3: field 0 0
2026-04-09 18:08:16.500 LOG 3: field -1 -1
2026-04-09 18:08:16.550 LOG 3: field -1 -1
2026-04-09 18:08:16.600 LOG 3: field 0 0
2026-04-09 18:08:16.650 LOG 3: field 0.0 0.0
2026-04-09 18:08:16.700 LOG 3: field 0.0 0.0
2026-04-09 18:08:26.250 LOG 3: int_fields 
2026-04-09 18:08:26.300 LOG 3: field 77924509061 77924509061
2026-04-09 18:08:26.350 LOG 3: field 77924509061 77924509061
2026-04-09 18:08:26.400 LOG 3: field 1162788 1162788
2026-04-09 18:08:26.450 LOG 3: field 1162788 1162788
2026-04-09 18:08:26.500 LOG 3: field 0 0
2026-04-09 18:08:26.550 LOG 3: field 0 0
2026-04-09 18:08:26.600 LOG 3: field 26 26
2026-04-09 18:08:26.650 LOG 3: field 0 0
2026-04-09 18:08:26.700 LOG 3: field 1 1
2026-04-09 18:08:26.750 LOG 3: field 0 0
2026-04-09 18:08:26.800 LOG 3: field 0 0
2026-04-09 18:08:26.850 LOG 3: field 0 0
2026-04-09 18:08:26.900 LOG 3: field 0 0
2026-04-09 18:08:26.950 LOG 3: field 0 0
2026-04-09 18:08:26.000 LOG 3: field 1 1
2026-04-09 18:08:26.050 LOG 3: field 1 1
2026-04-09 18:08:26.100 LOG 3: field 1 1
2026-04-09 18:08:26.150 LOG 3: field 0 0
2026-04-09 18:08:26.200 LOG 3: field -1 -1
2026-04-09 18:08:26.250 LOG 3: field 0 0
2026-04-09 18:08:26.300 LOG 3: field 0 0
2026-04-09 18:08:26.350 LOG 3: field 0 0
2026-04-09 18:08:26.400 LOG 3: field 0 0
2026-04-09 18:08:26.450 LOG 3: field 0 0
2026-04-09 18:08:26.500 LOG 3: field 0 0
2026-04-09 18:08:26.550 LOG 3: field 0 0
2026-04-09 18:08:26.600 LOG 3: field 0 0
2026-04-09 18:08:26.650 LOG 3: field 0 0
2026-04-09 18:08:26.700 LOG 3: field 0 0
2026-04-09 18:08:26.750 LOG 3: field 0 0
2026-04-09 18:08:26.800 LOG 3: field 0 0
2026-04-09 18:08:26.850 LOG 3: field 20260410 20260410
2026-04-09 18:08:26.900 LOG 3: field 0 0
2026-04-09 18:08:26.950 LOG 3: field 0 0
2026-04-09 18:08:26.000 LOG 3: float_fields 
2026-04-09 18:08:26.050 LOG 3: field 1.0 1.0
2026-04-09 18:08:26.100 LOG 3: field 98.67 98.67
2026-04-09 18:08:26.150 LOG 3: field 986.7 986.7
2026-04-09 18:08:26.200 LOG 3: field 0.0 0.0
2026-04-09 18:08:26.250 LOG 3: field 14.95 14.95
2026-04-09 18:08:26.300 LOG 3: field 14.47 14.47
2026-04-09 18:08:26.350 LOG 3: field 0.0 0.0
2026-04-09 18:08:26.400 LOG 3: field 0.0 0.0
2026-04-09 18:08:26.450 LOG 3: field 0.0 0.0
2026-04-09 18:08:26.500 LOG 3: field 0.0 0.0
2026-04-09 18:08:26.550 LOG 3: field 0.0 0.0
2026-04-09 18:08:26.600 LOG 3: field 0.0 0.0
2026-04-09 18:08:26.650 LOG 3: field 0 0
2026-04-09 18:08:26.700 LOG 3: field 0.0 0.0
2026-04-09 18:08:26.750 LOG 3: field 0.0 0.0
2026-04-09 18:08:26.800 LOG 3: field 0 0
2026-04-09 18:08:26.850 LOG 3: field -1 -1
2026-04-09 18:08:26.900 LOG 3: field -1 -1
2026-04-09 18:08:26.950 LOG 3: field 0 0
2026-04-09 18:08:26.000 LOG 3: field 0.0 0.0
2026-04-09 18:08:26.050 LOG 3: field 0.0 0.0
2026-04-09 18:08:26.100 LOG 3: int_fields 
2026-04-09 18:08:26.150 LOG 3: field 77924527921 77924527921
2026-04-09 18:08:26.200 LOG 3: field 77924527921 77924527921
2026-04-09 18:08:26.250 LOG 3: field 1162788 1162788
2026-04-09 18:08:26.300 LOG 3: field 0 0
2026-04-09 18:08:26.350 LOG 3: field 0 0
2026-04-09 18:08:26.400 LOG 3: field 0 0
2026-04-09 18:08:26.450 LOG 3: field 25 25
2026-04-09 18:08:26.500 LOG 3: field 0 0
2026-04-09 18:08:26.550 LOG 3: field 1 1
2026-04-09 18:08:26.600 LOG 3: field 0 0
2026-04-09 18:08:26.650 LOG 3: field 0 0
2026-04-09 18:08:26.700 LOG 3: field 0 0
2026-04-09 18:08:26.750 LOG 3: field 0 0
2026-04-09 18:08:26.800 LOG 3: field 0 0
2026-04-09 18:08:26.850 LOG 3: field 1 1
2026-04-09 18:08:26.900 LOG 3: field 1 1
2026-04-09 18:08:26.950 LOG 3: field 1 1
2026-04-09 18:08:26.000 LOG 3: field 0 0
2026-04-09 18:08:26.050 LOG 3: field -1 -1
2026-04-09 18:08:26.100 LOG 3: field 0 0
2026-04-09 18:08:26.150 LOG 3: field 0 0
2026-04-09 18:08:26.200 LOG 3: field 0 0
2026-04-09 18:08:26.250 LOG 3: field 0 0
2026-04-09 18:08:26.300 LOG 3: field 0 0
2026-04-09 18:08:26.350 LOG 3: field 0 0
2026-04-09 18:08:26.400 LOG 3: field 0 0
2026-04-09 18:08:26.450 LOG 3: field 0 0
2026-04-09 18:08:26.500 LOG 3: field 0 0
2026-04-09 18:08:26.550 LOG 3: field 0 0
2026-04-09 18:08:26.600 LOG 3: field 0 0
2026-04-09 18:08:26.650 LOG 3: field 0 0
2026-04-09 18:08:26.700 LOG 3: field 20260410 20260410
2026-04-09 18:08:26.750 LOG 3: field 0 0
2026-04-09 18:08:26.800 LOG 3: field 0 0
2026-04-09 18:08:26.850 LOG 3: float_fields 
2026-04-09 18:08:26.900 LOG 3: field 1.0 1.0
2026-04-09 18:08:26.950 LOG 3: field 98.67 98.67
2026-04-09 18:08:26.000 LOG 3: field 986.7 986.7
2026-04-09 18:08:26.050 LOG 3: field 0.0 0.0
2026-04-09 18:08:26.100 LOG 3: field 14.95 14.95
2026-04-09 18:08:26.150 LOG 3: field 14.47 14.47
2026-04-09 18:08:26.200 LOG 3: field 0.0 0.0
2026-04-09 18:08:26.250 LOG 3: field 0.0 0.0
2026-04-09 18:08:26.300 LOG 3: field 0.0 0.0
2026-04-09 18:08:26.350 LOG 3: field 0.0 0.0
2026-04-09 18:08:26.400 LOG 3: field 0.0 0.0
2026-04-09 18:08:26.450 LOG 3: field 0.0 0.0
2026-04-09 18:08:26.500 LOG 3: field 0 0
2026-04-09 18:08:26.550 LOG 3: field 0.0 0.0
2026-04-09 18:08:26.600 LOG 3: field 0.0 0.0
2026-04-09 18:08:26.650 LOG 3: field 0 0
2026-04-09 18:08:26.700 LOG 3: field -1 -1
2026-04-09 18:08:26.750 LOG 3: field -1 -1
2026-04-09 18:08:26.800 LOG 3: field 0 0
2026-04-09 18:08:26.850 LOG 3: field 0.0 0.0
2026-04-09 18:08:26.900 LOG 3: field 0.0 0.0
2026-04-09 18:08:26.950 LOG 3: int_fields 
2026-04-09 18:08:26.000 LOG 3: field 77947783631 77947783631
2026-04-09 18:08:26.050 LOG 3: field 77947783631 77947783631
2026-04-09 18:08:26.100 LOG 3: field 1162788 1162788
2026-04-09 18:08:26.150 LOG 3: field 0 0
2026-04-09 18:08:26.200 LOG 3: field 0 0
2026-04-09 18:08:26.250 LOG 3: field 9180729 9180729
2026-04-09 18:08:26.300 LOG 3: field 25 25
2026-04-09 18:08:26.350 LOG 3: field 0 0
2026-04-09 18:08:26.400 LOG 3: field 1 1
2026-04-09 18:08:26.450 LOG 3: field 0 0
2026-04-09 18:08:26.500 LOG 3: field 0 0
2026-04-09 18:08:26.550 LOG 3: field 0 0
2026-04-09 18:08:26.600 LOG 3: field 0 0
2026-04-09 18:08:26.650 LOG 3: field 0 0
2026-04-09 18:08:26.700 LOG 3: field 1 1
2026-04-09 18:08:26.750 LOG 3: field 1 1
2026-04-09 18:08:26.800 LOG 3: field 1 1
2026-04-09 18:08:26.850 LOG 3: field 0 0
2026-04-09 18:08:26.900 LOG 3: field -1 -1
2026-04-09 18:08:26.950 LOG 3: field 0 0
2026-04-09 18:08:26.000 LOG 3: field 0 0
2026-04-09 18:08:26.050 LOG 3: field 0 0
2026-04-09 18:08:26.100 LOG 3: field 0 0
2026-04-09 18:08:26.150 LOG 3: field 0 0
2026-04-09 18:08:26.200 LOG 3: field 0 0
2026-04-09 18:08:26.250 LOG 3: field 0 0
2026-04-09 18:08:26.300 LOG 3: field 0 0
2026-04-09 18:08:26.350 LOG 3: field 0 0
2026-04-09 18:08:26.400 LOG 3: field 0 0
2026-04-09 18:08:26.450 LOG 3: field 0 0
2026-04-09 18:08:26.500 LOG 3: field 0 0
2026-04-09 18:08:26.550 LOG 3: field 20260410 20260410
2026-04-09 18:08:26.600 LOG 3: field 0 0
2026-04-09 18:08:26.650 LOG 3: field 0 0
2026-04-09 18:08:26.700 LOG 3: float_fields 
2026-04-09 18:08:26.750 LOG 3: field 1.0 1.0
2026-04-09 18:08:26.800 LOG 3: field 100.99 100.99
2026-04-09 18:08:26.850 LOG 3: field 1009.9 1009.9
2026-04-09 18:08:26.900 LOG 3: field 0.0 0.0
2026-04-09 18:08:26.950 LOG 3: field 12.44 12.44
2026-04-09 18:08:26.000 LOG 3: field 28.88 28.88
2026-04-09 18:08:26.050 LOG 3: field 0.0 0.0
2026-04-09 18:08:26.100 LOG 3: field 0.0 0.0
2026-04-09 18:08:26.150 LOG 3: field 0.0 0.0
2026-04-09 18:08:26.200 LOG 3: field 0.0 0.0
2026-04-09 18:08:26.250 LOG 3: field 0.0 0.0
2026-04-09 18:08:26.300 LOG 3: field 0.0 0.0
2026-04-09 18:08:26.350 LOG 3: field 0 0
2026-04-09 18:08:26.400 LOG 3: field 0.0 0.0
2026-04-09 18:08:26.450 LOG 3: field 0.0 0.0
2026-04-09 18:08:26.500 LOG 3: field 0 0
2026-04-09 18:08:26.550 LOG 3: field -1 -1
2026-04-09 18:08:26.600 LOG 3: field -1 -1
2026-04-09 18:08:26.650 LOG 3: field 0 0
2026-04-09 18:08:26.700 LOG 3: field 0.0 0.0
2026-04-09 18:08:26.750 LOG 3: field 0.0 0.0
2026-04-09 18:08:26.800 LOG 3: int_fields 
2026-04-09 18:08:26.850 LOG 3: field 77947788055 77947788055
2026-04-09 18:08:26.900 LOG 3: field 77947788055 77947788055
2026-04-09 18:08:26.950 LOG 3: field 1162788 1162788
2026-04-09 18:08:26.000 LOG 3: field 0 0
2026-04-09 18:08:26.050 LOG 3: field 0 0
2026-04-09 18:08:26.100 LOG 3: field 9180730 9180730
2026-04-09 18:08:26.150 LOG 3: field 25 25
2026-04-09 18:08:26.200 LOG 3: field 0 0
2026-04-09 18:08:26.250 LOG 3: field 1 1
2026-04-09 18:08:26.300 LOG 3: field 0 0
2026-04-09 18:08:26.350 LOG 3: field 0 0
2026-04-09 18:08:26.400 LOG 3: field 0 0
2026-04-09 18:08:26.450 LOG 3: field 0 0
2026-04-09 18:08:26.500 LOG 3: field 0 0
2026-04-09 18:08:26.550 LOG 3: field 1 1
2026-04-09 18:08:26.600 LOG 3: field 1 1
2026-04-09 18:08:26.650 LOG 3: field 1 1
2026-04-09 18:08:26.700 LOG 3: field 0 0
2026-04-09 18:08:26.750 LOG 3: field -1 -1
2026-04-09 18:08:26.800 LOG 3: field 0 0
2026-04-09 18:08:26.850 LOG 3: field 0 0
2026-04-09 18:08:26.900 LOG 3: field 0 0
2026-04-09 18:08:26.950 LOG 3: field 0 0
2026-04-09 18:08:26.000 LOG 3: field 0 0
2026-04-09 18:08:26.050 LOG 3: field 0 0
2026-04-09 18:08:26.100 LOG 3: field 0 0
2026-04-09 18:08:26.150 LOG 3: field 0 0
2026-04-09 18:08:26.200 LOG 3: field 0 0
2026-04-09 18:08:26.250 LOG 3: field 0 0
2026-04-09 18:08:26.300 LOG 3: field 0 0
2026-04-09 18:08:26.350 LOG 3: field 0 0
2026-04-09 18:08:26.400 LOG 3: field 20260410 20260410
2026-04-09 18:08:26.450 LOG 3: field 0 0
2026-04-09 18:08:26.500 LOG 3: field 0 0
2026-04-09 18:08:26.550 LOG 3: float_fields 
2026-04-09 18:08:26.600 LOG 3: field 1.0 1.0
2026-04-09 18:08:26.650 LOG 3: field 102.9 102.9
2026-04-09 18:08:26.700 LOG 3: field 1029.0 1029.0
2026-04-09 18:08:26.750 LOG 3: field 0.0 0.0
2026-04-09 18:08:26.800 LOG 3: field 15.1 15.1
2026-04-09 18:08:26.850 LOG 3: field 65.67 65.67
2026-04-09 18:08:26.900 LOG 3: field 0.0 0.0
2026-04-09 18:08:26.950 LOG 3: field 0.0 0.0
2026-04-09 18:08:26.000 LOG 3: field 0.0 0.0
2026-04-09 18:08:26.050 LOG 3: field 0.0 0.0
2026-04-09 18:08:26.100 LOG 3: field 0.0 0.0
2026-04-09 18:08:26.150 LOG 3: field 0.0 0.0
2026-04-09 18:08:26.200 LOG 3: field 0 0
2026-04-09 18:08:26.250 LOG 3: field 0.0 0.0
2026-04-09 18:08:26.300 LOG 3: field 0.0 0.0
2026-04-09 18:08:26.350 LOG 3: field 0 0
2026-04-09 18:08:26.400 LOG 3: field -1 -1
2026-04-09 18:08:26.450 LOG 3: field -1 -1
2026-04-09 18:08:26.500 LOG 3: field 0 0
2026-04-09 18:08:26.550 LOG 3: field 0.0 0.0
2026-04-09 18:08:26.600 LOG 3: field 0.0 0.0
2026-04-09 18:08:26.650 LOG 3: int_fields 
2026-04-09 18:08:26.700 LOG 3: field 77947793758 77947793758
2026-04-09 18:08:26.750 LOG 3: field 77947793758 77947793758
2026-04-09 18:08:26.800 LOG 3: field 1162788 1162788
2026-04-09 18:08:26.850 LOG 3: field 0 0
2026-04-09 18:08:26.900 LOG 3: field 0 0
2026-04-09 18:08:26.950 LOG 3: field 9180731 9180731
2026-04-09 18:08:26.000 LOG 3: field 25 25
2026-04-09 18:08:26.050 LOG 3: field 0 0
2026-04-09 18:08:26.100 LOG 3: field 1 1
2026-04-09 18:08:26.150 LOG 3: field 0 0
2026-04-09 18:08:26.200 LOG 3: field 0 0
2026-04-09 18:08:26.250 LOG 3: field 0 0
2026-04-09 18:08:26.300 LOG 3: field 0 0
2026-04-09 18:08:26.350 LOG 3: field 0 0
2026-04-09 18:08:26.400 LOG 3: field 1 1
2026-04-09 18:08:26.450 LOG 3: field 1 1
2026-04-09 18:08:26.500 LOG 3: field 1 1
2026-04-09 18:08:26.550 LOG 3: field 0 0
2026-04-09 18:08:26.600 LOG 3: field -1 -1
2026-04-09 18:08:26.650 LOG 3: field 0 0
2026-04-09 18:08:26.700 LOG 3: field 0 0
2026-04-09 18:08:26.750 LOG 3: field 0 0
2026-04-09 18:08:26.800 LOG 3: field 0 0
2026-04-09 18:08:26.850 LOG 3: field 0 0
2026-04-09 18:08:26.900 LOG 3: field 0 0
2026-04-09 18:08:26.950 LOG 3: field 0 0
2026-04-09 18:08:26.000 LOG 3: field 0 0
2026-04-09 18:08:26.050 LOG 3: field 0 0
2026-04-09 18:08:26.100 LOG 3: field 0 0
2026-04-09 18:08:26.150 LOG 3: field 0 0
2026-04-09 18:08:26.200 LOG 3: field 0 0
2026-04-09 18:08:26.250 LOG 3: field 20260410 20260410
2026-04-09 18:08:26.300 LOG 3: field 0 0
2026-04-09 18:08:26.350 LOG 3: field 0 0
2026-04-09 18:08:26.400 LOG 3: float_fields 
2026-04-09 18:08:26.450 LOG 3: field 1.0 1.0
2026-04-09 18:08:26.500 LOG 3: field 105.89 105.89
2026-04-09 18:08:26.550 LOG 3: field 1058.9 1058.9
2026-04-09 18:08:26.600 LOG 3: field 0.0 0.0
2026-04-09 18:08:26.650 LOG 3: field 15.03 15.03
2026-04-09 18:08:26.700 LOG 3: field 8.43 8.43
2026-04-09 18:08:26.750 LOG 3: field 0.0 0.0
2026-04-09 18:08:26.800 LOG 3: field 0.0 0.0
2026-04-09 18:08:26.850 LOG 3: field 0.0 0.0
2026-04-09 18:08:26.900 LOG 3: field 0.0 0.0
2026-04-09 18:08:26.950 LOG 3: field 0.0 0.0
2026-04-09 18:08:26.000 LOG 3: field 0.0 0.0
2026-04-09 18:08:26.050 LOG 3: field 0 0
2026-04-09 18:08:26.100 LOG 3: field 0.0 0.0
2026-04-09 18:08:26.150 LOG 3: field 0.0 0.0
2026-04-09 18:08:26.200 LOG 3: field 0 0
2026-04-09 18:08:26.250 LOG 3: field -1 -1
2026-04-09 18:08:26.300 LOG 3: field -1 -1
2026-04-09 18:08:26.350 LOG 3: field 0 0
2026-04-09 18:08:26.400 LOG 3: field 0.0 0.0
2026-04-09 18:08:26.450 LOG 3: field 0.0 0.0
2026-04-09 18:08:26.650 LOG 3: int_fields 
2026-04-09 18:08:26.700 LOG 3: field 77924509061 77924509061
2026-04-09 18:08:26.750 LOG 3: field 77924509061 77924509061
2026-04-09 18:08:26.800 LOG 3: field 1162788 1162788
2026-04-09 18:08:26.850 LOG 3: field 1162788 1162788
2026-04-09 18:08:26.900 LOG 3: field 0 0
2026-04-09 18:08:26.950 LOG 3: field 0 0
2026-04-09 18:08:26.000 LOG 3: field 26 26
2026-04-09 18:08:26.050 LOG 3: field 0 0
2026-04-09 18:08:26.100 LOG 3: field 1 1
2026-04-09 18:08:26.150 LOG 3: field 0 0
2026-04-09 18:08:26.200 LOG 3: field 0 0
2026-04-09 18:08:26.250 LOG 3: field 0 0
2026-04-09 18:08:26.300 LOG 3: field 0 0
2026-04-09 18:08:26.350 LOG 3: field 0 0
2026-04-09 18:08:26.400 LOG 3: field 1 1
2026-04-09 18:08:26.450 LOG 3: field 1 1
2026-04-09 18:08:26.500 LOG 3: field 1 1
2026-04-09 18:08:26.550 LOG 3: field 0 0
2026-04-09 18:08:26.600 LOG 3: field -1 -1
2026-04-09 18:08:26.650 LOG 3: field 0 0
2026-04-09 18:08:26.700 LOG 3: field 0 0
2026-04-09 18:08:26.750 LOG 3: field 0 0
2026-04-09 18:08:26.800 LOG 3: field 0 0
2026-04-09 18:08:26.850 LOG 3: field 0 0
2026-04-09 18:08:26.900 LOG 3: field 0 0
2026-04-09 18:08:26.950 LOG 3: field 0 0
2026-04-09 18:08:26.000 LOG 3: field 0 0
2026-04-09 18:08:26.050 LOG 3: field 0 0
2026-04-09 18:08:26.100 LOG 3: field 0 0
2026-04-09 18:08:26.150 LOG 3: field 0 0
2026-04-09 18:08:26.200 LOG 3: field 0 0
2026-04-09 18:08:26.250 LOG 3: field 20260410 20260410
2026-04-09 18:08:26.300 LOG 3: field 0 0
2026-04-09 18:08:26.350 LOG 3: field 0 0
2026-04-09 18:08:26.400 LOG 3: float_fields 
2026-04-09 18:08:26.450 LOG 3: field 1.0 1.0
2026-04-09 18:08:26.500 LOG 3: field 98.67 98.67
2026-04-09 18:08:26.550 LOG 3: field 986.7 986.7
2026-04-09 18:08:26.600 LOG 3: field 0.0 0.0
2026-04-09 18:08:26.650 LOG 3: field 14.95 14.95
2026-04-09 18:08:26.700 LOG 3: field 14.47 14.47
2026-04-09 18:08:26.750 LOG 3: field 0.0 0.0
2026-04-09 18:08:26.800 LOG 3: field 0.0 0.0
2026-04-09 18:08:26.850 LOG 3: field 0.0 0.0
2026-04-09 18:08:26.900 LOG 3: field 0.0 0.0
2026-04-09 18:08:26.950 LOG 3: field 0.0 0.0
2026-04-09 18:08:26.000 LOG 3: field 0.0 0.0
2026-04-09 18:08:26.050 LOG 3: field 0 0
2026-04-09 18:08:26.100 LOG 3: field 0.0 0.0
2026-04-09 18:08:26.150 LOG 3: field 0.0 0.0
2026-04-09 18:08:26.200 LOG 3: field 0 0
2026-04-09 18:08:26.250 LOG 3: field -1 -1
2026-04-09 18:08:26.300 LOG 3: field -1 -1
2026-04-09 18:08:26.350 LOG 3: field 0 0
2026-04-09 18:08:26.400 LOG 3: field 0.0 0.0
2026-04-09 18:08:26.450 LOG 3: field 0.0 0.0
2026-04-09 18:08:26.500 LOG 3: int_fields 
2026-04-09 18:08:26.550 LOG 3: field 77924527921 77924527921
2026-04-09 18:08:26.600 LOG 3: field 77924527921 77924527921
2026-04-09 18:08:26.650 LOG 3: field 1162788 1162788
2026-04-09 18:08:26.700 LOG 3: field 0 0
2026-04-09 18:08:26.750 LOG 3: field 0 0
2026-04-09 18:08:26.800 LOG 3: field 0 0
2026-04-09 18:08:26.850 LOG 3: field 25 25
2026-04-09 18:08:26.900 LOG 3: field 0 0
2026-04-09 18:08:26.950 LOG 3: field 1 1
2026-04-09 18:08:26.000 LOG 3: field 0 0
2026-04-09 18:08:26.050 LOG 3: field 0 0
2026-04-09 18:08:26.100 LOG 3: field 0 0
2026-04-09 18:08:26.150 LOG 3: field 0 0
2026-04-09 18:08:26.200 LOG 3: field 0 0
2026-04-09 18:08:26.250 LOG 3: field 1 1
2026-04-09 18:08:26.300 LOG 3: field 1 1
2026-04-09 18:08:26.350 LOG 3: field 1 1
2026-04-09 18:08:26.400 LOG 3: field 0 0
2026-04-09 18:08:26.450 LOG 3: field -1 -1
2026-04-09 18:08:26.500 LOG 3: field 0 0
2026-04-09 18:08:26.550 LOG 3: field 0 0
2026-04-09 18:08:26.600 LOG 3: field 0 0
2026-04-09 18:08:26.650 LOG 3: field 0 0
2026-04-09 18:08:26.700 LOG 3: field 0 0
2026-04-09 18:08:26.750 LOG 3: field 0 0
2026-04-09 18:08:26.800 LOG 3: field 0 0
2026-04-09 18:08:26.850 LOG 3: field 0 0
2026-04-09 18:08:26.900 LOG 3: field 0 0
2026-04-09 18:08:26.950 LOG 3: field 0 0
2026-04-09 18:08:26.000 LOG 3: field 0 0
2026-04-09 18:08:26.050 LOG 3: field 0 0
2026-04-09 18:08:26.100 LOG 3: field 20260410 20260410
2026-04-09 18:08:26.150 LOG 3: field 0 0
2026-04-09 18:08:26.200 LOG 3: field 0 0
2026-04-09 18:08:26.250 LOG 3: float_fields 
2026-04-09 18:08:26.300 LOG 3: field 1.0 1.0
2026-04-09 18:08:26.350 LOG 3: field 98.67 98.67
2026-04-09 18:08:26.400 LOG 3: field 986.7 986.7
2026-04-09 18:08:26.450 LOG 3: field 0.0 0.0
2026-04-09 18:08:26.500 LOG 3: field 14.95 14.95
2026-04-09 18:08:26.550 LOG 3: field 14.47 14.47
2026-04-09 18:08:26.600 LOG 3: field 0.0 0.0
2026-04-09 18:08:26.650 LOG 3: field 0.0 0.0
2026-04-09 18:08:26.700 LOG 3: field 0.0 0.0
2026-04-09 18:08:26.750 LOG 3: field 0.0 0.0
2026-04-09 18:08:26.800 LOG 3: field 0.0 0.0
2026-04-09 18:08:26.850 LOG 3: field 0.0 0.0
2026-04-09 18:08:26.900 LOG 3: field 0 0
2026-04-09 18:08:26.950 LOG 3: field 0.0 0.0
2026-04-09 18:08:26.000 LOG 3: field 0.0 0.0
2026-04-09 18:08:26.050 LOG 3: field 0 0
2026-04-09 18:08:26.100 LOG 3: field -1 -1
2026-04-09 18:08:26.150 LOG 3: field -1 -1
2026-04-09 18:08:26.200 LOG 3: field 0 0
2026-04-09 18:08:26.250 LOG 3: field 0.0 0.0
2026-04-09 18:08:26.300 LOG 3: field 0.0 0.0
2026-04-09 18:08:26.350 LOG 3: int_fields 
2026-04-09 18:08:26.400 LOG 3: field 77947783631 77947783631
2026-04-09 18:08:26.450 LOG 3: field 77947783631 77947783631
2026-04-09 18:08:26.500 LOG 3: field 1162788 1162788
2026-04-09 18:08:26.550 LOG 3: field 0 0
2026-04-09 18:08:26.600 LOG 3: field 0 0
2026-04-09 18:08:26.650 LOG 3: field 9180729 9180729
2026-04-09 18:08:26.700 LOG 3: field 25 25
2026-04-09 18:08:26.750 LOG 3: field 0 0
2026-04-09 18:08:26.800 LOG 3: field 1 1
2026-04-09 18:08:26.850 LOG 3: field 0 0
2026-04-09 18:08:26.900 LOG 3: field 0 0
2026-04-09 18:08:26.950 LOG 3: field 0 0
2026-04-09 18:08:26.000 LOG 3: field 0 0
2026-04-09 18:08:26.050 LOG 3: field 0 0
2026-04-09 18:08:26.100 LOG 3: field 1 1
2026-04-09 18:08:26.150 LOG 3: field 1 1
2026-04-09 18:08:26.200 LOG 3: field 1 1
2026-04-09 18:08:26.250 LOG 3: field 0 0
2026-04-09 18:08:26.300 LOG 3: field -1 -1
2026-04-09 18:08:26.350 LOG 3: field 0 0
2026-04-09 18:08:26.400 LOG 3: field 0 0
2026-04-09 18:08:26.450 LOG 3: field 0 0
2026-04-09 18:08:26.500 LOG 3: field 0 0
2026-04-09 18:08:26.550 LOG 3: field 0 0
2026-04-09 18:08:26.600 LOG 3: field 0 0
2026-04-09 18:08:26.650 LOG 3: field 0 0
2026-04-09 18:08:26.700 LOG 3: field 0 0
2026-04-09 18:08:26.750 LOG 3: field 0 0
2026-04-09 18:08:26.800 LOG 3: field 0 0
2026-04-09 18:08:26.850 LOG 3: field 0 0
2026-04-09 18:08:26.900 LOG 3: field 0 0
2026-04-09 18:08:26.950 LOG 3: field 20260410 20260410
2026-04-09 18:08:26.000 LOG 3: field 0 0
2026-04-09 18:08:26.050 LOG 3: field 0 0
2026-04-09 18:08:26.100 LOG 3: float_fields 
2026-04-09 18:08:26.150 LOG 3: field 1.0 1.0
2026-04-09 18:08:26.200 LOG 3: field 100.99 100.99
2026-04-09 18:08:26.250 LOG 3: field 1009.9 1009.9
2026-04-09 18:08:26.300 LOG 3: field 0.0 0.0
2026-04-09 18:08:26.350 LOG 3: field 12.44 12.44
2026-04-09 18:08:26.400 LOG 3: field 28.88 28.88
2026-04-09 18:08:26.450 LOG 3: field 0.0 0.0
2026-04-09 18:08:26.500 LOG 3: field 0.0 0.0
2026-04-09 18:08:26.550 LOG 3: field 0.0 0.0
2026-04-09 18:08:26.600 LOG 3: field 0.0 0.0
2026-04-09 18:08:26.650 LOG 3: field 0.0 0.0
2026-04-09 18:08:26.700 LOG 3: field 0.0 0.0
2026-04-09 18:08:26.750 LOG 3: field 0 0
2026-04-09 18:08:26.800 LOG 3: field 0.0 0.0
2026-04-09 18:08:26.850 LOG 3: field 0.0 0.0
2026-04-09 18:08:26.900 LOG 3: field 0 0
2026-04-09 18:08:26.950 LOG 3: field -1 -1
2026-04-09 18:08:26.000 LOG 3: field -1 -1
2026-04-09 18:08:26.050 LOG 3: field 0 0
2026-04-09 18:08:26.100 LOG 3: field 0.0 0.0
2026-04-09 18:08:26.150 LOG 3: field 0.0 0.0
2026-04-09 18:08:26.200 LOG 3: int_fields 
2026-04-09 18:08:26.250 LOG 3: field 77947788055 77947788055
2026-04-09 18:08:26.300 LOG 3: field 77947788055 77947788055
2026-04-09 18:08:26.350 LOG 3: field 1162788 1162788
2026-04-09 18:08:26.400 LOG 3: field 0 0
2026-04-09 18:08:26.450 LOG 3: field 0 0
2026-04-09 18:08:26.500 LOG 3: field 9180730 9180730
2026-04-09 18:08:26.550 LOG 3: field 25 25
2026-04-09 18:08:26.600 LOG 3: field 0 0
2026-04-09 18:08:26.650 LOG 3: field 1 1
2026-04-09 18:08:26.700 LOG 3: field 0 0
2026-04-09 18:08:26.750 LOG 3: field 0 0
2026-04-09 18:08:26.800 LOG 3: field 0 0
2026-04-09 18:08:26.850 LOG 3: field 0 0
2026-04-09 18:08:26.900 LOG 3: field 0 0
2026-04-09 18:08:26.950 LOG 3: field 1 1
2026-04-09 18:08:26.000 LOG 3: field 1 1
2026-04-09 18:08:26.050 LOG 3: field 1 1
2026-04-09 18:08:26.100 LOG 3: field 0 0
2026-04-09 18:08:26.150 LOG 3: field -1 -1
2026-04-09 18:08:26.200 LOG 3: field 0 0
2026-04-09 18:08:26.250 LOG 3: field 0 0
2026-04-09 18:08:26.300 LOG 3: field 0 0
2026-04-09 18:08:26.350 LOG 3: field 0 0
2026-04-09 18:08:26.400 LOG 3: field 0 0
2026-04-09 18:08:26.450 LOG 3: field 0 0
2026-04-09 18:08:26.500 LOG 3: field 0 0
2026-04-09 18:08:26.550 LOG 3: field 0 0
2026-04-09 18:08:26.600 LOG 3: field 0 0
2026-04-09 18:08:26.650 LOG 3: field 0 0
2026-04-09 18:08:26.700 LOG 3: field 0 0
2026-04-09 18:08:26.750 LOG 3: field 0 0
2026-04-09 18:08:26.800 LOG 3: field 20260410 20260410
2026-04-09 18:08:26.850 LOG 3: field 0 0
2026-04-09 18:08:26.900 LOG 3: field 0 0
2026-04-09 18:08:26.950 LOG 3: float_fields 
2026-04-09 18:08:26.000 LOG 3: field 1.0 1.0
2026-04-09 18:08:26.050 LOG 3: field 102.9 102.9
2026-04-09 18:08:26.100 LOG 3: field 1029.0 1029.0
2026-04-09 18:08:26.150 LOG 3: field 0.0 0.0
2026-04-09 18:08:26.200 LOG 3: field 15.1 15.1
2026-04-09 18:08:26.250 LOG 3: field 65.67 65.67
2026-04-09 18:08:26.300 LOG 3: field 0.0 0.0
2026-04-09 18:08:26.350 LOG 3: field 0.0 0.0
2026-04-09 18:08:26.400 LOG 3: field 0.0 0.0
2026-04-09 18:08:26.450 LOG 3: field 0.0 0.0
2026-04-09 18:08:26.500 LOG 3: field 0.0 0.0
2026-04-09 18:08:26.550 LOG 3: field 0.0 0.0
2026-04-09 18:08:26.600 LOG 3: field 0 0
2026-04-09 18:08:26.650 LOG 3: field 0.0 0.0
2026-04-09 18:08:26.700 LOG 3: field 0.0 0.0
2026-04-09 18:08:26.750 LOG 3: field 0 0
2026-04-09 18:08:26.800 LOG 3: field -1 -1
2026-04-09 18:08:26.850 LOG 3: field -1 -1
2026-04-09 18:08:26.900 LOG 3: field 0 0
2026-04-09 18:08:26.950 LOG 3: field 0.0 0.0
2026-04-09 18:08:26.000 LOG 3: field 0.0 0.0
2026-04-09 18:08:26.050 LOG 3: int_fields 
2026-04-09 18:08:26.100 LOG 3: field 77947793758 77947793758
2026-04-09 18:08:26.150 LOG 3: field 77947793758 77947793758
2026-04-09 18:08:26.200 LOG 3: field 1162788 1162788
2026-04-09 18:08:26.250 LOG 3: field 0 0
2026-04-09 18:08:26.300 LOG 3: field 0 0
2026-04-09 18:08:26.350 LOG 3: field 9180731 9180731
2026-04-09 18:08:26.400 LOG 3: field 25 25
2026-04-09 18:08:26.450 LOG 3: field 0 0
2026-04-09 18:08:26.500 LOG 3: field 1 1
2026-04-09 18:08:26.550 LOG 3: field 0 0
2026-04-09 18:08:26.600 LOG 3: field 0 0
2026-04-09 18:08:26.650 LOG 3: field 0 0
2026-04-09 18:08:26.700 LOG 3: field 0 0
2026-04-09 18:08:26.750 LOG 3: field 0 0
2026-04-09 18:08:26.800 LOG 3: field 1 1
2026-04-09 18:08:26.850 LOG 3: field 1 1
2026-04-09 18:08:26.900 LOG 3: field 1 1
2026-04-09 18:08:26.950 LOG 3: field 0 0
2026-04-09 18:08:26.000 LOG 3: field -1 -1
2026-04-09 18:08:26.050 LOG 3: field 0 0
2026-04-09 18:08:26.100 LOG 3: field 0 0
2026-04-09 18:08:26.150 LOG 3: field 0 0
2026-04-09 18:08:26.200 LOG 3: field 0 0
2026-04-09 18:08:26.250 LOG 3: field 0 0
2026-04-09 18:08:26.300 LOG 3: field 0 0
2026-04-09 18:08:26.350 LOG 3: field 0 0
2026-04-09 18:08:26.400 LOG 3: field 0 0
2026-04-09 18:08:26.450 LOG 3: field 0 0
2026-04-09 18:08:26.500 LOG 3: field 0 0
2026-04-09 18:08:26.550 LOG 3: field 0 0
2026-04-09 18:08:26.600 LOG 3: field 0 0
2026-04-09 18:08:26.650 LOG 3: field 20260410 20260410
2026-04-09 18:08:26.700 LOG 3: field 0 0
2026-04-09 18:08:26.750 LOG 3: field 0 0
2026-04-09 18:08:26.800 LOG 3: float_fields 
2026-04-09 18:08:26.850 LOG 3: field 1.0 1.0
2026-04-09 18:08:26.900 LOG 3: field 105.89 105.89
2026-04-09 18:08:26.950 LOG 3: field 1058.9 1058.9
2026-04-09 18:08:26.000 LOG 3: field 0.0 0.0
2026-04-09 18:08:26.050 LOG 3: field 15.03 15.03
2026-04-09 18:08:26.100 LOG 3: field 8.43 8.43
2026-04-09 18:08:26.150 LOG 3: field 0.0 0.0
2026-04-09 18:08:26.200 LOG 3: field 0.0 0.0
2026-04-09 18:08:26.250 LOG 3: field 0.0 0.0
2026-04-09 18:08:26.300 LOG 3: field 0.0 0.0
2026-04-09 18:08:26.350 LOG 3: field 0.0 0.0
2026-04-09 18:08:26.400 LOG 3: field 0.0 0.0
2026-04-09 18:08:26.450 LOG 3: field 0 0
2026-04-09 18:08:26.500 LOG 3: field 0.0 0.0
2026-04-09 18:08:26.550 LOG 3: field 0.0 0.0
2026-04-09 18:08:26.600 LOG 3: field 0 0
2026-04-09 18:08:26.650 LOG 3: field -1 -1
2026-04-09 18:08:26.700 LOG 3: field -1 -1
2026-04-09 18:08:26.750 LOG 3: field 0 0
2026-04-09 18:08:26.800 LOG 3: field 0.0 0.0
2026-04-09 18:08:26.850 LOG 3: field 0.0 0.0
2026-04-09 18:08:36.300 LOG 3: int_fields 
2026-04-09 18:08:36.350 LOG 3: field 77924509061 77924509061
2026-04-09 18:08:36.400 LOG 3: field 77924509061 77924509061
2026-04-09 18:08:36.450 LOG 3: field 1162788 1162788
2026-04-09 18:08:36.500 LOG 3: field 1162788 1162788
2026-04-09 18:08:36.550 LOG 3: field 0 0
2026-04-09 18:08:36.600 LOG 3: field 0 0
2026-04-09 18:08:36.650 LOG 3: field 26 26
2026-04-09 18:08:36.700 LOG 3: field 0 0
2026-04-09 18:08:36.750 LOG 3: field 1 1
2026-04-09 18:08:36.800 LOG 3: field 0 0
2026-04-09 18:08:36.850 LOG 3: field 0 0
2026-04-09 18:08:36.900 LOG 3: field 0 0
2026-04-09 18:08:36.950 LOG 3: field 0 0
2026-04-09 18:08:36.000 LOG 3: field 0 0
2026-04-09 18:08:36.050 LOG 3: field 1 1
2026-04-09 18:08:36.100 LOG 3: field 1 1
2026-04-09 18:08:36.150 LOG 3: field 1 1
2026-04-09 18:08:36.200 LOG 3: field 0 0
2026-04-09 18:08:36.250 LOG 3: field -1 -1
2026-04-09 18:08:36.300 LOG 3: field 0 0
2026-04-09 18:08:36.350 LOG 3: field 0 0
2026-04-09 18:08:36.400 LOG 3: field 0 0
2026-04-09 18:08:36.450 LOG 3: field 0 0
2026-04-09 18:08:36.500 LOG 3: field 0 0
2026-04-09 18:08:36.550 LOG 3: field 0 0
2026-04-09 18:08:36.600 LOG 3: field 0 0
2026-04-09 18:08:36.650 LOG 3: field 0 0
2026-04-09 18:08:36.700 LOG 3: field 0 0
2026-04-09 18:08:36.750 LOG 3: field 0 0
2026-04-09 18:08:36.800 LOG 3: field 0 0
2026-04-09 18:08:36.850 LOG 3: field 0 0
2026-04-09 18:08:36.900 LOG 3: field 20260410 20260410
2026-04-09 18:08:36.950 LOG 3: field 0 0
2026-04-09 18:08:36.000 LOG 3: field 0 0
2026-04-09 18:08:36.050 LOG 3: float_fields 
2026-04-09 18:08:36.100 LOG 3: field 1.0 1.0
2026-04-09 18:08:36.150 LOG 3: field 98.67 98.67
2026-04-09 18:08:36.200 LOG 3: field 986.7 986.7
2026-04-09 18:08:36.250 LOG 3: field 0.0 0.0
2026-04-09 18:08:36.300 LOG 3: field 14.95 14.95
2026-04-09 18:08:36.350 LOG 3: field 14.47 14.47
2026-04-09 18:08:36.400 LOG 3: field 0.0 0.0
2026-04-09 18:08:36.450 LOG 3: field 0.0 0.0
2026-04-09 18:08:36.500 LOG 3: field 0.0 0.0
2026-04-09 18:08:36.550 LOG 3: field 0.0 0.0
2026-04-09 18:08:36.600 LOG 3: field 0.0 0.0
2026-04-09 18:08:36.650 LOG 3: field 0.0 0.0
2026-04-09 18:08:36.700 LOG 3: field 0 0
2026-04-09 18:08:36.750 LOG 3: field 0.0 0.0
2026-04-09 18:08:36.800 LOG 3: field 0.0 0.0
2026-04-09 18:08:36.850 LOG 3: field 0 0
2026-04-09 18:08:36.900 LOG 3: field -1 -1
2026-04-09 18:08:36.950 LOG 3: field -1 -1
2026-04-09 18:08:36.000 LOG 3: field 0 0
2026-04-09 18:08:36.050 LOG 3: field 0.0 0.0
2026-04-09 18:08:36.100 LOG 3: field 0.0 0.0
2026-04-09 18:08:36.150 LOG 3: int_fields 
2026-04-09 18:08:36.200 LOG 3: field 77924527921 77924527921
2026-04-09 18:08:36.250 LOG 3: field 77924527921 77924527921
2026-04-09 18:08:36.300 LOG 3: field 1162788 1162788
2026-04-09 18:08:36.350 LOG 3: field 0 0
2026-04-09 18:08:36.400 LOG 3: field 0 0
2026-04-09 18:08:36.450 LOG 3: field 0 0
2026-04-09 18:08:36.500 LOG 3: field 25 25
2026-04-09 18:08:36.550 LOG 3: field 0 0
2026-04-09 18:08:36.600 LOG 3: field 1 1
2026-04-09 18:08:36.650 LOG 3: field 0 0
2026-04-09 18:08:36.700 LOG 3: field 0 0
2026-04-09 18:08:36.750 LOG 3: field 0 0
2026-04-09 18:08:36.800 LOG 3: field 0 0
2026-04-09 18:08:36.850 LOG 3: field 0 0
2026-04-09 18:08:36.900 LOG 3: field 1 1
2026-04-09 18:08:36.950 LOG 3: field 1 1
2026-04-09 18:08:36.000 LOG 3: field 1 1
2026-04-09 18:08:36.050 LOG 3: field 0 0
2026-04-09 18:08:36.100 LOG 3: field -1 -1
2026-04-09 18:08:36.150 LOG 3: field 0 0
2026-04-09 18:08:36.200 LOG 3: field 0 0
2026-04-09 18:08:36.250 LOG 3: field 0 0
2026-04-09 18:08:36.300 LOG 3: field 0 0
2026-04-09 18:08:36.350 LOG 3: field 0 0
2026-04-09 18:08:36.400 LOG 3: field 0 0
2026-04-09 18:08:36.450 LOG 3: field 0 0
2026-04-09 18:08:36.500 LOG 3: field 0 0
2026-04-09 18:08:36.550 LOG 3: field 0 0
2026-04-09 18:08:36.600 LOG 3: field 0 0
2026-04-09 18:08:36.650 LOG 3: field 0 0
2026-04-09 18:08:36.700 LOG 3: field 0 0
2026-04-09 18:08:36.750 LOG 3: field 20260410 20260410
2026-04-09 18:08:36.800 LOG 3: field 0 0
2026-04-09 18:08:36.850 LOG 3: field 0 0
2026-04-09 18:08:36.900 LOG 3: float_fields 
2026-04-09 18:08:36.950 LOG 3: field 1.0 1.0
2026-04-09 18:08:36.000 LOG 3: field 98.67 98.67
2026-04-09 18:08:36.050 LOG 3: field 986.7 986.7
2026-04-09 18:08:36.100 LOG 3: field 0.0 0.0
2026-04-09 18:08:36.150 LOG 3: field 14.95 14.95
2026-04-09 18:08:36.200 LOG 3: field 14.47 14.47
2026-04-09 18:08:36.250 LOG 3: field 0.0 0.0
2026-04-09 18:08:36.300 LOG 3: field 0.0 0.0
2026-04-09 18:08:36.350 LOG 3: field 0.0 0.0
2026-04-09 18:08:36.400 LOG 3: field 0.0 0.0
2026-04-09 18:08:36.450 LOG 3: field 0.0 0.0
2026-04-09 18:08:36.500 LOG 3: field 0.0 0.0
2026-04-09 18:08:36.550 LOG 3: field 0 0
2026-04-09 18:08:36.600 LOG 3: field 0.0 0.0
2026-04-09 18:08:36.650 LOG 3: field 0.0 0.0
2026-04-09 18:08:36.700 LOG 3: field 0 0
2026-04-09 18:08:36.750 LOG 3: field -1 -1
2026-04-09 18:08:36.800 LOG 3: field -1 -1
2026-04-09 18:08:36.850 LOG 3: field 0 0
2026-04-09 18:08:36.900 LOG 3: field 0.0 0.0
2026-04-09 18:08:36.950 LOG 3: field 0.0 0.0
2026-04-09 18:08:36.000 LOG 3: int_fields 
2026-04-09 18:08:36.050 LOG 3: field 77947783631 77947783631
2026-04-09 18:08:36.100 LOG 3: field 77947783631 77947783631
2026-04-09 18:08:36.150 LOG 3: field 1162788 1162788
2026-04-09 18:08:36.200 LOG 3: field 0 0
2026-04-09 18:08:36.250 LOG 3: field 0 0
2026-04-09 18:08:36.300 LOG 3: field 9180729 9180729
2026-04-09 18:08:36.350 LOG 3: field 25 25
2026-04-09 18:08:36.400 LOG 3: field 0 0
2026-04-09 18:08:36.450 LOG 3: field 1 1
2026-04-09 18:08:36.500 LOG 3: field 0 0
2026-04-09 18:08:36.550 LOG 3: field 0 0
2026-04-09 18:08:36.600 LOG 3: field 0 0
2026-04-09 18:08:36.650 LOG 3: field 0 0
2026-04-09 18:08:36.700 LOG 3: field 0 0
2026-04-09 18:08:36.750 LOG 3: field 1 1
2026-04-09 18:08:36.800 LOG 3: field 1 1
2026-04-09 18:08:36.850 LOG 3: field 1 1
2026-04-09 18:08:36.900 LOG 3: field 0 0
2026-04-09 18:08:36.950 LOG 3: field -1 -1
2026-04-09 18:08:36.000 LOG 3: field 0 0
2026-04-09 18:08:36.050 LOG 3: field 0 0
2026-04-09 18:08:36.100 LOG 3: field 0 0
2026-04-09 18:08:36.150 LOG 3: field 0 0
2026-04-09 18:08:36.200 LOG 3: field 0 0
2026-04-09 18:08:36.250 LOG 3: field 0 0
2026-04-09 18:08:36.300 LOG 3: field 0 0
2026-04-09 18:08:36.350 LOG 3: field 0 0
2026-04-09 18:08:36.400 LOG 3: field 0 0
2026-04-09 18:08:36.450 LOG 3: field 0 0
2026-04-09 18:08:36.500 LOG 3: field 0 0
2026-04-09 18:08:36.550 LOG 3: field 0 0
2026-04-09 18:08:36.600 LOG 3: field 20260410 20260410
2026-04-09 18:08:36.650 LOG 3: field 0 0
2026-04-09 18:08:36.700 LOG 3: field 0 0
2026-04-09 18:08:36.750 LOG 3: float_fields 
2026-04-09 18:08:36.800 LOG 3: field 1.0 1.0
2026-04-09 18:08:36.850 LOG 3: field 100.99 100.99
2026-04-09 18:08:36.900 LOG 3: field 1009.9 1009.9
2026-04-09 18:08:36.950 LOG 3: field 0.0 0.0
2026-04-09 18:08:36.000 LOG 3: field 12.44 12.44
2026-04-09 18:08:36.050 LOG 3: field 28.88 28.88
2026-04-09 18:08:36.100 LOG 3: field 0.0 0.0
2026-04-09 18:08:36.150 LOG 3: field 0.0 0.0
2026-04-09 18:08:36.200 LOG 3: field 0.0 0.0
2026-04-09 18:08:36.250 LOG 3: field 0.0 0.0
2026-04-09 18:08:36.300 LOG 3: field 0.0 0.0
2026-04-09 18:08:36.350 LOG 3: field 0.0 0.0
2026-04-09 18:08:36.400 LOG 3: field 0 0
2026-04-09 18:08:36.450 LOG 3: field 0.0 0.0
2026-04-09 18:08:36.500 LOG 3: field 0.0 0.0
2026-04-09 18:08:36.550 LOG 3: field 0 0
2026-04-09 18:08:36.600 LOG 3: field -1 -1
2026-04-09 18:08:36.650 LOG 3: field -1 -1
2026-04-09 18:08:36.700 LOG 3: field 0 0
2026-04-09 18:08:36.750 LOG 3: field 0.0 0.0
2026-04-09 18:08:36.800 LOG 3: field 0.0 0.0
2026-04-09 18:08:36.850 LOG 3: int_fields 
2026-04-09 18:08:36.900 LOG 3: field 77947788055 77947788055
2026-04-09 18:08:36.950 LOG 3: field 77947788055 77947788055
2026-04-09 18:08:36.000 LOG 3: field 1162788 1162788
2026-04-09 18:08:36.050 LOG 3: field 0 0
2026-04-09 18:08:36.100 LOG 3: field 0 0
2026-04-09 18:08:36.150 LOG 3: field 9180730 9180730
2026-04-09 18:08:36.200 LOG 3: field 25 25
2026-04-09 18:08:36.250 LOG 3: field 0 0
2026-04-09 18:08:36.300 LOG 3: field 1 1
2026-04-09 18:08:36.350 LOG 3: field 0 0
2026-04-09 18:08:36.400 LOG 3: field 0 0
2026-04-09 18:08:36.450 LOG 3: field 0 0
2026-04-09 18:08:36.500 LOG 3: field 0 0
2026-04-09 18:08:36.550 LOG 3: field 0 0
2026-04-09 18:08:36.600 LOG 3: field 1 1
2026-04-09 18:08:36.650 LOG 3: field 1 1
2026-04-09 18:08:36.700 LOG 3: field 1 1
2026-04-09 18:08:36.750 LOG 3: field 0 0
2026-04-09 18:08:36.800 LOG 3: field -1 -1
2026-04-09 18:08:36.850 LOG 3: field 0 0
2026-04-09 18:08:36.900 LOG 3: field 0 0
2026-04-09 18:08:36.950 LOG 3: field 0 0
2026-04-09 18:08:36.000 LOG 3: field 0 0
2026-04-09 18:08:36.050 LOG 3: field 0 0
2026-04-09 18:08:36.100 LOG 3: field 0 0
2026-04-09 18:08:36.150 LOG 3: field 0 0
2026-04-09 18:08:36.200 LOG 3: field 0 0
2026-04-09 18:08:36.250 LOG 3: field 0 0
2026-04-09 18:08:36.300 LOG 3: field 0 0
2026-04-09 18:08:36.350 LOG 3: field 0 0
2026-04-09 18:08:36.400 LOG 3: field 0 0
2026-04-09 18:08:36.450 LOG 3: field 20260410 20260410
2026-04-09 18:08:36.500 LOG 3: field 0 0
2026-04-09 18:08:36.550 LOG 3: field 0 0
2026-04-09 18:08:36.600 LOG 3: float_fields 
2026-04-09 18:08:36.650 LOG 3: field 1.0 1.0
2026-04-09 18:08:36.700 LOG 3: field 102.9 102.9
2026-04-09 18:08:36.750 LOG 3: field 1029.0 1029.0
2026-04-09 18:08:36.800 LOG 3: field 0.0 0.0
2026-04-09 18:08:36.850 LOG 3: field 15.1 15.1
2026-04-09 18:08:36.900 LOG 3: field 65.67 65.67
2026-04-09 18:08:36.950 LOG 3: field 0.0 0.0
2026-04-09 18:08:36.000 LOG 3: field 0.0 0.0
2026-04-09 18:08:36.050 LOG 3: field 0.0 0.0
2026-04-09 18:08:36.100 LOG 3: field 0.0 0.0
2026-04-09 18:08:36.150 LOG 3: field 0.0 0.0
2026-04-09 18:08:36.200 LOG 3: field 0.0 0.0
2026-04-09 18:08:36.250 LOG 3: field 0 0
2026-04-09 18:08:36.300 LOG 3: field 0.0 0.0
2026-04-09 18:08:36.350 LOG 3: field 0.0 0.0
2026-04-09 18:08:36.400 LOG 3: field 0 0
2026-04-09 18:08:36.450 LOG 3: field -1 -1
2026-04-09 18:08:36.500 LOG 3: field -1 -1
2026-04-09 18:08:36.550 LOG 3: field 0 0
2026-04-09 18:08:36.600 LOG 3: field 0.0 0.0
2026-04-09 18:08:36.650 LOG 3: field 0.0 0.0
2026-04-09 18:08:36.700 LOG 3: int_fields 
2026-04-09 18:08:36.750 LOG 3: field 77947793758 77947793758
2026-04-09 18:08:36.800 LOG 3: field 77947793758 77947793758
2026-04-09 18:08:36.850 LOG 3: field 1162788 1162788
2026-04-09 18:08:36.900 LOG 3: field 0 0
2026-04-09 18:08:36.950 LOG 3: field 0 0
2026-04-09 18:08:36.000 LOG 3: field 9180731 9180731
2026-04-09 18:08:36.050 LOG 3: field 25 25
2026-04-09 18:08:36.100 LOG 3: field 0 0
2026-04-09 18:08:36.150 LOG 3: field 1 1
2026-04-09 18:08:36.200 LOG 3: field 0 0
2026-04-09 18:08:36.250 LOG 3: field 0 0
2026-04-09 18:08:36.300 LOG 3: field 0 0
2026-04-09 18:08:36.350 LOG 3: field 0 0
2026-04-09 18:08:36.400 LOG 3: field 0 0
2026-04-09 18:08:36.450 LOG 3: field 1 1
2026-04-09 18:08:36.500 LOG 3: field 1 1
2026-04-09 18:08:36.550 LOG 3: field 1 1
2026-04-09 18:08:36.600 LOG 3: field 0 0
2026-04-09 18:08:36.650 LOG 3: field -1 -1
2026-04-09 18:08:36.700 LOG 3: field 0 0
2026-04-09 18:08:36.750 LOG 3: field 0 0
2026-04-09 18:08:36.800 LOG 3: field 0 0
2026-04-09 18:08:36.850 LOG 3: field 0 0
2026-04-09 18:08:36.900 LOG 3: field 0 0
2026-04-09 18:08:36.950 LOG 3: field 0 0
2026-04-09 18:08:36.000 LOG 3: field 0 0
2026-04-09 18:08:36.050 LOG 3: field 0 0
2026-04-09 18:08:36.100 LOG 3: field 0 0
2026-04-09 18:08:36.150 LOG 3: field 0 0
2026-04-09 18:08:36.200 LOG 3: field 0 0
2026-04-09 18:08:36.250 LOG 3: field 0 0
2026-04-09 18:08:36.300 LOG 3: field 20260410 20260410
2026-04-09 18:08:36.350 LOG 3: field 0 0
2026-04-09 18:08:36.400 LOG 3: field 0 0
2026-04-09 18:08:36.450 LOG 3: float_fields 
2026-04-09 18:08:36.500 LOG 3: field 1.0 1.0
2026-04-09 18:08:36.550 LOG 3: field 105.89 105.89
2026-04-09 18:08:36.600 LOG 3: field 1058.9 1058.9
2026-04-09 18:08:36.650 LOG 3: field 0.0 0.0
2026-04-09 18:08:36.700 LOG 3: field 15.03 15.03
2026-04-09 18:08:36.750 LOG 3: field 8.43 8.43
2026-04-09 18:08:36.800 LOG 3: field 0.0 0.0
2026-04-09 18:08:36.850 LOG 3: field 0.0 0.0
2026-04-09 18:08:36.900 LOG 3: field 0.0 0.0
2026-04-09 18:08:36.950 LOG 3: field 0.0 0.0
2026-04-09 18:08:36.000 LOG 3: field 0.0 0.0
2026-04-09 18:08:36.050 LOG 3: field 0.0 0.0
2026-04-09 18:08:36.100 LOG 3: field 0 0
2026-04-09 18:08:36.150 LOG 3: field 0.0 0.0
2026-04-09 18:08:36.200 LOG 3: field 0.0 0.0
2026-04-09 18:08:36.250 LOG 3: field 0 0
2026-04-09 18:08:36.300 LOG 3: field -1 -1
2026-04-09 18:08:36.350 LOG 3: field -1 -1
2026-04-09 18:08:36.400 LOG 3: field 0 0
2026-04-09 18:08:36.450 LOG 3: field 0.0 0.0
2026-04-09 18:08:36.500 LOG 3: field 0.0 0.0
2026-04-09 18:08:36.600 LOG 3: int_fields 
2026-04-09 18:08:36.650 LOG 3: field 77924509061 77924509061
2026-04-09 18:08:36.700 LOG 3: field 77924509061 77924509061
2026-04-09 18:08:36.750 LOG 3: field 1162788 1162788
2026-04-09 18:08:36.800 LOG 3: field 1162788 1162788
2026-04-09 18:08:36.850 LOG 3: field 0 0
2026-04-09 18:08:36.900 LOG 3: field 0 0
2026-04-09 18:08:36.950 LOG 3: field 26 26
2026-04-09 18:08:36.000 LOG 3: field 0 0
2026-04-09 18:08:36.050 LOG 3: field 1 1
2026-04-09 18:08:36.100 LOG 3: field 0 0
2026-04-09 18:08:36.150 LOG 3: field 0 0
2026-04-09 18:08:36.200 LOG 3: field 0 0
2026-04-09 18:08:36.250 LOG 3: field 0 0
2026-04-09 18:08:36.300 LOG 3: field 0 0
2026-04-09 18:08:36.350 LOG 3: field 1 1
2026-04-09 18:08:36.400 LOG 3: field 1 1
2026-04-09 18:08:36.450 LOG 3: field 1 1
2026-04-09 18:08:36.500 LOG 3: field 0 0
2026-04-09 18:08:36.550 LOG 3: field -1 -1
2026-04-09 18:08:36.600 LOG 3: field 0 0
2026-04-09 18:08:36.650 LOG 3: field 0 0
2026-04-09 18:08:36.700 LOG 3: field 0 0
2026-04-09 18:08:36.750 LOG 3: field 0 0
2026-04-09 18:08:36.800 LOG 3: field 0 0
2026-04-09 18:08:36.850 LOG 3: field 0 0
2026-04-09 18:08:36.900 LOG 3: field 0 0
2026-04-09 18:08:36.950 LOG 3: field 0 0
2026-04-09 18:08:36.000 LOG 3: field 0 0
2026-04-09 18:08:36.050 LOG 3: field 0 0
2026-04-09 18:08:36.100 LOG 3: field 0 0
2026-04-09 18:08:36.150 LOG 3: field 0 0
2026-04-09 18:08:36.200 LOG 3: field 20260410 20260410
2026-04-09 18:08:36.250 LOG 3: field 0 0
2026-04-09 18:08:36.300 LOG 3: field 0 0
2026-04-09 18:08:36.350 LOG 3: float_fields 
2026-04-09 18:08:36.400 LOG 3: field 1.0 1.0
2026-04-09 18:08:36.450 LOG 3: field 98.67 98.67
2026-04-09 18:08:36.500 LOG 3: field 986.7 986.7
2026-04-09 18:08:36.550 LOG 3: field 0.0 0.0
2026-04-09 18:08:36.600 LOG 3: field 14.95 14.95
2026-04-09 18:08:36.650 LOG 3: field 14.47 14.47
2026-04-09 18:08:36.700 LOG 3: field 0.0 0.0
2026-04-09 18:08:36.750 LOG 3: field 0.0 0.0
2026-04-09 18:08:36.800 LOG 3: field 0.0 0.0
2026-04-09 18:08:36.850 LOG 3: field 0.0 0.0
2026-04-09 18:08:36.900 LOG 3: field 0.0 0.0
2026-04-09 18:08:36.950 LOG 3: field 0.0 0.0
2026-04-09 18:08:36.000 LOG 3: field 0 0
2026-04-09 18:08:36.050 LOG 3: field 0.0 0.0
2026-04-09 18:08:36.100 LOG 3: field 0.0 0.0
2026-04-09 18:08:36.150 LOG 3: field 0 0
2026-04-09 18:08:36.200 LOG 3: field -1 -1
2026-04-09 18:08:36.250 LOG 3: field -1 -1
2026-04-09 18:08:36.300 LOG 3: field 0 0
2026-04-09 18:08:36.350 LOG 3: field 0.0 0.0
2026-04-09 18:08:36.400 LOG 3: field 0.0 0.0
2026-04-09 18:08:36.450 LOG 3: int_fields 
2026-04-09 18:08:36.500 LOG 3: field 77924527921 77924527921
2026-04-09 18:08:36.550 LOG 3: field 77924527921 77924527921
2026-04-09 18:08:36.600 LOG 3: field 1162788 1162788
2026-04-09 18:08:36.650 LOG 3: field 0 0
2026-04-09 18:08:36.700 LOG 3: field 0 0
2026-04-09 18:08:36.750 LOG 3: field 0 0
2026-04-09 18:08:36.800 LOG 3: field 25 25
2026-04-09 18:08:36.850 LOG 3: field 0 0
2026-04-09 18:08:36.900 LOG 3: field 1 1
2026-04-09 18:08:36.950 LOG 3: field 0 0
2026-04-09 18:08:36.000 LOG 3: field 0 0
2026-04-09 18:08:36.050 LOG 3: field 0 0
2026-04-09 18:08:36.100 LOG 3: field 0 0
2026-04-09 18:08:36.150 LOG 3: field 0 0
2026-04-09 18:08:36.200 LOG 3: field 1 1
2026-04-09 18:08:36.250 LOG 3: field 1 1
2026-04-09 18:08:36.300 LOG 3: field 1 1
2026-04-09 18:08:36.350 LOG 3: field 0 0
2026-04-09 18:08:36.400 LOG 3: field -1 -1
2026-04-09 18:08:36.450 LOG 3: field 0 0
2026-04-09 18:08:36.500 LOG 3: field 0 0
2026-04-09 18:08:36.550 LOG 3: field 0 0
2026-04-09 18:08:36.600 LOG 3: field 0 0
2026-04-09 18:08:36.650 LOG 3: field 0 0
2026-04-09 18:08:36.700 LOG 3: field 0 0
2026-04-09 18:08:36.750 LOG 3: field 0 0
2026-04-09 18:08:36.800 LOG 3: field 0 0
2026-04-09 18:08:36.850 LOG 3: field 0 0
2026-04-09 18:08:36.900 LOG 3: field 0 0
2026-04-09 18:08:36.950 LOG 3: field 0 0
2026-04-09 18:08:36.000 LOG 3: field 0 0
2026-04-09 18:08:36.050 LOG 3: field 20260410 20260410
2026-04-09 18:08:36.100 LOG 3: field 0 0
2026-04-09 18:08:36.150 LOG 3: field 0 0
2026-04-09 18:08:36.200 LOG 3: float_fields 
2026-04-09 18:08:36.250 LOG 3: field 1.0 1.0
2026-04-09 18:08:36.300 LOG 3: field 98.67 98.67
2026-04-09 18:08:36.350 LOG 3: field 986.7 986.7
2026-04-09 18:08:36.400 LOG 3: field 0.0 0.0
2026-04-09 18:08:36.450 LOG 3: field 14.95 14.95
2026-04-09 18:08:36.500 LOG 3: field 14.47 14.47
2026-04-09 18:08:36.550 LOG 3: field 0.0 0.0
2026-04-09 18:08:36.600 LOG 3: field 0.0 0.0
2026-04-09 18:08:36.650 LOG 3: field 0.0 0.0
2026-04-09 18:08:36.700 LOG 3: field 0.0 0.0
2026-04-09 18:08:36.750 LOG 3: field 0.0 0.0
2026-04-09 18:08:36.800 LOG 3: field 0.0 0.0
2026-04-09 18:08:36.850 LOG 3: field 0 0
2026-04-09 18:08:36.900 LOG 3: field 0.0 0.0
2026-04-09 18:08:36.950 LOG 3: field 0.0 0.0
2026-04-09 18:08:36.000 LOG 3: field 0 0
2026-04-09 18:08:36.050 LOG 3: field -1 -1
2026-04-09 18:08:36.100 LOG 3: field -1 -1
2026-04-09 18:08:36.150 LOG 3: field 0 0
2026-04-09 18:08:36.200 LOG 3: field 0.0 0.0
2026-04-09 18:08:36.250 LOG 3: field 0.0 0.0
2026-04-09 18:08:36.300 LOG 3: int_fields 
2026-04-09 18:08:36.350 LOG 3: field 77947783631 77947783631
2026-04-09 18:08:36.400 LOG 3: field 77947783631 77947783631
2026-04-09 18:08:36.450 LOG 3: field 1162788 1162788
2026-04-09 18:08:36.500 LOG 3: field 0 0
2026-04-09 18:08:36.550 LOG 3: field 0 0
2026-04-09 18:08:36.600 LOG 3: field 9180729 9180729
2026-04-09 18:08:36.650 LOG 3: field 25 25
2026-04-09 18:08:36.700 LOG 3: field 0 0
2026-04-09 18:08:36.750 LOG 3: field 1 1
2026-04-09 18:08:36.800 LOG 3: field 0 0
2026-04-09 18:08:36.850 LOG 3: field 0 0
2026-04-09 18:08:36.900 LOG 3: field 0 0
2026-04-09 18:08:36.950 LOG 3: field 0 0
2026-04-09 18:08:36.000 LOG 3: field 0 0
2026-04-09 18:08:36.050 LOG 3: field 1 1
2026-04-09 18:08:36.100 LOG 3: field 1 1
2026-04-09 18:08:36.150 LOG 3: field 1 1
2026-04-09 18:08:36.200 LOG 3: field 0 0
2026-04-09 18:08:36.250 LOG 3: field -1 -1
2026-04-09 18:08:36.300 LOG 3: field 0 0
2026-04-09 18:08:36.350 LOG 3: field 0 0
2026-04-09 18:08:36.400 LOG 3: field 0 0
2026-04-09 18:08:36.450 LOG 3: field 0 0
2026-04-09 18:08:36.500 LOG 3: field 0 0
2026-04-09 18:08:36.550 LOG 3: field 0 0
2026-04-09 18:08:36.600 LOG 3: field 0 0
2026-04-09 18:08:36.650 LOG 3: field 0 0
2026-04-09 18:08:36.700 LOG 3: field 0 0
2026-04-09 18:08:36.750 LOG 3: field 0 0
2026-04-09 18:08:36.800 LOG 3: field 0 0
2026-04-09 18:08:36.850 LOG 3: field 0 0
2026-04-09 18:08:36.900 LOG 3: field 20260410 20260410
2026-04-09 18:08:36.950 LOG 3: field 0 0
2026-04-09 18:08:36.000 LOG 3: field 0 0
2026-04-09 18:08:36.050 LOG 3: float_fields 
2026-04-09 18:08:36.100 LOG 3: field 1.0 1.0
2026-04-09 18:08:36.150 LOG 3: field 100.99 100.99
2026-04-09 18:08:36.200 LOG 3: field 1009.9 1009.9
2026-04-09 18:08:36.250 LOG 3: field 0.0 0.0
2026-04-09 18:08:36.300 LOG 3: field 12.44 12.44
2026-04-09 18:08:36.350 LOG 3: field 28.88 28.88
2026-04-09 18:08:36.400 LOG 3: field 0.0 0.0
2026-04-09 18:08:36.450 LOG 3: field 0.0 0.0
2026-04-09 18:08:36.500 LOG 3: field 0.0 0.0
2026-04-09 18:08:36.550 LOG 3: field 0.0 0.0
2026-04-09 18:08:36.600 LOG 3: field 0.0 0.0
2026-04-09 18:08:36.650 LOG 3: field 0.0 0.0
2026-04-09 18:08:36.700 LOG 3: field 0 0
2026-04-09 18:08:36.750 LOG 3: field 0.0 0.0
2026-04-09 18:08:36.800 LOG 3: field 0.0 0.0
2026-04-09 18:08:36.850 LOG 3: field 0 0
2026-04-09 18:08:36.900 LOG 3: field -1 -1
2026-04-09 18:08:36.950 LOG 3: field -1 -1
2026-04-09 18:08:36.000 LOG 3: field 0 0
2026-04-09 18:08:36.050 LOG 3: field 0.0 0.0
2026-04-09 18:08:36.100 LOG 3: field 0.0 0.0
2026-04-09 18:08:36.150 LOG 3: int_fields 
2026-04-09 18:08:36.200 LOG 3: field 77947788055 77947788055
2026-04-09 18:08:36.250 LOG 3: field 77947788055 77947788055
2026-04-09 18:08:36.300 LOG 3: field 1162788 1162788
2026-04-09 18:08:36.350 LOG 3: field 0 0
2026-04-09 18:08:36.400 LOG 3: field 0 0
2026-04-09 18:08:36.450 LOG 3: field 9180730 9180730
2026-04-09 18:08:36.500 LOG 3: field 25 25
2026-04-09 18:08:36.550 LOG 3: field 0 0
2026-04-09 18:08:36.600 LOG 3: field 1 1
2026-04-09 18:08:36.650 LOG 3: field 0 0
2026-04-09 18:08:36.700 LOG 3: field 0 0
2026-04-09 18:08:36.750 LOG 3: field 0 0
2026-04-09 18:08:36.800 LOG 3: field 0 0
2026-04-09 18:08:36.850 LOG 3: field 0 0
2026-04-09 18:08:36.900 LOG 3: field 1 1
2026-04-09 18:08:36.950 LOG 3: field 1 1
2026-04-09 18:08:36.000 LOG 3: field 1 1
2026-04-09 18:08:36.050 LOG 3: field 0 0
2026-04-09 18:08:36.100 LOG 3: field -1 -1
2026-04-09 18:08:36.150 LOG 3: field 0 0
2026-04-09 18:08:36.200 LOG 3: field 0 0
2026-04-09 18:08:36.250 LOG 3: field 0 0
2026-04-09 18:08:36.300 LOG 3: field 0 0
2026-04-09 18:08:36.350 LOG 3: field 0 0
2026-04-09 18:08:36.400 LOG 3: field 0 0
2026-04-09 18:08:36.450 LOG 3: field 0 0
2026-04-09 18:08:36.500 LOG 3: field 0 0
2026-04-09 18:08:36.550 LOG 3: field 0 0
2026-04-09 18:08:36.600 LOG 3: field 0 0
2026-04-09 18:08:36.650 LOG 3: field 0 0
2026-04-09 18:08:36.700 LOG 3: field 0 0
2026-04-09 18:08:36.750 LOG 3: field 20260410 20260410
2026-04-09 18:08:36.800 LOG 3: field 0 0
2026-04-09 18:08:36.850 LOG 3: field 0 0
2026-04-09 18:08:36.900 LOG 3: float_fields 
2026-04-09 18:08:36.950 LOG 3: field 1.0 1.0
2026-04-09 18:08:36.000 LOG 3: field 102.9 102.9
2026-04-09 18:08:36.050 LOG 3: field 1029.0 1029.0
2026-04-09 18:08:36.100 LOG 3: field 0.0 0.0
2026-04-09 18:08:36.150 LOG 3: field 15.1 15.1
2026-04-09 18:08:36.200 LOG 3: field 65.67 65.67
2026-04-09 18:08:36.250 LOG 3: field 0.0 0.0
2026-04-09 18:08:36.300 LOG 3: field 0.0 0.0
2026-04-09 18:08:36.350 LOG 3: field 0.0 0.0
2026-04-09 18:08:36.400 LOG 3: field 0.0 0.0
2026-04-09 18:08:36.450 LOG 3: field 0.0 0.0
2026-04-09 18:08:36.500 LOG 3: field 0.0 0.0
2026-04-09 18:08:36.550 LOG 3: field 0 0
2026-04-09 18:08:36.600 LOG 3: field 0.0 0.0
2026-04-09 18:08:36.650 LOG 3: field 0.0 0.0
2026-04-09 18:08:36.700 LOG 3: field 0 0
2026-04-09 18:08:36.750 LOG 3: field -1 -1
2026-04-09 18:08:36.800 LOG 3: field -1 -1
2026-04-09 18:08:36.850 LOG 3: field 0 0
2026-04-09 18:08:36.900 LOG 3: field 0.0 0.0
2026-04-09 18:08:36.950 LOG 3: field 0.0 0.0
2026-04-09 18:08:36.000 LOG 3: int_fields 
2026-04-09 18:08:36.050 LOG 3: field 77947793758 77947793758
2026-04-09 18:08:36.100 LOG 3: field 77947793758 77947793758
2026-04-09 18:08:36.150 LOG 3: field 1162788 1162788
2026-04-09 18:08:36.200 LOG 3: field 0 0
2026-04-09 18:08:36.250 LOG 3: field 0 0
2026-04-09 18:08:36.300 LOG 3: field 9180731 9180731
2026-04-09 18:08:36.350 LOG 3: field 25 25
2026-04-09 18:08:36.400 LOG 3: field 0 0
2026-04-09 18:08:36.450 LOG 3: field 1 1
2026-04-09 18:08:36.500 LOG 3: field 0 0
2026-04-09 18:08:36.550 LOG 3: field 0 0
2026-04-09 18:08:36.600 LOG 3: field 0 0
2026-04-09 18:08:36.650 LOG 3: field 0 0
2026-04-09 18:08:36.700 LOG 3: field 0 0
2026-04-09 18:08:36.750 LOG 3: field 1 1
2026-04-09 18:08:36.800 LOG 3: field 1 1
2026-04-09 18:08:36.850 LOG 3: field 1 1
2026-04-09 18:08:36.900 LOG 3: field 0 0
2026-04-09 18:08:36.950 LOG 3: field -1 -1
2026-04-09 18:08:36.000 LOG 3: field 0 0
2026-04-09 18:08:36.050 LOG 3: field 0 0
2026-04-09 18:08:36.100 LOG 3: field 0 0
2026-04-09 18:08:36.150 LOG 3: field 0 0
2026-04-09 18:08:36.200 LOG 3: field 0 0
2026-04-09 18:08:36.250 LOG 3: field 0 0
2026-04-09 18:08:36.300 LOG 3: field 0 0
2026-04-09 18:08:36.350 LOG 3: field 0 0
2026-04-09 18:08:36.400 LOG 3: field 0 0
2026-04-09 18:08:36.450 LOG 3: field 0 0
2026-04-09 18:08:36.500 LOG 3: field 0 0
2026-04-09 18:08:36.550 LOG 3: field 0 0
2026-04-09 18:08:36.600 LOG 3: field 20260410 20260410
2026-04-09 18:08:36.650 LOG 3: field 0 0
2026-04-09 18:08:36.700 LOG 3: field 0 0
2026-04-09 18:08:36.750 LOG 3: float_fields 
2026-04-09 18:08:36.800 LOG 3: field 1.0 1.0
2026-04-09 18:08:36.850 LOG 3: field 105.89 105.89
2026-04-09 18:08:36.900 LOG 3: field 1058.9 1058.9
2026-04-09 18:08:36.950 LOG 3: field 0.0 0.0
2026-04-09 18:08:36.000 LOG 3: field 15.03 15.03
2026-04-09 18:08:36.050 LOG 3: field 8.43 8.43
2026-04-09 18:08:36.100 LOG 3: field 0.0 0.0
2026-04-09 18:08:36.150 LOG 3: field 0.0 0.0
2026-04-09 18:08:36.200 LOG 3: field 0.0 0.0
2026-04-09 18:08:36.250 LOG 3: field 0.0 0.0
2026-04-09 18:08:36.300 LOG 3: field 0.0 0.0
2026-04-09 18:08:36.350 LOG 3: field 0.0 0.0
2026-04-09 18:08:36.400 LOG 3: field 0 0
2026-04-09 18:08:36.450 LOG 3: field 0.0 0.0
2026-04-09 18:08:36.500 LOG 3: field 0.0 0.0
2026-04-09 18:08:36.550 LOG 3: field 0 0
2026-04-09 18:08:36.600 LOG 3: field -1 -1
2026-04-09 18:08:36.650 LOG 3: field -1 -1
2026-04-09 18:08:36.700 LOG 3: field 0 0
2026-04-09 18:08:36.750 LOG 3: field 0.0 0.0
2026-04-09 18:08:36.800 LOG 3: field 0.0 0.0
2026-04-09 18:08:46.350 LOG 3: int_fields 
2026-04-09 18:08:46.400 LOG 3: field 77924509061 77924509061
2026-04-09 18:08:46.450 LOG 3: field 77924509061 77924509061
2026-04-09 18:08:46.500 LOG 3: field 1162788 1162788
2026-04-09 18:08:46.550 LOG 3: field 1162788 1162788
2026-04-09 18:08:46.600 LOG 3: field 0 0
2026-04-09 18:08:46.650 LOG 3: field 0 0
2026-04-09 18:08:46.700 LOG 3: field 26 26
2026-04-09 18:08:46.750 LOG 3: field 0 0
2026-04-09 18:08:46.800 LOG 3: field 1 1
2026-04-09 18:08:46.850 LOG 3: field 0 0
2026-04-09 18:08:46.900 LOG 3: field 0 0
2026-04-09 18:08:46.950 LOG 3: field 0 0
2026-04-09 18:08:46.000 LOG 3: field 0 0
2026-04-09 18:08:46.050 LOG 3: field 0 0
2026-04-09 18:08:46.100 LOG 3: field 1 1
2026-04-09 18:08:46.150 LOG 3: field 1 1
2026-04-09 18:08:46.200 LOG 3: field 1 1
2026-04-09 18:08:46.250 LOG 3: field 0 0
2026-04-09 18:08:46.300 LOG 3: field -1 -1
2026-04-09 18:08:46.350 LOG 3: field 0 0
2026-04-09 18:08:46.400 LOG 3: field 0 0
2026-04-09 18:08:46.450 LOG 3: field 0 0
2026-04-09 18:08:46.500 LOG 3: field 0 0
2026-04-09 18:08:46.550 LOG 3: field 0 0
2026-04-09 18:08:46.600 LOG 3: field 0 0
2026-04-09 18:08:46.650 LOG 3: field 0 0
2026-04-09 18:08:46.700 LOG 3: field 0 0
2026-04-09 18:08:46.750 LOG 3: field 0 0
2026-04-09 18:08:46.800 LOG 3: field 0 0
2026-04-09 18:08:46.850 LOG 3: field 0 0
2026-04-09 18:08:46.900 LOG 3: field 0 0
2026-04-09 18:08:46.950 LOG 3: field 20260410 20260410
2026-04-09 18:08:46.000 LOG 3: field 0 0
2026-04-09 18:08:46.050 LOG 3: field 0 0
2026-04-09 18:08:46.100 LOG 3: float_fields 
2026-04-09 18:08:46.150 LOG 3: field 1.0 1.0
2026-04-09 18:08:46.200 LOG 3: field 98.67 98.67
2026-04-09 18:08:46.250 LOG 3: field 986.7 986.7
2026-04-09 18:08:46.300 LOG 3: field 0.0 0.0
2026-04-09 18:08:46.350 LOG 3: field 14.95 14.95
2026-04-09 18:08:46.400 LOG 3: field 14.47 14.47
2026-04-09 18:08:46.450 LOG 3: field 0.0 0.0
2026-04-09 18:08:46.500 LOG 3: field 0.0 0.0
2026-04-09 18:08:46.550 LOG 3: field 0.0 0.0
2026-04-09 18:08:46.600 LOG 3: field 0.0 0.0
2026-04-09 18:08:46.650 LOG 3: field 0.0 0.0
2026-04-09 18:08:46.700 LOG 3: field 0.0 0.0
2026-04-09 18:08:46.750 LOG 3: field 0 0
2026-04-09 18:08:46.800 LOG 3: field 0.0 0.0
2026-04-09 18:08:46.850 LOG 3: field 0.0 0.0
2026-04-09 18:08:46.900 LOG 3: field 0 0
2026-04-09 18:08:46.950 LOG 3: field -1 -1
2026-04-09 18:08:46.000 LOG 3: field -1 -1
2026-04-09 18:08:46.050 LOG 3: field 0 0
2026-04-09 18:08:46.100 LOG 3: field 0.0 0.0
2026-04-09 18:08:46.150 LOG 3: field 0.0 0.0
2026-04-09 18:08:46.200 LOG 3: int_fields 
2026-04-09 18:08:46.250 LOG 3: field 77924527921 77924527921
2026-04-09 18:08:46.300 LOG 3: field 77924527921 77924527921
2026-04-09 18:08:46.350 LOG 3: field 1162788 1162788
2026-04-09 18:08:46.400 LOG 3: field 0 0
2026-04-09 18:08:46.450 LOG 3: field 0 0
2026-04-09 18:08:46.500 LOG 3: field 0 0
2026-04-09 18:08:46.550 LOG 3: field 25 25
2026-04-09 18:08:46.600 LOG 3: field 0 0
2026-04-09 18:08:46.650 LOG 3: field 1 1
2026-04-09 18:08:46.700 LOG 3: field 0 0
2026-04-09 18:08:46.750 LOG 3: field 0 0
2026-04-09 18:08:46.800 LOG 3: field 0 0
2026-04-09 18:08:46.850 LOG 3: field 0 0
2026-04-09 18:08:46.900 LOG 3: field 0 0
2026-04-09 18:08:46.950 LOG 3: field 1 1
2026-04-09 18:08:46.000 LOG 3: field 1 1
2026-04-09 18:08:46.050 LOG 3: field 1 1
2026-04-09 18:08:46.100 LOG 3: field 0 0
2026-04-09 18:08:46.150 LOG 3: field -1 -1
2026-04-09 18:08:46.200 LOG 3: field 0 0
2026-04-09 18:08:46.250 LOG 3: field 0 0
2026-04-09 18:08:46.300 LOG 3: field 0 0
2026-04-09 18:08:46.350 LOG 3: field 0 0
2026-04-09 18:08:46.400 LOG 3: field 0 0
2026-04-09 18:08:46.450 LOG 3: field 0 0
2026-04-09 18:08:46.500 LOG 3: field 0 0
2026-04-09 18:08:46.550 LOG 3: field 0 0
2026-04-09 18:08:46.600 LOG 3: field 0 0
2026-04-09 18:08:46.650 LOG 3: field 0 0
2026-04-09 18:08:46.700 LOG 3: field 0 0
2026-04-09 18:08:46.750 LOG 3: field 0 0
2026-04-09 18:08:46.800 LOG 3: field 20260410 20260410
2026-04-09 18:08:46.850 LOG 3: field 0 0
2026-04-09 18:08:46.900 LOG 3: field 0 0
2026-04-09 18:08:46.950 LOG 3: float_fields 
2026-04-09 18:08:46.000 LOG 3: field 1.0 1.0
2026-04-09 18:08:46.050 LOG 3: field 98.67 98.67
2026-04-09 18:08:46.100 LOG 3: field 986.7 986.7
2026-04-09 18:08:46.150 LOG 3: field 0.0 0.0
2026-04-09 18:08:46.200 LOG 3: field 14.95 14.95
2026-04-09 18:08:46.250 LOG 3: field 14.47 14.47
2026-04-09 18:08:46.300 LOG 3: field 0.0 0.0
2026-04-09 18:08:46.350 LOG 3: field 0.0 0.0
2026-04-09 18:08:46.400 LOG 3: field 0.0 0.0
2026-04-09 18:08:46.450 LOG 3: field 0.0 0.0
2026-04-09 18:08:46.500 LOG 3: field 0.0 0.0
2026-04-09 18:08:46.550 LOG 3: field 0.0 0.0
2026-04-09 18:08:46.600 LOG 3: field 0 0
2026-04-09 18:08:46.650 LOG 3: field 0.0 0.0
2026-04-09 18:08:46.700 LOG 3: field 0.0 0.0
2026-04-09 18:08:46.750 LOG 3: field 0 0
2026-04-09 18:08:46.800 LOG 3: field -1 -1
2026-04-09 18:08:46.850 LOG 3: field -1 -1
2026-04-09 18:08:46.900 LOG 3: field 0 0
2026-04-09 18:08:46.950 LOG 3: field 0.0 0.0
2026-04-09 18:08:46.000 LOG 3: field 0.0 0.0
2026-04-09 18:08:46.050 LOG 3: int_fields 
2026-04-09 18:08:46.100 LOG 3: field 77947783631 77947783631
2026-04-09 18:08:46.150 LOG 3: field 77947783631 77947783631
2026-04-09 18:08:46.200 LOG 3: field 1162788 1162788
2026-04-09 18:08:46.250 LOG 3: field 0 0
2026-04-09 18:08:46.300 LOG 3: field 0 0
2026-04-09 18:08:46.350 LOG 3: field 9180729 9180729
2026-04-09 18:08:46.400 LOG 3: field 25 25
2026-04-09 18:08:46.450 LOG 3: field 0 0
2026-04-09 18:08:46.500 LOG 3: field 1 1
2026-04-09 18:08:46.550 LOG 3: field 0 0
2026-04-09 18:08:46.600 LOG 3: field 0 0
2026-04-09 18:08:46.650 LOG 3: field 0 0
2026-04-09 18:08:46.700 LOG 3: field 0 0
2026-04-09 18:08:46.750 LOG 3: field 0 0
2026-04-09 18:08:46.800 LOG 3: field 1 1
2026-04-09 18:08:46.850 LOG 3: field 1 1
2026-04-09 18:08:46.900 LOG 3: field 1 1
2026-04-09 18:08:46.950 LOG 3: field 0 0
2026-04-09 18:08:46.000 LOG 3: field -1 -1
2026-04-09 18:08:46.050 LOG 3: field 0 0
2026-04-09 18:08:46.100 LOG 3: field 0 0
2026-04-09 18:08:46.150 LOG 3: field 0 0
2026-04-09 18:08:46.200 LOG 3: field 0 0
2026-04-09 18:08:46.250 LOG 3: field 0 0
2026-04-09 18:08:46.300 LOG 3: field 0 0
2026-04-09 18:08:46.350 LOG 3: field 0 0
2026-04-09 18:08:46.400 LOG 3: field 0 0
2026-04-09 18:08:46.450 LOG 3: field 0 0
2026-04-09 18:08:46.500 LOG 3: field 0 0
2026-04-09 18:08:46.550 LOG 3: field 0 0
2026-04-09 18:08:46.600 LOG 3: field 0 0
2026-04-09 18:08:46.650 LOG 3: field 20260410 20260410
2026-04-09 18:08:46.700 LOG 3: field 0 0
2026-04-09 18:08:46.750 LOG 3: field 0 0
2026-04-09 18:08:46.800 LOG 3: float_fields 
2026-04-09 18:08:46.850 LOG 3: field 1.0 1.0
2026-04-09 18:08:46.900 LOG 3: field 100.99 100.99
2026-04-09 18:08:46.950 LOG 3: field 1009.9 1009.9
2026-04-09 18:08:46.000 LOG 3: field 0.0 0.0
2026-04-09 18:08:46.050 LOG 3: field 12.44 12.44
2026-04-09 18:08:46.100 LOG 3: field 28.88 28.88
2026-04-09 18:08:46.150 LOG 3: field 0.0 0.0
2026-04-09 18:08:46.200 LOG 3: field 0.0 0.0
2026-04-09 18:08:46.250 LOG 3: field 0.0 0.0
2026-04-09 18:08:46.300 LOG 3: field 0.0 0.0
2026-04-09 18:08:46.350 LOG 3: field 0.0 0.0
2026-04-09 18:08:46.400 LOG 3: field 0.0 0.0
2026-04-09 18:08:46.450 LOG 3: field 0 0
2026-04-09 18:08:46.500 LOG 3: field 0.0 0.0
2026-04-09 18:08:46.550 LOG 3: field 0.0 0.0
2026-04-09 18:08:46.600 LOG 3: field 0 0
2026-04-09 18:08:46.650 LOG 3: field -1 -1
2026-04-09 18:08:46.700 LOG 3: field -1 -1
2026-04-09 18:08:46.750 LOG 3: field 0 0
2026-04-09 18:08:46.800 LOG 3: field 0.0 0.0
2026-04-09 18:08:46.850 LOG 3: field 0.0 0.0
2026-04-09 18:08:46.900 LOG 3: int_fields 
2026-04-09 18:08:46.950 LOG 3: field 77947788055 77947788055
2026-04-09 18:08:46.000 LOG 3: field 77947788055 77947788055
2026-04-09 18:08:46.050 LOG 3: field 1162788 1162788
2026-04-09 18:08:46.100 LOG 3: field 0 0
2026-04-09 18:08:46.150 LOG 3: field 0 0
2026-04-09 18:08:46.200 LOG 3: field 9180730 9180730
2026-04-09 18:08:46.250 LOG 3: field 25 25
2026-04-09 18:08:46.300 LOG 3: field 0 0
2026-04-09 18:08:46.350 LOG 3: field 1 1
2026-04-09 18:08:46.400 LOG 3: field 0 0
2026-04-09 18:08:46.450 LOG 3: field 0 0
2026-04-09 18:08:46.500 LOG 3: field 0 0
2026-04-09 18:08:46.550 LOG 3: field 0 0
2026-04-09 18:08:46.600 LOG 3: field 0 0
2026-04-09 18:08:46.650 LOG 3: field 1 1
2026-04-09 18:08:46.700 LOG 3: field 1 1
2026-04-09 18:08:46.750 LOG 3: field 1 1
2026-04-09 18:08:46.800 LOG 3: field 0 0
2026-04-09 18:08:46.850 LOG 3: field -1 -1
2026-04-09 18:08:46.900 LOG 3: field 0 0
2026-04-09 18:08:46.950 LOG 3: field 0 0
2026-04-09 18:08:46.000 LOG 3: field 0 0
2026-04-09 18:08:46.050 LOG 3: field 0 0
2026-04-09 18:08:46.100 LOG 3: field 0 0
2026-04-09 18:08:46.150 LOG 3: field 0 0
2026-04-09 18:08:46.200 LOG 3: field 0 0
2026-04-09 18:08:46.250 LOG 3: field 0 0
2026-04-09 18:08:46.300 LOG 3: field 0 0
2026-04-09 18:08:46.350 LOG 3: field 0 0
2026-04-09 18:08:46.400 LOG 3: field 0 0
2026-04-09 18:08:46.450 LOG 3: field 0 0
2026-04-09 18:08:46.500 LOG 3: field 20260410 20260410
2026-04-09 18:08:46.550 LOG 3: field 0 0
2026-04-09 18:08:46.600 LOG 3: field 0 0
2026-04-09 18:08:46.650 LOG 3: float_fields 
2026-04-09 18:08:46.700 LOG 3: field 1.0 1.0
2026-04-09 18:08:46.750 LOG 3: field 102.9 102.9
2026-04-09 18:08:46.800 LOG 3: field 1029.0 1029.0
2026-04-09 18:08:46.850 LOG 3: field 0.0 0.0
2026-04-09 18:08:46.900 LOG 3: field 15.1 15.1
2026-04-09 18:08:46.950 LOG 3: field 65.67 65.67
2026-04-09 18:08:46.000 LOG 3: field 0.0 0.0
2026-04-09 18:08:46.050 LOG 3: field 0.0 0.0
2026-04-09 18:08:46.100 LOG 3: field 0.0 0.0
2026-04-09 18:08:46.150 LOG 3: field 0.0 0.0
2026-04-09 18:08:46.200 LOG 3: field 0.0 0.0
2026-04-09 18:08:46.250 LOG 3: field 0.0 0.0
2026-04-09 18:08:46.300 LOG 3: field 0 0
2026-04-09 18:08:46.350 LOG 3: field 0.0 0.0
2026-04-09 18:08:46.400 LOG 3: field 0.0 0.0
2026-04-09 18:08:46.450 LOG 3: field 0 0
2026-04-09 18:08:46.500 LOG 3: field -1 -1
2026-04-09 18:08:46.550 LOG 3: field -1 -1
2026-04-09 18:08:46.600 LOG 3: field 0 0
2026-04-09 18:08:46.650 LOG 3: field 0.0 0.0
2026-04-09 18:08:46.700 LOG 3: field 0.0 0.0
2026-04-09 18:08:46.750 LOG 3: int_fields 
2026-04-09 18:08:46.800 LOG 3: field 77947793758 77947793758
2026-04-09 18:08:46.850 LOG 3: field 77947793758 77947793758
2026-04-09 18:08:46.900 LOG 3: field 1162788 1162788
2026-04-09 18:08:46.950 LOG 3: field 0 0
2026-04-09 18:08:46.000 LOG 3: field 0 0
2026-04-09 18:08:46.050 LOG 3: field 9180731 9180731
2026-04-09 18:08:46.100 LOG 3: field 25 25
2026-04-09 18:08:46.150 LOG 3: field 0 0
2026-04-09 18:08:46.200 LOG 3: field 1 1
2026-04-09 18:08:46.250 LOG 3: field 0 0
2026-04-09 18:08:46.300 LOG 3: field 0 0
2026-04-09 18:08:46.350 LOG 3: field 0 0
2026-04-09 18:08:46.400 LOG 3: field 0 0
2026-04-09 18:08:46.450 LOG 3: field 0 0
2026-04-09 18:08:46.500 LOG 3: field 1 1
2026-04-09 18:08:46.550 LOG 3: field 1 1
2026-04-09 18:08:46.600 LOG 3: field 1 1
2026-04-09 18:08:46.650 LOG 3: field 0 0
2026-04-09 18:08:46.700 LOG 3: field -1 -1
2026-04-09 18:08:46.750 LOG 3: field 0 0
2026-04-09 18:08:46.800 LOG 3: field 0 0
2026-04-09 18:08:46.850 LOG 3: field 0 0
2026-04-09 18:08:46.900 LOG 3: field 0 0
2026-04-09 18:08:46.950 LOG 3: field 0 0
2026-04-09 18:08:46.000 LOG 3: field 0 0
2026-04-09 18:08:46.050 LOG 3: field 0 0
2026-04-09 18:08:46.100 LOG 3: field 0 0
2026-04-09 18:08:46.150 LOG 3: field 0 0
2026-04-09 18:08:46.200 LOG 3: field 0 0
2026-04-09 18:08:46.250 LOG 3: field 0 0
2026-04-09 18:08:46.300 LOG 3: field 0 0
2026-04-09 18:08:46.350 LOG 3: field 20260410 20260410
2026-04-09 18:08:46.400 LOG 3: field 0 0
2026-04-09 18:08:46.450 LOG 3: field 0 0
2026-04-09 18:08:46.500 LOG 3: float_fields 
2026-04-09 18:08:46.550 LOG 3: field 1.0 1.0
2026-04-09 18:08:46.600 LOG 3: field 105.89 105.89
2026-04-09 18:08:46.650 LOG 3: field 1058.9 1058.9
2026-04-09 18:08:46.700 LOG 3: field 0.0 0.0
2026-04-09 18:08:46.750 LOG 3: field 15.03 15.03
2026-04-09 18:08:46.800 LOG 3: field 8.43 8.43
2026-04-09 18:08:46.850 LOG 3: field 0.0 0.0
2026-04-09 18:08:46.900 LOG 3: field 0.0 0.0
2026-04-09 18:08:46.950 LOG 3: field 0.0 0.0
2026-04-09 18:08:46.000 LOG 3: field 0.0 0.0
2026-04-09 18:08:46.050 LOG 3: field 0.0 0.0
2026-04-09 18:08:46.100 LOG 3: field 0.0 0.0
2026-04-09 18:08:46.150 LOG 3: field 0 0
2026-04-09 18:08:46.200 LOG 3: field 0.0 0.0
2026-04-09 18:08:46.250 LOG 3: field 0.0 0.0
2026-04-09 18:08:46.300 LOG 3: field 0 0
2026-04-09 18:08:46.350 LOG 3: field -1 -1
2026-04-09 18:08:46.400 LOG 3: field -1 -1
2026-04-09 18:08:46.450 LOG 3: field 0 0
2026-04-09 18:08:46.500 LOG 3: field 0.0 0.0
2026-04-09 18:08:46.550 LOG 3: field 0.0 0.0
2026-04-09 18:08:46.750 LOG 3: int_fields 
2026-04-09 18:08:46.800 LOG 3: field 77924509061 77924509061
2026-04-09 18:08:46.850 LOG 3: field 77924509061 77924509061
2026-04-09 18:08:46.900 LOG 3: field 1162788 1162788
2026-04-09 18:08:46.950 LOG 3: field 1162788 1162788
2026-04-09 18:08:46.000 LOG 3: field 0 0
2026-04-09 18:08:46.050 LOG 3: field 0 0
2026-04-09 18:08:46.100 LOG 3: field 26 26
2026-04-09 18:08:46.150 LOG 3: field 0 0
2026-04-09 18:08:46.200 LOG 3: field 1 1
2026-04-09 18:08:46.250 LOG 3: field 0 0
2026-04-09 18:08:46.300 LOG 3: field 0 0
2026-04-09 18:08:46.350 LOG 3: field 0 0
2026-04-09 18:08:46.400 LOG 3: field 0 0
2026-04-09 18:08:46.450 LOG 3: field 0 0
2026-04-09 18:08:46.500 LOG 3: field 1 1
2026-04-09 18:08:46.550 LOG 3: field 1 1
2026-04-09 18:08:46.600 LOG 3: field 1 1
2026-04-09 18:08:46.650 LOG 3: field 0 0
2026-04-09 18:08:46.700 LOG 3: field -1 -1
2026-04-09 18:08:46.750 LOG 3: field 0 0
2026-04-09 18:08:46.800 LOG 3: field 0 0
2026-04-09 18:08:46.850 LOG 3: field 0 0
2026-04-09 18:08:46.900 LOG 3: field 0 0
2026-04-09 18:08:46.950 LOG 3: field 0 0
2026-04-09 18:08:46.000 LOG 3: field 0 0
2026-04-09 18:08:46.050 LOG 3: field 0 0
2026-04-09 18:08:46.100 LOG 3: field 0 0
2026-04-09 18:08:46.150 LOG 3: field 0 0
2026-04-09 18:08:46.200 LOG 3: field 0 0
2026-04-09 18:08:46.250 LOG 3: field 0 0
2026-04-09 18:08:46.300 LOG 3: field 0 0
2026-04-09 18:08:46.350 LOG 3: field 20260410 20260410
2026-04-09 18:08:46.400 LOG 3: field 0 0
2026-04-09 18:08:46.450 LOG 3: field 0 0
2026-04-09 18:08:46.500 LOG 3: float_fields 
2026-04-09 18:08:46.550 LOG 3: field 1.0 1.0
2026-04-09 18:08:46.600 LOG 3: field 98.67 98.67
2026-04-09 18:08:46.650 LOG 3: field 986.7 986.7
2026-04-09 18:08:46.700 LOG 3: field 0.0 0.0
2026-04-09 18:08:46.750 LOG 3: field 14.95 14.95
2026-04-09 18:08:46.800 LOG 3: field 14.47 14.47
2026-04-09 18:08:46.850 LOG 3: field 0.0 0.0
2026-04-09 18:08:46.900 LOG 3: field 0.0 0.0
2026-04-09 18:08:46.950 LOG 3: field 0.0 0.0
2026-04-09 18:08:46.000 LOG 3: field 0.0 0.0
2026-04-09 18:08:46.050 LOG 3: field 0.0 0.0
2026-04-09 18:08:46.100 LOG 3: field 0.0 0.0
2026-04-09 18:08:46.150 LOG 3: field 0 0
2026-04-09 18:08:46.200 LOG 3: field 0.0 0.0
2026-04-09 18:08:46.250 LOG 3: field 0.0 0.0
2026-04-09 18:08:46.300 LOG 3: field 0 0
2026-04-09 18:08:46.350 LOG 3: field -1 -1
2026-04-09 18:08:46.400 LOG 3: field -1 -1
2026-04-09 18:08:46.450 LOG 3: field 0 0
2026-04-09 18:08:46.500 LOG 3: field 0.0 0.0
2026-04-09 18:08:46.550 LOG 3: field 0.0 0.0
2026-04-09 18:08:46.600 LOG 3: int_fields 
2026-04-09 18:08:46.650 LOG 3: field 77924527921 77924527921
2026-04-09 18:08:46.700 LOG 3: field 77924527921 77924527921
2026-04-09 18:08:46.750 LOG 3: field 1162788 1162788
2026-04-09 18:08:46.800 LOG 3: field 0 0
2026-04-09 18:08:46.850 LOG 3: field 0 0
2026-04-09 18:08:46.900 LOG 3: field 0 0
2026-04-09 18:08:46.950 LOG 3: field 25 25
2026-04-09 18:08:46.000 LOG 3: field 0 0
2026-04-09 18:08:46.050 LOG 3: field 1 1
2026-04-09 18:08:46.100 LOG 3: field 0 0
2026-04-09 18:08:46.150 LOG 3: field 0 0
2026-04-09 18:08:46.200 LOG 3: field 0 0
2026-04-09 18:08:46.250 LOG 3: field 0 0
2026-04-09 18:08:46.300 LOG 3: field 0 0
2026-04-09 18:08:46.350 LOG 3: field 1 1
2026-04-09 18:08:46.400 LOG 3: field 1 1
2026-04-09 18:08:46.450 LOG 3: field 1 1
2026-04-09 18:08:46.500 LOG 3: field 0 0
2026-04-09 18:08:46.550 LOG 3: field -1 -1
2026-04-09 18:08:46.600 LOG 3: field 0 0
2026-04-09 18:08:46.650 LOG 3: field 0 0
2026-04-09 18:08:46.700 LOG 3: field 0 0
2026-04-09 18:08:46.750 LOG 3: field 0 0
2026-04-09 18:08:46.800 LOG 3: field 0 0
2026-04-09 18:08:46.850 LOG 3: field 0 0
2026-04-09 18:08:46.900 LOG 3: field 0 0
2026-04-09 18:08:46.950 LOG 3: field 0 0
2026-04-09 18:08:46.000 LOG 3: field 0 0
2026-04-09 18:08:46.050 LOG 3: field 0 0
2026-04-09 18:08:46.100 LOG 3: field 0 0
2026-04-09 18:08:46.150 LOG 3: field 0 0
2026-04-09 18:08:46.200 LOG 3: field 20260410 20260410
2026-04-09 18:08:46.250 LOG 3: field 0 0
2026-04-09 18:08:46.300 LOG 3: field 0 0
2026-04-09 18:08:46.350 LOG 3: float_fields 
2026-04-09 18:08:46.400 LOG 3: field 1.0 1.0
2026-04-09 18:08:46.450 LOG 3: field 98.67 98.67
2026-04-09 18:08:46.500 LOG 3: field 986.7 986.7
2026-04-09 18:08:46.550 LOG 3: field 0.0 0.0
2026-04-09 18:08:46.600 LOG 3: field 14.95 14.95
2026-04-09 18:08:46.650 LOG 3: field 14.47 14.47
2026-04-09 18:08:46.700 LOG 3: field 0.0 0.0
2026-04-09 18:08:46.750 LOG 3: field 0.0 0.0
2026-04-09 18:08:46.800 LOG 3: field 0.0 0.0
2026-04-09 18:08:46.850 LOG 3: field 0.0 0.0
2026-04-09 18:08:46.900 LOG 3: field 0.0 0.0
2026-04-09 18:08:46.950 LOG 3: field 0.0 0.0
2026-04-09 18:08:46.000 LOG 3: field 0 0
2026-04-09 18:08:46.050 LOG 3: field 0.0 0.0
2026-04-09 18:08:46.100 LOG 3: field 0.0 0.0
2026-04-09 18:08:46.150 LOG 3: field 0 0
2026-04-09 18:08:46.200 LOG 3: field -1 -1
2026-04-09 18:08:46.250 LOG 3: field -1 -1
2026-04-09 18:08:46.300 LOG 3: field 0 0
2026-04-09 18:08:46.350 LOG 3: field 0.0 0.0
2026-04-09 18:08:46.400 LOG 3: field 0.0 0.0
2026-04-09 18:08:46.450 LOG 3: int_fields 
2026-04-09 18:08:46.500 LOG 3: field 77947783631 77947783631
2026-04-09 18:08:46.550 LOG 3: field 77947783631 77947783631
2026-04-09 18:08:46.600 LOG 3: field 1162788 1162788
2026-04-09 18:08:46.650 LOG 3: field 0 0
2026-04-09 18:08:46.700 LOG 3: field 0 0
2026-04-09 18:08:46.750 LOG 3: field 9180729 9180729
2026-04-09 18:08:46.800 LOG 3: field 25 25
2026-04-09 18:08:46.850 LOG 3: field 0 0
2026-04-09 18:08:46.900 LOG 3: field 1 1
2026-04-09 18:08:46.950 LOG 3: field 0 0
2026-04-09 18:08:46.000 LOG 3: field 0 0
2026-04-09 18:08:46.050 LOG 3: field 0 0
2026-04-09 18:08:46.100 LOG 3: field 0 0
2026-04-09 18:08:46.150 LOG 3: field 0 0
2026-04-09 18:08:46.200 LOG 3: field 1 1
2026-04-09 18:08:46.250 LOG 3: field 1 1
2026-04-09 18:08:46.300 LOG 3: field 1 1
2026-04-09 18:08:46.350 LOG 3: field 0 0
2026-04-09 18:08:46.400 LOG 3: field -1 -1
2026-04-09 18:08:46.450 LOG 3: field 0 0
2026-04-09 18:08:46.500 LOG 3: field 0 0
2026-04-09 18:08:46.550 LOG 3: field 0 0
2026-04-09 18:08:46.600 LOG 3: field 0 0
2026-04-09 18:08:46.650 LOG 3: field 0 0
2026-04-09 18:08:46.700 LOG 3: field 0 0
2026-04-09 18:08:46.750 LOG 3: field 0 0
2026-04-09 18:08:46.800 LOG 3: field 0 0
2026-04-09 18:08:46.850 LOG 3: field 0 0
2026-04-09 18:08:46.900 LOG 3: field 0 0
2026-04-09 18:08:46.950 LOG 3: field 0 0
2026-04-09 18:08:46.000 LOG 3: field 0 0
2026-04-09 18:08:46.050 LOG 3: field 20260410 20260410
2026-04-09 18:08:46.100 LOG 3: field 0 0
2026-04-09 18:08:46.150 LOG 3: field 0 0
2026-04-09 18:08:46.200 LOG 3: float_fields 
2026-04-09 18:08:46.250 LOG 3: field 1.0 1.0
2026-04-09 18:08:46.300 LOG 3: field 100.99 100.99
2026-04-09 18:08:46.350 LOG 3: field 1009.9 1009.9
2026-04-09 18:08:46.400 LOG 3: field 0.0 0.0
2026-04-09 18:08:46.450 LOG 3: field 12.44 12.44
2026-04-09 18:08:46.500 LOG 3: field 28.88 28.88
2026-04-09 18:08:46.550 LOG 3: field 0.0 0.0
2026-04-09 18:08:46.600 LOG 3: field 0.0 0.0
2026-04-09 18:08:46.650 LOG 3: field 0.0 0.0
2026-04-09 18:08:46.700 LOG 3: field 0.0 0.0
2026-04-09 18:08:46.750 LOG 3: field 0.0 0.0
2026-04-09 18:08:46.800 LOG 3: field 0.0 0.0
2026-04-09 18:08:46.850 LOG 3: field 0 0
2026-04-09 18:08:46.900 LOG 3: field 0.0 0.0
2026-04-09 18:08:46.950 LOG 3: field 0.0 0.0
2026-04-09 18:08:46.000 LOG 3: field 0 0
2026-04-09 18:08:46.050 LOG 3: field -1 -1
2026-04-09 18:08:46.100 LOG 3: field -1 -1
2026-04-09 18:08:46.150 LOG 3: field 0 0
2026-04-09 18:08:46.200 LOG 3: field 0.0 0.0
2026-04-09 18:08:46.250 LOG 3: field 0.0 0.0
2026-04-09 18:08:46.300 LOG 3: int_fields 
2026-04-09 18:08:46.350 LOG 3: field 77947788055 77947788055
2026-04-09 18:08:46.400 LOG 3: field 77947788055 77947788055
2026-04-09 18:08:46.450 LOG 3: field 1162788 1162788
2026-04-09 18:08:46.500 LOG 3: field 0 0
2026-04-09 18:08:46.550 LOG 3: field 0 0
2026-04-09 18:08:46.600 LOG 3: field 9180730 9180730
2026-04-09 18:08:46.650 LOG 3: field 25 25
2026-04-09 18:08:46.700 LOG 3: field 0 0
2026-04-09 18:08:46.750 LOG 3: field 1 1
2026-04-09 18:08:46.800 LOG 3: field 0 0
2026-04-09 18:08:46.850 LOG 3: field 0 0
2026-04-09 18:08:46.900 LOG 3: field 0 0
2026-04-09 18:08:46.950 LOG 3: field 0 0
2026-04-09 18:08:46.000 LOG 3: field 0 0
2026-04-09 18:08:46.050 LOG 3: field 1 1
2026-04-09 18:08:46.100 LOG 3: field 1 1
2026-04-09 18:08:46.150 LOG 3: field 1 1
2026-04-09 18:08:46.200 LOG 3: field 0 0
2026-04-09 18:08:46.250 LOG 3: field -1 -1
2026-04-09 18:08:46.300 LOG 3: field 0 0
2026-04-09 18:08:46.350 LOG 3: field 0 0
2026-04-09 18:08:46.400 LOG 3: field 0 0
2026-04-09 18:08:46.450 LOG 3: field 0 0
2026-04-09 18:08:46.500 LOG 3: field 0 0
2026-04-09 18:08:46.550 LOG 3: field 0 0
2026-04-09 18:08:46.600 LOG 3: field 0 0
2026-04-09 18:08:46.650 LOG 3: field 0 0
2026-04-09 18:08:46.700 LOG 3: field 0 0
2026-04-09 18:08:46.750 LOG 3: field 0 0
2026-04-09 18:08:46.800 LOG 3: field 0 0
2026-04-09 18:08:46.850 LOG 3: field 0 0
2026-04-09 18:08:46.900 LOG 3: field 20260410 20260410
2026-04-09 18:08:46.950 LOG 3: field 0 0
2026-04-09 18:08:46.000 LOG 3: field 0 0
2026-04-09 18:08:46.050 LOG 3: float_fields 
2026-04-09 18:08:46.100 LOG 3: field 1.0 1.0
2026-04-09 18:08:46.150 LOG 3: field 102.9 102.9
2026-04-09 18:08:46.200 LOG 3: field 1029.0 1029.0
2026-04-09 18:08:46.250 LOG 3: field 0.0 0.0
2026-04-09 18:08:46.300 LOG 3: field 15.1 15.1
2026-04-09 18:08:46.350 LOG 3: field 65.67 65.67
2026-04-09 18:08:46.400 LOG 3: field 0.0 0.0
2026-04-09 18:08:46.450 LOG 3: field 0.0 0.0
2026-04-09 18:08:46.500 LOG 3: field 0.0 0.0
2026-04-09 18:08:46.550 LOG 3: field 0.0 0.0
2026-04-09 18:08:46.600 LOG 3: field 0.0 0.0
2026-04-09 18:08:46.650 LOG 3: field 0.0 0.0
2026-04-09 18:08:46.700 LOG 3: field 0 0
2026-04-09 18:08:46.750 LOG 3: field 0.0 0.0
2026-04-09 18:08:46.800 LOG 3: field 0.0 0.0
2026-04-09 18:08:46.850 LOG 3: field 0 0
2026-04-09 18:08:46.900 LOG 3: field -1 -1
2026-04-09 18:08:46.950 LOG 3: field -1 -1
2026-04-09 18:08:46.000 LOG 3: field 0 0
2026-04-09 18:08:46.050 LOG 3: field 0.0 0.0
2026-04-09 18:08:46.100 LOG 3: field 0.0 0.0
2026-04-09 18:08:46.150 LOG 3: int_fields 
2026-04-09 18:08:46.200 LOG 3: field 77947793758 77947793758
2026-04-09 18:08:46.250 LOG 3: field 77947793758 77947793758
2026-04-09 18:08:46.300 LOG 3: field 1162788 1162788
2026-04-09 18:08:46.350 LOG 3: field 0 0
2026-04-09 18:08:46.400 LOG 3: field 0 0
2026-04-09 18:08:46.450 LOG 3: field 9180731 9180731
2026-04-09 18:08:46.500 LOG 3: field 25 25
2026-04-09 18:08:46.550 LOG 3: field 0 0
2026-04-09 18:08:46.600 LOG 3: field 1 1
2026-04-09 18:08:46.650 LOG 3: field 0 0
2026-04-09 18:08:46.700 LOG 3: field 0 0
2026-04-09 18:08:46.750 LOG 3: field 0 0
2026-04-09 18:08:46.800 LOG 3: field 0 0
2026-04-09 18:08:46.850 LOG 3: field 0 0
2026-04-09 18:08:46.900 LOG 3: field 1 1
2026-04-09 18:08:46.950 LOG 3: field 1 1
2026-04-09 18:08:46.000 LOG 3: field 1 1
2026-04-09 18:08:46.050 LOG 3: field 0 0
2026-04-09 18:08:46.100 LOG 3: field -1 -1
2026-04-09 18:08:46.150 LOG 3: field 0 0
2026-04-09 18:08:46.200 LOG 3: field 0 0
2026-04-09 18:08:46.250 LOG 3: field 0 0
2026-04-09 18:08:46.300 LOG 3: field 0 0
2026-04-09 18:08:46.350 LOG 3: field 0 0
2026-04-09 18:08:46.400 LOG 3: field 0 0
2026-04-09 18:08:46.450 LOG 3: field 0 0
2026-04-09 18:08:46.500 LOG 3: field 0 0
2026-04-09 18:08:46.550 LOG 3: field 0 0
2026-04-09 18:08:46.600 LOG 3: field 0 0
2026-04-09 18:08:46.650 LOG 3: field 0 0
2026-04-09 18:08:46.700 LOG 3: field 0 0
2026-04-09 18:08:46.750 LOG 3: field 20260410 20260410
2026-04-09 18:08:46.800 LOG 3: field 0 0
2026-04-09 18:08:46.850 LOG 3: field 0 0
2026-04-09 18:08:46.900 LOG 3: float_fields 
2026-04-09 18:08:46.950 LOG 3: field 1.0 1.0
2026-04-09 18:08:46.000 LOG 3: field 105.89 105.89
2026-04-09 18:08:46.050 LOG 3: field 1058.9 1058.9
2026-04-09 18:08:46.100 LOG 3: field 0.0 0.0
2026-04-09 18:08:46.150 LOG 3: field 15.03 15.03
2026-04-09 18:08:46.200 LOG 3: field 8.43 8.43
2026-04-09 18:08:46.250 LOG 3: field 0.0 0.0
2026-04-09 18:08:46.300 LOG 3: field 0.0 0.0
2026-04-09 18:08:46.350 LOG 3: field 0.0 0.0
2026-04-09 18:08:46.400 LOG 3: field 0.0 0.0
2026-04-09 18:08:46.450 LOG 3: field 0.0 0.0
2026-04-09 18:08:46.500 LOG 3: field 0.0 0.0
2026-04-09 18:08:46.550 LOG 3: field 0 0
2026-04-09 18:08:46.600 LOG 3: field 0.0 0.0
2026-04-09 18:08:46.650 LOG 3: field 0.0 0.0
2026-04-09 18:08:46.700 LOG 3: field 0 0
2026-04-09 18:08:46.750 LOG 3: field -1 -1
2026-04-09 18:08:46.800 LOG 3: field -1 -1
2026-04-09 18:08:46.850 LOG 3: field 0 0
2026-04-09 18:08:46.900 LOG 3: field 0.0 0.0
2026-04-09 18:08:46.950 LOG 3: field 0.0 0.0
2026-04-09 18:08:56.400 LOG 3: int_fields 
2026-04-09 18:08:56.500 LOG 3: field 77924509061 77924509061
2026-04-09 18:08:56.550 LOG 3: field 77924509061 77924509061
2026-04-09 18:08:56.600 LOG 3: field 1162788 1162788
2026-04-09 18:08:56.650 LOG 3: field 1162788 1162788
2026-04-09 18:08:56.700 LOG 3: field 0 0
2026-04-09 18:08:56.750 LOG 3: field 0 0
2026-04-09 18:08:56.800 LOG 3: field 26 26
2026-04-09 18:08:56.850 LOG 3: field 0 0
2026-04-09 18:08:56.900 LOG 3: field 1 1
2026-04-09 18:08:56.950 LOG 3: field 0 0
2026-04-09 18:08:56.000 LOG 3: field 0 0
2026-04-09 18:08:56.050 LOG 3: field 0 0
2026-04-09 18:08:56.100 LOG 3: field 0 0
2026-04-09 18:08:56.150 LOG 3: field 0 0
2026-04-09 18:08:56.200 LOG 3: field 1 1
2026-04-09 18:08:56.250 LOG 3: field 1 1
2026-04-09 18:08:56.300 LOG 3: field 1 1
2026-04-09 18:08:56.350 LOG 3: field 0 0
2026-04-09 18:08:56.400 LOG 3: field -1 -1
2026-04-09 18:08:56.450 LOG 3: field 0 0
2026-04-09 18:08:56.500 LOG 3: field 0 0
2026-04-09 18:08:56.550 LOG 3: field 0 0
2026-04-09 18:08:56.600 LOG 3: field 0 0
2026-04-09 18:08:56.650 LOG 3: field 0 0
2026-04-09 18:08:56.700 LOG 3: field 0 0
2026-04-09 18:08:56.750 LOG 3: field 0 0
2026-04-09 18:08:56.800 LOG 3: field 0 0
2026-04-09 18:08:56.850 LOG 3: field 0 0
2026-04-09 18:08:56.900 LOG 3: field 0 0
2026-04-09 18:08:56.950 LOG 3: field 0 0
2026-04-09 18:08:56.000 LOG 3: field 0 0
2026-04-09 18:08:56.050 LOG 3: field 20260410 20260410
2026-04-09 18:08:56.100 LOG 3: field 0 0
2026-04-09 18:08:56.150 LOG 3: field 0 0
2026-04-09 18:08:56.200 LOG 3: float_fields 
2026-04-09 18:08:56.250 LOG 3: field 1.0 1.0
2026-04-09 18:08:56.300 LOG 3: field 98.67 98.67
2026-04-09 18:08:56.350 LOG 3: field 986.7 986.7
2026-04-09 18:08:56.400 LOG 3: field 0.0 0.0
2026-04-09 18:08:56.450 LOG 3: field 14.95 14.95
2026-04-09 18:08:56.500 LOG 3: field 14.47 14.47
2026-04-09 18:08:56.550 LOG 3: field 0.0 0.0
2026-04-09 18:08:56.600 LOG 3: field 0.0 0.0
2026-04-09 18:08:56.650 LOG 3: field 0.0 0.0
2026-04-09 18:08:56.700 LOG 3: field 0.0 0.0
2026-04-09 18:08:56.750 LOG 3: field 0.0 0.0
2026-04-09 18:08:56.800 LOG 3: field 0.0 0.0
2026-04-09 18:08:56.850 LOG 3: field 0 0
2026-04-09 18:08:56.900 LOG 3: field 0.0 0.0
2026-04-09 18:08:56.950 LOG 3: field 0.0 0.0
2026-04-09 18:08:56.000 LOG 3: field 0 0
2026-04-09 18:08:56.050 LOG 3: field -1 -1
2026-04-09 18:08:56.100 LOG 3: field -1 -1
2026-04-09 18:08:56.150 LOG 3: field 0 0
2026-04-09 18:08:56.200 LOG 3: field 0.0 0.0
2026-04-09 18:08:56.250 LOG 3: field 0.0 0.0
2026-04-09 18:08:56.300 LOG 3: int_fields 
2026-04-09 18:08:56.350 LOG 3: field 77924527921 77924527921
2026-04-09 18:08:56.400 LOG 3: field 77924527921 77924527921
2026-04-09 18:08:56.450 LOG 3: field 1162788 1162788
2026-04-09 18:08:56.500 LOG 3: field 0 0
2026-04-09 18:08:56.550 LOG 3: field 0 0
2026-04-09 18:08:56.600 LOG 3: field 0 0
2026-04-09 18:08:56.650 LOG 3: field 25 25
2026-04-09 18:08:56.700 LOG 3: field 0 0
2026-04-09 18:08:56.750 LOG 3: field 1 1
2026-04-09 18:08:56.800 LOG 3: field 0 0
2026-04-09 18:08:56.850 LOG 3: field 0 0
2026-04-09 18:08:56.900 LOG 3: field 0 0
2026-04-09 18:08:56.950 LOG 3: field 0 0
2026-04-09 18:08:56.000 LOG 3: field 0 0
2026-04-09 18:08:56.050 LOG 3: field 1 1
2026-04-09 18:08:56.100 LOG 3: field 1 1
2026-04-09 18:08:56.150 LOG 3: field 1 1
2026-04-09 18:08:56.200 LOG 3: field 0 0
2026-04-09 18:08:56.250 LOG 3: field -1 -1
2026-04-09 18:08:56.300 LOG 3: field 0 0
2026-04-09 18:08:56.350 LOG 3: field 0 0
2026-04-09 18:08:56.400 LOG 3: field 0 0
2026-04-09 18:08:56.450 LOG 3: field 0 0
2026-04-09 18:08:56.500 LOG 3: field 0 0
2026-04-09 18:08:56.550 LOG 3: field 0 0
2026-04-09 18:08:56.600 LOG 3: field 0 0
2026-04-09 18:08:56.650 LOG 3: field 0 0
2026-04-09 18:08:56.700 LOG 3: field 0 0
2026-04-09 18:08:56.750 LOG 3: field 0 0
2026-04-09 18:08:56.800 LOG 3: field 0 0
2026-04-09 18:08:56.850 LOG 3: field 0 0
2026-04-09 18:08:56.900 LOG 3: field 20260410 20260410
2026-04-09 18:08:56.950 LOG 3: field 0 0
2026-04-09 18:08:56.000 LOG 3: field 0 0
2026-04-09 18:08:56.050 LOG 3: float_fields 
2026-04-09 18:08:56.100 LOG 3: field 1.0 1.0
2026-04-09 18:08:56.150 LOG 3: field 98.67 98.67
2026-04-09 18:08:56.200 LOG 3: field 986.7 986.7
2026-04-09 18:08:56.250 LOG 3: field 0.0 0.0
2026-04-09 18:08:56.300 LOG 3: field 14.95 14.95
2026-04-09 18:08:56.350 LOG 3: field 14.47 14.47
2026-04-09 18:08:56.400 LOG 3: field 0.0 0.0
2026-04-09 18:08:56.450 LOG 3: field 0.0 0.0
2026-04-09 18:08:56.500 LOG 3: field 0.0 0.0
2026-04-09 18:08:56.550 LOG 3: field 0.0 0.0
2026-04-09 18:08:56.600 LOG 3: field 0.0 0.0
2026-04-09 18:08:56.650 LOG 3: field 0.0 0.0
2026-04-09 18:08:56.700 LOG 3: field 0 0
2026-04-09 18:08:56.750 LOG 3: field 0.0 0.0
2026-04-09 18:08:56.800 LOG 3: field 0.0 0.0
2026-04-09 18:08:56.850 LOG 3: field 0 0
2026-04-09 18:08:56.900 LOG 3: field -1 -1
2026-04-09 18:08:56.950 LOG 3: field -1 -1
2026-04-09 18:08:56.000 LOG 3: field 0 0
2026-04-09 18:08:56.050 LOG 3: field 0.0 0.0
2026-04-09 18:08:56.100 LOG 3: field 0.0 0.0
2026-04-09 18:08:56.150 LOG 3: int_fields 
2026-04-09 18:08:56.200 LOG 3: field 77947783631 77947783631
2026-04-09 18:08:56.250 LOG 3: field 77947783631 77947783631
2026-04-09 18:08:56.300 LOG 3: field 1162788 1162788
2026-04-09 18:08:56.350 LOG 3: field 0 0
2026-04-09 18:08:56.400 LOG 3: field 0 0
2026-04-09 18:08:56.450 LOG 3: field 9180729 9180729
2026-04-09 18:08:56.500 LOG 3: field 25 25
2026-04-09 18:08:56.550 LOG 3: field 0 0
2026-04-09 18:08:56.600 LOG 3: field 1 1
2026-04-09 18:08:56.650 LOG 3: field 0 0
2026-04-09 18:08:56.700 LOG 3: field 0 0
2026-04-09 18:08:56.750 LOG 3: field 0 0
2026-04-09 18:08:56.800 LOG 3: field 0 0
2026-04-09 18:08:56.850 LOG 3: field 0 0
2026-04-09 18:08:56.900 LOG 3: field 1 1
2026-04-09 18:08:56.950 LOG 3: field 1 1
2026-04-09 18:08:56.000 LOG 3: field 1 1
2026-04-09 18:08:56.050 LOG 3: field 0 0
2026-04-09 18:08:56.100 LOG 3: field -1 -1
2026-04-09 18:08:56.150 LOG 3: field 0 0
2026-04-09 18:08:56.200 LOG 3: field 0 0
2026-04-09 18:08:56.250 LOG 3: field 0 0
2026-04-09 18:08:56.300 LOG 3: field 0 0
2026-04-09 18:08:56.350 LOG 3: field 0 0
2026-04-09 18:08:56.400 LOG 3: field 0 0
2026-04-09 18:08:56.450 LOG 3: field 0 0
2026-04-09 18:08:56.500 LOG 3: field 0 0
2026-04-09 18:08:56.550 LOG 3: field 0 0
2026-04-09 18:08:56.600 LOG 3: field 0 0
2026-04-09 18:08:56.650 LOG 3: field 0 0
2026-04-09 18:08:56.700 LOG 3: field 0 0
2026-04-09 18:08:56.750 LOG 3: field 20260410 20260410
2026-04-09 18:08:56.800 LOG 3: field 0 0
2026-04-09 18:08:56.850 LOG 3: field 0 0
2026-04-09 18:08:56.900 LOG 3: float_fields 
2026-04-09 18:08:56.950 LOG 3: field 1.0 1.0
2026-04-09 18:08:56.000 LOG 3: field 100.99 100.99
2026-04-09 18:08:56.050 LOG 3: field 1009.9 1009.9
2026-04-09 18:08:56.100 LOG 3: field 0.0 0.0
2026-04-09 18:08:56.150 LOG 3: field 12.44 12.44
2026-04-09 18:08:56.200 LOG 3: field 28.88 28.88
2026-04-09 18:08:56.250 LOG 3: field 0.0 0.0
2026-04-09 18:08:56.300 LOG 3: field 0.0 0.0
2026-04-09 18:08:56.350 LOG 3: field 0.0 0.0
2026-04-09 18:08:56.400 LOG 3: field 0.0 0.0
2026-04-09 18:08:56.450 LOG 3: field 0.0 0.0
2026-04-09 18:08:56.500 LOG 3: field 0.0 0.0
2026-04-09 18:08:56.550 LOG 3: field 0 0
2026-04-09 18:08:56.600 LOG 3: field 0.0 0.0
2026-04-09 18:08:56.650 LOG 3: field 0.0 0.0
2026-04-09 18:08:56.700 LOG 3: field 0 0
2026-04-09 18:08:56.750 LOG 3: field -1 -1
2026-04-09 18:08:56.800 LOG 3: field -1 -1
2026-04-09 18:08:56.850 LOG 3: field 0 0
2026-04-09 18:08:56.900 LOG 3: field 0.0 0.0
2026-04-09 18:08:56.950 LOG 3: field 0.0 0.0
2026-04-09 18:08:56.000 LOG 3: int_fields 
2026-04-09 18:08:56.050 LOG 3: field 77947788055 77947788055
2026-04-09 18:08:56.100 LOG 3: field 77947788055 77947788055
2026-04-09 18:08:56.150 LOG 3: field 1162788 1162788
2026-04-09 18:08:56.200 LOG 3: field 0 0
2026-04-09 18:08:56.250 LOG 3: field 0 0
2026-04-09 18:08:56.300 LOG 3: field 9180730 9180730
2026-04-09 18:08:56.350 LOG 3: field 25 25
2026-04-09 18:08:56.400 LOG 3: field 0 0
2026-04-09 18:08:56.450 LOG 3: field 1 1
2026-04-09 18:08:56.500 LOG 3: field 0 0
2026-04-09 18:08:56.550 LOG 3: field 0 0
2026-04-09 18:08:56.600 LOG 3: field 0 0
2026-04-09 18:08:56.650 LOG 3: field 0 0
2026-04-09 18:08:56.700 LOG 3: field 0 0
2026-04-09 18:08:56.750 LOG 3: field 1 1
2026-04-09 18:08:56.800 LOG 3: field 1 1
2026-04-09 18:08:56.850 LOG 3: field 1 1
2026-04-09 18:08:56.900 LOG 3: field 0 0
2026-04-09 18:08:56.950 LOG 3: field -1 -1
2026-04-09 18:08:56.000 LOG 3: field 0 0
2026-04-09 18:08:56.050 LOG 3: field 0 0
2026-04-09 18:08:56.100 LOG 3: field 0 0
2026-04-09 18:08:56.150 LOG 3: field 0 0
2026-04-09 18:08:56.200 LOG 3: field 0 0
2026-04-09 18:08:56.250 LOG 3: field 0 0
2026-04-09 18:08:56.300 LOG 3: field 0 0
2026-04-09 18:08:56.350 LOG 3: field 0 0
2026-04-09 18:08:56.400 LOG 3: field 0 0
2026-04-09 18:08:56.450 LOG 3: field 0 0
2026-04-09 18:08:56.500 LOG 3: field 0 0
2026-04-09 18:08:56.550 LOG 3: field 0 0
2026-04-09 18:08:56.600 LOG 3: field 20260410 20260410
2026-04-09 18:08:56.650 LOG 3: field 0 0
2026-04-09 18:08:56.700 LOG 3: field 0 0
2026-04-09 18:08:56.750 LOG 3: float_fields 
2026-04-09 18:08:56.800 LOG 3: field 1.0 1.0
2026-04-09 18:08:56.850 LOG 3: field 102.9 102.9
2026-04-09 18:08:56.900 LOG 3: field 1029.0 1029.0
2026-04-09 18:08:56.950 LOG 3: field 0.0 0.0
2026-04-09 18:08:56.000 LOG 3: field 15.1 15.1
2026-04-09 18:08:56.050 LOG 3: field 65.67 65.67
2026-04-09 18:08:56.100 LOG 3: field 0.0 0.0
2026-04-09 18:08:56.150 LOG 3: field 0.0 0.0
2026-04-09 18:08:56.200 LOG 3: field 0.0 0.0
2026-04-09 18:08:56.250 LOG 3: field 0.0 0.0
2026-04-09 18:08:56.300 LOG 3: field 0.0 0.0
2026-04-09 18:08:56.350 LOG 3: field 0.0 0.0
2026-04-09 18:08:56.400 LOG 3: field 0 0
2026-04-09 18:08:56.450 LOG 3: field 0.0 0.0
2026-04-09 18:08:56.500 LOG 3: field 0.0 0.0
2026-04-09 18:08:56.550 LOG 3: field 0 0
2026-04-09 18:08:56.600 LOG 3: field -1 -1
2026-04-09 18:08:56.650 LOG 3: field -1 -1
2026-04-09 18:08:56.700 LOG 3: field 0 0
2026-04-09 18:08:56.750 LOG 3: field 0.0 0.0
2026-04-09 18:08:56.800 LOG 3: field 0.0 0.0
2026-04-09 18:08:56.850 LOG 3: int_fields 
2026-04-09 18:08:56.900 LOG 3: field 77947793758 77947793758
2026-04-09 18:08:56.950 LOG 3: field 77947793758 77947793758
2026-04-09 18:08:56.000 LOG 3: field 1162788 1162788
2026-04-09 18:08:56.050 LOG 3: field 0 0
2026-04-09 18:08:56.100 LOG 3: field 0 0
2026-04-09 18:08:56.150 LOG 3: field 9180731 9180731
2026-04-09 18:08:56.200 LOG 3: field 25 25
2026-04-09 18:08:56.250 LOG 3: field 0 0
2026-04-09 18:08:56.300 LOG 3: field 1 1
2026-04-09 18:08:56.350 LOG 3: field 0 0
2026-04-09 18:08:56.400 LOG 3: field 0 0
2026-04-09 18:08:56.450 LOG 3: field 0 0
2026-04-09 18:08:56.500 LOG 3: field 0 0
2026-04-09 18:08:56.550 LOG 3: field 0 0
2026-04-09 18:08:56.600 LOG 3: field 1 1
2026-04-09 18:08:56.650 LOG 3: field 1 1
2026-04-09 18:08:56.700 LOG 3: field 1 1
2026-04-09 18:08:56.750 LOG 3: field 0 0
2026-04-09 18:08:56.800 LOG 3: field -1 -1
2026-04-09 18:08:56.850 LOG 3: field 0 0
2026-04-09 18:08:56.900 LOG 3: field 0 0
2026-04-09 18:08:56.950 LOG 3: field 0 0
2026-04-09 18:08:56.000 LOG 3: field 0 0
2026-04-09 18:08:56.050 LOG 3: field 0 0
2026-04-09 18:08:56.100 LOG 3: field 0 0
2026-04-09 18:08:56.150 LOG 3: field 0 0
2026-04-09 18:08:56.200 LOG 3: field 0 0
2026-04-09 18:08:56.250 LOG 3: field 0 0
2026-04-09 18:08:56.300 LOG 3: field 0 0
2026-04-09 18:08:56.350 LOG 3: field 0 0
2026-04-09 18:08:56.400 LOG 3: field 0 0
2026-04-09 18:08:56.450 LOG 3: field 20260410 20260410
2026-04-09 18:08:56.500 LOG 3: field 0 0
2026-04-09 18:08:56.550 LOG 3: field 0 0
2026-04-09 18:08:56.600 LOG 3: float_fields 
2026-04-09 18:08:56.650 LOG 3: field 1.0 1.0
2026-04-09 18:08:56.700 LOG 3: field 105.89 105.89
2026-04-09 18:08:56.750 LOG 3: field 1058.9 1058.9
2026-04-09 18:08:56.800 LOG 3: field 0.0 0.0
2026-04-09 18:08:56.850 LOG 3: field 15.03 15.03
2026-04-09 18:08:56.900 LOG 3: field 8.43 8.43
2026-04-09 18:08:56.950 LOG 3: field 0.0 0.0
2026-04-09 18:08:56.000 LOG 3: field 0.0 0.0
2026-04-09 18:08:56.050 LOG 3: field 0.0 0.0
2026-04-09 18:08:56.100 LOG 3: field 0.0 0.0
2026-04-09 18:08:56.150 LOG 3: field 0.0 0.0
2026-04-09 18:08:56.200 LOG 3: field 0.0 0.0
2026-04-09 18:08:56.250 LOG 3: field 0 0
2026-04-09 18:08:56.300 LOG 3: field 0.0 0.0
2026-04-09 18:08:56.350 LOG 3: field 0.0 0.0
2026-04-09 18:08:56.400 LOG 3: field 0 0
2026-04-09 18:08:56.450 LOG 3: field -1 -1
2026-04-09 18:08:56.500 LOG 3: field -1 -1
2026-04-09 18:08:56.550 LOG 3: field 0 0
2026-04-09 18:08:56.600 LOG 3: field 0.0 0.0
2026-04-09 18:08:56.650 LOG 3: field 0.0 0.0
2026-04-09 18:08:56.800 LOG 3: int_fields 
2026-04-09 18:08:56.850 LOG 3: field 77924509061 77924509061
2026-04-09 18:08:56.900 LOG 3: field 77924509061 77924509061
2026-04-09 18:08:56.950 LOG 3: field 1162788 1162788
2026-04-09 18:08:56.000 LOG 3: field 1162788 1162788
2026-04-09 18:08:56.050 LOG 3: field 0 0
2026-04-09 18:08:56.100 LOG 3: field 0 0
2026-04-09 18:08:56.150 LOG 3: field 26 26
2026-04-09 18:08:56.200 LOG 3: field 0 0
2026-04-09 18:08:56.250 LOG 3: field 1 1
2026-04-09 18:08:56.300 LOG 3: field 0 0
2026-04-09 18:08:56.350 LOG 3: field 0 0
2026-04-09 18:08:56.400 LOG 3: field 0 0
2026-04-09 18:08:56.450 LOG 3: field 0 0
2026-04-09 18:08:56.500 LOG 3: field 0 0
2026-04-09 18:08:56.550 LOG 3: field 1 1
2026-04-09 18:08:56.600 LOG 3: field 1 1
2026-04-09 18:08:56.650 LOG 3: field 1 1
2026-04-09 18:08:56.700 LOG 3: field 0 0
2026-04-09 18:08:56.750 LOG 3: field -1 -1
2026-04-09 18:08:56.800 LOG 3: field 0 0
2026-04-09 18:08:56.850 LOG 3: field 0 0
2026-04-09 18:08:56.900 LOG 3: field 0 0
2026-04-09 18:08:56.950 LOG 3: field 0 0
2026-04-09 18:08:56.000 LOG 3: field 0 0
2026-04-09 18:08:56.050 LOG 3: field 0 0
2026-04-09 18:08:56.100 LOG 3: field 0 0
2026-04-09 18:08:56.150 LOG 3: field 0 0
2026-04-09 18:08:56.200 LOG 3: field 0 0
2026-04-09 18:08:56.250 LOG 3: field 0 0
2026-04-09 18:08:56.300 LOG 3: field 0 0
2026-04-09 18:08:56.350 LOG 3: field 0 0
2026-04-09 18:08:56.400 LOG 3: field 20260410 20260410
2026-04-09 18:08:56.450 LOG 3: field 0 0
2026-04-09 18:08:56.500 LOG 3: field 0 0
2026-04-09 18:08:56.550 LOG 3: float_fields 
2026-04-09 18:08:56.600 LOG 3: field 1.0 1.0
2026-04-09 18:08:56.650 LOG 3: field 98.67 98.67
2026-04-09 18:08:56.700 LOG 3: field 986.7 986.7
2026-04-09 18:08:56.750 LOG 3: field 0.0 0.0
2026-04-09 18:08:56.800 LOG 3: field 14.95 14.95
2026-04-09 18:08:56.850 LOG 3: field 14.47 14.47
2026-04-09 18:08:56.900 LOG 3: field 0.0 0.0
2026-04-09 18:08:56.950 LOG 3: field 0.0 0.0
2026-04-09 18:08:56.000 LOG 3: field 0.0 0.0
2026-04-09 18:08:56.050 LOG 3: field 0.0 0.0
2026-04-09 18:08:56.100 LOG 3: field 0.0 0.0
2026-04-09 18:08:56.150 LOG 3: field 0.0 0.0
2026-04-09 18:08:56.200 LOG 3: field 0 0
2026-04-09 18:08:56.250 LOG 3: field 0.0 0.0
2026-04-09 18:08:56.300 LOG 3: field 0.0 0.0
2026-04-09 18:08:56.350 LOG 3: field 0 0
2026-04-09 18:08:56.400 LOG 3: field -1 -1
2026-04-09 18:08:56.450 LOG 3: field -1 -1
2026-04-09 18:08:56.500 LOG 3: field 0 0
2026-04-09 18:08:56.550 LOG 3: field 0.0 0.0
2026-04-09 18:08:56.600 LOG 3: field 0.0 0.0
2026-04-09 18:08:56.650 LOG 3: int_fields 
2026-04-09 18:08:56.700 LOG 3: field 77924527921 77924527921
2026-04-09 18:08:56.750 LOG 3: field 77924527921 77924527921
2026-04-09 18:08:56.800 LOG 3: field 1162788 1162788
2026-04-09 18:08:56.850 LOG 3: field 0 0
2026-04-09 18:08:56.900 LOG 3: field 0 0
2026-04-09 18:08:56.950 LOG 3: field 0 0
2026-04-09 18:08:56.000 LOG 3: field 25 25
2026-04-09 18:08:56.050 LOG 3: field 0 0
2026-04-09 18:08:56.100 LOG 3: field 1 1
2026-04-09 18:08:56.150 LOG 3: field 0 0
2026-04-09 18:08:56.200 LOG 3: field 0 0
2026-04-09 18:08:56.250 LOG 3: field 0 0
2026-04-09 18:08:56.300 LOG 3: field 0 0
2026-04-09 18:08:56.350 LOG 3: field 0 0
2026-04-09 18:08:56.400 LOG 3: field 1 1
2026-04-09 18:08:56.450 LOG 3: field 1 1
2026-04-09 18:08:56.500 LOG 3: field 1 1
2026-04-09 18:08:56.550 LOG 3: field 0 0
2026-04-09 18:08:56.600 LOG 3: field -1 -1
2026-04-09 18:08:56.650 LOG 3: field 0 0
2026-04-09 18:08:56.700 LOG 3: field 0 0
2026-04-09 18:08:56.750 LOG 3: field 0 0
2026-04-09 18:08:56.800 LOG 3: field 0 0
2026-04-09 18:08:56.850 LOG 3: field 0 0
2026-04-09 18:08:56.900 LOG 3: field 0 0
2026-04-09 18:08:56.950 LOG 3: field 0 0
2026-04-09 18:08:56.000 LOG 3: field 0 0
2026-04-09 18:08:56.050 LOG 3: field 0 0
2026-04-09 18:08:56.100 LOG 3: field 0 0
2026-04-09 18:08:56.150 LOG 3: field 0 0
2026-04-09 18:08:56.200 LOG 3: field 0 0
2026-04-09 18:08:56.250 LOG 3: field 20260410 20260410
2026-04-09 18:08:56.300 LOG 3: field 0 0
2026-04-09 18:08:56.350 LOG 3: field 0 0
2026-04-09 18:08:56.400 LOG 3: float_fields 
2026-04-09 18:08:56.450 LOG 3: field 1.0 1.0
2026-04-09 18:08:56.500 LOG 3: field 98.67 98.67
2026-04-09 18:08:56.550 LOG 3: field 986.7 986.7
2026-04-09 18:08:56.600 LOG 3: field 0.0 0.0
2026-04-09 18:08:56.650 LOG 3: field 14.95 14.95
2026-04-09 18:08:56.700 LOG 3: field 14.47 14.47
2026-04-09 18:08:56.750 LOG 3: field 0.0 0.0
2026-04-09 18:08:56.800 LOG 3: field 0.0 0.0
2026-04-09 18:08:56.850 LOG 3: field 0.0 0.0
2026-04-09 18:08:56.900 LOG 3: field 0.0 0.0
2026-04-09 18:08:56.950 LOG 3: field 0.0 0.0
2026-04-09 18:08:56.000 LOG 3: field 0.0 0.0
2026-04-09 18:08:56.050 LOG 3: field 0 0
2026-04-09 18:08:56.100 LOG 3: field 0.0 0.0
2026-04-09 18:08:56.150 LOG 3: field 0.0 0.0
2026-04-09 18:08:56.200 LOG 3: field 0 0
2026-04-09 18:08:56.250 LOG 3: field -1 -1
2026-04-09 18:08:56.300 LOG 3: field -1 -1
2026-04-09 18:08:56.350 LOG 3: field 0 0
2026-04-09 18:08:56.400 LOG 3: field 0.0 0.0
2026-04-09 18:08:56.450 LOG 3: field 0.0 0.0
2026-04-09 18:08:56.500 LOG 3: int_fields 
2026-04-09 18:08:56.550 LOG 3: field 77947783631 77947783631
2026-04-09 18:08:56.600 LOG 3: field 77947783631 77947783631
2026-04-09 18:08:56.650 LOG 3: field 1162788 1162788
2026-04-09 18:08:56.700 LOG 3: field 0 0
2026-04-09 18:08:56.750 LOG 3: field 0 0
2026-04-09 18:08:56.800 LOG 3: field 9180729 9180729
2026-04-09 18:08:56.850 LOG 3: field 25 25
2026-04-09 18:08:56.900 LOG 3: field 0 0
2026-04-09 18:08:56.950 LOG 3: field 1 1
2026-04-09 18:08:56.000 LOG 3: field 0 0
2026-04-09 18:08:56.050 LOG 3: field 0 0
2026-04-09 18:08:56.100 LOG 3: field 0 0
2026-04-09 18:08:56.150 LOG 3: field 0 0
2026-04-09 18:08:56.200 LOG 3: field 0 0
2026-04-09 18:08:56.250 LOG 3: field 1 1
2026-04-09 18:08:56.300 LOG 3: field 1 1
2026-04-09 18:08:56.350 LOG 3: field 1 1
2026-04-09 18:08:56.400 LOG 3: field 0 0
2026-04-09 18:08:56.450 LOG 3: field -1 -1
2026-04-09 18:08:56.500 LOG 3: field 0 0
2026-04-09 18:08:56.550 LOG 3: field 0 0
2026-04-09 18:08:56.600 LOG 3: field 0 0
2026-04-09 18:08:56.650 LOG 3: field 0 0
2026-04-09 18:08:56.700 LOG 3: field 0 0
2026-04-09 18:08:56.750 LOG 3: field 0 0
2026-04-09 18:08:56.800 LOG 3: field 0 0
2026-04-09 18:08:56.850 LOG 3: field 0 0
2026-04-09 18:08:56.900 LOG 3: field 0 0
2026-04-09 18:08:56.950 LOG 3: field 0 0
2026-04-09 18:08:56.000 LOG 3: field 0 0
2026-04-09 18:08:56.050 LOG 3: field 0 0
2026-04-09 18:08:56.100 LOG 3: field 20260410 20260410
2026-04-09 18:08:56.150 LOG 3: field 0 0
2026-04-09 18:08:56.200 LOG 3: field 0 0
2026-04-09 18:08:56.250 LOG 3: float_fields 
2026-04-09 18:08:56.300 LOG 3: field 1.0 1.0
2026-04-09 18:08:56.350 LOG 3: field 100.99 100.99
2026-04-09 18:08:56.400 LOG 3: field 1009.9 1009.9
2026-04-09 18:08:56.450 LOG 3: field 0.0 0.0
2026-04-09 18:08:56.500 LOG 3: field 12.44 12.44
2026-04-09 18:08:56.550 LOG 3: field 28.88 28.88
2026-04-09 18:08:56.600 LOG 3: field 0.0 0.0
2026-04-09 18:08:56.650 LOG 3: field 0.0 0.0
2026-04-09 18:08:56.700 LOG 3: field 0.0 0.0
2026-04-09 18:08:56.750 LOG 3: field 0.0 0.0
2026-04-09 18:08:56.800 LOG 3: field 0.0 0.0
2026-04-09 18:08:56.850 LOG 3: field 0.0 0.0
2026-04-09 18:08:56.900 LOG 3: field 0 0
2026-04-09 18:08:56.950 LOG 3: field 0.0 0.0
2026-04-09 18:08:56.000 LOG 3: field 0.0 0.0
2026-04-09 18:08:56.050 LOG 3: field 0 0
2026-04-09 18:08:56.100 LOG 3: field -1 -1
2026-04-09 18:08:56.150 LOG 3: field -1 -1
2026-04-09 18:08:56.200 LOG 3: field 0 0
2026-04-09 18:08:56.250 LOG 3: field 0.0 0.0
2026-04-09 18:08:56.300 LOG 3: field 0.0 0.0
2026-04-09 18:08:56.350 LOG 3: int_fields 
2026-04-09 18:08:56.400 LOG 3: field 77947788055 77947788055
2026-04-09 18:08:56.450 LOG 3: field 77947788055 77947788055
2026-04-09 18:08:56.500 LOG 3: field 1162788 1162788
2026-04-09 18:08:56.550 LOG 3: field 0 0
2026-04-09 18:08:56.600 LOG 3: field 0 0
2026-04-09 18:08:56.650 LOG 3: field 9180730 9180730
2026-04-09 18:08:56.700 LOG 3: field 25 25
2026-04-09 18:08:56.750 LOG 3: field 0 0
2026-04-09 18:08:56.800 LOG 3: field 1 1
2026-04-09 18:08:56.850 LOG 3: field 0 0
2026-04-09 18:08:56.900 LOG 3: field 0 0
2026-04-09 18:08:56.950 LOG 3: field 0 0
2026-04-09 18:08:56.000 LOG 3: field 0 0
2026-04-09 18:08:56.050 LOG 3: field 0 0
2026-04-09 18:08:56.100 LOG 3: field 1 1
2026-04-09 18:08:56.150 LOG 3: field 1 1
2026-04-09 18:08:56.200 LOG 3: field 1 1
2026-04-09 18:08:56.250 LOG 3: field 0 0
2026-04-09 18:08:56.300 LOG 3: field -1 -1
2026-04-09 18:08:56.350 LOG 3: field 0 0
2026-04-09 18:08:56.400 LOG 3: field 0 0
2026-04-09 18:08:56.450 LOG 3: field 0 0
2026-04-09 18:08:56.500 LOG 3: field 0 0
2026-04-09 18:08:56.550 LOG 3: field 0 0
2026-04-09 18:08:56.600 LOG 3: field 0 0
2026-04-09 18:08:56.650 LOG 3: field 0 0
2026-04-09 18:08:56.700 LOG 3: field 0 0
2026-04-09 18:08:56.750 LOG 3: field 0 0
2026-04-09 18:08:56.800 LOG 3: field 0 0
2026-04-09 18:08:56.850 LOG 3: field 0 0
2026-04-09 18:08:56.900 LOG 3: field 0 0
2026-04-09 18:08:56.950 LOG 3: field 20260410 20260410
2026-04-09 18:08:56.000 LOG 3: field 0 0
2026-04-09 18:08:56.050 LOG 3: field 0 0
2026-04-09 18:08:56.100 LOG 3: float_fields 
2026-04-09 18:08:56.150 LOG 3: field 1.0 1.0
2026-04-09 18:08:56.200 LOG 3: field 102.9 102.9
2026-04-09 18:08:56.250 LOG 3: field 1029.0 1029.0
2026-04-09 18:08:56.300 LOG 3: field 0.0 0.0
2026-04-09 18:08:56.350 LOG 3: field 15.1 15.1
2026-04-09 18:08:56.400 LOG 3: field 65.67 65.67
2026-04-09 18:08:56.450 LOG 3: field 0.0 0.0
2026-04-09 18:08:56.500 LOG 3: field 0.0 0.0
2026-04-09 18:08:56.550 LOG 3: field 0.0 0.0
2026-04-09 18:08:56.600 LOG 3: field 0.0 0.0
2026-04-09 18:08:56.650 LOG 3: field 0.0 0.0
2026-04-09 18:08:56.700 LOG 3: field 0.0 0.0
2026-04-09 18:08:56.750 LOG 3: field 0 0
2026-04-09 18:08:56.800 LOG 3: field 0.0 0.0
2026-04-09 18:08:56.850 LOG 3: field 0.0 0.0
2026-04-09 18:08:56.900 LOG 3: field 0 0
2026-04-09 18:08:56.950 LOG 3: field -1 -1
2026-04-09 18:08:56.000 LOG 3: field -1 -1
2026-04-09 18:08:56.050 LOG 3: field 0 0
2026-04-09 18:08:56.100 LOG 3: field 0.0 0.0
2026-04-09 18:08:56.150 LOG 3: field 0.0 0.0
2026-04-09 18:08:56.200 LOG 3: int_fields 
2026-04-09 18:08:56.250 LOG 3: field 77947793758 77947793758
2026-04-09 18:08:56.300 LOG 3: field 77947793758 77947793758
2026-04-09 18:08:56.350 LOG 3: field 1162788 1162788
2026-04-09 18:08:56.400 LOG 3: field 0 0
2026-04-09 18:08:56.450 LOG 3: field 0 0
2026-04-09 18:08:56.500 LOG 3: field 9180731 9180731
2026-04-09 18:08:56.550 LOG 3: field 25 25
2026-04-09 18:08:56.600 LOG 3: field 0 0
2026-04-09 18:08:56.650 LOG 3: field 1 1
2026-04-09 18:08:56.700 LOG 3: field 0 0
2026-04-09 18:08:56.750 LOG 3: field 0 0
2026-04-09 18:08:56.800 LOG 3: field 0 0
2026-04-09 18:08:56.850 LOG 3: field 0 0
2026-04-09 18:08:56.900 LOG 3: field 0 0
2026-04-09 18:08:56.950 LOG 3: field 1 1
2026-04-09 18:08:56.000 LOG 3: field 1 1
2026-04-09 18:08:56.050 LOG 3: field 1 1
2026-04-09 18:08:56.100 LOG 3: field 0 0
2026-04-09 18:08:56.150 LOG 3: field -1 -1
2026-04-09 18:08:56.200 LOG 3: field 0 0
2026-04-09 18:08:56.250 LOG 3: field 0 0
2026-04-09 18:08:56.300 LOG 3: field 0 0
2026-04-09 18:08:56.350 LOG 3: field 0 0
2026-04-09 18:08:56.400 LOG 3: field 0 0
2026-04-09 18:08:56.450 LOG 3: field 0 0
2026-04-09 18:08:56.500 LOG 3: field 0 0
2026-04-09 18:08:56.550 LOG 3: field 0 0
2026-04-09 18:08:56.600 LOG 3: field 0 0
2026-04-09 18:08:56.650 LOG 3: field 0 0
2026-04-09 18:08:56.700 LOG 3: field 0 0
2026-04-09 18:08:56.750 LOG 3: field 0 0
2026-04-09 18:08:56.800 LOG 3: field 20260410 20260410
2026-04-09 18:08:56.850 LOG 3: field 0 0
2026-04-09 18:08:56.900 LOG 3: field 0 0
2026-04-09 18:08:56.950 LOG 3: float_fields 
2026-04-09 18:08:56.000 LOG 3: field 1.0 1.0
2026-04-09 18:08:56.050 LOG 3: field 105.89 105.89
2026-04-09 18:08:56.100 LOG 3: field 1058.9 1058.9
2026-04-09 18:08:56.150 LOG 3: field 0.0 0.0
2026-04-09 18:08:56.200 LOG 3: field 15.03 15.03
2026-04-09 18:08:56.250 LOG 3: field 8.43 8.43
2026-04-09 18:08:56.300 LOG 3: field 0.0 0.0
2026-04-09 18:08:56.350 LOG 3: field 0.0 0.0
2026-04-09 18:08:56.400 LOG 3: field 0.0 0.0
2026-04-09 18:08:56.450 LOG 3: field 0.0 0.0
2026-04-09 18:08:56.500 LOG 3: field 0.0 0.0
2026-04-09 18:08:56.550 LOG 3: field 0.0 0.0
2026-04-09 18:08:56.600 LOG 3: field 0 0
2026-04-09 18:08:56.650 LOG 3: field 0.0 0.0
2026-04-09 18:08:56.700 LOG 3: field 0.0 0.0
2026-04-09 18:08:56.750 LOG 3: field 0 0
2026-04-09 18:08:56.800 LOG 3: field -1 -1
2026-04-09 18:08:56.850 LOG 3: field -1 -1
2026-04-09 18:08:56.900 LOG 3: field 0 0
2026-04-09 18:08:56.950 LOG 3: field 0.0 0.0
2026-04-09 18:08:56.000 LOG 3: field 0.0 0.0
2026-04-09 18:09:06.000 LOG 3: int_fields 
2026-04-09 18:09:06.050 LOG 3: field 77924509061 77924509061
2026-04-09 18:09:06.100 LOG 3: field 77924509061 77924509061
2026-04-09 18:09:06.150 LOG 3: field 1162788 1162788
2026-04-09 18:09:06.200 LOG 3: field 1162788 1162788
2026-04-09 18:09:06.250 LOG 3: field 0 0
2026-04-09 18:09:06.300 LOG 3: field 0 0
2026-04-09 18:09:06.350 LOG 3: field 26 26
2026-04-09 18:09:06.400 LOG 3: field 0 0
2026-04-09 18:09:06.450 LOG 3: field 1 1
2026-04-09 18:09:06.500 LOG 3: field 0 0
2026-04-09 18:09:06.550 LOG 3: field 0 0
2026-04-09 18:09:06.600 LOG 3: field 0 0
2026-04-09 18:09:06.650 LOG 3: field 0 0
2026-04-09 18:09:06.700 LOG 3: field 0 0
2026-04-09 18:09:06.750 LOG 3: field 1 1
2026-04-09 18:09:06.800 LOG 3: field 1 1
2026-04-09 18:09:06.850 LOG 3: field 1 1
2026-04-09 18:09:06.900 LOG 3: field 0 0
2026-04-09 18:09:06.950 LOG 3: field -1 -1
2026-04-09 18:09:06.000 LOG 3: field 0 0
2026-04-09 18:09:06.050 LOG 3: field 0 0
2026-04-09 18:09:06.100 LOG 3: field 0 0
2026-04-09 18:09:06.150 LOG 3: field 0 0
2026-04-09 18:09:06.200 LOG 3: field 0 0
2026-04-09 18:09:06.250 LOG 3: field 0 0
2026-04-09 18:09:06.300 LOG 3: field 0 0
2026-04-09 18:09:06.350 LOG 3: field 0 0
2026-04-09 18:09:06.400 LOG 3: field 0 0
2026-04-09 18:09:06.450 LOG 3: field 0 0
2026-04-09 18:09:06.500 LOG 3: field 0 0
2026-04-09 18:09:06.550 LOG 3: field 0 0
2026-04-09 18:09:06.600 LOG 3: field 20260410 20260410
2026-04-09 18:09:06.650 LOG 3: field 0 0
2026-04-09 18:09:06.700 LOG 3: field 0 0
2026-04-09 18:09:06.750 LOG 3: float_fields 
2026-04-09 18:09:06.800 LOG 3: field 1.0 1.0
2026-04-09 18:09:06.850 LOG 3: field 98.67 98.67
2026-04-09 18:09:06.900 LOG 3: field 986.7 986.7
2026-04-09 18:09:06.950 LOG 3: field 0.0 0.0
2026-04-09 18:09:06.000 LOG 3: field 14.95 14.95
2026-04-09 18:09:06.050 LOG 3: field 14.47 14.47
2026-04-09 18:09:06.100 LOG 3: field 0.0 0.0
2026-04-09 18:09:06.150 LOG 3: field 0.0 0.0
2026-04-09 18:09:06.200 LOG 3: field 0.0 0.0
2026-04-09 18:09:06.250 LOG 3: field 0.0 0.0
2026-04-09 18:09:06.300 LOG 3: field 0.0 0.0
2026-04-09 18:09:06.350 LOG 3: field 0.0 0.0
2026-04-09 18:09:06.400 LOG 3: field 0 0
2026-04-09 18:09:06.450 LOG 3: field 0.0 0.0
2026-04-09 18:09:06.500 LOG 3: field 0.0 0.0
2026-04-09 18:09:06.550 LOG 3: field 0 0
2026-04-09 18:09:06.600 LOG 3: field -1 -1
2026-04-09 18:09:06.650 LOG 3: field -1 -1
2026-04-09 18:09:06.700 LOG 3: field 0 0
2026-04-09 18:09:06.750 LOG 3: field 0.0 0.0
2026-04-09 18:09:06.800 LOG 3: field 0.0 0.0
2026-04-09 18:09:06.850 LOG 3: int_fields 
2026-04-09 18:09:06.900 LOG 3: field 77924527921 77924527921
2026-04-09 18:09:06.950 LOG 3: field 77924527921 77924527921
2026-04-09 18:09:06.000 LOG 3: field 1162788 1162788
2026-04-09 18:09:06.050 LOG 3: field 0 0
2026-04-09 18:09:06.100 LOG 3: field 0 0
2026-04-09 18:09:06.150 LOG 3: field 0 0
2026-04-09 18:09:06.200 LOG 3: field 25 25
2026-04-09 18:09:06.250 LOG 3: field 0 0
2026-04-09 18:09:06.300 LOG 3: field 1 1
2026-04-09 18:09:06.350 LOG 3: field 0 0
2026-04-09 18:09:06.400 LOG 3: field 0 0
2026-04-09 18:09:06.450 LOG 3: field 0 0
2026-04-09 18:09:06.500 LOG 3: field 0 0
2026-04-09 18:09:06.550 LOG 3: field 0 0
2026-04-09 18:09:06.600 LOG 3: field 1 1
2026-04-09 18:09:06.650 LOG 3: field 1 1
2026-04-09 18:09:06.700 LOG 3: field 1 1
2026-04-09 18:09:06.750 LOG 3: field 0 0
2026-04-09 18:09:06.800 LOG 3: field -1 -1
2026-04-09 18:09:06.850 LOG 3: field 0 0
2026-04-09 18:09:06.900 LOG 3: field 0 0
2026-04-09 18:09:06.950 LOG 3: field 0 0
2026-04-09 18:09:06.000 LOG 3: field 0 0
2026-04-09 18:09:06.050 LOG 3: field 0 0
2026-04-09 18:09:06.100 LOG 3: field 0 0
2026-04-09 18:09:06.150 LOG 3: field 0 0
2026-04-09 18:09:06.200 LOG 3: field 0 0
2026-04-09 18:09:06.250 LOG 3: field 0 0
2026-04-09 18:09:06.300 LOG 3: field 0 0
2026-04-09 18:09:06.350 LOG 3: field 0 0
2026-04-09 18:09:06.400 LOG 3: field 0 0
2026-04-09 18:09:06.450 LOG 3: field 20260410 20260410
2026-04-09 18:09:06.500 LOG 3: field 0 0
2026-04-09 18:09:06.550 LOG 3: field 0 0
2026-04-09 18:09:06.600 LOG 3: float_fields 
2026-04-09 18:09:06.650 LOG 3: field 1.0 1.0
2026-04-09 18:09:06.700 LOG 3: field 98.67 98.67
2026-04-09 18:09:06.750 LOG 3: field 986.7 986.7
2026-04-09 18:09:06.800 LOG 3: field 0.0 0.0
2026-04-09 18:09:06.850 LOG 3: field 14.95 14.95
2026-04-09 18:09:06.900 LOG 3: field 14.47 14.47
2026-04-09 18:09:06.950 LOG 3: field 0.0 0.0
2026-04-09 18:09:06.000 LOG 3: field 0.0 0.0
2026-04-09 18:09:06.050 LOG 3: field 0.0 0.0
2026-04-09 18:09:06.100 LOG 3: field 0.0 0.0
2026-04-09 18:09:06.150 LOG 3: field 0.0 0.0
2026-04-09 18:09:06.200 LOG 3: field 0.0 0.0
2026-04-09 18:09:06.250 LOG 3: field 0 0
2026-04-09 18:09:06.300 LOG 3: field 0.0 0.0
2026-04-09 18:09:06.350 LOG 3: field 0.0 0.0
2026-04-09 18:09:06.400 LOG 3: field 0 0
2026-04-09 18:09:06.450 LOG 3: field -1 -1
2026-04-09 18:09:06.500 LOG 3: field -1 -1
2026-04-09 18:09:06.550 LOG 3: field 0 0
2026-04-09 18:09:06.600 LOG 3: field 0.0 0.0
2026-04-09 18:09:06.650 LOG 3: field 0.0 0.0
2026-04-09 18:09:06.700 LOG 3: int_fields 
2026-04-09 18:09:06.750 LOG 3: field 77947783631 77947783631
2026-04-09 18:09:06.800 LOG 3: field 77947783631 77947783631
2026-04-09 18:09:06.850 LOG 3: field 1162788 1162788
2026-04-09 18:09:06.900 LOG 3: field 0 0
2026-04-09 18:09:06.950 LOG 3: field 0 0
2026-04-09 18:09:06.000 LOG 3: field 9180729 9180729
2026-04-09 18:09:06.050 LOG 3: field 25 25
2026-04-09 18:09:06.100 LOG 3: field 0 0
2026-04-09 18:09:06.150 LOG 3: field 1 1
2026-04-09 18:09:06.200 LOG 3: field 0 0
2026-04-09 18:09:06.250 LOG 3: field 0 0
2026-04-09 18:09:06.300 LOG 3: field 0 0
2026-04-09 18:09:06.350 LOG 3: field 0 0
2026-04-09 18:09:06.400 LOG 3: field 0 0
2026-04-09 18:09:06.450 LOG 3: field 1 1
2026-04-09 18:09:06.500 LOG 3: field 1 1
2026-04-09 18:09:06.550 LOG 3: field 1 1
2026-04-09 18:09:06.600 LOG 3: field 0 0
2026-04-09 18:09:06.650 LOG 3: field -1 -1
2026-04-09 18:09:06.700 LOG 3: field 0 0
2026-04-09 18:09:06.750 LOG 3: field 0 0
2026-04-09 18:09:06.800 LOG 3: field 0 0
2026-04-09 18:09:06.850 LOG 3: field 0 0
2026-04-09 18:09:06.900 LOG 3: field 0 0
2026-04-09 18:09:06.950 LOG 3: field 0 0
2026-04-09 18:09:06.000 LOG 3: field 0 0
2026-04-09 18:09:06.050 LOG 3: field 0 0
2026-04-09 18:09:06.100 LOG 3: field 0 0
2026-04-09 18:09:06.150 LOG 3: field 0 0
2026-04-09 18:09:06.200 LOG 3: field 0 0
2026-04-09 18:09:06.250 LOG 3: field 0 0
2026-04-09 18:09:06.300 LOG 3: field 20260410 20260410
2026-04-09 18:09:06.350 LOG 3: field 0 0
2026-04-09 18:09:06.400 LOG 3: field 0 0
2026-04-09 18:09:06.450 LOG 3: float_fields 
2026-04-09 18:09:06.500 LOG 3: field 1.0 1.0
2026-04-09 18:09:06.550 LOG 3: field 100.99 100.99
2026-04-09 18:09:06.600 LOG 3: field 1009.9 1009.9
2026-04-09 18:09:06.650 LOG 3: field 0.0 0.0
2026-04-09 18:09:06.700 LOG 3: field 12.44 12.44
2026-04-09 18:09:06.750 LOG 3: field 28.88 28.88
2026-04-09 18:09:06.800 LOG 3: field 0.0 0.0
2026-04-09 18:09:06.850 LOG 3: field 0.0 0.0
2026-04-09 18:09:06.900 LOG 3: field 0.0 0.0
2026-04-09 18:09:06.950 LOG 3: field 0.0 0.0
2026-04-09 18:09:06.000 LOG 3: field 0.0 0.0
2026-04-09 18:09:06.050 LOG 3: field 0.0 0.0
2026-04-09 18:09:06.100 LOG 3: field 0 0
2026-04-09 18:09:06.150 LOG 3: field 0.0 0.0
2026-04-09 18:09:06.200 LOG 3: field 0.0 0.0
2026-04-09 18:09:06.250 LOG 3: field 0 0
2026-04-09 18:09:06.300 LOG 3: field -1 -1
2026-04-09 18:09:06.350 LOG 3: field -1 -1
2026-04-09 18:09:06.400 LOG 3: field 0 0
2026-04-09 18:09:06.450 LOG 3: field 0.0 0.0
2026-04-09 18:09:06.500 LOG 3: field 0.0 0.0
2026-04-09 18:09:06.550 LOG 3: int_fields 
2026-04-09 18:09:06.600 LOG 3: field 77947788055 77947788055
2026-04-09 18:09:06.650 LOG 3: field 77947788055 77947788055
2026-04-09 18:09:06.700 LOG 3: field 1162788 1162788
2026-04-09 18:09:06.750 LOG 3: field 0 0
2026-04-09 18:09:06.800 LOG 3: field 0 0
2026-04-09 18:09:06.850 LOG 3: field 9180730 9180730
2026-04-09 18:09:06.900 LOG 3: field 25 25
2026-04-09 18:09:06.950 LOG 3: field 0 0
2026-04-09 18:09:06.000 LOG 3: field 1 1
2026-04-09 18:09:06.050 LOG 3: field 0 0
2026-04-09 18:09:06.100 LOG 3: field 0 0
2026-04-09 18:09:06.150 LOG 3: field 0 0
2026-04-09 18:09:06.200 LOG 3: field 0 0
2026-04-09 18:09:06.250 LOG 3: field 0 0
2026-04-09 18:09:06.300 LOG 3: field 1 1
2026-04-09 18:09:06.350 LOG 3: field 1 1
2026-04-09 18:09:06.400 LOG 3: field 1 1
2026-04-09 18:09:06.450 LOG 3: field 0 0
2026-04-09 18:09:06.500 LOG 3: field -1 -1
2026-04-09 18:09:06.550 LOG 3: field 0 0
2026-04-09 18:09:06.600 LOG 3: field 0 0
2026-04-09 18:09:06.650 LOG 3: field 0 0
2026-04-09 18:09:06.700 LOG 3: field 0 0
2026-04-09 18:09:06.750 LOG 3: field 0 0
2026-04-09 18:09:06.800 LOG 3: field 0 0
2026-04-09 18:09:06.850 LOG 3: field 0 0
2026-04-09 18:09:06.900 LOG 3: field 0 0
2026-04-09 18:09:06.950 LOG 3: field 0 0
2026-04-09 18:09:06.000 LOG 3: field 0 0
2026-04-09 18:09:06.050 LOG 3: field 0 0
2026-04-09 18:09:06.100 LOG 3: field 0 0
2026-04-09 18:09:06.150 LOG 3: field 20260410 20260410
2026-04-09 18:09:06.200 LOG 3: field 0 0
2026-04-09 18:09:06.250 LOG 3: field 0 0
2026-04-09 18:09:06.300 LOG 3: float_fields 
2026-04-09 18:09:06.350 LOG 3: field 1.0 1.0
2026-04-09 18:09:06.400 LOG 3: field 102.9 102.9
2026-04-09 18:09:06.450 LOG 3: field 1029.0 1029.0
2026-04-09 18:09:06.500 LOG 3: field 0.0 0.0
2026-04-09 18:09:06.550 LOG 3: field 15.1 15.1
2026-04-09 18:09:06.600 LOG 3: field 65.67 65.67
2026-04-09 18:09:06.650 LOG 3: field 0.0 0.0
2026-04-09 18:09:06.700 LOG 3: field 0.0 0.0
2026-04-09 18:09:06.750 LOG 3: field 0.0 0.0
2026-04-09 18:09:06.800 LOG 3: field 0.0 0.0
2026-04-09 18:09:06.850 LOG 3: field 0.0 0.0
2026-04-09 18:09:06.900 LOG 3: field 0.0 0.0
2026-04-09 18:09:06.950 LOG 3: field 0 0
2026-04-09 18:09:06.000 LOG 3: field 0.0 0.0
2026-04-09 18:09:06.050 LOG 3: field 0.0 0.0
2026-04-09 18:09:06.100 LOG 3: field 0 0
2026-04-09 18:09:06.150 LOG 3: field -1 -1
2026-04-09 18:09:06.200 LOG 3: field -1 -1
2026-04-09 18:09:06.250 LOG 3: field 0 0
2026-04-09 18:09:06.300 LOG 3: field 0.0 0.0
2026-04-09 18:09:06.350 LOG 3: field 0.0 0.0
2026-04-09 18:09:06.400 LOG 3: int_fields 
2026-04-09 18:09:06.450 LOG 3: field 77947793758 77947793758
2026-04-09 18:09:06.500 LOG 3: field 77947793758 77947793758
2026-04-09 18:09:06.550 LOG 3: field 1162788 1162788
2026-04-09 18:09:06.600 LOG 3: field 0 0
2026-04-09 18:09:06.650 LOG 3: field 0 0
2026-04-09 18:09:06.700 LOG 3: field 9180731 9180731
2026-04-09 18:09:06.750 LOG 3: field 25 25
2026-04-09 18:09:06.800 LOG 3: field 0 0
2026-04-09 18:09:06.850 LOG 3: field 1 1
2026-04-09 18:09:06.900 LOG 3: field 0 0
2026-04-09 18:09:06.950 LOG 3: field 0 0
2026-04-09 18:09:06.000 LOG 3: field 0 0
2026-04-09 18:09:06.050 LOG 3: field 0 0
2026-04-09 18:09:06.100 LOG 3: field 0 0
2026-04-09 18:09:06.150 LOG 3: field 1 1
2026-04-09 18:09:06.200 LOG 3: field 1 1
2026-04-09 18:09:06.250 LOG 3: field 1 1
2026-04-09 18:09:06.300 LOG 3: field 0 0
2026-04-09 18:09:06.350 LOG 3: field -1 -1
2026-04-09 18:09:06.400 LOG 3: field 0 0
2026-04-09 18:09:06.450 LOG 3: field 0 0
2026-04-09 18:09:06.500 LOG 3: field 0 0
2026-04-09 18:09:06.550 LOG 3: field 0 0
2026-04-09 18:09:06.600 LOG 3: field 0 0
2026-04-09 18:09:06.650 LOG 3: field 0 0
2026-04-09 18:09:06.700 LOG 3: field 0 0
2026-04-09 18:09:06.750 LOG 3: field 0 0
2026-04-09 18:09:06.800 LOG 3: field 0 0
2026-04-09 18:09:06.850 LOG 3: field 0 0
2026-04-09 18:09:06.900 LOG 3: field 0 0
2026-04-09 18:09:06.950 LOG 3: field 0 0
2026-04-09 18:09:06.000 LOG 3: field 20260410 20260410
2026-04-09 18:09:06.050 LOG 3: field 0 0
2026-04-09 18:09:06.100 LOG 3: field 0 0
2026-04-09 18:09:06.150 LOG 3: float_fields 
2026-04-09 18:09:06.200 LOG 3: field 1.0 1.0
2026-04-09 18:09:06.250 LOG 3: field 105.89 105.89
2026-04-09 18:09:06.300 LOG 3: field 1058.9 1058.9
2026-04-09 18:09:06.350 LOG 3: field 0.0 0.0
2026-04-09 18:09:06.400 LOG 3: field 15.03 15.03
2026-04-09 18:09:06.450 LOG 3: field 8.43 8.43
2026-04-09 18:09:06.500 LOG 3: field 0.0 0.0
2026-04-09 18:09:06.550 LOG 3: field 0.0 0.0
2026-04-09 18:09:06.600 LOG 3: field 0.0 0.0
2026-04-09 18:09:06.650 LOG 3: field 0.0 0.0
2026-04-09 18:09:06.700 LOG 3: field 0.0 0.0
2026-04-09 18:09:06.750 LOG 3: field 0.0 0.0
2026-04-09 18:09:06.800 LOG 3: field 0 0
2026-04-09 18:09:06.850 LOG 3: field 0.0 0.0
2026-04-09 18:09:06.900 LOG 3: field 0.0 0.0
2026-04-09 18:09:06.950 LOG 3: field 0 0
2026-04-09 18:09:06.000 LOG 3: field -1 -1
2026-04-09 18:09:06.050 LOG 3: field -1 -1
2026-04-09 18:09:06.100 LOG 3: field 0 0
2026-04-09 18:09:06.150 LOG 3: field 0.0 0.0
2026-04-09 18:09:06.200 LOG 3: field 0.0 0.0
2026-04-09 18:09:06.350 LOG 3: int_fields 
2026-04-09 18:09:06.400 LOG 3: field 77924509061 77924509061
2026-04-09 18:09:06.450 LOG 3: field 77924509061 77924509061
2026-04-09 18:09:06.500 LOG 3: field 1162788 1162788
2026-04-09 18:09:06.550 LOG 3: field 1162788 1162788
2026-04-09 18:09:06.600 LOG 3: field 0 0
2026-04-09 18:09:06.650 LOG 3: field 0 0
2026-04-09 18:09:06.700 LOG 3: field 26 26
2026-04-09 18:09:06.750 LOG 3: field 0 0
2026-04-09 18:09:06.800 LOG 3: field 1 1
2026-04-09 18:09:06.850 LOG 3: field 0 0
2026-04-09 18:09:06.900 LOG 3: field 0 0
2026-04-09 18:09:06.950 LOG 3: field 0 0
2026-04-09 18:09:06.000 LOG 3: field 0 0
2026-04-09 18:09:06.050 LOG 3: field 0 0
2026-04-09 18:09:06.100 LOG 3: field 1 1
2026-04-09 18:09:06.150 LOG 3: field 1 1
2026-04-09 18:09:06.200 LOG 3: field 1 1
2026-04-09 18:09:06.250 LOG 3: field 0 0
2026-04-09 18:09:06.300 LOG 3: field -1 -1
2026-04-09 18:09:06.350 LOG 3: field 0 0
2026-04-09 18:09:06.400 LOG 3: field 0 0
2026-04-09 18:09:06.450 LOG 3: field 0 0
2026-04-09 18:09:06.500 LOG 3: field 0 0
2026-04-09 18:09:06.550 LOG 3: field 0 0
2026-04-09 18:09:06.600 LOG 3: field 0 0
2026-04-09 18:09:06.650 LOG 3: field 0 0
2026-04-09 18:09:06.700 LOG 3: field 0 0
2026-04-09 18:09:06.750 LOG 3: field 0 0
2026-04-09 18:09:06.800 LOG 3: field 0 0
2026-04-09 18:09:06.850 LOG 3: field 0 0
2026-04-09 18:09:06.900 LOG 3: field 0 0
2026-04-09 18:09:06.950 LOG 3: field 20260410 20260410
2026-04-09 18:09:06.000 LOG 3: field 0 0
2026-04-09 18:09:06.050 LOG 3: field 0 0
2026-04-09 18:09:06.100 LOG 3: float_fields 
2026-04-09 18:09:06.150 LOG 3: field 1.0 1.0
2026-04-09 18:09:06.200 LOG 3: field 98.67 98.67
2026-04-09 18:09:06.250 LOG 3: field 986.7 986.7
2026-04-09 18:09:06.300 LOG 3: field 0.0 0.0
2026-04-09 18:09:06.350 LOG 3: field 14.95 14.95
2026-04-09 18:09:06.400 LOG 3: field 14.47 14.47
2026-04-09 18:09:06.450 LOG 3: field 0.0 0.0
2026-04-09 18:09:06.500 LOG 3: field 0.0 0.0
2026-04-09 18:09:06.550 LOG 3: field 0.0 0.0
2026-04-09 18:09:06.600 LOG 3: field 0.0 0.0
2026-04-09 18:09:06.650 LOG 3: field 0.0 0.0
2026-04-09 18:09:06.700 LOG 3: field 0.0 0.0
2026-04-09 18:09:06.750 LOG 3: field 0 0
2026-04-09 18:09:06.800 LOG 3: field 0.0 0.0
2026-04-09 18:09:06.850 LOG 3: field 0.0 0.0
2026-04-09 18:09:06.900 LOG 3: field 0 0
2026-04-09 18:09:06.950 LOG 3: field -1 -1
2026-04-09 18:09:06.000 LOG 3: field -1 -1
2026-04-09 18:09:06.050 LOG 3: field 0 0
2026-04-09 18:09:06.100 LOG 3: field 0.0 0.0
2026-04-09 18:09:06.150 LOG 3: field 0.0 0.0
2026-04-09 18:09:06.200 LOG 3: int_fields 
2026-04-09 18:09:06.250 LOG 3: field 77924527921 77924527921
2026-04-09 18:09:06.300 LOG 3: field 77924527921 77924527921
2026-04-09 18:09:06.350 LOG 3: field 1162788 1162788
2026-04-09 18:09:06.400 LOG 3: field 0 0
2026-04-09 18:09:06.450 LOG 3: field 0 0
2026-04-09 18:09:06.500 LOG 3: field 0 0
2026-04-09 18:09:06.550 LOG 3: field 25 25
2026-04-09 18:09:06.600 LOG 3: field 0 0
2026-04-09 18:09:06.650 LOG 3: field 1 1
2026-04-09 18:09:06.700 LOG 3: field 0 0
2026-04-09 18:09:06.750 LOG 3: field 0 0
2026-04-09 18:09:06.800 LOG 3: field 0 0
2026-04-09 18:09:06.850 LOG 3: field 0 0
2026-04-09 18:09:06.900 LOG 3: field 0 0
2026-04-09 18:09:06.950 LOG 3: field 1 1
2026-04-09 18:09:06.000 LOG 3: field 1 1
2026-04-09 18:09:06.050 LOG 3: field 1 1
2026-04-09 18:09:06.100 LOG 3: field 0 0
2026-04-09 18:09:06.150 LOG 3: field -1 -1
2026-04-09 18:09:06.200 LOG 3: field 0 0
2026-04-09 18:09:06.250 LOG 3: field 0 0
2026-04-09 18:09:06.300 LOG 3: field 0 0
2026-04-09 18:09:06.350 LOG 3: field 0 0
2026-04-09 18:09:06.400 LOG 3: field 0 0
2026-04-09 18:09:06.450 LOG 3: field 0 0
2026-04-09 18:09:06.500 LOG 3: field 0 0
2026-04-09 18:09:06.550 LOG 3: field 0 0
2026-04-09 18:09:06.600 LOG 3: field 0 0
2026-04-09 18:09:06.650 LOG 3: field 0 0
2026-04-09 18:09:06.700 LOG 3: field 0 0
2026-04-09 18:09:06.750 LOG 3: field 0 0
2026-04-09 18:09:06.800 LOG 3: field 20260410 20260410
2026-04-09 18:09:06.850 LOG 3: field 0 0
2026-04-09 18:09:06.900 LOG 3: field 0 0
2026-04-09 18:09:06.950 LOG 3: float_fields 
2026-04-09 18:09:06.000 LOG 3: field 1.0 1.0
2026-04-09 18:09:06.050 LOG 3: field 98.67 98.67
2026-04-09 18:09:06.100 LOG 3: field 986.7 986.7
2026-04-09 18:09:06.150 LOG 3: field 0.0 0.0
2026-04-09 18:09:06.200 LOG 3: field 14.95 14.95
2026-04-09 18:09:06.250 LOG 3: field 14.47 14.47
2026-04-09 18:09:06.300 LOG 3: field 0.0 0.0
2026-04-09 18:09:06.350 LOG 3: field 0.0 0.0
2026-04-09 18:09:06.400 LOG 3: field 0.0 0.0
2026-04-09 18:09:06.450 LOG 3: field 0.0 0.0
2026-04-09 18:09:06.500 LOG 3: field 0.0 0.0
2026-04-09 18:09:06.550 LOG 3: field 0.0 0.0
2026-04-09 18:09:06.600 LOG 3: field 0 0
2026-04-09 18:09:06.650 LOG 3: field 0.0 0.0
2026-04-09 18:09:06.700 LOG 3: field 0.0 0.0
2026-04-09 18:09:06.750 LOG 3: field 0 0
2026-04-09 18:09:06.800 LOG 3: field -1 -1
2026-04-09 18:09:06.850 LOG 3: field -1 -1
2026-04-09 18:09:06.900 LOG 3: field 0 0
2026-04-09 18:09:06.950 LOG 3: field 0.0 0.0
2026-04-09 18:09:06.000 LOG 3: field 0.0 0.0
2026-04-09 18:09:06.050 LOG 3: int_fields 
2026-04-09 18:09:06.100 LOG 3: field 77947783631 77947783631
2026-04-09 18:09:06.150 LOG 3: field 77947783631 77947783631
2026-04-09 18:09:06.200 LOG 3: field 1162788 1162788
2026-04-09 18:09:06.250 LOG 3: field 0 0
2026-04-09 18:09:06.300 LOG 3: field 0 0
2026-04-09 18:09:06.350 LOG 3: field 9180729 9180729
2026-04-09 18:09:06.400 LOG 3: field 25 25
2026-04-09 18:09:06.450 LOG 3: field 0 0
2026-04-09 18:09:06.500 LOG 3: field 1 1
2026-04-09 18:09:06.550 LOG 3: field 0 0
2026-04-09 18:09:06.600 LOG 3: field 0 0
2026-04-09 18:09:06.650 LOG 3: field 0 0
2026-04-09 18:09:06.700 LOG 3: field 0 0
2026-04-09 18:09:06.750 LOG 3: field 0 0
2026-04-09 18:09:06.800 LOG 3: field 1 1
2026-04-09 18:09:06.850 LOG 3: field 1 1
2026-04-09 18:09:06.900 LOG 3: field 1 1
2026-04-09 18:09:06.950 LOG 3: field 0 0
2026-04-09 18:09:06.000 LOG 3: field -1 -1
2026-04-09 18:09:06.050 LOG 3: field 0 0
2026-04-09 18:09:06.100 LOG 3: field 0 0
2026-04-09 18:09:06.150 LOG 3: field 0 0
2026-04-09 18:09:06.200 LOG 3: field 0 0
2026-04-09 18:09:06.250 LOG 3: field 0 0
2026-04-09 18:09:06.300 LOG 3: field 0 0
2026-04-09 18:09:06.350 LOG 3: field 0 0
2026-04-09 18:09:06.400 LOG 3: field 0 0
2026-04-09 18:09:06.450 LOG 3: field 0 0
2026-04-09 18:09:06.500 LOG 3: field 0 0
2026-04-09 18:09:06.550 LOG 3: field 0 0
2026-04-09 18:09:06.600 LOG 3: field 0 0
2026-04-09 18:09:06.650 LOG 3: field 20260410 20260410
2026-04-09 18:09:06.700 LOG 3: field 0 0
2026-04-09 18:09:06.750 LOG 3: field 0 0
2026-04-09 18:09:06.800 LOG 3: float_fields 
2026-04-09 18:09:06.850 LOG 3: field 1.0 1.0
2026-04-09 18:09:06.900 LOG 3: field 100.99 100.99
2026-04-09 18:09:06.950 LOG 3: field 1009.9 1009.9
2026-04-09 18:09:06.000 LOG 3: field 0.0 0.0
2026-04-09 18:09:06.050 LOG 3: field 12.44 12.44
2026-04-09 18:09:06.100 LOG 3: field 28.88 28.88
2026-04-09 18:09:06.150 LOG 3: field 0.0 0.0
2026-04-09 18:09:06.200 LOG 3: field 0.0 0.0
2026-04-09 18:09:06.250 LOG 3: field 0.0 0.0
2026-04-09 18:09:06.300 LOG 3: field 0.0 0.0
2026-04-09 18:09:06.350 LOG 3: field 0.0 0.0
2026-04-09 18:09:06.400 LOG 3: field 0.0 0.0
2026-04-09 18:09:06.450 LOG 3: field 0 0
2026-04-09 18:09:06.500 LOG 3: field 0.0 0.0
2026-04-09 18:09:06.550 LOG 3: field 0.0 0.0
2026-04-09 18:09:06.600 LOG 3: field 0 0
2026-04-09 18:09:06.650 LOG 3: field -1 -1
2026-04-09 18:09:06.700 LOG 3: field -1 -1
2026-04-09 18:09:06.750 LOG 3: field 0 0
2026-04-09 18:09:06.800 LOG 3: field 0.0 0.0
2026-04-09 18:09:06.850 LOG 3: field 0.0 0.0
2026-04-09 18:09:06.900 LOG 3: int_fields 
2026-04-09 18:09:06.950 LOG 3: field 77947788055 77947788055
2026-04-09 18:09:06.000 LOG 3: field 77947788055 77947788055
2026-04-09 18:09:06.050 LOG 3: field 1162788 1162788
2026-04-09 18:09:06.100 LOG 3: field 0 0
2026-04-09 18:09:06.150 LOG 3: field 0 0
2026-04-09 18:09:06.200 LOG 3: field 9180730 9180730
2026-04-09 18:09:06.250 LOG 3: field 25 25
2026-04-09 18:09:06.300 LOG 3: field 0 0
2026-04-09 18:09:06.350 LOG 3: field 1 1
2026-04-09 18:09:06.400 LOG 3: field 0 0
2026-04-09 18:09:06.450 LOG 3: field 0 0
2026-04-09 18:09:06.500 LOG 3: field 0 0
2026-04-09 18:09:06.550 LOG 3: field 0 0
2026-04-09 18:09:06.600 LOG 3: field 0 0
2026-04-09 18:09:06.650 LOG 3: field 1 1
2026-04-09 18:09:06.700 LOG 3: field 1 1
2026-04-09 18:09:06.750 LOG 3: field 1 1
2026-04-09 18:09:06.800 LOG 3: field 0 0
2026-04-09 18:09:06.850 LOG 3: field -1 -1
2026-04-09 18:09:06.900 LOG 3: field 0 0
2026-04-09 18:09:06.950 LOG 3: field 0 0
2026-04-09 18:09:06.000 LOG 3: field 0 0
2026-04-09 18:09:06.050 LOG 3: field 0 0
2026-04-09 18:09:06.100 LOG 3: field 0 0
2026-04-09 18:09:06.150 LOG 3: field 0 0
2026-04-09 18:09:06.200 LOG 3: field 0 0
2026-04-09 18:09:06.250 LOG 3: field 0 0
2026-04-09 18:09:06.300 LOG 3: field 0 0
2026-04-09 18:09:06.350 LOG 3: field 0 0
2026-04-09 18:09:06.400 LOG 3: field 0 0
2026-04-09 18:09:06.450 LOG 3: field 0 0
2026-04-09 18:09:06.500 LOG 3: field 20260410 20260410
2026-04-09 18:09:06.550 LOG 3: field 0 0
2026-04-09 18:09:06.600 LOG 3: field 0 0
2026-04-09 18:09:06.650 LOG 3: float_fields 
2026-04-09 18:09:06.700 LOG 3: field 1.0 1.0
2026-04-09 18:09:06.750 LOG 3: field 102.9 102.9
2026-04-09 18:09:06.800 LOG 3: field 1029.0 1029.0
2026-04-09 18:09:06.850 LOG 3: field 0.0 0.0
2026-04-09 18:09:06.900 LOG 3: field 15.1 15.1
2026-04-09 18:09:06.950 LOG 3: field 65.67 65.67
2026-04-09 18:09:06.000 LOG 3: field 0.0 0.0
2026-04-09 18:09:06.050 LOG 3: field 0.0 0.0
2026-04-09 18:09:06.100 LOG 3: field 0.0 0.0
2026-04-09 18:09:06.150 LOG 3: field 0.0 0.0
2026-04-09 18:09:06.200 LOG 3: field 0.0 0.0
2026-04-09 18:09:06.250 LOG 3: field 0.0 0.0
2026-04-09 18:09:06.300 LOG 3: field 0 0
2026-04-09 18:09:06.350 LOG 3: field 0.0 0.0
2026-04-09 18:09:06.400 LOG 3: field 0.0 0.0
2026-04-09 18:09:06.450 LOG 3: field 0 0
2026-04-09 18:09:06.500 LOG 3: field -1 -1
2026-04-09 18:09:06.550 LOG 3: field -1 -1
2026-04-09 18:09:06.600 LOG 3: field 0 0
2026-04-09 18:09:06.650 LOG 3: field 0.0 0.0
2026-04-09 18:09:06.700 LOG 3: field 0.0 0.0
2026-04-09 18:09:06.750 LOG 3: int_fields 
2026-04-09 18:09:06.800 LOG 3: field 77947793758 77947793758
2026-04-09 18:09:06.850 LOG 3: field 77947793758 77947793758
2026-04-09 18:09:06.900 LOG 3: field 1162788 1162788
2026-04-09 18:09:06.950 LOG 3: field 0 0
2026-04-09 18:09:06.000 LOG 3: field 0 0
2026-04-09 18:09:06.050 LOG 3: field 9180731 9180731
2026-04-09 18:09:06.100 LOG 3: field 25 25
2026-04-09 18:09:06.150 LOG 3: field 0 0
2026-04-09 18:09:06.200 LOG 3: field 1 1
2026-04-09 18:09:06.250 LOG 3: field 0 0
2026-04-09 18:09:06.300 LOG 3: field 0 0
2026-04-09 18:09:06.350 LOG 3: field 0 0
2026-04-09 18:09:06.400 LOG 3: field 0 0
2026-04-09 18:09:06.450 LOG 3: field 0 0
2026-04-09 18:09:06.500 LOG 3: field 1 1
2026-04-09 18:09:06.550 LOG 3: field 1 1
2026-04-09 18:09:06.600 LOG 3: field 1 1
2026-04-09 18:09:06.650 LOG 3: field 0 0
2026-04-09 18:09:06.700 LOG 3: field -1 -1
2026-04-09 18:09:06.750 LOG 3: field 0 0
2026-04-09 18:09:06.800 LOG 3: field 0 0
2026-04-09 18:09:06.850 LOG 3: field 0 0
2026-04-09 18:09:06.900 LOG 3: field 0 0
2026-04-09 18:09:06.950 LOG 3: field 0 0
2026-04-09 18:09:06.000 LOG 3: field 0 0
2026-04-09 18:09:06.050 LOG 3: field 0 0
2026-04-09 18:09:06.100 LOG 3: field 0 0
2026-04-09 18:09:06.150 LOG 3: field 0 0
2026-04-09 18:09:06.200 LOG 3: field 0 0
2026-04-09 18:09:06.250 LOG 3: field 0 0
2026-04-09 18:09:06.300 LOG 3: field 0 0
2026-04-09 18:09:06.350 LOG 3: field 20260410 20260410
2026-04-09 18:09:06.400 LOG 3: field 0 0
2026-04-09 18:09:06.450 LOG 3: field 0 0
2026-04-09 18:09:06.500 LOG 3: float_fields 
2026-04-09 18:09:06.550 LOG 3: field 1.0 1.0
2026-04-09 18:09:06.600 LOG 3: field 105.89 105.89
2026-04-09 18:09:06.650 LOG 3: field 1058.9 1058.9
2026-04-09 18:09:06.700 LOG 3: field 0.0 0.0
2026-04-09 18:09:06.750 LOG 3: field 15.03 15.03
2026-04-09 18:09:06.800 LOG 3: field 8.43 8.43
2026-04-09 18:09:06.850 LOG 3: field 0.0 0.0
2026-04-09 18:09:06.900 LOG 3: field 0.0 0.0
2026-04-09 18:09:06.950 LOG 3: field 0.0 0.0
2026-04-09 18:09:06.000 LOG 3: field 0.0 0.0
2026-04-09 18:09:06.050 LOG 3: field 0.0 0.0
2026-04-09 18:09:06.100 LOG 3: field 0.0 0.0
2026-04-09 18:09:06.150 LOG 3: field 0 0
2026-04-09 18:09:06.200 LOG 3: field 0.0 0.0
2026-04-09 18:09:06.250 LOG 3: field 0.0 0.0
2026-04-09 18:09:06.300 LOG 3: field 0 0
2026-04-09 18:09:06.350 LOG 3: field -1 -1
2026-04-09 18:09:06.400 LOG 3: field -1 -1
2026-04-09 18:09:06.450 LOG 3: field 0 0
2026-04-09 18:09:06.500 LOG 3: field 0.0 0.0
2026-04-09 18:09:06.550 LOG 3: field 0.0 0.0
2026-04-09 18:09:16.100 LOG 3: int_fields 
2026-04-09 18:09:16.150 LOG 3: field 77924509061 77924509061
2026-04-09 18:09:16.200 LOG 3: field 77924509061 77924509061
2026-04-09 18:09:16.250 LOG 3: field 1162788 1162788
2026-04-09 18:09:16.300 LOG 3: field 1162788 1162788
2026-04-09 18:09:16.350 LOG 3: field 0 0
2026-04-09 18:09:16.400 LOG 3: field 0 0
2026-04-09 18:09:16.450 LOG 3: field 26 26
2026-04-09 18:09:16.500 LOG 3: field 0 0
2026-04-09 18:09:16.550 LOG 3: field 1 1
2026-04-09 18:09:16.600 LOG 3: field 0 0
2026-04-09 18:09:16.650 LOG 3: field 0 0
2026-04-09 18:09:16.700 LOG 3: field 0 0
2026-04-09 18:09:16.750 LOG 3: field 0 0
2026-04-09 18:09:16.800 LOG 3: field 0 0
2026-04-09 18:09:16.850 LOG 3: field 1 1
2026-04-09 18:09:16.900 LOG 3: field 1 1
2026-04-09 18:09:16.950 LOG 3: field 1 1
2026-04-09 18:09:16.000 LOG 3: field 0 0
2026-04-09 18:09:16.050 LOG 3: field -1 -1
2026-04-09 18:09:16.100 LOG 3: field 0 0
2026-04-09 18:09:16.150 LOG 3: field 0 0
2026-04-09 18:09:16.200 LOG 3: field 0 0
2026-04-09 18:09:16.250 LOG 3: field 0 0
2026-04-09 18:09:16.300 LOG 3: field 0 0
2026-04-09 18:09:16.350 LOG 3: field 0 0
2026-04-09 18:09:16.400 LOG 3: field 0 0
2026-04-09 18:09:16.450 LOG 3: field 0 0
2026-04-09 18:09:16.500 LOG 3: field 0 0
2026-04-09 18:09:16.550 LOG 3: field 0 0
2026-04-09 18:09:16.600 LOG 3: field 0 0
2026-04-09 18:09:16.650 LOG 3: field 0 0
2026-04-09 18:09:16.700 LOG 3: field 20260410 20260410
2026-04-09 18:09:16.750 LOG 3: field 0 0
2026-04-09 18:09:16.800 LOG 3: field 0 0
2026-04-09 18:09:16.850 LOG 3: float_fields 
2026-04-09 18:09:16.900 LOG 3: field 1.0 1.0
2026-04-09 18:09:16.950 LOG 3: field 98.67 98.67
2026-04-09 18:09:16.000 LOG 3: field 986.7 986.7
2026-04-09 18:09:16.050 LOG 3: field 0.0 0.0
2026-04-09 18:09:16.100 LOG 3: field 14.95 14.95
2026-04-09 18:09:16.150 LOG 3: field 14.47 14.47
2026-04-09 18:09:16.200 LOG 3: field 0.0 0.0
2026-04-09 18:09:16.250 LOG 3: field 0.0 0.0
2026-04-09 18:09:16.300 LOG 3: field 0.0 0.0
2026-04-09 18:09:16.350 LOG 3: field 0.0 0.0
2026-04-09 18:09:16.400 LOG 3: field 0.0 0.0
2026-04-09 18:09:16.450 LOG 3: field 0.0 0.0
2026-04-09 18:09:16.500 LOG 3: field 0 0
2026-04-09 18:09:16.550 LOG 3: field 0.0 0.0
2026-04-09 18:09:16.600 LOG 3: field 0.0 0.0
2026-04-09 18:09:16.650 LOG 3: field 0 0
2026-04-09 18:09:16.700 LOG 3: field -1 -1
2026-04-09 18:09:16.750 LOG 3: field -1 -1
2026-04-09 18:09:16.800 LOG 3: field 0 0
2026-04-09 18:09:16.850 LOG 3: field 0.0 0.0
2026-04-09 18:09:16.900 LOG 3: field 0.0 0.0
2026-04-09 18:09:16.950 LOG 3: int_fields 
2026-04-09 18:09:16.000 LOG 3: field 77924527921 77924527921
2026-04-09 18:09:16.050 LOG 3: field 77924527921 77924527921
2026-04-09 18:09:16.100 LOG 3: field 1162788 1162788
2026-04-09 18:09:16.150 LOG 3: field 0 0
2026-04-09 18:09:16.200 LOG 3: field 0 0
2026-04-09 18:09:16.250 LOG 3: field 0 0
2026-04-09 18:09:16.300 LOG 3: field 25 25
2026-04-09 18:09:16.350 LOG 3: field 0 0
2026-04-09 18:09:16.400 LOG 3: field 1 1
2026-04-09 18:09:16.450 LOG 3: field 0 0
2026-04-09 18:09:16.500 LOG 3: field 0 0
2026-04-09 18:09:16.550 LOG 3: field 0 0
2026-04-09 18:09:16.600 LOG 3: field 0 0
2026-04-09 18:09:16.650 LOG 3: field 0 0
2026-04-09 18:09:16.700 LOG 3: field 1 1
2026-04-09 18:09:16.750 LOG 3: field 1 1
2026-04-09 18:09:16.800 LOG 3: field 1 1
2026-04-09 18:09:16.850 LOG 3: field 0 0
2026-04-09 18:09:16.900 LOG 3: field -1 -1
2026-04-09 18:09:16.950 LOG 3: field 0 0
2026-04-09 18:09:16.000 LOG 3: field 0 0
2026-04-09 18:09:16.050 LOG 3: field 0 0
2026-04-09 18:09:16.100 LOG 3: field 0 0
2026-04-09 18:09:16.150 LOG 3: field 0 0
2026-04-09 18:09:16.200 LOG 3: field 0 0
2026-04-09 18:09:16.250 LOG 3: field 0 0
2026-04-09 18:09:16.300 LOG 3: field 0 0
2026-04-09 18:09:16.350 LOG 3: field 0 0
2026-04-09 18:09:16.400 LOG 3: field 0 0
2026-04-09 18:09:16.450 LOG 3: field 0 0
2026-04-09 18:09:16.500 LOG 3: field 0 0
2026-04-09 18:09:16.550 LOG 3: field 20260410 20260410
2026-04-09 18:09:16.600 LOG 3: field 0 0
2026-04-09 18:09:16.650 LOG 3: field 0 0
2026-04-09 18:09:16.700 LOG 3: float_fields 
2026-04-09 18:09:16.750 LOG 3: field 1.0 1.0
2026-04-09 18:09:16.800 LOG 3: field 98.67 98.67
2026-04-09 18:09:16.850 LOG 3: field 986.7 986.7
2026-04-09 18:09:16.900 LOG 3: field 0.0 0.0
2026-04-09 18:09:16.950 LOG 3: field 14.95 14.95
2026-04-09 18:09:16.000 LOG 3: field 14.47 14.47
2026-04-09 18:09:16.050 LOG 3: field 0.0 0.0
2026-04-09 18:09:16.100 LOG 3: field 0.0 0.0
2026-04-09 18:09:16.150 LOG 3: field 0.0 0.0
2026-04-09 18:09:16.200 LOG 3: field 0.0 0.0
2026-04-09 18:09:16.250 LOG 3: field 0.0 0.0
2026-04-09 18:09:16.300 LOG 3: field 0.0 0.0
2026-04-09 18:09:16.350 LOG 3: field 0 0
2026-04-09 18:09:16.400 LOG 3: field 0.0 0.0
2026-04-09 18:09:16.450 LOG 3: field 0.0 0.0
2026-04-09 18:09:16.500 LOG 3: field 0 0
2026-04-09 18:09:16.550 LOG 3: field -1 -1
2026-04-09 18:09:16.600 LOG 3: field -1 -1
2026-04-09 18:09:16.650 LOG 3: field 0 0
2026-04-09 18:09:16.700 LOG 3: field 0.0 0.0
2026-04-09 18:09:16.750 LOG 3: field 0.0 0.0
2026-04-09 18:09:16.800 LOG 3: int_fields 
2026-04-09 18:09:16.850 LOG 3: field 77947783631 77947783631
2026-04-09 18:09:16.900 LOG 3: field 77947783631 77947783631
2026-04-09 18:09:16.950 LOG 3: field 1162788 1162788
2026-04-09 18:09:16.000 LOG 3: field 0 0
2026-04-09 18:09:16.050 LOG 3: field 0 0
2026-04-09 18:09:16.100 LOG 3: field 9180729 9180729
2026-04-09 18:09:16.150 LOG 3: field 25 25
2026-04-09 18:09:16.200 LOG 3: field 0 0
2026-04-09 18:09:16.250 LOG 3: field 1 1
2026-04-09 18:09:16.300 LOG 3: field 0 0
2026-04-09 18:09:16.350 LOG 3: field 0 0
2026-04-09 18:09:16.400 LOG 3: field 0 0
2026-04-09 18:09:16.450 LOG 3: field 0 0
2026-04-09 18:09:16.500 LOG 3: field 0 0
2026-04-09 18:09:16.550 LOG 3: field 1 1
2026-04-09 18:09:16.600 LOG 3: field 1 1
2026-04-09 18:09:16.650 LOG 3: field 1 1
2026-04-09 18:09:16.700 LOG 3: field 0 0
2026-04-09 18:09:16.750 LOG 3: field -1 -1
2026-04-09 18:09:16.800 LOG 3: field 0 0
2026-04-09 18:09:16.850 LOG 3: field 0 0
2026-04-09 18:09:16.900 LOG 3: field 0 0
2026-04-09 18:09:16.950 LOG 3: field 0 0
2026-04-09 18:09:16.000 LOG 3: field 0 0
2026-04-09 18:09:16.050 LOG 3: field 0 0
2026-04-09 18:09:16.100 LOG 3: field 0 0
2026-04-09 18:09:16.150 LOG 3: field 0 0
2026-04-09 18:09:16.200 LOG 3: field 0 0
2026-04-09 18:09:16.250 LOG 3: field 0 0
2026-04-09 18:09:16.300 LOG 3: field 0 0
2026-04-09 18:09:16.350 LOG 3: field 0 0
2026-04-09 18:09:16.400 LOG 3: field 20260410 20260410
2026-04-09 18:09:16.450 LOG 3: field 0 0
2026-04-09 18:09:16.500 LOG 3: field 0 0
2026-04-09 18:09:16.550 LOG 3: float_fields 
2026-04-09 18:09:16.600 LOG 3: field 1.0 1.0
2026-04-09 18:09:16.650 LOG 3: field 100.99 100.99
2026-04-09 18:09:16.700 LOG 3: field 1009.9 1009.9
2026-04-09 18:09:16.750 LOG 3: field 0.0 0.0
2026-04-09 18:09:16.800 LOG 3: field 12.44 12.44
2026-04-09 18:09:16.850 LOG 3: field 28.88 28.88
2026-04-09 18:09:16.900 LOG 3: field 0.0 0.0
2026-04-09 18:09:16.950 LOG 3: field 0.0 0.0
2026-04-09 18:09:16.000 LOG 3: field 0.0 0.0
2026-04-09 18:09:16.050 LOG 3: field 0.0 0.0
2026-04-09 18:09:16.100 LOG 3: field 0.0 0.0
2026-04-09 18:09:16.150 LOG 3: field 0.0 0.0
2026-04-09 18:09:16.200 LOG 3: field 0 0
2026-04-09 18:09:16.250 LOG 3: field 0.0 0.0
2026-04-09 18:09:16.300 LOG 3: field 0.0 0.0
2026-04-09 18:09:16.350 LOG 3: field 0 0
2026-04-09 18:09:16.400 LOG 3: field -1 -1
2026-04-09 18:09:16.450 LOG 3: field -1 -1
2026-04-09 18:09:16.500 LOG 3: field 0 0
2026-04-09 18:09:16.550 LOG 3: field 0.0 0.0
2026-04-09 18:09:16.600 LOG 3: field 0.0 0.0
2026-04-09 18:09:16.650 LOG 3: int_fields 
2026-04-09 18:09:16.700 LOG 3: field 77947788055 77947788055
2026-04-09 18:09:16.750 LOG 3: field 77947788055 77947788055
2026-04-09 18:09:16.800 LOG 3: field 1162788 1162788
2026-04-09 18:09:16.850 LOG 3: field 0 0
2026-04-09 18:09:16.900 LOG 3: field 0 0
2026-04-09 18:09:16.950 LOG 3: field 9180730 9180730
2026-04-09 18:09:16.000 LOG 3: field 25 25
2026-04-09 18:09:16.050 LOG 3: field 0 0
2026-04-09 18:09:16.100 LOG 3: field 1 1
2026-04-09 18:09:16.150 LOG 3: field 0 0
2026-04-09 18:09:16.200 LOG 3: field 0 0
2026-04-09 18:09:16.250 LOG 3: field 0 0
2026-04-09 18:09:16.300 LOG 3: field 0 0
2026-04-09 18:09:16.350 LOG 3: field 0 0
2026-04-09 18:09:16.400 LOG 3: field 1 1
2026-04-09 18:09:16.450 LOG 3: field 1 1
2026-04-09 18:09:16.500 LOG 3: field 1 1
2026-04-09 18:09:16.550 LOG 3: field 0 0
2026-04-09 18:09:16.600 LOG 3: field -1 -1
2026-04-09 18:09:16.650 LOG 3: field 0 0
2026-04-09 18:09:16.700 LOG 3: field 0 0
2026-04-09 18:09:16.750 LOG 3: field 0 0
2026-04-09 18:09:16.800 LOG 3: field 0 0
2026-04-09 18:09:16.850 LOG 3: field 0 0
2026-04-09 18:09:16.900 LOG 3: field 0 0
2026-04-09 18:09:16.950 LOG 3: field 0 0
2026-04-09 18:09:16.000 LOG 3: field 0 0
2026-04-09 18:09:16.050 LOG 3: field 0 0
2026-04-09 18:09:16.100 LOG 3: field 0 0
2026-04-09 18:09:16.150 LOG 3: field 0 0
2026-04-09 18:09:16.200 LOG 3: field 0 0
2026-04-09 18:09:16.250 LOG 3: field 20260410 20260410
2026-04-09 18:09:16.300 LOG 3: field 0 0
2026-04-09 18:09:16.350 LOG 3: field 0 0
2026-04-09 18:09:16.400 LOG 3: float_fields 
2026-04-09 18:09:16.450 LOG 3: field 1.0 1.0
2026-04-09 18:09:16.500 LOG 3: field 102.9 102.9
2026-04-09 18:09:16.550 LOG 3: field 1029.0 1029.0
2026-04-09 18:09:16.600 LOG 3: field 0.0 0.0
2026-04-09 18:09:16.650 LOG 3: field 15.1 15.1
2026-04-09 18:09:16.700 LOG 3: field 65.67 65.67
2026-04-09 18:09:16.750 LOG 3: field 0.0 0.0
2026-04-09 18:09:16.800 LOG 3: field 0.0 0.0
2026-04-09 18:09:16.850 LOG 3: field 0.0 0.0
2026-04-09 18:09:16.900 LOG 3: field 0.0 0.0
2026-04-09 18:09:16.950 LOG 3: field 0.0 0.0
2026-04-09 18:09:16.000 LOG 3: field 0.0 0.0
2026-04-09 18:09:16.050 LOG 3: field 0 0
2026-04-09 18:09:16.100 LOG 3: field 0.0 0.0
2026-04-09 18:09:16.150 LOG 3: field 0.0 0.0
2026-04-09 18:09:16.200 LOG 3: field 0 0
2026-04-09 18:09:16.250 LOG 3: field -1 -1
2026-04-09 18:09:16.300 LOG 3: field -1 -1
2026-04-09 18:09:16.350 LOG 3: field 0 0
2026-04-09 18:09:16.400 LOG 3: field 0.0 0.0
2026-04-09 18:09:16.450 LOG 3: field 0.0 0.0
2026-04-09 18:09:16.500 LOG 3: int_fields 
2026-04-09 18:09:16.550 LOG 3: field 77947793758 77947793758
2026-04-09 18:09:16.600 LOG 3: field 77947793758 77947793758
2026-04-09 18:09:16.650 LOG 3: field 1162788 1162788
2026-04-09 18:09:16.700 LOG 3: field 0 0
2026-04-09 18:09:16.750 LOG 3: field 0 0
2026-04-09 18:09:16.800 LOG 3: field 9180731 9180731
2026-04-09 18:09:16.850 LOG 3: field 25 25
2026-04-09 18:09:16.900 LOG 3: field 0 0
2026-04-09 18:09:16.950 LOG 3: field 1 1
2026-04-09 18:09:16.000 LOG 3: field 0 0
2026-04-09 18:09:16.050 LOG 3: field 0 0
2026-04-09 18:09:16.100 LOG 3: field 0 0
2026-04-09 18:09:16.150 LOG 3: field 0 0
2026-04-09 18:09:16.200 LOG 3: field 0 0
2026-04-09 18:09:16.250 LOG 3: field 1 1
2026-04-09 18:09:16.300 LOG 3: field 1 1
2026-04-09 18:09:16.350 LOG 3: field 1 1
2026-04-09 18:09:16.400 LOG 3: field 0 0
2026-04-09 18:09:16.450 LOG 3: field -1 -1
2026-04-09 18:09:16.500 LOG 3: field 0 0
2026-04-09 18:09:16.550 LOG 3: field 0 0
2026-04-09 18:09:16.600 LOG 3: field 0 0
2026-04-09 18:09:16.650 LOG 3: field 0 0
2026-04-09 18:09:16.700 LOG 3: field 0 0
2026-04-09 18:09:16.750 LOG 3: field 0 0
2026-04-09 18:09:16.800 LOG 3: field 0 0
2026-04-09 18:09:16.850 LOG 3: field 0 0
2026-04-09 18:09:16.900 LOG 3: field 0 0
2026-04-09 18:09:16.950 LOG 3: field 0 0
2026-04-09 18:09:16.000 LOG 3: field 0 0
2026-04-09 18:09:16.050 LOG 3: field 0 0
2026-04-09 18:09:16.100 LOG 3: field 20260410 20260410
2026-04-09 18:09:16.150 LOG 3: field 0 0
2026-04-09 18:09:16.200 LOG 3: field 0 0
2026-04-09 18:09:16.250 LOG 3: float_fields 
2026-04-09 18:09:16.300 LOG 3: field 1.0 1.0
2026-04-09 18:09:16.350 LOG 3: field 105.89 105.89
2026-04-09 18:09:16.400 LOG 3: field 1058.9 1058.9
2026-04-09 18:09:16.450 LOG 3: field 0.0 0.0
2026-04-09 18:09:16.500 LOG 3: field 15.03 15.03
2026-04-09 18:09:16.550 LOG 3: field 8.43 8.43
2026-04-09 18:09:16.600 LOG 3: field 0.0 0.0
2026-04-09 18:09:16.650 LOG 3: field 0.0 0.0
2026-04-09 18:09:16.700 LOG 3: field 0.0 0.0
2026-04-09 18:09:16.750 LOG 3: field 0.0 0.0
2026-04-09 18:09:16.800 LOG 3: field 0.0 0.0
2026-04-09 18:09:16.850 LOG 3: field 0.0 0.0
2026-04-09 18:09:16.900 LOG 3: field 0 0
2026-04-09 18:09:16.950 LOG 3: field 0.0 0.0
2026-04-09 18:09:16.000 LOG 3: field 0.0 0.0
2026-04-09 18:09:16.050 LOG 3: field 0 0
2026-04-09 18:09:16.100 LOG 3: field -1 -1
2026-04-09 18:09:16.150 LOG 3: field -1 -1
2026-04-09 18:09:16.200 LOG 3: field 0 0
2026-04-09 18:09:16.250 LOG 3: field 0.0 0.0
2026-04-09 18:09:16.300 LOG 3: field 0.0 0.0
2026-04-09 18:09:16.350 LOG 3: int_fields 
2026-04-09 18:09:16.400 LOG 3: field 77924509061 77924509061
2026-04-09 18:09:16.450 LOG 3: field 77924509061 77924509061
2026-04-09 18:09:16.500 LOG 3: field 1162788 1162788
2026-04-09 18:09:16.550 LOG 3: field 1162788 1162788
2026-04-09 18:09:16.600 LOG 3: field 0 0
2026-04-09 18:09:16.650 LOG 3: field 0 0
2026-04-09 18:09:16.700 LOG 3: field 26 26
2026-04-09 18:09:16.750 LOG 3: field 0 0
2026-04-09 18:09:16.800 LOG 3: field 1 1
2026-04-09 18:09:16.850 LOG 3: field 0 0
2026-04-09 18:09:16.900 LOG 3: field 0 0
2026-04-09 18:09:16.950 LOG 3: field 0 0
2026-04-09 18:09:16.000 LOG 3: field 0 0
2026-04-09 18:09:16.050 LOG 3: field 0 0
2026-04-09 18:09:16.100 LOG 3: field 1 1
2026-04-09 18:09:16.150 LOG 3: field 1 1
2026-04-09 18:09:16.200 LOG 3: field 1 1
2026-04-09 18:09:16.250 LOG 3: field 0 0
2026-04-09 18:09:16.300 LOG 3: field -1 -1
2026-04-09 18:09:16.350 LOG 3: field 0 0
2026-04-09 18:09:16.400 LOG 3: field 0 0
2026-04-09 18:09:16.450 LOG 3: field 0 0
2026-04-09 18:09:16.500 LOG 3: field 0 0
2026-04-09 18:09:16.550 LOG 3: field 0 0
2026-04-09 18:09:16.600 LOG 3: field 0 0
2026-04-09 18:09:16.650 LOG 3: field 0 0
2026-04-09 18:09:16.700 LOG 3: field 0 0
2026-04-09 18:09:16.750 LOG 3: field 0 0
2026-04-09 18:09:16.800 LOG 3: field 0 0
2026-04-09 18:09:16.850 LOG 3: field 0 0
2026-04-09 18:09:16.900 LOG 3: field 0 0
2026-04-09 18:09:16.950 LOG 3: field 20260410 20260410
2026-04-09 18:09:16.000 LOG 3: field 0 0
2026-04-09 18:09:16.050 LOG 3: field 0 0
2026-04-09 18:09:16.100 LOG 3: float_fields 
2026-04-09 18:09:16.150 LOG 3: field 1.0 1.0
2026-04-09 18:09:16.200 LOG 3: field 98.67 98.67
2026-04-09 18:09:16.250 LOG 3: field 986.7 986.7
2026-04-09 18:09:16.300 LOG 3: field 0.0 0.0
2026-04-09 18:09:16.350 LOG 3: field 14.95 14.95
2026-04-09 18:09:16.400 LOG 3: field 14.47 14.47
2026-04-09 18:09:16.450 LOG 3: field 0.0 0.0
2026-04-09 18:09:16.500 LOG 3: field 0.0 0.0
2026-04-09 18:09:16.550 LOG 3: field 0.0 0.0
2026-04-09 18:09:16.600 LOG 3: field 0.0 0.0
2026-04-09 18:09:16.650 LOG 3: field 0.0 0.0
2026-04-09 18:09:16.700 LOG 3: field 0.0 0.0
2026-04-09 18:09:16.750 LOG 3: field 0 0
2026-04-09 18:09:16.800 LOG 3: field 0.0 0.0
2026-04-09 18:09:16.850 LOG 3: field 0.0 0.0
2026-04-09 18:09:16.900 LOG 3: field 0 0
2026-04-09 18:09:16.950 LOG 3: field -1 -1
2026-04-09 18:09:16.000 LOG 3: field -1 -1
2026-04-09 18:09:16.050 LOG 3: field 0 0
2026-04-09 18:09:16.100 LOG 3: field 0.0 0.0
2026-04-09 18:09:16.150 LOG 3: field 0.0 0.0
2026-04-09 18:09:16.200 LOG 3: int_fields 
2026-04-09 18:09:16.250 LOG 3: field 77924527921 77924527921
2026-04-09 18:09:16.300 LOG 3: field 77924527921 77924527921
2026-04-09 18:09:16.350 LOG 3: field 1162788 1162788
2026-04-09 18:09:16.400 LOG 3: field 0 0
2026-04-09 18:09:16.450 LOG 3: field 0 0
2026-04-09 18:09:16.500 LOG 3: field 0 0
2026-04-09 18:09:16.550 LOG 3: field 25 25
2026-04-09 18:09:16.600 LOG 3: field 0 0
2026-04-09 18:09:16.650 LOG 3: field 1 1
2026-04-09 18:09:16.700 LOG 3: field 0 0
2026-04-09 18:09:16.750 LOG 3: field 0 0
2026-04-09 18:09:16.800 LOG 3: field 0 0
2026-04-09 18:09:16.850 LOG 3: field 0 0
2026-04-09 18:09:16.900 LOG 3: field 0 0
2026-04-09 18:09:16.950 LOG 3: field 1 1
2026-04-09 18:09:16.000 LOG 3: field 1 1
2026-04-09 18:09:16.050 LOG 3: field 1 1
2026-04-09 18:09:16.100 LOG 3: field 0 0
2026-04-09 18:09:16.150 LOG 3: field -1 -1
2026-04-09 18:09:16.200 LOG 3: field 0 0
2026-04-09 18:09:16.250 LOG 3: field 0 0
2026-04-09 18:09:16.300 LOG 3: field 0 0
2026-04-09 18:09:16.350 LOG 3: field 0 0
2026-04-09 18:09:16.400 LOG 3: field 0 0
2026-04-09 18:09:16.450 LOG 3: field 0 0
2026-04-09 18:09:16.500 LOG 3: field 0 0
2026-04-09 18:09:16.550 LOG 3: field 0 0
2026-04-09 18:09:16.600 LOG 3: field 0 0
2026-04-09 18:09:16.650 LOG 3: field 0 0
2026-04-09 18:09:16.700 LOG 3: field 0 0
2026-04-09 18:09:16.750 LOG 3: field 0 0
2026-04-09 18:09:16.800 LOG 3: field 20260410 20260410
2026-04-09 18:09:16.850 LOG 3: field 0 0
2026-04-09 18:09:16.900 LOG 3: field 0 0
2026-04-09 18:09:16.950 LOG 3: float_fields 
2026-04-09 18:09:16.000 LOG 3: field 1.0 1.0
2026-04-09 18:09:16.050 LOG 3: field 98.67 98.67
2026-04-09 18:09:16.100 LOG 3: field 986.7 986.7
2026-04-09 18:09:16.150 LOG 3: field 0.0 0.0
2026-04-09 18:09:16.200 LOG 3: field 14.95 14.95
2026-04-09 18:09:16.250 LOG 3: field 14.47 14.47
2026-04-09 18:09:16.300 LOG 3: field 0.0 0.0
2026-04-09 18:09:16.350 LOG 3: field 0.0 0.0
2026-04-09 18:09:16.400 LOG 3: field 0.0 0.0
2026-04-09 18:09:16.450 LOG 3: field 0.0 0.0
2026-04-09 18:09:16.500 LOG 3: field 0.0 0.0
2026-04-09 18:09:16.550 LOG 3: field 0.0 0.0
2026-04-09 18:09:16.600 LOG 3: field 0 0
2026-04-09 18:09:16.650 LOG 3: field 0.0 0.0
2026-04-09 18:09:16.700 LOG 3: field 0.0 0.0
2026-04-09 18:09:16.750 LOG 3: field 0 0
2026-04-09 18:09:16.800 LOG 3: field -1 -1
2026-04-09 18:09:16.850 LOG 3: field -1 -1
2026-04-09 18:09:16.900 LOG 3: field 0 0
2026-04-09 18:09:16.950 LOG 3: field 0.0 0.0
2026-04-09 18:09:16.000 LOG 3: field 0.0 0.0
2026-04-09 18:09:16.050 LOG 3: int_fields 
2026-04-09 18:09:16.100 LOG 3: field 77947783631 77947783631
2026-04-09 18:09:16.150 LOG 3: field 77947783631 77947783631
2026-04-09 18:09:16.200 LOG 3: field 1162788 1162788
2026-04-09 18:09:16.250 LOG 3: field 0 0
2026-04-09 18:09:16.300 LOG 3: field 0 0
2026-04-09 18:09:16.350 LOG 3: field 9180729 9180729
2026-04-09 18:09:16.400 LOG 3: field 25 25
2026-04-09 18:09:16.450 LOG 3: field 0 0
2026-04-09 18:09:16.500 LOG 3: field 1 1
2026-04-09 18:09:16.550 LOG 3: field 0 0
2026-04-09 18:09:16.600 LOG 3: field 0 0
2026-04-09 18:09:16.650 LOG 3: field 0 0
2026-04-09 18:09:16.700 LOG 3: field 0 0
2026-04-09 18:09:16.750 LOG 3: field 0 0
2026-04-09 18:09:16.800 LOG 3: field 1 1
2026-04-09 18:09:16.850 LOG 3: field 1 1
2026-04-09 18:09:16.900 LOG 3: field 1 1
2026-04-09 18:09:16.950 LOG 3: field 0 0
2026-04-09 18:09:16.000 LOG 3: field -1 -1
2026-04-09 18:09:16.050 LOG 3: field 0 0
2026-04-09 18:09:16.100 LOG 3: field 0 0
2026-04-09 18:09:16.150 LOG 3: field 0 0
2026-04-09 18:09:16.200 LOG 3: field 0 0
2026-04-09 18:09:16.250 LOG 3: field 0 0
2026-04-09 18:09:16.300 LOG 3: field 0 0
2026-04-09 18:09:16.350 LOG 3: field 0 0
2026-04-09 18:09:16.400 LOG 3: field 0 0
2026-04-09 18:09:16.450 LOG 3: field 0 0
2026-04-09 18:09:16.500 LOG 3: field 0 0
2026-04-09 18:09:16.550 LOG 3: field 0 0
2026-04-09 18:09:16.600 LOG 3: field 0 0
2026-04-09 18:09:16.650 LOG 3: field 20260410 20260410
2026-04-09 18:09:16.700 LOG 3: field 0 0
2026-04-09 18:09:16.750 LOG 3: field 0 0
2026-04-09 18:09:16.800 LOG 3: float_fields 
2026-04-09 18:09:16.850 LOG 3: field 1.0 1.0
2026-04-09 18:09:16.900 LOG 3: field 100.99 100.99
2026-04-09 18:09:16.950 LOG 3: field 1009.9 1009.9
2026-04-09 18:09:16.000 LOG 3: field 0.0 0.0
2026-04-09 18:09:16.050 LOG 3: field 12.44 12.44
2026-04-09 18:09:16.100 LOG 3: field 28.88 28.88
2026-04-09 18:09:16.150 LOG 3: field 0.0 0.0
2026-04-09 18:09:16.200 LOG 3: field 0.0 0.0
2026-04-09 18:09:16.250 LOG 3: field 0.0 0.0
2026-04-09 18:09:16.300 LOG 3: field 0.0 0.0
2026-04-09 18:09:16.350 LOG 3: field 0.0 0.0
2026-04-09 18:09:16.400 LOG 3: field 0.0 0.0
2026-04-09 18:09:16.450 LOG 3: field 0 0
2026-04-09 18:09:16.500 LOG 3: field 0.0 0.0
2026-04-09 18:09:16.550 LOG 3: field 0.0 0.0
2026-04-09 18:09:16.600 LOG 3: field 0 0
2026-04-09 18:09:16.650 LOG 3: field -1 -1
2026-04-09 18:09:16.700 LOG 3: field -1 -1
2026-04-09 18:09:16.750 LOG 3: field 0 0
2026-04-09 18:09:16.800 LOG 3: field 0.0 0.0
2026-04-09 18:09:16.850 LOG 3: field 0.0 0.0
2026-04-09 18:09:16.900 LOG 3: int_fields 
2026-04-09 18:09:16.950 LOG 3: field 77947788055 77947788055
2026-04-09 18:09:16.000 LOG 3: field 77947788055 77947788055
2026-04-09 18:09:16.050 LOG 3: field 1162788 1162788
2026-04-09 18:09:16.100 LOG 3: field 0 0
2026-04-09 18:09:16.150 LOG 3: field 0 0
2026-04-09 18:09:16.200 LOG 3: field 9180730 9180730
2026-04-09 18:09:16.250 LOG 3: field 25 25
2026-04-09 18:09:16.300 LOG 3: field 0 0
2026-04-09 18:09:16.350 LOG 3: field 1 1
2026-04-09 18:09:16.400 LOG 3: field 0 0
2026-04-09 18:09:16.450 LOG 3: field 0 0
2026-04-09 18:09:16.500 LOG 3: field 0 0
2026-04-09 18:09:16.550 LOG 3: field 0 0
2026-04-09 18:09:16.600 LOG 3: field 0 0
2026-04-09 18:09:16.650 LOG 3: field 1 1
2026-04-09 18:09:16.700 LOG 3: field 1 1
2026-04-09 18:09:16.750 LOG 3: field 1 1
2026-04-09 18:09:16.800 LOG 3: field 0 0
2026-04-09 18:09:16.850 LOG 3: field -1 -1
2026-04-09 18:09:16.900 LOG 3: field 0 0
2026-04-09 18:09:16.950 LOG 3: field 0 0
2026-04-09 18:09:16.000 LOG 3: field 0 0
2026-04-09 18:09:16.050 LOG 3: field 0 0
2026-04-09 18:09:16.100 LOG 3: field 0 0
2026-04-09 18:09:16.150 LOG 3: field 0 0
2026-04-09 18:09:16.200 LOG 3: field 0 0
2026-04-09 18:09:16.250 LOG 3: field 0 0
2026-04-09 18:09:16.300 LOG 3: field 0 0
2026-04-09 18:09:16.350 LOG 3: field 0 0
2026-04-09 18:09:16.400 LOG 3: field 0 0
2026-04-09 18:09:16.450 LOG 3: field 0 0
2026-04-09 18:09:16.500 LOG 3: field 20260410 20260410
2026-04-09 18:09:16.550 LOG 3: field 0 0
2026-04-09 18:09:16.600 LOG 3: field 0 0
2026-04-09 18:09:16.650 LOG 3: float_fields 
2026-04-09 18:09:16.700 LOG 3: field 1.0 1.0
2026-04-09 18:09:16.750 LOG 3: field 102.9 102.9
2026-04-09 18:09:16.800 LOG 3: field 1029.0 1029.0
2026-04-09 18:09:16.850 LOG 3: field 0.0 0.0
2026-04-09 18:09:16.900 LOG 3: field 15.1 15.1
2026-04-09 18:09:16.950 LOG 3: field 65.67 65.67
2026-04-09 18:09:16.000 LOG 3: field 0.0 0.0
2026-04-09 18:09:16.050 LOG 3: field 0.0 0.0
2026-04-09 18:09:16.100 LOG 3: field 0.0 0.0
2026-04-09 18:09:16.150 LOG 3: field 0.0 0.0
2026-04-09 18:09:16.200 LOG 3: field 0.0 0.0
2026-04-09 18:09:16.250 LOG 3: field 0.0 0.0
2026-04-09 18:09:16.300 LOG 3: field 0 0
2026-04-09 18:09:16.350 LOG 3: field 0.0 0.0
2026-04-09 18:09:16.400 LOG 3: field 0.0 0.0
2026-04-09 18:09:16.450 LOG 3: field 0 0
2026-04-09 18:09:16.500 LOG 3: field -1 -1
2026-04-09 18:09:16.550 LOG 3: field -1 -1
2026-04-09 18:09:16.600 LOG 3: field 0 0
2026-04-09 18:09:16.650 LOG 3: field 0.0 0.0
2026-04-09 18:09:16.700 LOG 3: field 0.0 0.0
2026-04-09 18:09:16.750 LOG 3: int_fields 
2026-04-09 18:09:16.800 LOG 3: field 77947793758 77947793758
2026-04-09 18:09:16.850 LOG 3: field 77947793758 77947793758
2026-04-09 18:09:16.900 LOG 3: field 1162788 1162788
2026-04-09 18:09:16.950 LOG 3: field 0 0
2026-04-09 18:09:16.000 LOG 3: field 0 0
2026-04-09 18:09:16.050 LOG 3: field 9180731 9180731
2026-04-09 18:09:16.100 LOG 3: field 25 25
2026-04-09 18:09:16.150 LOG 3: field 0 0
2026-04-09 18:09:16.200 LOG 3: field 1 1
2026-04-09 18:09:16.250 LOG 3: field 0 0
2026-04-09 18:09:16.300 LOG 3: field 0 0
2026-04-09 18:09:16.350 LOG 3: field 0 0
2026-04-09 18:09:16.400 LOG 3: field 0 0
2026-04-09 18:09:16.450 LOG 3: field 0 0
2026-04-09 18:09:16.500 LOG 3: field 1 1
2026-04-09 18:09:16.550 LOG 3: field 1 1
2026-04-09 18:09:16.600 LOG 3: field 1 1
2026-04-09 18:09:16.650 LOG 3: field 0 0
2026-04-09 18:09:16.700 LOG 3: field -1 -1
2026-04-09 18:09:16.750 LOG 3: field 0 0
2026-04-09 18:09:16.800 LOG 3: field 0 0
2026-04-09 18:09:16.850 LOG 3: field 0 0
2026-04-09 18:09:16.900 LOG 3: field 0 0
2026-04-09 18:09:16.950 LOG 3: field 0 0
2026-04-09 18:09:16.000 LOG 3: field 0 0
2026-04-09 18:09:16.050 LOG 3: field 0 0
2026-04-09 18:09:16.100 LOG 3: field 0 0
2026-04-09 18:09:16.150 LOG 3: field 0 0
2026-04-09 18:09:16.200 LOG 3: field 0 0
2026-04-09 18:09:16.250 LOG 3: field 0 0
2026-04-09 18:09:16.300 LOG 3: field 0 0
2026-04-09 18:09:16.350 LOG 3: field 20260410 20260410
2026-04-09 18:09:16.400 LOG 3: field 0 0
2026-04-09 18:09:16.450 LOG 3: field 0 0
2026-04-09 18:09:16.500 LOG 3: float_fields 
2026-04-09 18:09:16.550 LOG 3: field 1.0 1.0
2026-04-09 18:09:16.600 LOG 3: field 105.89 105.89
2026-04-09 18:09:16.650 LOG 3: field 1058.9 1058.9
2026-04-09 18:09:16.700 LOG 3: field 0.0 0.0
2026-04-09 18:09:16.750 LOG 3: field 15.03 15.03
2026-04-09 18:09:16.800 LOG 3: field 8.43 8.43
2026-04-09 18:09:16.850 LOG 3: field 0.0 0.0
2026-04-09 18:09:16.900 LOG 3: field 0.0 0.0
2026-04-09 18:09:16.950 LOG 3: field 0.0 0.0
2026-04-09 18:09:16.000 LOG 3: field 0.0 0.0
2026-04-09 18:09:16.050 LOG 3: field 0.0 0.0
2026-04-09 18:09:16.100 LOG 3: field 0.0 0.0
2026-04-09 18:09:16.150 LOG 3: field 0 0
2026-04-09 18:09:16.200 LOG 3: field 0.0 0.0
2026-04-09 18:09:16.250 LOG 3: field 0.0 0.0
2026-04-09 18:09:16.300 LOG 3: field 0 0
2026-04-09 18:09:16.350 LOG 3: field -1 -1
2026-04-09 18:09:16.400 LOG 3: field -1 -1
2026-04-09 18:09:16.450 LOG 3: field 0 0
2026-04-09 18:09:16.500 LOG 3: field 0.0 0.0
2026-04-09 18:09:16.550 LOG 3: field 0.0 0.0
2026-04-09 18:09:26.900 LOG 3: int_fields 
2026-04-09 18:09:26.950 LOG 3: field 77924509061 77924509061
2026-04-09 18:09:26.000 LOG 3: field 77924509061 77924509061
2026-04-09 18:09:26.050 LOG 3: field 1162788 1162788
2026-04-09 18:09:26.100 LOG 3: field 1162788 1162788
2026-04-09 18:09:26.150 LOG 3: field 0 0
2026-04-09 18:09:26.200 LOG 3: field 0 0
2026-04-09 18:09:26.250 LOG 3: field 26 26
2026-04-09 18:09:26.300 LOG 3: field 0 0
2026-04-09 18:09:26.350 LOG 3: field 1 1
2026-04-09 18:09:26.400 LOG 3: field 0 0
2026-04-09 18:09:26.450 LOG 3: field 0 0
2026-04-09 18:09:26.500 LOG 3: field 0 0
2026-04-09 18:09:26.550 LOG 3: field 0 0
2026-04-09 18:09:26.600 LOG 3: field 0 0
2026-04-09 18:09:26.650 LOG 3: field 1 1
2026-04-09 18:09:26.700 LOG 3: field 1 1
2026-04-09 18:09:26.750 LOG 3: field 1 1
2026-04-09 18:09:26.800 LOG 3: field 0 0
2026-04-09 18:09:26.850 LOG 3: field -1 -1
2026-04-09 18:09:26.900 LOG 3: field 0 0
2026-04-09 18:09:26.950 LOG 3: field 0 0
2026-04-09 18:09:26.000 LOG 3: field 0 0
2026-04-09 18:09:26.050 LOG 3: field 0 0
2026-04-09 18:09:26.100 LOG 3: field 0 0
2026-04-09 18:09:26.150 LOG 3: field 0 0
2026-04-09 18:09:26.200 LOG 3: field 0 0
2026-04-09 18:09:26.250 LOG 3: field 0 0
2026-04-09 18:09:26.300 LOG 3: field 0 0
2026-04-09 18:09:26.350 LOG 3: field 0 0
2026-04-09 18:09:26.400 LOG 3: field 0 0
2026-04-09 18:09:26.450 LOG 3: field 0 0
2026-04-09 18:09:26.500 LOG 3: field 20260410 20260410
2026-04-09 18:09:26.550 LOG 3: field 0 0
2026-04-09 18:09:26.600 LOG 3: field 0 0
2026-04-09 18:09:26.650 LOG 3: float_fields 
2026-04-09 18:09:26.700 LOG 3: field 1.0 1.0
2026-04-09 18:09:26.750 LOG 3: field 98.67 98.67
2026-04-09 18:09:26.800 LOG 3: field 986.7 986.7
2026-04-09 18:09:26.850 LOG 3: field 0.0 0.0
2026-04-09 18:09:26.900 LOG 3: field 14.95 14.95
2026-04-09 18:09:26.950 LOG 3: field 14.47 14.47
2026-04-09 18:09:26.000 LOG 3: field 0.0 0.0
2026-04-09 18:09:26.050 LOG 3: field 0.0 0.0
2026-04-09 18:09:26.100 LOG 3: field 0.0 0.0
2026-04-09 18:09:26.150 LOG 3: field 0.0 0.0
2026-04-09 18:09:26.200 LOG 3: field 0.0 0.0
2026-04-09 18:09:26.250 LOG 3: field 0.0 0.0
2026-04-09 18:09:26.300 LOG 3: field 0 0
2026-04-09 18:09:26.350 LOG 3: field 0.0 0.0
2026-04-09 18:09:26.400 LOG 3: field 0.0 0.0
2026-04-09 18:09:26.450 LOG 3: field 0 0
2026-04-09 18:09:26.500 LOG 3: field -1 -1
2026-04-09 18:09:26.550 LOG 3: field -1 -1
2026-04-09 18:09:26.600 LOG 3: field 0 0
2026-04-09 18:09:26.650 LOG 3: field 0.0 0.0
2026-04-09 18:09:26.700 LOG 3: field 0.0 0.0
2026-04-09 18:09:26.750 LOG 3: int_fields 
2026-04-09 18:09:26.800 LOG 3: field 77924527921 77924527921
2026-04-09 18:09:26.850 LOG 3: field 77924527921 77924527921
2026-04-09 18:09:26.900 LOG 3: field 1162788 1162788
2026-04-09 18:09:26.950 LOG 3: field 0 0
2026-04-09 18:09:26.000 LOG 3: field 0 0
2026-04-09 18:09:26.050 LOG 3: field 0 0
2026-04-09 18:09:26.100 LOG 3: field 25 25
2026-04-09 18:09:26.150 LOG 3: field 0 0
2026-04-09 18:09:26.200 LOG 3: field 1 1
2026-04-09 18:09:26.250 LOG 3: field 0 0
2026-04-09 18:09:26.300 LOG 3: field 0 0
2026-04-09 18:09:26.350 LOG 3: field 0 0
2026-04-09 18:09:26.400 LOG 3: field 0 0
2026-04-09 18:09:26.450 LOG 3: field 0 0
2026-04-09 18:09:26.500 LOG 3: field 1 1
2026-04-09 18:09:26.550 LOG 3: field 1 1
2026-04-09 18:09:26.600 LOG 3: field 1 1
2026-04-09 18:09:26.650 LOG 3: field 0 0
2026-04-09 18:09:26.700 LOG 3: field -1 -1
2026-04-09 18:09:26.750 LOG 3: field 0 0
2026-04-09 18:09:26.800 LOG 3: field 0 0
2026-04-09 18:09:26.850 LOG 3: field 0 0
2026-04-09 18:09:26.900 LOG 3: field 0 0
2026-04-09 18:09:26.950 LOG 3: field 0 0
2026-04-09 18:09:26.000 LOG 3: field 0 0
2026-04-09 18:09:26.050 LOG 3: field 0 0
2026-04-09 18:09:26.100 LOG 3: field 0 0
2026-04-09 18:09:26.150 LOG 3: field 0 0
2026-04-09 18:09:26.200 LOG 3: field 0 0
2026-04-09 18:09:26.250 LOG 3: field 0 0
2026-04-09 18:09:26.300 LOG 3: field 0 0
2026-04-09 18:09:26.350 LOG 3: field 20260410 20260410
2026-04-09 18:09:26.400 LOG 3: field 0 0
2026-04-09 18:09:26.450 LOG 3: field 0 0
2026-04-09 18:09:26.500 LOG 3: float_fields 
2026-04-09 18:09:26.550 LOG 3: field 1.0 1.0
2026-04-09 18:09:26.600 LOG 3: field 98.67 98.67
2026-04-09 18:09:26.650 LOG 3: field 986.7 986.7
2026-04-09 18:09:26.700 LOG 3: field 0.0 0.0
2026-04-09 18:09:26.750 LOG 3: field 14.95 14.95
2026-04-09 18:09:26.800 LOG 3: field 14.47 14.47
2026-04-09 18:09:26.850 LOG 3: field 0.0 0.0
2026-04-09 18:09:26.900 LOG 3: field 0.0 0.0
2026-04-09 18:09:26.950 LOG 3: field 0.0 0.0
2026-04-09 18:09:26.000 LOG 3: field 0.0 0.0
2026-04-09 18:09:26.050 LOG 3: field 0.0 0.0
2026-04-09 18:09:26.100 LOG 3: field 0.0 0.0
2026-04-09 18:09:26.150 LOG 3: field 0 0
2026-04-09 18:09:26.200 LOG 3: field 0.0 0.0
2026-04-09 18:09:26.250 LOG 3: field 0.0 0.0
2026-04-09 18:09:26.300 LOG 3: field 0 0
2026-04-09 18:09:26.350 LOG 3: field -1 -1
2026-04-09 18:09:26.400 LOG 3: field -1 -1
2026-04-09 18:09:26.450 LOG 3: field 0 0
2026-04-09 18:09:26.500 LOG 3: field 0.0 0.0
2026-04-09 18:09:26.550 LOG 3: field 0.0 0.0
2026-04-09 18:09:26.600 LOG 3: int_fields 
2026-04-09 18:09:26.650 LOG 3: field 77947783631 77947783631
2026-04-09 18:09:26.700 LOG 3: field 77947783631 77947783631
2026-04-09 18:09:26.750 LOG 3: field 1162788 1162788
2026-04-09 18:09:26.800 LOG 3: field 0 0
2026-04-09 18:09:26.850 LOG 3: field 0 0
2026-04-09 18:09:26.900 LOG 3: field 9180729 9180729
2026-04-09 18:09:26.950 LOG 3: field 25 25
2026-04-09 18:09:26.000 LOG 3: field 0 0
2026-04-09 18:09:26.050 LOG 3: field 1 1
2026-04-09 18:09:26.100 LOG 3: field 0 0
2026-04-09 18:09:26.150 LOG 3: field 0 0
2026-04-09 18:09:26.200 LOG 3: field 0 0
2026-04-09 18:09:26.250 LOG 3: field 0 0
2026-04-09 18:09:26.300 LOG 3: field 0 0
2026-04-09 18:09:26.350 LOG 3: field 1 1
2026-04-09 18:09:26.400 LOG 3: field 1 1
2026-04-09 18:09:26.450 LOG 3: field 1 1
2026-04-09 18:09:26.500 LOG 3: field 0 0
2026-04-09 18:09:26.550 LOG 3: field -1 -1
2026-04-09 18:09:26.600 LOG 3: field 0 0
2026-04-09 18:09:26.650 LOG 3: field 0 0
2026-04-09 18:09:26.700 LOG 3: field 0 0
2026-04-09 18:09:26.750 LOG 3: field 0 0
2026-04-09 18:09:26.800 LOG 3: field 0 0
2026-04-09 18:09:26.850 LOG 3: field 0 0
2026-04-09 18:09:26.900 LOG 3: field 0 0
2026-04-09 18:09:26.950 LOG 3: field 0 0
2026-04-09 18:09:26.000 LOG 3: field 0 0
2026-04-09 18:09:26.050 LOG 3: field 0 0
2026-04-09 18:09:26.100 LOG 3: field 0 0
2026-04-09 18:09:26.150 LOG 3: field 0 0
2026-04-09 18:09:26.200 LOG 3: field 20260410 20260410
2026-04-09 18:09:26.250 LOG 3: field 0 0
2026-04-09 18:09:26.300 LOG 3: field 0 0
2026-04-09 18:09:26.350 LOG 3: float_fields 
2026-04-09 18:09:26.400 LOG 3: field 1.0 1.0
2026-04-09 18:09:26.450 LOG 3: field 100.99 100.99
2026-04-09 18:09:26.500 LOG 3: field 1009.9 1009.9
2026-04-09 18:09:26.550 LOG 3: field 0.0 0.0
2026-04-09 18:09:26.600 LOG 3: field 12.44 12.44
2026-04-09 18:09:26.650 LOG 3: field 28.88 28.88
2026-04-09 18:09:26.700 LOG 3: field 0.0 0.0
2026-04-09 18:09:26.750 LOG 3: field 0.0 0.0
2026-04-09 18:09:26.800 LOG 3: field 0.0 0.0
2026-04-09 18:09:26.850 LOG 3: field 0.0 0.0
2026-04-09 18:09:26.900 LOG 3: field 0.0 0.0
2026-04-09 18:09:26.950 LOG 3: field 0.0 0.0
2026-04-09 18:09:26.000 LOG 3: field 0 0
2026-04-09 18:09:26.050 LOG 3: field 0.0 0.0
2026-04-09 18:09:26.100 LOG 3: field 0.0 0.0
2026-04-09 18:09:26.150 LOG 3: field 0 0
2026-04-09 18:09:26.200 LOG 3: field -1 -1
2026-04-09 18:09:26.250 LOG 3: field -1 -1
2026-04-09 18:09:26.300 LOG 3: field 0 0
2026-04-09 18:09:26.350 LOG 3: field 0.0 0.0
2026-04-09 18:09:26.400 LOG 3: field 0.0 0.0
2026-04-09 18:09:26.450 LOG 3: int_fields 
2026-04-09 18:09:26.500 LOG 3: field 77947788055 77947788055
2026-04-09 18:09:26.550 LOG 3: field 77947788055 77947788055
2026-04-09 18:09:26.600 LOG 3: field 1162788 1162788
2026-04-09 18:09:26.650 LOG 3: field 0 0
2026-04-09 18:09:26.700 LOG 3: field 0 0
2026-04-09 18:09:26.750 LOG 3: field 9180730 9180730
2026-04-09 18:09:26.800 LOG 3: field 25 25
2026-04-09 18:09:26.850 LOG 3: field 0 0
2026-04-09 18:09:26.900 LOG 3: field 1 1
2026-04-09 18:09:26.950 LOG 3: field 0 0
2026-04-09 18:09:26.000 LOG 3: field 0 0
2026-04-09 18:09:26.050 LOG 3: field 0 0
2026-04-09 18:09:26.100 LOG 3: field 0 0
2026-04-09 18:09:26.150 LOG 3: field 0 0
2026-04-09 18:09:26.200 LOG 3: field 1 1
2026-04-09 18:09:26.250 LOG 3: field 1 1
2026-04-09 18:09:26.300 LOG 3: field 1 1
2026-04-09 18:09:26.350 LOG 3: field 0 0
2026-04-09 18:09:26.400 LOG 3: field -1 -1
2026-04-09 18:09:26.450 LOG 3: field 0 0
2026-04-09 18:09:26.500 LOG 3: field 0 0
2026-04-09 18:09:26.550 LOG 3: field 0 0
2026-04-09 18:09:26.600 LOG 3: field 0 0
2026-04-09 18:09:26.650 LOG 3: field 0 0
2026-04-09 18:09:26.700 LOG 3: field 0 0
2026-04-09 18:09:26.750 LOG 3: field 0 0
2026-04-09 18:09:26.800 LOG 3: field 0 0
2026-04-09 18:09:26.850 LOG 3: field 0 0
2026-04-09 18:09:26.900 LOG 3: field 0 0
2026-04-09 18:09:26.950 LOG 3: field 0 0
2026-04-09 18:09:26.000 LOG 3: field 0 0
2026-04-09 18:09:26.050 LOG 3: field 20260410 20260410
2026-04-09 18:09:26.100 LOG 3: field 0 0
2026-04-09 18:09:26.150 LOG 3: field 0 0
2026-04-09 18:09:26.200 LOG 3: float_fields 
2026-04-09 18:09:26.250 LOG 3: field 1.0 1.0
2026-04-09 18:09:26.300 LOG 3: field 102.9 102.9
2026-04-09 18:09:26.350 LOG 3: field 1029.0 1029.0
2026-04-09 18:09:26.400 LOG 3: field 0.0 0.0
2026-04-09 18:09:26.450 LOG 3: field 15.1 15.1
2026-04-09 18:09:26.500 LOG 3: field 65.67 65.67
2026-04-09 18:09:26.550 LOG 3: field 0.0 0.0
2026-04-09 18:09:26.600 LOG 3: field 0.0 0.0
2026-04-09 18:09:26.650 LOG 3: field 0.0 0.0
2026-04-09 18:09:26.700 LOG 3: field 0.0 0.0
2026-04-09 18:09:26.750 LOG 3: field 0.0 0.0
2026-04-09 18:09:26.800 LOG 3: field 0.0 0.0
2026-04-09 18:09:26.850 LOG 3: field 0 0
2026-04-09 18:09:26.900 LOG 3: field 0.0 0.0
2026-04-09 18:09:26.950 LOG 3: field 0.0 0.0
2026-04-09 18:09:26.000 LOG 3: field 0 0
2026-04-09 18:09:26.050 LOG 3: field -1 -1
2026-04-09 18:09:26.100 LOG 3: field -1 -1
2026-04-09 18:09:26.150 LOG 3: field 0 0
2026-04-09 18:09:26.200 LOG 3: field 0.0 0.0
2026-04-09 18:09:26.250 LOG 3: field 0.0 0.0
2026-04-09 18:09:26.300 LOG 3: int_fields 
2026-04-09 18:09:26.350 LOG 3: field 77947793758 77947793758
2026-04-09 18:09:26.400 LOG 3: field 77947793758 77947793758
2026-04-09 18:09:26.450 LOG 3: field 1162788 1162788
2026-04-09 18:09:26.500 LOG 3: field 0 0
2026-04-09 18:09:26.550 LOG 3: field 0 0
2026-04-09 18:09:26.600 LOG 3: field 9180731 9180731
2026-04-09 18:09:26.650 LOG 3: field 25 25
2026-04-09 18:09:26.700 LOG 3: field 0 0
2026-04-09 18:09:26.750 LOG 3: field 1 1
2026-04-09 18:09:26.800 LOG 3: field 0 0
2026-04-09 18:09:26.850 LOG 3: field 0 0
2026-04-09 18:09:26.900 LOG 3: field 0 0
2026-04-09 18:09:26.950 LOG 3: field 0 0
2026-04-09 18:09:26.000 LOG 3: field 0 0
2026-04-09 18:09:26.050 LOG 3: field 1 1
2026-04-09 18:09:26.100 LOG 3: field 1 1
2026-04-09 18:09:26.150 LOG 3: field 1 1
2026-04-09 18:09:26.200 LOG 3: field 0 0
2026-04-09 18:09:26.250 LOG 3: field -1 -1
2026-04-09 18:09:26.300 LOG 3: field 0 0
2026-04-09 18:09:26.350 LOG 3: field 0 0
2026-04-09 18:09:26.400 LOG 3: field 0 0
2026-04-09 18:09:26.450 LOG 3: field 0 0
2026-04-09 18:09:26.500 LOG 3: field 0 0
2026-04-09 18:09:26.550 LOG 3: field 0 0
2026-04-09 18:09:26.600 LOG 3: field 0 0
2026-04-09 18:09:26.650 LOG 3: field 0 0
2026-04-09 18:09:26.700 LOG 3: field 0 0
2026-04-09 18:09:26.750 LOG 3: field 0 0
2026-04-09 18:09:26.800 LOG 3: field 0 0
2026-04-09 18:09:26.850 LOG 3: field 0 0
2026-04-09 18:09:26.900 LOG 3: field 20260410 20260410
2026-04-09 18:09:26.950 LOG 3: field 0 0
2026-04-09 18:09:26.000 LOG 3: field 0 0
2026-04-09 18:09:26.050 LOG 3: float_fields 
2026-04-09 18:09:26.100 LOG 3: field 1.0 1.0
2026-04-09 18:09:26.150 LOG 3: field 105.89 105.89
2026-04-09 18:09:26.200 LOG 3: field 1058.9 1058.9
2026-04-09 18:09:26.250 LOG 3: field 0.0 0.0
2026-04-09 18:09:26.300 LOG 3: field 15.03 15.03
2026-04-09 18:09:26.350 LOG 3: field 8.43 8.43
2026-04-09 18:09:26.400 LOG 3: field 0.0 0.0
2026-04-09 18:09:26.450 LOG 3: field 0.0 0.0
2026-04-09 18:09:26.500 LOG 3: field 0.0 0.0
2026-04-09 18:09:26.550 LOG 3: field 0.0 0.0
2026-04-09 18:09:26.600 LOG 3: field 0.0 0.0
2026-04-09 18:09:26.650 LOG 3: field 0.0 0.0
2026-04-09 18:09:26.700 LOG 3: field 0 0
2026-04-09 18:09:26.750 LOG 3: field 0.0 0.0
2026-04-09 18:09:26.800 LOG 3: field 0.0 0.0
2026-04-09 18:09:26.850 LOG 3: field 0 0
2026-04-09 18:09:26.900 LOG 3: field -1 -1
2026-04-09 18:09:26.950 LOG 3: field -1 -1
2026-04-09 18:09:26.000 LOG 3: field 0 0
2026-04-09 18:09:26.050 LOG 3: field 0.0 0.0
2026-04-09 18:09:26.100 LOG 3: field 0.0 0.0
2026-04-09 18:09:26.200 LOG 3: int_fields 
2026-04-09 18:09:26.250 LOG 3: field 77924509061 77924509061
2026-04-09 18:09:26.300 LOG 3: field 77924509061 77924509061
2026-04-09 18:09:26.350 LOG 3: field 1162788 1162788
2026-04-09 18:09:26.400 LOG 3: field 1162788 1162788
2026-04-09 18:09:26.450 LOG 3: field 0 0
2026-04-09 18:09:26.500 LOG 3: field 0 0
2026-04-09 18:09:26.550 LOG 3: field 26 26
2026-04-09 18:09:26.600 LOG 3: field 0 0
2026-04-09 18:09:26.650 LOG 3: field 1 1
2026-04-09 18:09:26.700 LOG 3: field 0 0
2026-04-09 18:09:26.750 LOG 3: field 0 0
2026-04-09 18:09:26.800 LOG 3: field 0 0
2026-04-09 18:09:26.850 LOG 3: field 0 0
2026-04-09 18:09:26.900 LOG 3: field 0 0
2026-04-09 18:09:26.950 LOG 3: field 1 1
2026-04-09 18:09:26.000 LOG 3: field 1 1
2026-04-09 18:09:26.050 LOG 3: field 1 1
2026-04-09 18:09:26.100 LOG 3: field 0 0
2026-04-09 18:09:26.150 LOG 3: field -1 -1
2026-04-09 18:09:26.200 LOG 3: field 0 0
2026-04-09 18:09:26.250 LOG 3: field 0 0
2026-04-09 18:09:26.300 LOG 3: field 0 0
2026-04-09 18:09:26.350 LOG 3: field 0 0
2026-04-09 18:09:26.400 LOG 3: field 0 0
2026-04-09 18:09:26.450 LOG 3: field 0 0
2026-04-09 18:09:26.500 LOG 3: field 0 0
2026-04-09 18:09:26.550 LOG 3: field 0 0
2026-04-09 18:09:26.600 LOG 3: field 0 0
2026-04-09 18:09:26.650 LOG 3: field 0 0
2026-04-09 18:09:26.700 LOG 3: field 0 0
2026-04-09 18:09:26.750 LOG 3: field 0 0
2026-04-09 18:09:26.800 LOG 3: field 20260410 20260410
2026-04-09 18:09:26.850 LOG 3: field 0 0
2026-04-09 18:09:26.900 LOG 3: field 0 0
2026-04-09 18:09:26.950 LOG 3: float_fields 
2026-04-09 18:09:26.000 LOG 3: field 1.0 1.0
2026-04-09 18:09:26.050 LOG 3: field 98.67 98.67
2026-04-09 18:09:26.100 LOG 3: field 986.7 986.7
2026-04-09 18:09:26.150 LOG 3: field 0.0 0.0
2026-04-09 18:09:26.200 LOG 3: field 14.95 14.95
2026-04-09 18:09:26.250 LOG 3: field 14.47 14.47
2026-04-09 18:09:26.300 LOG 3: field 0.0 0.0
2026-04-09 18:09:26.350 LOG 3: field 0.0 0.0
2026-04-09 18:09:26.400 LOG 3: field 0.0 0.0
2026-04-09 18:09:26.450 LOG 3: field 0.0 0.0
2026-04-09 18:09:26.500 LOG 3: field 0.0 0.0
2026-04-09 18:09:26.550 LOG 3: field 0.0 0.0
2026-04-09 18:09:26.600 LOG 3: field 0 0
2026-04-09 18:09:26.650 LOG 3: field 0.0 0.0
2026-04-09 18:09:26.700 LOG 3: field 0.0 0.0
2026-04-09 18:09:26.750 LOG 3: field 0 0
2026-04-09 18:09:26.800 LOG 3: field -1 -1
2026-04-09 18:09:26.850 LOG 3: field -1 -1
2026-04-09 18:09:26.900 LOG 3: field 0 0
2026-04-09 18:09:26.950 LOG 3: field 0.0 0.0
2026-04-09 18:09:26.000 LOG 3: field 0.0 0.0
2026-04-09 18:09:26.050 LOG 3: int_fields 
2026-04-09 18:09:26.100 LOG 3: field 77924527921 77924527921
2026-04-09 18:09:26.150 LOG 3: field 77924527921 77924527921
2026-04-09 18:09:26.200 LOG 3: field 1162788 1162788
2026-04-09 18:09:26.250 LOG 3: field 0 0
2026-04-09 18:09:26.300 LOG 3: field 0 0
2026-04-09 18:09:26.350 LOG 3: field 0 0
2026-04-09 18:09:26.400 LOG 3: field 25 25
2026-04-09 18:09:26.450 LOG 3: field 0 0
2026-04-09 18:09:26.500 LOG 3: field 1 1
2026-04-09 18:09:26.550 LOG 3: field 0 0
2026-04-09 18:09:26.600 LOG 3: field 0 0
2026-04-09 18:09:26.650 LOG 3: field 0 0
2026-04-09 18:09:26.700 LOG 3: field 0 0
2026-04-09 18:09:26.750 LOG 3: field 0 0
2026-04-09 18:09:26.800 LOG 3: field 1 1
2026-04-09 18:09:26.850 LOG 3: field 1 1
2026-04-09 18:09:26.900 LOG 3: field 1 1
2026-04-09 18:09:26.950 LOG 3: field 0 0
2026-04-09 18:09:26.000 LOG 3: field -1 -1
2026-04-09 18:09:26.050 LOG 3: field 0 0
2026-04-09 18:09:26.100 LOG 3: field 0 0
2026-04-09 18:09:26.150 LOG 3: field 0 0
2026-04-09 18:09:26.200 LOG 3: field 0 0
2026-04-09 18:09:26.250 LOG 3: field 0 0
2026-04-09 18:09:26.300 LOG 3: field 0 0
2026-04-09 18:09:26.350 LOG 3: field 0 0
2026-04-09 18:09:26.400 LOG 3: field 0 0
2026-04-09 18:09:26.450 LOG 3: field 0 0
2026-04-09 18:09:26.500 LOG 3: field 0 0
2026-04-09 18:09:26.550 LOG 3: field 0 0
2026-04-09 18:09:26.600 LOG 3: field 0 0
2026-04-09 18:09:26.650 LOG 3: field 20260410 20260410
2026-04-09 18:09:26.700 LOG 3: field 0 0
2026-04-09 18:09:26.750 LOG 3: field 0 0
2026-04-09 18:09:26.800 LOG 3: float_fields 
2026-04-09 18:09:26.850 LOG 3: field 1.0 1.0
2026-04-09 18:09:26.900 LOG 3: field 98.67 98.67
2026-04-09 18:09:26.950 LOG 3: field 986.7 986.7
2026-04-09 18:09:26.000 LOG 3: field 0.0 0.0
2026-04-09 18:09:26.050 LOG 3: field 14.95 14.95
2026-04-09 18:09:26.100 LOG 3: field 14.47 14.47
2026-04-09 18:09:26.150 LOG 3: field 0.0 0.0
2026-04-09 18:09:26.200 LOG 3: field 0.0 0.0
2026-04-09 18:09:26.250 LOG 3: field 0.0 0.0
2026-04-09 18:09:26.300 LOG 3: field 0.0 0.0
2026-04-09 18:09:26.350 LOG 3: field 0.0 0.0
2026-04-09 18:09:26.400 LOG 3: field 0.0 0.0
2026-04-09 18:09:26.450 LOG 3: field 0 0
2026-04-09 18:09:26.500 LOG 3: field 0.0 0.0
2026-04-09 18:09:26.550 LOG 3: field 0.0 0.0
2026-04-09 18:09:26.600 LOG 3: field 0 0
2026-04-09 18:09:26.650 LOG 3: field -1 -1
2026-04-09 18:09:26.700 LOG 3: field -1 -1
2026-04-09 18:09:26.750 LOG 3: field 0 0
2026-04-09 18:09:26.800 LOG 3: field 0.0 0.0
2026-04-09 18:09:26.850 LOG 3: field 0.0 0.0
2026-04-09 18:09:26.900 LOG 3: int_fields 
2026-04-09 18:09:26.950 LOG 3: field 77947783631 77947783631
2026-04-09 18:09:26.000 LOG 3: field 77947783631 77947783631
2026-04-09 18:09:26.050 LOG 3: field 1162788 1162788
2026-04-09 18:09:26.100 LOG 3: field 0 0
2026-04-09 18:09:26.150 LOG 3: field 0 0
2026-04-09 18:09:26.200 LOG 3: field 9180729 9180729
2026-04-09 18:09:26.250 LOG 3: field 25 25
2026-04-09 18:09:26.300 LOG 3: field 0 0
2026-04-09 18:09:26.350 LOG 3: field 1 1
2026-04-09 18:09:26.400 LOG 3: field 0 0
2026-04-09 18:09:26.450 LOG 3: field 0 0
2026-04-09 18:09:26.500 LOG 3: field 0 0
2026-04-09 18:09:26.550 LOG 3: field 0 0
2026-04-09 18:09:26.600 LOG 3: field 0 0
2026-04-09 18:09:26.650 LOG 3: field 1 1
2026-04-09 18:09:26.700 LOG 3: field 1 1
2026-04-09 18:09:26.750 LOG 3: field 1 1
2026-04-09 18:09:26.800 LOG 3: field 0 0
2026-04-09 18:09:26.850 LOG 3: field -1 -1
2026-04-09 18:09:26.900 LOG 3: field 0 0
2026-04-09 18:09:26.950 LOG 3: field 0 0
2026-04-09 18:09:26.000 LOG 3: field 0 0
2026-04-09 18:09:26.050 LOG 3: field 0 0
2026-04-09 18:09:26.100 LOG 3: field 0 0
2026-04-09 18:09:26.150 LOG 3: field 0 0
2026-04-09 18:09:26.200 LOG 3: field 0 0
2026-04-09 18:09:26.250 LOG 3: field 0 0
2026-04-09 18:09:26.300 LOG 3: field 0 0
2026-04-09 18:09:26.350 LOG 3: field 0 0
2026-04-09 18:09:26.400 LOG 3: field 0 0
2026-04-09 18:09:26.450 LOG 3: field 0 0
2026-04-09 18:09:26.500 LOG 3: field 20260410 20260410
2026-04-09 18:09:26.550 LOG 3: field 0 0
2026-04-09 18:09:26.600 LOG 3: field 0 0
2026-04-09 18:09:26.650 LOG 3: float_fields 
2026-04-09 18:09:26.700 LOG 3: field 1.0 1.0
2026-04-09 18:09:26.750 LOG 3: field 100.99 100.99
2026-04-09 18:09:26.800 LOG 3: field 1009.9 1009.9
2026-04-09 18:09:26.850 LOG 3: field 0.0 0.0
2026-04-09 18:09:26.900 LOG 3: field 12.44 12.44
2026-04-09 18:09:26.950 LOG 3: field 28.88 28.88
2026-04-09 18:09:26.000 LOG 3: field 0.0 0.0
2026-04-09 18:09:26.050 LOG 3: field 0.0 0.0
2026-04-09 18:09:26.100 LOG 3: field 0.0 0.0
2026-04-09 18:09:26.150 LOG 3: field 0.0 0.0
2026-04-09 18:09:26.200 LOG 3: field 0.0 0.0
2026-04-09 18:09:26.250 LOG 3: field 0.0 0.0
2026-04-09 18:09:26.300 LOG 3: field 0 0
2026-04-09 18:09:26.350 LOG 3: field 0.0 0.0
2026-04-09 18:09:26.400 LOG 3: field 0.0 0.0
2026-04-09 18:09:26.450 LOG 3: field 0 0
2026-04-09 18:09:26.500 LOG 3: field -1 -1
2026-04-09 18:09:26.550 LOG 3: field -1 -1
2026-04-09 18:09:26.600 LOG 3: field 0 0
2026-04-09 18:09:26.650 LOG 3: field 0.0 0.0
2026-04-09 18:09:26.700 LOG 3: field 0.0 0.0
2026-04-09 18:09:26.750 LOG 3: int_fields 
2026-04-09 18:09:26.800 LOG 3: field 77947788055 77947788055
2026-04-09 18:09:26.850 LOG 3: field 77947788055 77947788055
2026-04-09 18:09:26.900 LOG 3: field 1162788 1162788
2026-04-09 18:09:26.950 LOG 3: field 0 0
2026-04-09 18:09:26.000 LOG 3: field 0 0
2026-04-09 18:09:26.050 LOG 3: field 9180730 9180730
2026-04-09 18:09:26.100 LOG 3: field 25 25
2026-04-09 18:09:26.150 LOG 3: field 0 0
2026-04-09 18:09:26.200 LOG 3: field 1 1
2026-04-09 18:09:26.250 LOG 3: field 0 0
2026-04-09 18:09:26.300 LOG 3: field 0 0
2026-04-09 18:09:26.350 LOG 3: field 0 0
2026-04-09 18:09:26.400 LOG 3: field 0 0
2026-04-09 18:09:26.450 LOG 3: field 0 0
2026-04-09 18:09:26.500 LOG 3: field 1 1
2026-04-09 18:09:26.550 LOG 3: field 1 1
2026-04-09 18:09:26.600 LOG 3: field 1 1
2026-04-09 18:09:26.650 LOG 3: field 0 0
2026-04-09 18:09:26.700 LOG 3: field -1 -1
2026-04-09 18:09:26.750 LOG 3: field 0 0
2026-04-09 18:09:26.800 LOG 3: field 0 0
2026-04-09 18:09:26.850 LOG 3: field 0 0
2026-04-09 18:09:26.900 LOG 3: field 0 0
2026-04-09 18:09:26.950 LOG 3: field 0 0
2026-04-09 18:09:26.000 LOG 3: field 0 0
2026-04-09 18:09:26.050 LOG 3: field 0 0
2026-04-09 18:09:26.100 LOG 3: field 0 0
2026-04-09 18:09:26.150 LOG 3: field 0 0
2026-04-09 18:09:26.200 LOG 3: field 0 0
2026-04-09 18:09:26.250 LOG 3: field 0 0
2026-04-09 18:09:26.300 LOG 3: field 0 0
2026-04-09 18:09:26.350 LOG 3: field 20260410 20260410
2026-04-09 18:09:26.400 LOG 3: field 0 0
2026-04-09 18:09:26.450 LOG 3: field 0 0
2026-04-09 18:09:26.500 LOG 3: float_fields 
2026-04-09 18:09:26.550 LOG 3: field 1.0 1.0
2026-04-09 18:09:26.600 LOG 3: field 102.9 102.9
2026-04-09 18:09:26.650 LOG 3: field 1029.0 1029.0
2026-04-09 18:09:26.700 LOG 3: field 0.0 0.0
2026-04-09 18:09:26.750 LOG 3: field 15.1 15.1
2026-04-09 18:09:26.800 LOG 3: field 65.67 65.67
2026-04-09 18:09:26.850 LOG 3: field 0.0 0.0
2026-04-09 18:09:26.900 LOG 3: field 0.0 0.0
2026-04-09 18:09:26.950 LOG 3: field 0.0 0.0
2026-04-09 18:09:26.000 LOG 3: field 0.0 0.0
2026-04-09 18:09:26.050 LOG 3: field 0.0 0.0
2026-04-09 18:09:26.100 LOG 3: field 0.0 0.0
2026-04-09 18:09:26.150 LOG 3: field 0 0
2026-04-09 18:09:26.200 LOG 3: field 0.0 0.0
2026-04-09 18:09:26.250 LOG 3: field 0.0 0.0
2026-04-09 18:09:26.300 LOG 3: field 0 0
2026-04-09 18:09:26.350 LOG 3: field -1 -1
2026-04-09 18:09:26.400 LOG 3: field -1 -1
2026-04-09 18:09:26.450 LOG 3: field 0 0
2026-04-09 18:09:26.500 LOG 3: field 0.0 0.0
2026-04-09 18:09:26.550 LOG 3: field 0.0 0.0
2026-04-09 18:09:26.600 LOG 3: int_fields 
2026-04-09 18:09:26.650 LOG 3: field 77947793758 77947793758
2026-04-09 18:09:26.700 LOG 3: field 77947793758 77947793758
2026-04-09 18:09:26.750 LOG 3: field 1162788 1162788
2026-04-09 18:09:26.800 LOG 3: field 0 0
2026-04-09 18:09:26.850 LOG 3: field 0 0
2026-04-09 18:09:26.900 LOG 3: field 9180731 9180731
2026-04-09 18:09:26.950 LOG 3: field 25 25
2026-04-09 18:09:26.000 LOG 3: field 0 0
2026-04-09 18:09:26.050 LOG 3: field 1 1
2026-04-09 18:09:26.100 LOG 3: field 0 0
2026-04-09 18:09:26.150 LOG 3: field 0 0
2026-04-09 18:09:26.200 LOG 3: field 0 0
2026-04-09 18:09:26.250 LOG 3: field 0 0
2026-04-09 18:09:26.300 LOG 3: field 0 0
2026-04-09 18:09:26.350 LOG 3: field 1 1
2026-04-09 18:09:26.400 LOG 3: field 1 1
2026-04-09 18:09:26.450 LOG 3: field 1 1
2026-04-09 18:09:26.500 LOG 3: field 0 0
2026-04-09 18:09:26.550 LOG 3: field -1 -1
2026-04-09 18:09:26.600 LOG 3: field 0 0
2026-04-09 18:09:26.650 LOG 3: field 0 0
2026-04-09 18:09:26.700 LOG 3: field 0 0
2026-04-09 18:09:26.750 LOG 3: field 0 0
2026-04-09 18:09:26.800 LOG 3: field 0 0
2026-04-09 18:09:26.850 LOG 3: field 0 0
2026-04-09 18:09:26.900 LOG 3: field 0 0
2026-04-09 18:09:26.950 LOG 3: field 0 0
2026-04-09 18:09:26.000 LOG 3: field 0 0
2026-04-09 18:09:26.050 LOG 3: field 0 0
2026-04-09 18:09:26.100 LOG 3: field 0 0
2026-04-09 18:09:26.150 LOG 3: field 0 0
2026-04-09 18:09:26.200 LOG 3: field 20260410 20260410
2026-04-09 18:09:26.250 LOG 3: field 0 0
2026-04-09 18:09:26.300 LOG 3: field 0 0
2026-04-09 18:09:26.350 LOG 3: float_fields 
2026-04-09 18:09:26.400 LOG 3: field 1.0 1.0
2026-04-09 18:09:26.450 LOG 3: field 105.89 105.89
2026-04-09 18:09:26.500 LOG 3: field 1058.9 1058.9
2026-04-09 18:09:26.550 LOG 3: field 0.0 0.0
2026-04-09 18:09:26.600 LOG 3: field 15.03 15.03
2026-04-09 18:09:26.650 LOG 3: field 8.43 8.43
2026-04-09 18:09:26.700 LOG 3: field 0.0 0.0
2026-04-09 18:09:26.750 LOG 3: field 0.0 0.0
2026-04-09 18:09:26.800 LOG 3: field 0.0 0.0
2026-04-09 18:09:26.850 LOG 3: field 0.0 0.0
2026-04-09 18:09:26.900 LOG 3: field 0.0 0.0
2026-04-09 18:09:26.950 LOG 3: field 0.0 0.0
2026-04-09 18:09:26.000 LOG 3: field 0 0
2026-04-09 18:09:26.050 LOG 3: field 0.0 0.0
2026-04-09 18:09:26.100 LOG 3: field 0.0 0.0
2026-04-09 18:09:26.150 LOG 3: field 0 0
2026-04-09 18:09:26.200 LOG 3: field -1 -1
2026-04-09 18:09:26.250 LOG 3: field -1 -1
2026-04-09 18:09:26.300 LOG 3: field 0 0
2026-04-09 18:09:26.350 LOG 3: field 0.0 0.0
2026-04-09 18:09:26.400 LOG 3: field 0.0 0.0
2026-04-09 18:09:36.450 LOG 3: int_fields 
2026-04-09 18:09:36.500 LOG 3: field 77924509061 77924509061
2026-04-09 18:09:36.600 LOG 3: field 77924509061 77924509061
2026-04-09 18:09:36.650 LOG 3: field 1162788 1162788
2026-04-09 18:09:36.700 LOG 3: field 1162788 1162788
2026-04-09 18:09:36.750 LOG 3: field 0 0
2026-04-09 18:09:36.800 LOG 3: field 0 0
2026-04-09 18:09:36.850 LOG 3: field 26 26
2026-04-09 18:09:36.900 LOG 3: field 0 0
2026-04-09 18:09:36.950 LOG 3: field 1 1
2026-04-09 18:09:36.000 LOG 3: field 0 0
2026-04-09 18:09:36.050 LOG 3: field 0 0
2026-04-09 18:09:36.100 LOG 3: field 0 0
2026-04-09 18:09:36.150 LOG 3: field 0 0
2026-04-09 18:09:36.200 LOG 3: field 0 0
2026-04-09 18:09:36.250 LOG 3: field 1 1
2026-04-09 18:09:36.300 LOG 3: field 1 1
2026-04-09 18:09:36.350 LOG 3: field 1 1
2026-04-09 18:09:36.400 LOG 3: field 0 0
2026-04-09 18:09:36.450 LOG 3: field -1 -1
2026-04-09 18:09:36.500 LOG 3: field 0 0
2026-04-09 18:09:36.550 LOG 3: field 0 0
2026-04-09 18:09:36.600 LOG 3: field 0 0
2026-04-09 18:09:36.650 LOG 3: field 0 0
2026-04-09 18:09:36.700 LOG 3: field 0 0
2026-04-09 18:09:36.750 LOG 3: field 0 0
2026-04-09 18:09:36.800 LOG 3: field 0 0
2026-04-09 18:09:36.850 LOG 3: field 0 0
2026-04-09 18:09:36.900 LOG 3: field 0 0
2026-04-09 18:09:36.950 LOG 3: field 0 0
2026-04-09 18:09:36.000 LOG 3: field 0 0
2026-04-09 18:09:36.050 LOG 3: field 0 0
2026-04-09 18:09:36.100 LOG 3: field 20260410 20260410
2026-04-09 18:09:36.150 LOG 3: field 0 0
2026-04-09 18:09:36.200 LOG 3: field 0 0
2026-04-09 18:09:36.250 LOG 3: float_fields 
2026-04-09 18:09:36.300 LOG 3: field 1.0 1.0
2026-04-09 18:09:36.350 LOG 3: field 98.67 98.67
2026-04-09 18:09:36.400 LOG 3: field 986.7 986.7
2026-04-09 18:09:36.450 LOG 3: field 0.0 0.0
2026-04-09 18:09:36.500 LOG 3: field 14.95 14.95
2026-04-09 18:09:36.550 LOG 3: field 14.47 14.47
2026-04-09 18:09:36.600 LOG 3: field 0.0 0.0
2026-04-09 18:09:36.650 LOG 3: field 0.0 0.0
2026-04-09 18:09:36.700 LOG 3: field 0.0 0.0
2026-04-09 18:09:36.750 LOG 3: field 0.0 0.0
2026-04-09 18:09:36.800 LOG 3: field 0.0 0.0
2026-04-09 18:09:36.850 LOG 3: field 0.0 0.0
2026-04-09 18:09:36.900 LOG 3: field 0 0
2026-04-09 18:09:36.950 LOG 3: field 0.0 0.0
2026-04-09 18:09:36.000 LOG 3: field 0.0 0.0
2026-04-09 18:09:36.050 LOG 3: field 0 0
2026-04-09 18:09:36.100 LOG 3: field -1 -1
2026-04-09 18:09:36.150 LOG 3: field -1 -1
2026-04-09 18:09:36.200 LOG 3: field 0 0
2026-04-09 18:09:36.250 LOG 3: field 0.0 0.0
2026-04-09 18:09:36.300 LOG 3: field 0.0 0.0
2026-04-09 18:09:36.350 LOG 3: int_fields 
2026-04-09 18:09:36.400 LOG 3: field 77924527921 77924527921
2026-04-09 18:09:36.450 LOG 3: field 77924527921 77924527921
2026-04-09 18:09:36.500 LOG 3: field 1162788 1162788
2026-04-09 18:09:36.600 LOG 3: field 0 0
2026-04-09 18:09:36.650 LOG 3: field 0 0
2026-04-09 18:09:36.700 LOG 3: field 0 0
2026-04-09 18:09:36.750 LOG 3: field 25 25
2026-04-09 18:09:36.800 LOG 3: field 0 0
2026-04-09 18:09:36.850 LOG 3: field 1 1
2026-04-09 18:09:36.900 LOG 3: field 0 0
2026-04-09 18:09:36.950 LOG 3: field 0 0
2026-04-09 18:09:36.000 LOG 3: field 0 0
2026-04-09 18:09:36.050 LOG 3: field 0 0
2026-04-09 18:09:36.100 LOG 3: field 0 0
2026-04-09 18:09:36.150 LOG 3: field 1 1
2026-04-09 18:09:36.200 LOG 3: field 1 1
2026-04-09 18:09:36.250 LOG 3: field 1 1
2026-04-09 18:09:36.300 LOG 3: field 0 0
2026-04-09 18:09:36.350 LOG 3: field -1 -1
2026-04-09 18:09:36.400 LOG 3: field 0 0
2026-04-09 18:09:36.450 LOG 3: field 0 0
2026-04-09 18:09:36.500 LOG 3: field 0 0
2026-04-09 18:09:36.550 LOG 3: field 0 0
2026-04-09 18:09:36.600 LOG 3: field 0 0
2026-04-09 18:09:36.650 LOG 3: field 0 0
2026-04-09 18:09:36.700 LOG 3: field 0 0
2026-04-09 18:09:36.750 LOG 3: field 0 0
2026-04-09 18:09:36.800 LOG 3: field 0 0
2026-04-09 18:09:36.850 LOG 3: field 0 0
2026-04-09 18:09:36.900 LOG 3: field 0 0
2026-04-09 18:09:36.950 LOG 3: field 0 0
2026-04-09 18:09:36.000 LOG 3: field 20260410 20260410
2026-04-09 18:09:36.050 LOG 3: field 0 0
2026-04-09 18:09:36.100 LOG 3: field 0 0
2026-04-09 18:09:36.150 LOG 3: float_fields 
2026-04-09 18:09:36.200 LOG 3: field 1.0 1.0
2026-04-09 18:09:36.250 LOG 3: field 98.67 98.67
2026-04-09 18:09:36.300 LOG 3: field 986.7 986.7
2026-04-09 18:09:36.350 LOG 3: field 0.0 0.0
2026-04-09 18:09:36.400 LOG 3: field 14.95 14.95
2026-04-09 18:09:36.450 LOG 3: field 14.47 14.47
2026-04-09 18:09:36.500 LOG 3: field 0.0 0.0
2026-04-09 18:09:36.550 LOG 3: field 0.0 0.0
2026-04-09 18:09:36.600 LOG 3: field 0.0 0.0
2026-04-09 18:09:36.650 LOG 3: field 0.0 0.0
2026-04-09 18:09:36.700 LOG 3: field 0.0 0.0
2026-04-09 18:09:36.750 LOG 3: field 0.0 0.0
2026-04-09 18:09:36.800 LOG 3: field 0 0
2026-04-09 18:09:36.850 LOG 3: field 0.0 0.0
2026-04-09 18:09:36.900 LOG 3: field 0.0 0.0
2026-04-09 18:09:36.950 LOG 3: field 0 0
2026-04-09 18:09:36.000 LOG 3: field -1 -1
2026-04-09 18:09:36.050 LOG 3: field -1 -1
2026-04-09 18:09:36.100 LOG 3: field 0 0
2026-04-09 18:09:36.150 LOG 3: field 0.0 0.0
2026-04-09 18:09:36.200 LOG 3: field 0.0 0.0
2026-04-09 18:09:36.250 LOG 3: int_fields 
2026-04-09 18:09:36.300 LOG 3: field 77947783631 77947783631
2026-04-09 18:09:36.350 LOG 3: field 77947783631 77947783631
2026-04-09 18:09:36.400 LOG 3: field 1162788 1162788
2026-04-09 18:09:36.450 LOG 3: field 0 0
2026-04-09 18:09:36.500 LOG 3: field 0 0
2026-04-09 18:09:36.550 LOG 3: field 9180729 9180729
2026-04-09 18:09:36.600 LOG 3: field 25 25
2026-04-09 18:09:36.650 LOG 3: field 0 0
2026-04-09 18:09:36.700 LOG 3: field 1 1
2026-04-09 18:09:36.750 LOG 3: field 0 0
2026-04-09 18:09:36.800 LOG 3: field 0 0
2026-04-09 18:09:36.850 LOG 3: field 0 0
2026-04-09 18:09:36.900 LOG 3: field 0 0
2026-04-09 18:09:36.950 LOG 3: field 0 0
2026-04-09 18:09:36.000 LOG 3: field 1 1
2026-04-09 18:09:36.050 LOG 3: field 1 1
2026-04-09 18:09:36.100 LOG 3: field 1 1
2026-04-09 18:09:36.150 LOG 3: field 0 0
2026-04-09 18:09:36.200 LOG 3: field -1 -1
2026-04-09 18:09:36.250 LOG 3: field 0 0
2026-04-09 18:09:36.300 LOG 3: field 0 0
2026-04-09 18:09:36.350 LOG 3: field 0 0
2026-04-09 18:09:36.400 LOG 3: field 0 0
2026-04-09 18:09:36.450 LOG 3: field 0 0
2026-04-09 18:09:36.500 LOG 3: field 0 0
2026-04-09 18:09:36.550 LOG 3: field 0 0
2026-04-09 18:09:36.600 LOG 3: field 0 0
2026-04-09 18:09:36.650 LOG 3: field 0 0
2026-04-09 18:09:36.700 LOG 3: field 0 0
2026-04-09 18:09:36.750 LOG 3: field 0 0
2026-04-09 18:09:36.800 LOG 3: field 0 0
2026-04-09 18:09:36.850 LOG 3: field 20260410 20260410
2026-04-09 18:09:36.900 LOG 3: field 0 0
2026-04-09 18:09:36.950 LOG 3: field 0 0
2026-04-09 18:09:36.000 LOG 3: float_fields 
2026-04-09 18:09:36.050 LOG 3: field 1.0 1.0
2026-04-09 18:09:36.100 LOG 3: field 100.99 100.99
2026-04-09 18:09:36.150 LOG 3: field 1009.9 1009.9
2026-04-09 18:09:36.200 LOG 3: field 0.0 0.0
2026-04-09 18:09:36.250 LOG 3: field 12.44 12.44
2026-04-09 18:09:36.300 LOG 3: field 28.88 28.88
2026-04-09 18:09:36.350 LOG 3: field 0.0 0.0
2026-04-09 18:09:36.400 LOG 3: field 0.0 0.0
2026-04-09 18:09:36.450 LOG 3: field 0.0 0.0
2026-04-09 18:09:36.500 LOG 3: field 0.0 0.0
2026-04-09 18:09:36.550 LOG 3: field 0.0 0.0
2026-04-09 18:09:36.600 LOG 3: field 0.0 0.0
2026-04-09 18:09:36.650 LOG 3: field 0 0
2026-04-09 18:09:36.700 LOG 3: field 0.0 0.0
2026-04-09 18:09:36.750 LOG 3: field 0.0 0.0
2026-04-09 18:09:36.800 LOG 3: field 0 0
2026-04-09 18:09:36.850 LOG 3: field -1 -1
2026-04-09 18:09:36.900 LOG 3: field -1 -1
2026-04-09 18:09:36.950 LOG 3: field 0 0
2026-04-09 18:09:36.000 LOG 3: field 0.0 0.0
2026-04-09 18:09:36.050 LOG 3: field 0.0 0.0
2026-04-09 18:09:36.100 LOG 3: int_fields 
2026-04-09 18:09:36.150 LOG 3: field 77947788055 77947788055
2026-04-09 18:09:36.200 LOG 3: field 77947788055 77947788055
2026-04-09 18:09:36.250 LOG 3: field 1162788 1162788
2026-04-09 18:09:36.300 LOG 3: field 0 0
2026-04-09 18:09:36.350 LOG 3: field 0 0
2026-04-09 18:09:36.400 LOG 3: field 9180730 9180730
2026-04-09 18:09:36.450 LOG 3: field 25 25
2026-04-09 18:09:36.500 LOG 3: field 0 0
2026-04-09 18:09:36.550 LOG 3: field 1 1
2026-04-09 18:09:36.600 LOG 3: field 0 0
2026-04-09 18:09:36.650 LOG 3: field 0 0
2026-04-09 18:09:36.700 LOG 3: field 0 0
2026-04-09 18:09:36.750 LOG 3: field 0 0
2026-04-09 18:09:36.800 LOG 3: field 0 0
2026-04-09 18:09:36.850 LOG 3: field 1 1
2026-04-09 18:09:36.900 LOG 3: field 1 1
2026-04-09 18:09:36.950 LOG 3: field 1 1
2026-04-09 18:09:36.000 LOG 3: field 0 0
2026-04-09 18:09:36.050 LOG 3: field -1 -1
2026-04-09 18:09:36.100 LOG 3: field 0 0
2026-04-09 18:09:36.150 LOG 3: field 0 0
2026-04-09 18:09:36.200 LOG 3: field 0 0
2026-04-09 18:09:36.250 LOG 3: field 0 0
2026-04-09 18:09:36.300 LOG 3: field 0 0
2026-04-09 18:09:36.350 LOG 3: field 0 0
2026-04-09 18:09:36.400 LOG 3: field 0 0
2026-04-09 18:09:36.450 LOG 3: field 0 0
2026-04-09 18:09:36.500 LOG 3: field 0 0
2026-04-09 18:09:36.550 LOG 3: field 0 0
2026-04-09 18:09:36.600 LOG 3: field 0 0
2026-04-09 18:09:36.650 LOG 3: field 0 0
2026-04-09 18:09:36.700 LOG 3: field 20260410 20260410
2026-04-09 18:09:36.750 LOG 3: field 0 0
2026-04-09 18:09:36.800 LOG 3: field 0 0
2026-04-09 18:09:36.850 LOG 3: float_fields 
2026-04-09 18:09:36.900 LOG 3: field 1.0 1.0
2026-04-09 18:09:36.950 LOG 3: field 102.9 102.9
2026-04-09 18:09:36.000 LOG 3: field 1029.0 1029.0
2026-04-09 18:09:36.050 LOG 3: field 0.0 0.0
2026-04-09 18:09:36.100 LOG 3: field 15.1 15.1
2026-04-09 18:09:36.150 LOG 3: field 65.67 65.67
2026-04-09 18:09:36.200 LOG 3: field 0.0 0.0
2026-04-09 18:09:36.250 LOG 3: field 0.0 0.0
2026-04-09 18:09:36.300 LOG 3: field 0.0 0.0
2026-04-09 18:09:36.350 LOG 3: field 0.0 0.0
2026-04-09 18:09:36.400 LOG 3: field 0.0 0.0
2026-04-09 18:09:36.450 LOG 3: field 0.0 0.0
2026-04-09 18:09:36.500 LOG 3: field 0 0
2026-04-09 18:09:36.550 LOG 3: field 0.0 0.0
2026-04-09 18:09:36.600 LOG 3: field 0.0 0.0
2026-04-09 18:09:36.650 LOG 3: field 0 0
2026-04-09 18:09:36.700 LOG 3: field -1 -1
2026-04-09 18:09:36.750 LOG 3: field -1 -1
2026-04-09 18:09:36.800 LOG 3: field 0 0
2026-04-09 18:09:36.850 LOG 3: field 0.0 0.0
2026-04-09 18:09:36.900 LOG 3: field 0.0 0.0
2026-04-09 18:09:36.950 LOG 3: int_fields 
2026-04-09 18:09:36.000 LOG 3: field 77947793758 77947793758
2026-04-09 18:09:36.050 LOG 3: field 77947793758 77947793758
2026-04-09 18:09:36.100 LOG 3: field 1162788 1162788
2026-04-09 18:09:36.150 LOG 3: field 0 0
2026-04-09 18:09:36.200 LOG 3: field 0 0
2026-04-09 18:09:36.250 LOG 3: field 9180731 9180731
2026-04-09 18:09:36.300 LOG 3: field 25 25
2026-04-09 18:09:36.350 LOG 3: field 0 0
2026-04-09 18:09:36.400 LOG 3: field 1 1
2026-04-09 18:09:36.450 LOG 3: field 0 0
2026-04-09 18:09:36.500 LOG 3: field 0 0
2026-04-09 18:09:36.550 LOG 3: field 0 0
2026-04-09 18:09:36.600 LOG 3: field 0 0
2026-04-09 18:09:36.650 LOG 3: field 0 0
2026-04-09 18:09:36.700 LOG 3: field 1 1
2026-04-09 18:09:36.750 LOG 3: field 1 1
2026-04-09 18:09:36.800 LOG 3: field 1 1
2026-04-09 18:09:36.850 LOG 3: field 0 0
2026-04-09 18:09:36.900 LOG 3: field -1 -1
2026-04-09 18:09:36.950 LOG 3: field 0 0
2026-04-09 18:09:36.000 LOG 3: field 0 0
2026-04-09 18:09:36.050 LOG 3: field 0 0
2026-04-09 18:09:36.100 LOG 3: field 0 0
2026-04-09 18:09:36.150 LOG 3: field 0 0
2026-04-09 18:09:36.200 LOG 3: field 0 0
2026-04-09 18:09:36.250 LOG 3: field 0 0
2026-04-09 18:09:36.300 LOG 3: field 0 0
2026-04-09 18:09:36.350 LOG 3: field 0 0
2026-04-09 18:09:36.400 LOG 3: field 0 0
2026-04-09 18:09:36.450 LOG 3: field 0 0
2026-04-09 18:09:36.500 LOG 3: field 0 0
2026-04-09 18:09:36.550 LOG 3: field 20260410 20260410
2026-04-09 18:09:36.600 LOG 3: field 0 0
2026-04-09 18:09:36.650 LOG 3: field 0 0
2026-04-09 18:09:36.700 LOG 3: float_fields 
2026-04-09 18:09:36.750 LOG 3: field 1.0 1.0
2026-04-09 18:09:36.800 LOG 3: field 105.89 105.89
2026-04-09 18:09:36.850 LOG 3: field 1058.9 1058.9
2026-04-09 18:09:36.900 LOG 3: field 0.0 0.0
2026-04-09 18:09:36.950 LOG 3: field 15.03 15.03
2026-04-09 18:09:36.000 LOG 3: field 8.43 8.43
2026-04-09 18:09:36.050 LOG 3: field 0.0 0.0
2026-04-09 18:09:36.100 LOG 3: field 0.0 0.0
2026-04-09 18:09:36.150 LOG 3: field 0.0 0.0
2026-04-09 18:09:36.200 LOG 3: field 0.0 0.0
2026-04-09 18:09:36.250 LOG 3: field 0.0 0.0
2026-04-09 18:09:36.300 LOG 3: field 0.0 0.0
2026-04-09 18:09:36.350 LOG 3: field 0 0
2026-04-09 18:09:36.400 LOG 3: field 0.0 0.0
2026-04-09 18:09:36.450 LOG 3: field 0.0 0.0
2026-04-09 18:09:36.500 LOG 3: field 0 0
2026-04-09 18:09:36.550 LOG 3: field -1 -1
2026-04-09 18:09:36.600 LOG 3: field -1 -1
2026-04-09 18:09:36.650 LOG 3: field 0 0
2026-04-09 18:09:36.700 LOG 3: field 0.0 0.0
2026-04-09 18:09:36.750 LOG 3: field 0.0 0.0
2026-04-09 18:09:36.950 LOG 3: int_fields 
2026-04-09 18:09:36.000 LOG 3: field 77924509061 77924509061
2026-04-09 18:09:36.050 LOG 3: field 77924509061 77924509061
2026-04-09 18:09:36.100 LOG 3: field 1162788 1162788
2026-04-09 18:09:36.150 LOG 3: field 1162788 1162788
2026-04-09 18:09:36.200 LOG 3: field 0 0
2026-04-09 18:09:36.250 LOG 3: field 0 0
2026-04-09 18:09:36.300 LOG 3: field 26 26
2026-04-09 18:09:36.350 LOG 3: field 0 0
2026-04-09 18:09:36.400 LOG 3: field 1 1
2026-04-09 18:09:36.450 LOG 3: field 0 0
2026-04-09 18:09:36.500 LOG 3: field 0 0
2026-04-09 18:09:36.550 LOG 3: field 0 0
2026-04-09 18:09:36.600 LOG 3: field 0 0
2026-04-09 18:09:36.650 LOG 3: field 0 0
2026-04-09 18:09:36.700 LOG 3: field 1 1
2026-04-09 18:09:36.750 LOG 3: field 1 1
2026-04-09 18:09:36.800 LOG 3: field 1 1
2026-04-09 18:09:36.850 LOG 3: field 0 0
2026-04-09 18:09:36.900 LOG 3: field -1 -1
2026-04-09 18:09:36.950 LOG 3: field 0 0
2026-04-09 18:09:36.000 LOG 3: field 0 0
2026-04-09 18:09:36.050 LOG 3: field 0 0
2026-04-09 18:09:36.100 LOG 3: field 0 0
2026-04-09 18:09:36.150 LOG 3: field 0 0
2026-04-09 18:09:36.200 LOG 3: field 0 0
2026-04-09 18:09:36.250 LOG 3: field 0 0
2026-04-09 18:09:36.300 LOG 3: field 0 0
2026-04-09 18:09:36.350 LOG 3: field 0 0
2026-04-09 18:09:36.400 LOG 3: field 0 0
2026-04-09 18:09:36.450 LOG 3: field 0 0
2026-04-09 18:09:36.500 LOG 3: field 0 0
2026-04-09 18:09:36.550 LOG 3: field 20260410 20260410
2026-04-09 18:09:36.600 LOG 3: field 0 0
2026-04-09 18:09:36.650 LOG 3: field 0 0
2026-04-09 18:09:36.700 LOG 3: float_fields 
2026-04-09 18:09:36.750 LOG 3: field 1.0 1.0
2026-04-09 18:09:36.800 LOG 3: field 98.67 98.67
2026-04-09 18:09:36.850 LOG 3: field 986.7 986.7
2026-04-09 18:09:36.900 LOG 3: field 0.0 0.0
2026-04-09 18:09:36.950 LOG 3: field 14.95 14.95
2026-04-09 18:09:36.000 LOG 3: field 14.47 14.47
2026-04-09 18:09:36.050 LOG 3: field 0.0 0.0
2026-04-09 18:09:36.100 LOG 3: field 0.0 0.0
2026-04-09 18:09:36.150 LOG 3: field 0.0 0.0
2026-04-09 18:09:36.200 LOG 3: field 0.0 0.0
2026-04-09 18:09:36.250 LOG 3: field 0.0 0.0
2026-04-09 18:09:36.300 LOG 3: field 0.0 0.0
2026-04-09 18:09:36.350 LOG 3: field 0 0
2026-04-09 18:09:36.400 LOG 3: field 0.0 0.0
2026-04-09 18:09:36.450 LOG 3: field 0.0 0.0
2026-04-09 18:09:36.500 LOG 3: field 0 0
2026-04-09 18:09:36.550 LOG 3: field -1 -1
2026-04-09 18:09:36.600 LOG 3: field -1 -1
2026-04-09 18:09:36.650 LOG 3: field 0 0
2026-04-09 18:09:36.700 LOG 3: field 0.0 0.0
2026-04-09 18:09:36.750 LOG 3: field 0.0 0.0
2026-04-09 18:09:36.800 LOG 3: int_fields 
2026-04-09 18:09:36.850 LOG 3: field 77924527921 77924527921
2026-04-09 18:09:36.900 LOG 3: field 77924527921 77924527921
2026-04-09 18:09:36.950 LOG 3: field 1162788 1162788
2026-04-09 18:09:36.000 LOG 3: field 0 0
2026-04-09 18:09:36.050 LOG 3: field 0 0
2026-04-09 18:09:36.100 LOG 3: field 0 0
2026-04-09 18:09:36.150 LOG 3: field 25 25
2026-04-09 18:09:36.200 LOG 3: field 0 0
2026-04-09 18:09:36.250 LOG 3: field 1 1
2026-04-09 18:09:36.300 LOG 3: field 0 0
2026-04-09 18:09:36.350 LOG 3: field 0 0
2026-04-09 18:09:36.400 LOG 3: field 0 0
2026-04-09 18:09:36.450 LOG 3: field 0 0
2026-04-09 18:09:36.500 LOG 3: field 0 0
2026-04-09 18:09:36.550 LOG 3: field 1 1
2026-04-09 18:09:36.600 LOG 3: field 1 1
2026-04-09 18:09:36.650 LOG 3: field 1 1
2026-04-09 18:09:36.700 LOG 3: field 0 0
2026-04-09 18:09:36.750 LOG 3: field -1 -1
2026-04-09 18:09:36.800 LOG 3: field 0 0
2026-04-09 18:09:36.850 LOG 3: field 0 0
2026-04-09 18:09:36.900 LOG 3: field 0 0
2026-04-09 18:09:36.950 LOG 3: field 0 0
2026-04-09 18:09:36.000 LOG 3: field 0 0
2026-04-09 18:09:36.050 LOG 3: field 0 0
2026-04-09 18:09:36.100 LOG 3: field 0 0
2026-04-09 18:09:36.150 LOG 3: field 0 0
2026-04-09 18:09:36.200 LOG 3: field 0 0
2026-04-09 18:09:36.250 LOG 3: field 0 0
2026-04-09 18:09:36.300 LOG 3: field 0 0
2026-04-09 18:09:36.350 LOG 3: field 0 0
2026-04-09 18:09:36.400 LOG 3: field 20260410 20260410
2026-04-09 18:09:36.450 LOG 3: field 0 0
2026-04-09 18:09:36.500 LOG 3: field 0 0
2026-04-09 18:09:36.550 LOG 3: float_fields 
2026-04-09 18:09:36.600 LOG 3: field 1.0 1.0
2026-04-09 18:09:36.650 LOG 3: field 98.67 98.67
2026-04-09 18:09:36.700 LOG 3: field 986.7 986.7
2026-04-09 18:09:36.750 LOG 3: field 0.0 0.0
2026-04-09 18:09:36.800 LOG 3: field 14.95 14.95
2026-04-09 18:09:36.850 LOG 3: field 14.47 14.47
2026-04-09 18:09:36.900 LOG 3: field 0.0 0.0
2026-04-09 18:09:36.950 LOG 3: field 0.0 0.0
2026-04-09 18:09:36.000 LOG 3: field 0.0 0.0
2026-04-09 18:09:36.050 LOG 3: field 0.0 0.0
2026-04-09 18:09:36.100 LOG 3: field 0.0 0.0
2026-04-09 18:09:36.150 LOG 3: field 0.0 0.0
2026-04-09 18:09:36.200 LOG 3: field 0 0
2026-04-09 18:09:36.250 LOG 3: field 0.0 0.0
2026-04-09 18:09:36.300 LOG 3: field 0.0 0.0
2026-04-09 18:09:36.350 LOG 3: field 0 0
2026-04-09 18:09:36.400 LOG 3: field -1 -1
2026-04-09 18:09:36.450 LOG 3: field -1 -1
2026-04-09 18:09:36.500 LOG 3: field 0 0
2026-04-09 18:09:36.550 LOG 3: field 0.0 0.0
2026-04-09 18:09:36.600 LOG 3: field 0.0 0.0
2026-04-09 18:09:36.650 LOG 3: int_fields 
2026-04-09 18:09:36.700 LOG 3: field 77947783631 77947783631
2026-04-09 18:09:36.750 LOG 3: field 77947783631 77947783631
2026-04-09 18:09:36.800 LOG 3: field 1162788 1162788
2026-04-09 18:09:36.850 LOG 3: field 0 0
2026-04-09 18:09:36.900 LOG 3: field 0 0
2026-04-09 18:09:36.950 LOG 3: field 9180729 9180729
2026-04-09 18:09:36.000 LOG 3: field 25 25
2026-04-09 18:09:36.050 LOG 3: field 0 0
2026-04-09 18:09:36.100 LOG 3: field 1 1
2026-04-09 18:09:36.150 LOG 3: field 0 0
2026-04-09 18:09:36.200 LOG 3: field 0 0
2026-04-09 18:09:36.250 LOG 3: field 0 0
2026-04-09 18:09:36.300 LOG 3: field 0 0
2026-04-09 18:09:36.350 LOG 3: field 0 0
2026-04-09 18:09:36.400 LOG 3: field 1 1
2026-04-09 18:09:36.450 LOG 3: field 1 1
2026-04-09 18:09:36.500 LOG 3: field 1 1
2026-04-09 18:09:36.550 LOG 3: field 0 0
2026-04-09 18:09:36.600 LOG 3: field -1 -1
2026-04-09 18:09:36.650 LOG 3: field 0 0
2026-04-09 18:09:36.700 LOG 3: field 0 0
2026-04-09 18:09:36.750 LOG 3: field 0 0
2026-04-09 18:09:36.800 LOG 3: field 0 0
2026-04-09 18:09:36.850 LOG 3: field 0 0
2026-04-09 18:09:36.900 LOG 3: field 0 0
2026-04-09 18:09:36.950 LOG 3: field 0 0
2026-04-09 18:09:36.000 LOG 3: field 0 0
2026-04-09 18:09:36.050 LOG 3: field 0 0
2026-04-09 18:09:36.100 LOG 3: field 0 0
2026-04-09 18:09:36.150 LOG 3: field 0 0
2026-04-09 18:09:36.200 LOG 3: field 0 0
2026-04-09 18:09:36.250 LOG 3: field 20260410 20260410
2026-04-09 18:09:36.300 LOG 3: field 0 0
2026-04-09 18:09:36.350 LOG 3: field 0 0
2026-04-09 18:09:36.400 LOG 3: float_fields 
2026-04-09 18:09:36.450 LOG 3: field 1.0 1.0
2026-04-09 18:09:36.500 LOG 3: field 100.99 100.99
2026-04-09 18:09:36.550 LOG 3: field 1009.9 1009.9
2026-04-09 18:09:36.600 LOG 3: field 0.0 0.0
2026-04-09 18:09:36.650 LOG 3: field 12.44 12.44
2026-04-09 18:09:36.700 LOG 3: field 28.88 28.88
2026-04-09 18:09:36.750 LOG 3: field 0.0 0.0
2026-04-09 18:09:36.800 LOG 3: field 0.0 0.0
2026-04-09 18:09:36.850 LOG 3: field 0.0 0.0
2026-04-09 18:09:36.900 LOG 3: field 0.0 0.0
2026-04-09 18:09:36.950 LOG 3: field 0.0 0.0
2026-04-09 18:09:36.000 LOG 3: field 0.0 0.0
2026-04-09 18:09:36.050 LOG 3: field 0 0
2026-04-09 18:09:36.100 LOG 3: field 0.0 0.0
2026-04-09 18:09:36.150 LOG 3: field 0.0 0.0
2026-04-09 18:09:36.200 LOG 3: field 0 0
2026-04-09 18:09:36.250 LOG 3: field -1 -1
2026-04-09 18:09:36.300 LOG 3: field -1 -1
2026-04-09 18:09:36.350 LOG 3: field 0 0
2026-04-09 18:09:36.400 LOG 3: field 0.0 0.0
2026-04-09 18:09:36.450 LOG 3: field 0.0 0.0
2026-04-09 18:09:36.500 LOG 3: int_fields 
2026-04-09 18:09:36.550 LOG 3: field 77947788055 77947788055
2026-04-09 18:09:36.600 LOG 3: field 77947788055 77947788055
2026-04-09 18:09:36.650 LOG 3: field 1162788 1162788
2026-04-09 18:09:36.700 LOG 3: field 0 0
2026-04-09 18:09:36.750 LOG 3: field 0 0
2026-04-09 18:09:36.800 LOG 3: field 9180730 9180730
2026-04-09 18:09:36.850 LOG 3: field 25 25
2026-04-09 18:09:36.900 LOG 3: field 0 0
2026-04-09 18:09:36.950 LOG 3: field 1 1
2026-04-09 18:09:36.000 LOG 3: field 0 0
2026-04-09 18:09:36.050 LOG 3: field 0 0
2026-04-09 18:09:36.100 LOG 3: field 0 0
2026-04-09 18:09:36.150 LOG 3: field 0 0
2026-04-09 18:09:36.200 LOG 3: field 0 0
2026-04-09 18:09:36.250 LOG 3: field 1 1
2026-04-09 18:09:36.300 LOG 3: field 1 1
2026-04-09 18:09:36.350 LOG 3: field 1 1
2026-04-09 18:09:36.400 LOG 3: field 0 0
2026-04-09 18:09:36.450 LOG 3: field -1 -1
2026-04-09 18:09:36.500 LOG 3: field 0 0
2026-04-09 18:09:36.550 LOG 3: field 0 0
2026-04-09 18:09:36.600 LOG 3: field 0 0
2026-04-09 18:09:36.650 LOG 3: field 0 0
2026-04-09 18:09:36.700 LOG 3: field 0 0
2026-04-09 18:09:36.750 LOG 3: field 0 0
2026-04-09 18:09:36.800 LOG 3: field 0 0
2026-04-09 18:09:36.850 LOG 3: field 0 0
2026-04-09 18:09:36.900 LOG 3: field 0 0
2026-04-09 18:09:36.950 LOG 3: field 0 0
2026-04-09 18:09:36.000 LOG 3: field 0 0
2026-04-09 18:09:36.050 LOG 3: field 0 0
2026-04-09 18:09:36.100 LOG 3: field 20260410 20260410
2026-04-09 18:09:36.150 LOG 3: field 0 0
2026-04-09 18:09:36.200 LOG 3: field 0 0
2026-04-09 18:09:36.250 LOG 3: float_fields 
2026-04-09 18:09:36.300 LOG 3: field 1.0 1.0
2026-04-09 18:09:36.350 LOG 3: field 102.9 102.9
2026-04-09 18:09:36.400 LOG 3: field 1029.0 1029.0
2026-04-09 18:09:36.450 LOG 3: field 0.0 0.0
2026-04-09 18:09:36.500 LOG 3: field 15.1 15.1
2026-04-09 18:09:36.550 LOG 3: field 65.67 65.67
2026-04-09 18:09:36.600 LOG 3: field 0.0 0.0
2026-04-09 18:09:36.650 LOG 3: field 0.0 0.0
2026-04-09 18:09:36.700 LOG 3: field 0.0 0.0
2026-04-09 18:09:36.750 LOG 3: field 0.0 0.0
2026-04-09 18:09:36.800 LOG 3: field 0.0 0.0
2026-04-09 18:09:36.850 LOG 3: field 0.0 0.0
2026-04-09 18:09:36.900 LOG 3: field 0 0
2026-04-09 18:09:36.950 LOG 3: field 0.0 0.0
2026-04-09 18:09:36.000 LOG 3: field 0.0 0.0
2026-04-09 18:09:36.050 LOG 3: field 0 0
2026-04-09 18:09:36.100 LOG 3: field -1 -1
2026-04-09 18:09:36.150 LOG 3: field -1 -1
2026-04-09 18:09:36.200 LOG 3: field 0 0
2026-04-09 18:09:36.250 LOG 3: field 0.0 0.0
2026-04-09 18:09:36.300 LOG 3: field 0.0 0.0
2026-04-09 18:09:36.350 LOG 3: int_fields 
2026-04-09 18:09:36.400 LOG 3: field 77947793758 77947793758
2026-04-09 18:09:36.450 LOG 3: field 77947793758 77947793758
2026-04-09 18:09:36.500 LOG 3: field 1162788 1162788
2026-04-09 18:09:36.550 LOG 3: field 0 0
2026-04-09 18:09:36.600 LOG 3: field 0 0
2026-04-09 18:09:36.650 LOG 3: field 9180731 9180731
2026-04-09 18:09:36.700 LOG 3: field 25 25
2026-04-09 18:09:36.750 LOG 3: field 0 0
2026-04-09 18:09:36.800 LOG 3: field 1 1
2026-04-09 18:09:36.850 LOG 3: field 0 0
2026-04-09 18:09:36.900 LOG 3: field 0 0
2026-04-09 18:09:36.950 LOG 3: field 0 0
2026-04-09 18:09:36.000 LOG 3: field 0 0
2026-04-09 18:09:36.050 LOG 3: field 0 0
2026-04-09 18:09:36.100 LOG 3: field 1 1
2026-04-09 18:09:36.150 LOG 3: field 1 1
2026-04-09 18:09:36.200 LOG 3: field 1 1
2026-04-09 18:09:36.250 LOG 3: field 0 0
2026-04-09 18:09:36.300 LOG 3: field -1 -1
2026-04-09 18:09:36.350 LOG 3: field 0 0
2026-04-09 18:09:36.400 LOG 3: field 0 0
2026-04-09 18:09:36.450 LOG 3: field 0 0
2026-04-09 18:09:36.500 LOG 3: field 0 0
2026-04-09 18:09:36.550 LOG 3: field 0 0
2026-04-09 18:09:36.600 LOG 3: field 0 0
2026-04-09 18:09:36.650 LOG 3: field 0 0
2026-04-09 18:09:36.700 LOG 3: field 0 0
2026-04-09 18:09:36.750 LOG 3: field 0 0
2026-04-09 18:09:36.800 LOG 3: field 0 0
2026-04-09 18:09:36.850 LOG 3: field 0 0
2026-04-09 18:09:36.900 LOG 3: field 0 0
2026-04-09 18:09:36.950 LOG 3: field 20260410 20260410
2026-04-09 18:09:36.000 LOG 3: field 0 0
2026-04-09 18:09:36.050 LOG 3: field 0 0
2026-04-09 18:09:36.100 LOG 3: float_fields 
2026-04-09 18:09:36.150 LOG 3: field 1.0 1.0
2026-04-09 18:09:36.200 LOG 3: field 105.89 105.89
2026-04-09 18:09:36.250 LOG 3: field 1058.9 1058.9
2026-04-09 18:09:36.300 LOG 3: field 0.0 0.0
2026-04-09 18:09:36.350 LOG 3: field 15.03 15.03
2026-04-09 18:09:36.400 LOG 3: field 8.43 8.43
2026-04-09 18:09:36.450 LOG 3: field 0.0 0.0
2026-04-09 18:09:36.500 LOG 3: field 0.0 0.0
2026-04-09 18:09:36.550 LOG 3: field 0.0 0.0
2026-04-09 18:09:36.600 LOG 3: field 0.0 0.0
2026-04-09 18:09:36.650 LOG 3: field 0.0 0.0
2026-04-09 18:09:36.700 LOG 3: field 0.0 0.0
2026-04-09 18:09:36.750 LOG 3: field 0 0
2026-04-09 18:09:36.800 LOG 3: field 0.0 0.0
2026-04-09 18:09:36.850 LOG 3: field 0.0 0.0
2026-04-09 18:09:36.900 LOG 3: field 0 0
2026-04-09 18:09:36.950 LOG 3: field -1 -1
2026-04-09 18:09:36.000 LOG 3: field -1 -1
2026-04-09 18:09:36.050 LOG 3: field 0 0
2026-04-09 18:09:36.100 LOG 3: field 0.0 0.0
2026-04-09 18:09:36.150 LOG 3: field 0.0 0.0
2026-04-09 18:09:46.350 LOG 3: int_fields 
2026-04-09 18:09:46.400 LOG 3: field 77924509061 77924509061
2026-04-09 18:09:46.450 LOG 3: field 77924509061 77924509061
2026-04-09 18:09:46.500 LOG 3: field 1162788 1162788
2026-04-09 18:09:46.550 LOG 3: field 1162788 1162788
2026-04-09 18:09:46.600 LOG 3: field 0 0
2026-04-09 18:09:46.650 LOG 3: field 0 0
2026-04-09 18:09:46.700 LOG 3: field 26 26
2026-04-09 18:09:46.750 LOG 3: field 0 0
2026-04-09 18:09:46.800 LOG 3: field 1 1
2026-04-09 18:09:46.850 LOG 3: field 0 0
2026-04-09 18:09:46.900 LOG 3: field 0 0
2026-04-09 18:09:46.950 LOG 3: field 0 0
2026-04-09 18:09:46.000 LOG 3: field 0 0
2026-04-09 18:09:46.050 LOG 3: field 0 0
2026-04-09 18:09:46.100 LOG 3: field 1 1
2026-04-09 18:09:46.150 LOG 3: field 1 1
2026-04-09 18:09:46.200 LOG 3: field 1 1
2026-04-09 18:09:46.250 LOG 3: field 0 0
2026-04-09 18:09:46.300 LOG 3: field -1 -1
2026-04-09 18:09:46.350 LOG 3: field 0 0
2026-04-09 18:09:46.400 LOG 3: field 0 0
2026-04-09 18:09:46.450 LOG 3: field 0 0
2026-04-09 18:09:46.500 LOG 3: field 0 0
2026-04-09 18:09:46.550 LOG 3: field 0 0
2026-04-09 18:09:46.600 LOG 3: field 0 0
2026-04-09 18:09:46.650 LOG 3: field 0 0
2026-04-09 18:09:46.700 LOG 3: field 0 0
2026-04-09 18:09:46.750 LOG 3: field 0 0
2026-04-09 18:09:46.800 LOG 3: field 0 0
2026-04-09 18:09:46.850 LOG 3: field 0 0
2026-04-09 18:09:46.900 LOG 3: field 0 0
2026-04-09 18:09:46.950 LOG 3: field 20260410 20260410
2026-04-09 18:09:46.000 LOG 3: field 0 0
2026-04-09 18:09:46.050 LOG 3: field 0 0
2026-04-09 18:09:46.100 LOG 3: float_fields 
2026-04-09 18:09:46.150 LOG 3: field 1.0 1.0
2026-04-09 18:09:46.200 LOG 3: field 98.67 98.67
2026-04-09 18:09:46.250 LOG 3: field 986.7 986.7
2026-04-09 18:09:46.300 LOG 3: field 0.0 0.0
2026-04-09 18:09:46.350 LOG 3: field 14.95 14.95
2026-04-09 18:09:46.400 LOG 3: field 14.47 14.47
2026-04-09 18:09:46.450 LOG 3: field 0.0 0.0
2026-04-09 18:09:46.500 LOG 3: field 0.0 0.0
2026-04-09 18:09:46.550 LOG 3: field 0.0 0.0
2026-04-09 18:09:46.600 LOG 3: field 0.0 0.0
2026-04-09 18:09:46.650 LOG 3: field 0.0 0.0
2026-04-09 18:09:46.700 LOG 3: field 0.0 0.0
2026-04-09 18:09:46.750 LOG 3: field 0 0
2026-04-09 18:09:46.800 LOG 3: field 0.0 0.0
2026-04-09 18:09:46.850 LOG 3: field 0.0 0.0
2026-04-09 18:09:46.900 LOG 3: field 0 0
2026-04-09 18:09:46.950 LOG 3: field -1 -1
2026-04-09 18:09:46.000 LOG 3: field -1 -1
2026-04-09 18:09:46.050 LOG 3: field 0 0
2026-04-09 18:09:46.100 LOG 3: field 0.0 0.0
2026-04-09 18:09:46.150 LOG 3: field 0.0 0.0
2026-04-09 18:09:46.200 LOG 3: int_fields 
2026-04-09 18:09:46.250 LOG 3: field 77924527921 77924527921
2026-04-09 18:09:46.300 LOG 3: field 77924527921 77924527921
2026-04-09 18:09:46.350 LOG 3: field 1162788 1162788
2026-04-09 18:09:46.400 LOG 3: field 0 0
2026-04-09 18:09:46.450 LOG 3: field 0 0
2026-04-09 18:09:46.500 LOG 3: field 0 0
2026-04-09 18:09:46.550 LOG 3: field 25 25
2026-04-09 18:09:46.600 LOG 3: field 0 0
2026-04-09 18:09:46.650 LOG 3: field 1 1
2026-04-09 18:09:46.700 LOG 3: field 0 0
2026-04-09 18:09:46.750 LOG 3: field 0 0
2026-04-09 18:09:46.800 LOG 3: field 0 0
2026-04-09 18:09:46.850 LOG 3: field 0 0
2026-04-09 18:09:46.900 LOG 3: field 0 0
2026-04-09 18:09:46.950 LOG 3: field 1 1
2026-04-09 18:09:46.000 LOG 3: field 1 1
2026-04-09 18:09:46.050 LOG 3: field 1 1
2026-04-09 18:09:46.100 LOG 3: field 0 0
2026-04-09 18:09:46.150 LOG 3: field -1 -1
2026-04-09 18:09:46.200 LOG 3: field 0 0
2026-04-09 18:09:46.250 LOG 3: field 0 0
2026-04-09 18:09:46.300 LOG 3: field 0 0
2026-04-09 18:09:46.350 LOG 3: field 0 0
2026-04-09 18:09:46.400 LOG 3: field 0 0
2026-04-09 18:09:46.450 LOG 3: field 0 0
2026-04-09 18:09:46.500 LOG 3: field 0 0
2026-04-09 18:09:46.550 LOG 3: field 0 0
2026-04-09 18:09:46.600 LOG 3: field 0 0
2026-04-09 18:09:46.650 LOG 3: field 0 0
2026-04-09 18:09:46.700 LOG 3: field 0 0
2026-04-09 18:09:46.750 LOG 3: field 0 0
2026-04-09 18:09:46.800 LOG 3: field 20260410 20260410
2026-04-09 18:09:46.850 LOG 3: field 0 0
2026-04-09 18:09:46.900 LOG 3: field 0 0
2026-04-09 18:09:46.950 LOG 3: float_fields 
2026-04-09 18:09:46.000 LOG 3: field 1.0 1.0
2026-04-09 18:09:46.050 LOG 3: field 98.67 98.67
2026-04-09 18:09:46.100 LOG 3: field 986.7 986.7
2026-04-09 18:09:46.150 LOG 3: field 0.0 0.0
2026-04-09 18:09:46.200 LOG 3: field 14.95 14.95
2026-04-09 18:09:46.250 LOG 3: field 14.47 14.47
2026-04-09 18:09:46.300 LOG 3: field 0.0 0.0
2026-04-09 18:09:46.350 LOG 3: field 0.0 0.0
2026-04-09 18:09:46.400 LOG 3: field 0.0 0.0
2026-04-09 18:09:46.450 LOG 3: field 0.0 0.0
2026-04-09 18:09:46.500 LOG 3: field 0.0 0.0
2026-04-09 18:09:46.550 LOG 3: field 0.0 0.0
2026-04-09 18:09:46.600 LOG 3: field 0 0
2026-04-09 18:09:46.650 LOG 3: field 0.0 0.0
2026-04-09 18:09:46.700 LOG 3: field 0.0 0.0
2026-04-09 18:09:46.750 LOG 3: field 0 0
2026-04-09 18:09:46.800 LOG 3: field -1 -1
2026-04-09 18:09:46.850 LOG 3: field -1 -1
2026-04-09 18:09:46.900 LOG 3: field 0 0
2026-04-09 18:09:46.950 LOG 3: field 0.0 0.0
2026-04-09 18:09:46.000 LOG 3: field 0.0 0.0
2026-04-09 18:09:46.050 LOG 3: int_fields 
2026-04-09 18:09:46.100 LOG 3: field 77947783631 77947783631
2026-04-09 18:09:46.150 LOG 3: field 77947783631 77947783631
2026-04-09 18:09:46.200 LOG 3: field 1162788 1162788
2026-04-09 18:09:46.250 LOG 3: field 0 0
2026-04-09 18:09:46.300 LOG 3: field 0 0
2026-04-09 18:09:46.350 LOG 3: field 9180729 9180729
2026-04-09 18:09:46.400 LOG 3: field 25 25
2026-04-09 18:09:46.450 LOG 3: field 0 0
2026-04-09 18:09:46.500 LOG 3: field 1 1
2026-04-09 18:09:46.550 LOG 3: field 0 0
2026-04-09 18:09:46.600 LOG 3: field 0 0
2026-04-09 18:09:46.650 LOG 3: field 0 0
2026-04-09 18:09:46.700 LOG 3: field 0 0
2026-04-09 18:09:46.750 LOG 3: field 0 0
2026-04-09 18:09:46.800 LOG 3: field 1 1
2026-04-09 18:09:46.850 LOG 3: field 1 1
2026-04-09 18:09:46.900 LOG 3: field 1 1
2026-04-09 18:09:46.950 LOG 3: field 0 0
2026-04-09 18:09:46.000 LOG 3: field -1 -1
2026-04-09 18:09:46.050 LOG 3: field 0 0
2026-04-09 18:09:46.100 LOG 3: field 0 0
2026-04-09 18:09:46.150 LOG 3: field 0 0
2026-04-09 18:09:46.200 LOG 3: field 0 0
2026-04-09 18:09:46.250 LOG 3: field 0 0
2026-04-09 18:09:46.300 LOG 3: field 0 0
2026-04-09 18:09:46.350 LOG 3: field 0 0
2026-04-09 18:09:46.400 LOG 3: field 0 0
2026-04-09 18:09:46.450 LOG 3: field 0 0
2026-04-09 18:09:46.500 LOG 3: field 0 0
2026-04-09 18:09:46.550 LOG 3: field 0 0
2026-04-09 18:09:46.600 LOG 3: field 0 0
2026-04-09 18:09:46.650 LOG 3: field 20260410 20260410
2026-04-09 18:09:46.700 LOG 3: field 0 0
2026-04-09 18:09:46.750 LOG 3: field 0 0
2026-04-09 18:09:46.800 LOG 3: float_fields 
2026-04-09 18:09:46.850 LOG 3: field 1.0 1.0
2026-04-09 18:09:46.900 LOG 3: field 100.99 100.99
2026-04-09 18:09:46.950 LOG 3: field 1009.9 1009.9
2026-04-09 18:09:46.000 LOG 3: field 0.0 0.0
2026-04-09 18:09:46.050 LOG 3: field 12.44 12.44
2026-04-09 18:09:46.100 LOG 3: field 28.88 28.88
2026-04-09 18:09:46.150 LOG 3: field 0.0 0.0
2026-04-09 18:09:46.200 LOG 3: field 0.0 0.0
2026-04-09 18:09:46.250 LOG 3: field 0.0 0.0
2026-04-09 18:09:46.300 LOG 3: field 0.0 0.0
2026-04-09 18:09:46.350 LOG 3: field 0.0 0.0
2026-04-09 18:09:46.400 LOG 3: field 0.0 0.0
2026-04-09 18:09:46.450 LOG 3: field 0 0
2026-04-09 18:09:46.500 LOG 3: field 0.0 0.0
2026-04-09 18:09:46.550 LOG 3: field 0.0 0.0
2026-04-09 18:09:46.600 LOG 3: field 0 0
2026-04-09 18:09:46.650 LOG 3: field -1 -1
2026-04-09 18:09:46.700 LOG 3: field -1 -1
2026-04-09 18:09:46.750 LOG 3: field 0 0
2026-04-09 18:09:46.800 LOG 3: field 0.0 0.0
2026-04-09 18:09:46.850 LOG 3: field 0.0 0.0
2026-04-09 18:09:46.900 LOG 3: int_fields 
2026-04-09 18:09:46.950 LOG 3: field 77947788055 77947788055
2026-04-09 18:09:46.000 LOG 3: field 77947788055 77947788055
2026-04-09 18:09:46.050 LOG 3: field 1162788 1162788
2026-04-09 18:09:46.100 LOG 3: field 0 0
2026-04-09 18:09:46.150 LOG 3: field 0 0
2026-04-09 18:09:46.200 LOG 3: field 9180730 9180730
2026-04-09 18:09:46.250 LOG 3: field 25 25
2026-04-09 18:09:46.300 LOG 3: field 0 0
2026-04-09 18:09:46.350 LOG 3: field 1 1
2026-04-09 18:09:46.400 LOG 3: field 0 0
2026-04-09 18:09:46.450 LOG 3: field 0 0
2026-04-09 18:09:46.500 LOG 3: field 0 0
2026-04-09 18:09:46.550 LOG 3: field 0 0
2026-04-09 18:09:46.600 LOG 3: field 0 0
2026-04-09 18:09:46.650 LOG 3: field 1 1
2026-04-09 18:09:46.700 LOG 3: field 1 1
2026-04-09 18:09:46.750 LOG 3: field 1 1
2026-04-09 18:09:46.800 LOG 3: field 0 0
2026-04-09 18:09:46.850 LOG 3: field -1 -1
2026-04-09 18:09:46.900 LOG 3: field 0 0
2026-04-09 18:09:46.950 LOG 3: field 0 0
2026-04-09 18:09:46.000 LOG 3: field 0 0
2026-04-09 18:09:46.050 LOG 3: field 0 0
2026-04-09 18:09:46.100 LOG 3: field 0 0
2026-04-09 18:09:46.150 LOG 3: field 0 0
2026-04-09 18:09:46.200 LOG 3: field 0 0
2026-04-09 18:09:46.250 LOG 3: field 0 0
2026-04-09 18:09:46.300 LOG 3: field 0 0
2026-04-09 18:09:46.350 LOG 3: field 0 0
2026-04-09 18:09:46.400 LOG 3: field 0 0
2026-04-09 18:09:46.450 LOG 3: field 0 0
2026-04-09 18:09:46.500 LOG 3: field 20260410 20260410
2026-04-09 18:09:46.550 LOG 3: field 0 0
2026-04-09 18:09:46.600 LOG 3: field 0 0
2026-04-09 18:09:46.650 LOG 3: float_fields 
2026-04-09 18:09:46.700 LOG 3: field 1.0 1.0
2026-04-09 18:09:46.750 LOG 3: field 102.9 102.9
2026-04-09 18:09:46.800 LOG 3: field 1029.0 1029.0
2026-04-09 18:09:46.850 LOG 3: field 0.0 0.0
2026-04-09 18:09:46.900 LOG 3: field 15.1 15.1
2026-04-09 18:09:46.950 LOG 3: field 65.67 65.67
2026-04-09 18:09:46.000 LOG 3: field 0.0 0.0
2026-04-09 18:09:46.050 LOG 3: field 0.0 0.0
2026-04-09 18:09:46.100 LOG 3: field 0.0 0.0
2026-04-09 18:09:46.150 LOG 3: field 0.0 0.0
2026-04-09 18:09:46.200 LOG 3: field 0.0 0.0
2026-04-09 18:09:46.250 LOG 3: field 0.0 0.0
2026-04-09 18:09:46.300 LOG 3: field 0 0
2026-04-09 18:09:46.350 LOG 3: field 0.0 0.0
2026-04-09 18:09:46.400 LOG 3: field 0.0 0.0
2026-04-09 18:09:46.450 LOG 3: field 0 0
2026-04-09 18:09:46.500 LOG 3: field -1 -1
2026-04-09 18:09:46.550 LOG 3: field -1 -1
2026-04-09 18:09:46.600 LOG 3: field 0 0
2026-04-09 18:09:46.650 LOG 3: field 0.0 0.0
2026-04-09 18:09:46.700 LOG 3: field 0.0 0.0
2026-04-09 18:09:46.750 LOG 3: int_fields 
2026-04-09 18:09:46.800 LOG 3: field 77947793758 77947793758
2026-04-09 18:09:46.850 LOG 3: field 77947793758 77947793758
2026-04-09 18:09:46.900 LOG 3: field 1162788 1162788
2026-04-09 18:09:46.950 LOG 3: field 0 0
2026-04-09 18:09:46.000 LOG 3: field 0 0
2026-04-09 18:09:46.050 LOG 3: field 9180731 9180731
2026-04-09 18:09:46.100 LOG 3: field 25 25
2026-04-09 18:09:46.150 LOG 3: field 0 0
2026-04-09 18:09:46.200 LOG 3: field 1 1
2026-04-09 18:09:46.250 LOG 3: field 0 0
2026-04-09 18:09:46.300 LOG 3: field 0 0
2026-04-09 18:09:46.350 LOG 3: field 0 0
2026-04-09 18:09:46.400 LOG 3: field 0 0
2026-04-09 18:09:46.450 LOG 3: field 0 0
2026-04-09 18:09:46.500 LOG 3: field 1 1
2026-04-09 18:09:46.550 LOG 3: field 1 1
2026-04-09 18:09:46.600 LOG 3: field 1 1
2026-04-09 18:09:46.650 LOG 3: field 0 0
2026-04-09 18:09:46.700 LOG 3: field -1 -1
2026-04-09 18:09:46.750 LOG 3: field 0 0
2026-04-09 18:09:46.800 LOG 3: field 0 0
2026-04-09 18:09:46.850 LOG 3: field 0 0
2026-04-09 18:09:46.900 LOG 3: field 0 0
2026-04-09 18:09:46.950 LOG 3: field 0 0
2026-04-09 18:09:46.000 LOG 3: field 0 0
2026-04-09 18:09:46.050 LOG 3: field 0 0
2026-04-09 18:09:46.100 LOG 3: field 0 0
2026-04-09 18:09:46.150 LOG 3: field 0 0
2026-04-09 18:09:46.200 LOG 3: field 0 0
2026-04-09 18:09:46.250 LOG 3: field 0 0
2026-04-09 18:09:46.300 LOG 3: field 0 0
2026-04-09 18:09:46.350 LOG 3: field 20260410 20260410
2026-04-09 18:09:46.400 LOG 3: field 0 0
2026-04-09 18:09:46.450 LOG 3: field 0 0
2026-04-09 18:09:46.500 LOG 3: float_fields 
2026-04-09 18:09:46.550 LOG 3: field 1.0 1.0
2026-04-09 18:09:46.600 LOG 3: field 105.89 105.89
2026-04-09 18:09:46.650 LOG 3: field 1058.9 1058.9
2026-04-09 18:09:46.700 LOG 3: field 0.0 0.0
2026-04-09 18:09:46.750 LOG 3: field 15.03 15.03
2026-04-09 18:09:46.800 LOG 3: field 8.43 8.43
2026-04-09 18:09:46.850 LOG 3: field 0.0 0.0
2026-04-09 18:09:46.900 LOG 3: field 0.0 0.0
2026-04-09 18:09:46.950 LOG 3: field 0.0 0.0
2026-04-09 18:09:46.000 LOG 3: field 0.0 0.0
2026-04-09 18:09:46.050 LOG 3: field 0.0 0.0
2026-04-09 18:09:46.100 LOG 3: field 0.0 0.0
2026-04-09 18:09:46.150 LOG 3: field 0 0
2026-04-09 18:09:46.200 LOG 3: field 0.0 0.0
2026-04-09 18:09:46.250 LOG 3: field 0.0 0.0
2026-04-09 18:09:46.300 LOG 3: field 0 0
2026-04-09 18:09:46.350 LOG 3: field -1 -1
2026-04-09 18:09:46.400 LOG 3: field -1 -1
2026-04-09 18:09:46.450 LOG 3: field 0 0
2026-04-09 18:09:46.500 LOG 3: field 0.0 0.0
2026-04-09 18:09:46.550 LOG 3: field 0.0 0.0
2026-04-09 18:09:46.600 LOG 3: int_fields 
2026-04-09 18:09:46.650 LOG 3: field 77924509061 77924509061
2026-04-09 18:09:46.700 LOG 3: field 77924509061 77924509061
2026-04-09 18:09:46.750 LOG 3: field 1162788 1162788
2026-04-09 18:09:46.800 LOG 3: field 1162788 1162788
2026-04-09 18:09:46.850 LOG 3: field 0 0
2026-04-09 18:09:46.900 LOG 3: field 0 0
2026-04-09 18:09:46.950 LOG 3: field 26 26
2026-04-09 18:09:46.000 LOG 3: field 0 0
2026-04-09 18:09:46.050 LOG 3: field 1 1
2026-04-09 18:09:46.100 LOG 3: field 0 0
2026-04-09 18:09:46.150 LOG 3: field 0 0
2026-04-09 18:09:46.200 LOG 3: field 0 0
2026-04-09 18:09:46.250 LOG 3: field 0 0
2026-04-09 18:09:46.300 LOG 3: field 0 0
2026-04-09 18:09:46.350 LOG 3: field 1 1
2026-04-09 18:09:46.400 LOG 3: field 1 1
2026-04-09 18:09:46.450 LOG 3: field 1 1
2026-04-09 18:09:46.500 LOG 3: field 0 0
2026-04-09 18:09:46.550 LOG 3: field -1 -1
2026-04-09 18:09:46.600 LOG 3: field 0 0
2026-04-09 18:09:46.650 LOG 3: field 0 0
2026-04-09 18:09:46.700 LOG 3: field 0 0
2026-04-09 18:09:46.750 LOG 3: field 0 0
2026-04-09 18:09:46.800 LOG 3: field 0 0
2026-04-09 18:09:46.850 LOG 3: field 0 0
2026-04-09 18:09:46.900 LOG 3: field 0 0
2026-04-09 18:09:46.950 LOG 3: field 0 0
2026-04-09 18:09:46.000 LOG 3: field 0 0
2026-04-09 18:09:46.050 LOG 3: field 0 0
2026-04-09 18:09:46.100 LOG 3: field 0 0
2026-04-09 18:09:46.150 LOG 3: field 0 0
2026-04-09 18:09:46.200 LOG 3: field 20260410 20260410
2026-04-09 18:09:46.250 LOG 3: field 0 0
2026-04-09 18:09:46.300 LOG 3: field 0 0
2026-04-09 18:09:46.350 LOG 3: float_fields 
2026-04-09 18:09:46.400 LOG 3: field 1.0 1.0
2026-04-09 18:09:46.450 LOG 3: field 98.67 98.67
2026-04-09 18:09:46.500 LOG 3: field 986.7 986.7
2026-04-09 18:09:46.550 LOG 3: field 0.0 0.0
2026-04-09 18:09:46.600 LOG 3: field 14.95 14.95
2026-04-09 18:09:46.650 LOG 3: field 14.47 14.47
2026-04-09 18:09:46.700 LOG 3: field 0.0 0.0
2026-04-09 18:09:46.750 LOG 3: field 0.0 0.0
2026-04-09 18:09:46.800 LOG 3: field 0.0 0.0
2026-04-09 18:09:46.850 LOG 3: field 0.0 0.0
2026-04-09 18:09:46.900 LOG 3: field 0.0 0.0
2026-04-09 18:09:46.950 LOG 3: field 0.0 0.0
2026-04-09 18:09:46.000 LOG 3: field 0 0
2026-04-09 18:09:46.050 LOG 3: field 0.0 0.0
2026-04-09 18:09:46.100 LOG 3: field 0.0 0.0
2026-04-09 18:09:46.150 LOG 3: field 0 0
2026-04-09 18:09:46.200 LOG 3: field -1 -1
2026-04-09 18:09:46.250 LOG 3: field -1 -1
2026-04-09 18:09:46.300 LOG 3: field 0 0
2026-04-09 18:09:46.350 LOG 3: field 0.0 0.0
2026-04-09 18:09:46.400 LOG 3: field 0.0 0.0
2026-04-09 18:09:46.450 LOG 3: int_fields 
2026-04-09 18:09:46.500 LOG 3: field 77924527921 77924527921
2026-04-09 18:09:46.550 LOG 3: field 77924527921 77924527921
2026-04-09 18:09:46.600 LOG 3: field 1162788 1162788
2026-04-09 18:09:46.650 LOG 3: field 0 0
2026-04-09 18:09:46.700 LOG 3: field 0 0
2026-04-09 18:09:46.750 LOG 3: field 0 0
2026-04-09 18:09:46.800 LOG 3: field 25 25
2026-04-09 18:09:46.850 LOG 3: field 0 0
2026-04-09 18:09:46.900 LOG 3: field 1 1
2026-04-09 18:09:46.950 LOG 3: field 0 0
2026-04-09 18:09:46.000 LOG 3: field 0 0
2026-04-09 18:09:46.050 LOG 3: field 0 0
2026-04-09 18:09:46.100 LOG 3: field 0 0
2026-04-09 18:09:46.150 LOG 3: field 0 0
2026-04-09 18:09:46.200 LOG 3: field 1 1
2026-04-09 18:09:46.250 LOG 3: field 1 1
2026-04-09 18:09:46.300 LOG 3: field 1 1
2026-04-09 18:09:46.350 LOG 3: field 0 0
2026-04-09 18:09:46.400 LOG 3: field -1 -1
2026-04-09 18:09:46.450 LOG 3: field 0 0
2026-04-09 18:09:46.500 LOG 3: field 0 0
2026-04-09 18:09:46.550 LOG 3: field 0 0
2026-04-09 18:09:46.600 LOG 3: field 0 0
2026-04-09 18:09:46.650 LOG 3: field 0 0
2026-04-09 18:09:46.700 LOG 3: field 0 0
2026-04-09 18:09:46.750 LOG 3: field 0 0
2026-04-09 18:09:46.800 LOG 3: field 0 0
2026-04-09 18:09:46.850 LOG 3: field 0 0
2026-04-09 18:09:46.900 LOG 3: field 0 0
2026-04-09 18:09:46.950 LOG 3: field 0 0
2026-04-09 18:09:46.000 LOG 3: field 0 0
2026-04-09 18:09:46.050 LOG 3: field 20260410 20260410
2026-04-09 18:09:46.100 LOG 3: field 0 0
2026-04-09 18:09:46.150 LOG 3: field 0 0
2026-04-09 18:09:46.200 LOG 3: float_fields 
2026-04-09 18:09:46.250 LOG 3: field 1.0 1.0
2026-04-09 18:09:46.300 LOG 3: field 98.67 98.67
2026-04-09 18:09:46.350 LOG 3: field 986.7 986.7
2026-04-09 18:09:46.400 LOG 3: field 0.0 0.0
2026-04-09 18:09:46.450 LOG 3: field 14.95 14.95
2026-04-09 18:09:46.500 LOG 3: field 14.47 14.47
2026-04-09 18:09:46.550 LOG 3: field 0.0 0.0
2026-04-09 18:09:46.600 LOG 3: field 0.0 0.0
2026-04-09 18:09:46.650 LOG 3: field 0.0 0.0
2026-04-09 18:09:46.700 LOG 3: field 0.0 0.0
2026-04-09 18:09:46.750 LOG 3: field 0.0 0.0
2026-04-09 18:09:46.800 LOG 3: field 0.0 0.0
2026-04-09 18:09:46.850 LOG 3: field 0 0
2026-04-09 18:09:46.900 LOG 3: field 0.0 0.0
2026-04-09 18:09:46.950 LOG 3: field 0.0 0.0
2026-04-09 18:09:46.000 LOG 3: field 0 0
2026-04-09 18:09:46.050 LOG 3: field -1 -1
2026-04-09 18:09:46.100 LOG 3: field -1 -1
2026-04-09 18:09:46.150 LOG 3: field 0 0
2026-04-09 18:09:46.200 LOG 3: field 0.0 0.0
2026-04-09 18:09:46.250 LOG 3: field 0.0 0.0
2026-04-09 18:09:46.300 LOG 3: int_fields 
2026-04-09 18:09:46.350 LOG 3: field 77947783631 77947783631
2026-04-09 18:09:46.400 LOG 3: field 77947783631 77947783631
2026-04-09 18:09:46.450 LOG 3: field 1162788 1162788
2026-04-09 18:09:46.500 LOG 3: field 0 0
2026-04-09 18:09:46.550 LOG 3: field 0 0
2026-04-09 18:09:46.600 LOG 3: field 9180729 9180729
2026-04-09 18:09:46.650 LOG 3: field 25 25
2026-04-09 18:09:46.700 LOG 3: field 0 0
2026-04-09 18:09:46.750 LOG 3: field 1 1
2026-04-09 18:09:46.800 LOG 3: field 0 0
2026-04-09 18:09:46.850 LOG 3: field 0 0
2026-04-09 18:09:46.900 LOG 3: field 0 0
2026-04-09 18:09:46.950 LOG 3: field 0 0
2026-04-09 18:09:46.000 LOG 3: field 0 0
2026-04-09 18:09:46.050 LOG 3: field 1 1
2026-04-09 18:09:46.100 LOG 3: field 1 1
2026-04-09 18:09:46.150 LOG 3: field 1 1
2026-04-09 18:09:46.200 LOG 3: field 0 0
2026-04-09 18:09:46.250 LOG 3: field -1 -1
2026-04-09 18:09:46.300 LOG 3: field 0 0
2026-04-09 18:09:46.350 LOG 3: field 0 0
2026-04-09 18:09:46.400 LOG 3: field 0 0
2026-04-09 18:09:46.450 LOG 3: field 0 0
2026-04-09 18:09:46.500 LOG 3: field 0 0
2026-04-09 18:09:46.550 LOG 3: field 0 0
2026-04-09 18:09:46.600 LOG 3: field 0 0
2026-04-09 18:09:46.650 LOG 3: field 0 0
2026-04-09 18:09:46.700 LOG 3: field 0 0
2026-04-09 18:09:46.750 LOG 3: field 0 0
2026-04-09 18:09:46.800 LOG 3: field 0 0
2026-04-09 18:09:46.850 LOG 3: field 0 0
2026-04-09 18:09:46.900 LOG 3: field 20260410 20260410
2026-04-09 18:09:46.950 LOG 3: field 0 0
2026-04-09 18:09:46.000 LOG 3: field 0 0
2026-04-09 18:09:46.050 LOG 3: float_fields 
2026-04-09 18:09:46.100 LOG 3: field 1.0 1.0
2026-04-09 18:09:46.150 LOG 3: field 100.99 100.99
2026-04-09 18:09:46.200 LOG 3: field 1009.9 1009.9
2026-04-09 18:09:46.250 LOG 3: field 0.0 0.0
2026-04-09 18:09:46.300 LOG 3: field 12.44 12.44
2026-04-09 18:09:46.350 LOG 3: field 28.88 28.88
2026-04-09 18:09:46.400 LOG 3: field 0.0 0.0
2026-04-09 18:09:46.450 LOG 3: field 0.0 0.0
2026-04-09 18:09:46.500 LOG 3: field 0.0 0.0
2026-04-09 18:09:46.550 LOG 3: field 0.0 0.0
2026-04-09 18:09:46.600 LOG 3: field 0.0 0.0
2026-04-09 18:09:46.650 LOG 3: field 0.0 0.0
2026-04-09 18:09:46.700 LOG 3: field 0 0
2026-04-09 18:09:46.750 LOG 3: field 0.0 0.0
2026-04-09 18:09:46.800 LOG 3: field 0.0 0.0
2026-04-09 18:09:46.850 LOG 3: field 0 0
2026-04-09 18:09:46.900 LOG 3: field -1 -1
2026-04-09 18:09:46.950 LOG 3: field -1 -1
2026-04-09 18:09:46.000 LOG 3: field 0 0
2026-04-09 18:09:46.050 LOG 3: field 0.0 0.0
2026-04-09 18:09:46.100 LOG 3: field 0.0 0.0
2026-04-09 18:09:46.150 LOG 3: int_fields 
2026-04-09 18:09:46.200 LOG 3: field 77947788055 77947788055
2026-04-09 18:09:46.250 LOG 3: field 77947788055 77947788055
2026-04-09 18:09:46.300 LOG 3: field 1162788 1162788
2026-04-09 18:09:46.350 LOG 3: field 0 0
2026-04-09 18:09:46.400 LOG 3: field 0 0
2026-04-09 18:09:46.450 LOG 3: field 9180730 9180730
2026-04-09 18:09:46.500 LOG 3: field 25 25
2026-04-09 18:09:46.550 LOG 3: field 0 0
2026-04-09 18:09:46.600 LOG 3: field 1 1
2026-04-09 18:09:46.650 LOG 3: field 0 0
2026-04-09 18:09:46.700 LOG 3: field 0 0
2026-04-09 18:09:46.750 LOG 3: field 0 0
2026-04-09 18:09:46.800 LOG 3: field 0 0
2026-04-09 18:09:46.850 LOG 3: field 0 0
2026-04-09 18:09:46.900 LOG 3: field 1 1
2026-04-09 18:09:46.950 LOG 3: field 1 1
2026-04-09 18:09:46.000 LOG 3: field 1 1
2026-04-09 18:09:46.050 LOG 3: field 0 0
2026-04-09 18:09:46.100 LOG 3: field -1 -1
2026-04-09 18:09:46.150 LOG 3: field 0 0
2026-04-09 18:09:46.200 LOG 3: field 0 0
2026-04-09 18:09:46.250 LOG 3: field 0 0
2026-04-09 18:09:46.300 LOG 3: field 0 0
2026-04-09 18:09:46.350 LOG 3: field 0 0
2026-04-09 18:09:46.400 LOG 3: field 0 0
2026-04-09 18:09:46.450 LOG 3: field 0 0
2026-04-09 18:09:46.500 LOG 3: field 0 0
2026-04-09 18:09:46.550 LOG 3: field 0 0
2026-04-09 18:09:46.600 LOG 3: field 0 0
2026-04-09 18:09:46.650 LOG 3: field 0 0
2026-04-09 18:09:46.700 LOG 3: field 0 0
2026-04-09 18:09:46.750 LOG 3: field 20260410 20260410
2026-04-09 18:09:46.800 LOG 3: field 0 0
2026-04-09 18:09:46.850 LOG 3: field 0 0
2026-04-09 18:09:46.900 LOG 3: float_fields 
2026-04-09 18:09:46.950 LOG 3: field 1.0 1.0
2026-04-09 18:09:46.000 LOG 3: field 102.9 102.9
2026-04-09 18:09:46.050 LOG 3: field 1029.0 1029.0
2026-04-09 18:09:46.100 LOG 3: field 0.0 0.0
2026-04-09 18:09:46.150 LOG 3: field 15.1 15.1
2026-04-09 18:09:46.200 LOG 3: field 65.67 65.67
2026-04-09 18:09:46.250 LOG 3: field 0.0 0.0
2026-04-09 18:09:46.300 LOG 3: field 0.0 0.0
2026-04-09 18:09:46.350 LOG 3: field 0.0 0.0
2026-04-09 18:09:46.400 LOG 3: field 0.0 0.0
2026-04-09 18:09:46.450 LOG 3: field 0.0 0.0
2026-04-09 18:09:46.500 LOG 3: field 0.0 0.0
2026-04-09 18:09:46.550 LOG 3: field 0 0
2026-04-09 18:09:46.600 LOG 3: field 0.0 0.0
2026-04-09 18:09:46.650 LOG 3: field 0.0 0.0
2026-04-09 18:09:46.700 LOG 3: field 0 0
2026-04-09 18:09:46.750 LOG 3: field -1 -1
2026-04-09 18:09:46.800 LOG 3: field -1 -1
2026-04-09 18:09:46.850 LOG 3: field 0 0
2026-04-09 18:09:46.900 LOG 3: field 0.0 0.0
2026-04-09 18:09:46.950 LOG 3: field 0.0 0.0
2026-04-09 18:09:46.000 LOG 3: int_fields 
2026-04-09 18:09:46.050 LOG 3: field 77947793758 77947793758
2026-04-09 18:09:46.100 LOG 3: field 77947793758 77947793758
2026-04-09 18:09:46.150 LOG 3: field 1162788 1162788
2026-04-09 18:09:46.200 LOG 3: field 0 0
2026-04-09 18:09:46.250 LOG 3: field 0 0
2026-04-09 18:09:46.300 LOG 3: field 9180731 9180731
2026-04-09 18:09:46.350 LOG 3: field 25 25
2026-04-09 18:09:46.400 LOG 3: field 0 0
2026-04-09 18:09:46.450 LOG 3: field 1 1
2026-04-09 18:09:46.500 LOG 3: field 0 0
2026-04-09 18:09:46.550 LOG 3: field 0 0
2026-04-09 18:09:46.600 LOG 3: field 0 0
2026-04-09 18:09:46.650 LOG 3: field 0 0
2026-04-09 18:09:46.700 LOG 3: field 0 0
2026-04-09 18:09:46.750 LOG 3: field 1 1
2026-04-09 18:09:46.800 LOG 3: field 1 1
2026-04-09 18:09:46.850 LOG 3: field 1 1
2026-04-09 18:09:46.900 LOG 3: field 0 0
2026-04-09 18:09:46.950 LOG 3: field -1 -1
2026-04-09 18:09:46.000 LOG 3: field 0 0
2026-04-09 18:09:46.050 LOG 3: field 0 0
2026-04-09 18:09:46.100 LOG 3: field 0 0
2026-04-09 18:09:46.150 LOG 3: field 0 0
2026-04-09 18:09:46.200 LOG 3: field 0 0
2026-04-09 18:09:46.250 LOG 3: field 0 0
2026-04-09 18:09:46.300 LOG 3: field 0 0
2026-04-09 18:09:46.350 LOG 3: field 0 0
2026-04-09 18:09:46.400 LOG 3: field 0 0
2026-04-09 18:09:46.450 LOG 3: field 0 0
2026-04-09 18:09:46.500 LOG 3: field 0 0
2026-04-09 18:09:46.550 LOG 3: field 0 0
2026-04-09 18:09:46.600 LOG 3: field 20260410 20260410
2026-04-09 18:09:46.650 LOG 3: field 0 0
2026-04-09 18:09:46.700 LOG 3: field 0 0
2026-04-09 18:09:46.750 LOG 3: float_fields 
2026-04-09 18:09:46.800 LOG 3: field 1.0 1.0
2026-04-09 18:09:46.850 LOG 3: field 105.89 105.89
2026-04-09 18:09:46.900 LOG 3: field 1058.9 1058.9
2026-04-09 18:09:46.950 LOG 3: field 0.0 0.0
2026-04-09 18:09:46.000 LOG 3: field 15.03 15.03
2026-04-09 18:09:46.050 LOG 3: field 8.43 8.43
2026-04-09 18:09:46.100 LOG 3: field 0.0 0.0
2026-04-09 18:09:46.150 LOG 3: field 0.0 0.0
2026-04-09 18:09:46.200 LOG 3: field 0.0 0.0
2026-04-09 18:09:46.250 LOG 3: field 0.0 0.0
2026-04-09 18:09:46.300 LOG 3: field 0.0 0.0
2026-04-09 18:09:46.350 LOG 3: field 0.0 0.0
2026-04-09 18:09:46.400 LOG 3: field 0 0
2026-04-09 18:09:46.450 LOG 3: field 0.0 0.0
2026-04-09 18:09:46.500 LOG 3: field 0.0 0.0
2026-04-09 18:09:46.550 LOG 3: field 0 0
2026-04-09 18:09:46.600 LOG 3: field -1 -1
2026-04-09 18:09:46.650 LOG 3: field -1 -1
2026-04-09 18:09:46.700 LOG 3: field 0 0
2026-04-09 18:09:46.750 LOG 3: field 0.0 0.0
2026-04-09 18:09:46.800 LOG 3: field 0.0 0.0
2026-04-09 18:09:56.900 LOG 3: int_fields 
2026-04-09 18:09:56.950 LOG 3: field 77924509061 77924509061
2026-04-09 18:09:56.000 LOG 3: field 77924509061 77924509061
2026-04-09 18:09:56.050 LOG 3: field 1162788 1162788
2026-04-09 18:09:56.100 LOG 3: field 1162788 1162788
2026-04-09 18:09:56.150 LOG 3: field 0 0
2026-04-09 18:09:56.200 LOG 3: field 0 0
2026-04-09 18:09:56.250 LOG 3: field 26 26
2026-04-09 18:09:56.300 LOG 3: field 0 0
2026-04-09 18:09:56.350 LOG 3: field 1 1
2026-04-09 18:09:56.400 LOG 3: field 0 0
2026-04-09 18:09:56.450 LOG 3: field 0 0
2026-04-09 18:09:56.500 LOG 3: field 0 0
2026-04-09 18:09:56.550 LOG 3: field 0 0
2026-04-09 18:09:56.600 LOG 3: field 0 0
2026-04-09 18:09:56.650 LOG 3: field 1 1
2026-04-09 18:09:56.700 LOG 3: field 1 1
2026-04-09 18:09:56.750 LOG 3: field 1 1
2026-04-09 18:09:56.800 LOG 3: field 0 0
2026-04-09 18:09:56.850 LOG 3: field -1 -1
2026-04-09 18:09:56.900 LOG 3: field 0 0
2026-04-09 18:09:56.950 LOG 3: field 0 0
2026-04-09 18:09:56.000 LOG 3: field 0 0
2026-04-09 18:09:56.050 LOG 3: field 0 0
2026-04-09 18:09:56.100 LOG 3: field 0 0
2026-04-09 18:09:56.150 LOG 3: field 0 0
2026-04-09 18:09:56.200 LOG 3: field 0 0
2026-04-09 18:09:56.250 LOG 3: field 0 0
2026-04-09 18:09:56.300 LOG 3: field 0 0
2026-04-09 18:09:56.350 LOG 3: field 0 0
2026-04-09 18:09:56.400 LOG 3: field 0 0
2026-04-09 18:09:56.450 LOG 3: field 0 0
2026-04-09 18:09:56.500 LOG 3: field 20260410 20260410
2026-04-09 18:09:56.550 LOG 3: field 0 0
2026-04-09 18:09:56.600 LOG 3: field 0 0
2026-04-09 18:09:56.650 LOG 3: float_fields 
2026-04-09 18:09:56.700 LOG 3: field 1.0 1.0
2026-04-09 18:09:56.750 LOG 3: field 98.67 98.67
2026-04-09 18:09:56.800 LOG 3: field 986.7 986.7
2026-04-09 18:09:56.850 LOG 3: field 0.0 0.0
2026-04-09 18:09:56.900 LOG 3: field 14.95 14.95
2026-04-09 18:09:56.950 LOG 3: field 14.47 14.47
2026-04-09 18:09:56.000 LOG 3: field 0.0 0.0
2026-04-09 18:09:56.050 LOG 3: field 0.0 0.0
2026-04-09 18:09:56.100 LOG 3: field 0.0 0.0
2026-04-09 18:09:56.150 LOG 3: field 0.0 0.0
2026-04-09 18:09:56.200 LOG 3: field 0.0 0.0
2026-04-09 18:09:56.250 LOG 3: field 0.0 0.0
2026-04-09 18:09:56.300 LOG 3: field 0 0
2026-04-09 18:09:56.350 LOG 3: field 0.0 0.0
2026-04-09 18:09:56.400 LOG 3: field 0.0 0.0
2026-04-09 18:09:56.450 LOG 3: field 0 0
2026-04-09 18:09:56.500 LOG 3: field -1 -1
2026-04-09 18:09:56.550 LOG 3: field -1 -1
2026-04-09 18:09:56.600 LOG 3: field 0 0
2026-04-09 18:09:56.650 LOG 3: field 0.0 0.0
2026-04-09 18:09:56.700 LOG 3: field 0.0 0.0
2026-04-09 18:09:56.750 LOG 3: int_fields 
2026-04-09 18:09:56.800 LOG 3: field 77924527921 77924527921
2026-04-09 18:09:56.850 LOG 3: field 77924527921 77924527921
2026-04-09 18:09:56.900 LOG 3: field 1162788 1162788
2026-04-09 18:09:56.950 LOG 3: field 0 0
2026-04-09 18:09:56.000 LOG 3: field 0 0
2026-04-09 18:09:56.050 LOG 3: field 0 0
2026-04-09 18:09:56.100 LOG 3: field 25 25
2026-04-09 18:09:56.150 LOG 3: field 0 0
2026-04-09 18:09:56.200 LOG 3: field 1 1
2026-04-09 18:09:56.250 LOG 3: field 0 0
2026-04-09 18:09:56.300 LOG 3: field 0 0
2026-04-09 18:09:56.350 LOG 3: field 0 0
2026-04-09 18:09:56.400 LOG 3: field 0 0
2026-04-09 18:09:56.450 LOG 3: field 0 0
2026-04-09 18:09:56.500 LOG 3: field 1 1
2026-04-09 18:09:56.550 LOG 3: field 1 1
2026-04-09 18:09:56.600 LOG 3: field 1 1
2026-04-09 18:09:56.650 LOG 3: field 0 0
2026-04-09 18:09:56.700 LOG 3: field -1 -1
2026-04-09 18:09:56.750 LOG 3: field 0 0
2026-04-09 18:09:56.800 LOG 3: field 0 0
2026-04-09 18:09:56.850 LOG 3: field 0 0
2026-04-09 18:09:56.900 LOG 3: field 0 0
2026-04-09 18:09:56.950 LOG 3: field 0 0
2026-04-09 18:09:56.000 LOG 3: field 0 0
2026-04-09 18:09:56.050 LOG 3: field 0 0
2026-04-09 18:09:56.100 LOG 3: field 0 0
2026-04-09 18:09:56.150 LOG 3: field 0 0
2026-04-09 18:09:56.200 LOG 3: field 0 0
2026-04-09 18:09:56.250 LOG 3: field 0 0
2026-04-09 18:09:56.300 LOG 3: field 0 0
2026-04-09 18:09:56.350 LOG 3: field 20260410 20260410
2026-04-09 18:09:56.400 LOG 3: field 0 0
2026-04-09 18:09:56.450 LOG 3: field 0 0
2026-04-09 18:09:56.500 LOG 3: float_fields 
2026-04-09 18:09:56.550 LOG 3: field 1.0 1.0
2026-04-09 18:09:56.600 LOG 3: field 98.67 98.67
2026-04-09 18:09:56.650 LOG 3: field 986.7 986.7
2026-04-09 18:09:56.700 LOG 3: field 0.0 0.0
2026-04-09 18:09:56.750 LOG 3: field 14.95 14.95
2026-04-09 18:09:56.800 LOG 3: field 14.47 14.47
2026-04-09 18:09:56.850 LOG 3: field 0.0 0.0
2026-04-09 18:09:56.900 LOG 3: field 0.0 0.0
2026-04-09 18:09:56.950 LOG 3: field 0.0 0.0
2026-04-09 18:09:56.000 LOG 3: field 0.0 0.0
2026-04-09 18:09:56.050 LOG 3: field 0.0 0.0
2026-04-09 18:09:56.100 LOG 3: field 0.0 0.0
2026-04-09 18:09:56.150 LOG 3: field 0 0
2026-04-09 18:09:56.200 LOG 3: field 0.0 0.0
2026-04-09 18:09:56.250 LOG 3: field 0.0 0.0
2026-04-09 18:09:56.300 LOG 3: field 0 0
2026-04-09 18:09:56.350 LOG 3: field -1 -1
2026-04-09 18:09:56.400 LOG 3: field -1 -1
2026-04-09 18:09:56.450 LOG 3: field 0 0
2026-04-09 18:09:56.500 LOG 3: field 0.0 0.0
2026-04-09 18:09:56.550 LOG 3: field 0.0 0.0
2026-04-09 18:09:56.600 LOG 3: int_fields 
2026-04-09 18:09:56.650 LOG 3: field 77947783631 77947783631
2026-04-09 18:09:56.700 LOG 3: field 77947783631 77947783631
2026-04-09 18:09:56.750 LOG 3: field 1162788 1162788
2026-04-09 18:09:56.800 LOG 3: field 0 0
2026-04-09 18:09:56.850 LOG 3: field 0 0
2026-04-09 18:09:56.900 LOG 3: field 9180729 9180729
2026-04-09 18:09:56.950 LOG 3: field 25 25
2026-04-09 18:09:56.000 LOG 3: field 0 0
2026-04-09 18:09:56.050 LOG 3: field 1 1
2026-04-09 18:09:56.100 LOG 3: field 0 0
2026-04-09 18:09:56.150 LOG 3: field 0 0
2026-04-09 18:09:56.200 LOG 3: field 0 0
2026-04-09 18:09:56.250 LOG 3: field 0 0
2026-04-09 18:09:56.300 LOG 3: field 0 0
2026-04-09 18:09:56.350 LOG 3: field 1 1
2026-04-09 18:09:56.400 LOG 3: field 1 1
2026-04-09 18:09:56.450 LOG 3: field 1 1
2026-04-09 18:09:56.500 LOG 3: field 0 0
2026-04-09 18:09:56.550 LOG 3: field -1 -1
2026-04-09 18:09:56.600 LOG 3: field 0 0
2026-04-09 18:09:56.650 LOG 3: field 0 0
2026-04-09 18:09:56.700 LOG 3: field 0 0
2026-04-09 18:09:56.750 LOG 3: field 0 0
2026-04-09 18:09:56.800 LOG 3: field 0 0
2026-04-09 18:09:56.850 LOG 3: field 0 0
2026-04-09 18:09:56.900 LOG 3: field 0 0
2026-04-09 18:09:56.950 LOG 3: field 0 0
2026-04-09 18:09:56.000 LOG 3: field 0 0
2026-04-09 18:09:56.050 LOG 3: field 0 0
2026-04-09 18:09:56.100 LOG 3: field 0 0
2026-04-09 18:09:56.150 LOG 3: field 0 0
2026-04-09 18:09:56.200 LOG 3: field 20260410 20260410
2026-04-09 18:09:56.250 LOG 3: field 0 0
2026-04-09 18:09:56.300 LOG 3: field 0 0
2026-04-09 18:09:56.350 LOG 3: float_fields 
2026-04-09 18:09:56.400 LOG 3: field 1.0 1.0
2026-04-09 18:09:56.450 LOG 3: field 100.99 100.99
2026-04-09 18:09:56.500 LOG 3: field 1009.9 1009.9
2026-04-09 18:09:56.550 LOG 3: field 0.0 0.0
2026-04-09 18:09:56.600 LOG 3: field 12.44 12.44
2026-04-09 18:09:56.650 LOG 3: field 28.88 28.88
2026-04-09 18:09:56.700 LOG 3: field 0.0 0.0
2026-04-09 18:09:56.750 LOG 3: field 0.0 0.0
2026-04-09 18:09:56.800 LOG 3: field 0.0 0.0
2026-04-09 18:09:56.850 LOG 3: field 0.0 0.0
2026-04-09 18:09:56.900 LOG 3: field 0.0 0.0
2026-04-09 18:09:56.950 LOG 3: field 0.0 0.0
2026-04-09 18:09:56.000 LOG 3: field 0 0
2026-04-09 18:09:56.050 LOG 3: field 0.0 0.0
2026-04-09 18:09:56.100 LOG 3: field 0.0 0.0
2026-04-09 18:09:56.150 LOG 3: field 0 0
2026-04-09 18:09:56.200 LOG 3: field -1 -1
2026-04-09 18:09:56.250 LOG 3: field -1 -1
2026-04-09 18:09:56.300 LOG 3: field 0 0
2026-04-09 18:09:56.350 LOG 3: field 0.0 0.0
2026-04-09 18:09:56.400 LOG 3: field 0.0 0.0
2026-04-09 18:09:56.450 LOG 3: int_fields 
2026-04-09 18:09:56.500 LOG 3: field 77947788055 77947788055
2026-04-09 18:09:56.550 LOG 3: field 77947788055 77947788055
2026-04-09 18:09:56.600 LOG 3: field 1162788 1162788
2026-04-09 18:09:56.650 LOG 3: field 0 0
2026-04-09 18:09:56.700 LOG 3: field 0 0
2026-04-09 18:09:56.750 LOG 3: field 9180730 9180730
2026-04-09 18:09:56.800 LOG 3: field 25 25
2026-04-09 18:09:56.850 LOG 3: field 0 0
2026-04-09 18:09:56.900 LOG 3: field 1 1
2026-04-09 18:09:56.950 LOG 3: field 0 0
2026-04-09 18:09:56.000 LOG 3: field 0 0
2026-04-09 18:09:56.050 LOG 3: field 0 0
2026-04-09 18:09:56.100 LOG 3: field 0 0
2026-04-09 18:09:56.150 LOG 3: field 0 0
2026-04-09 18:09:56.200 LOG 3: field 1 1
2026-04-09 18:09:56.250 LOG 3: field 1 1
2026-04-09 18:09:56.300 LOG 3: field 1 1
2026-04-09 18:09:56.350 LOG 3: field 0 0
2026-04-09 18:09:56.400 LOG 3: field -1 -1
2026-04-09 18:09:56.450 LOG 3: field 0 0
2026-04-09 18:09:56.500 LOG 3: field 0 0
2026-04-09 18:09:56.550 LOG 3: field 0 0
2026-04-09 18:09:56.600 LOG 3: field 0 0
2026-04-09 18:09:56.650 LOG 3: field 0 0
2026-04-09 18:09:56.700 LOG 3: field 0 0
2026-04-09 18:09:56.750 LOG 3: field 0 0
2026-04-09 18:09:56.800 LOG 3: field 0 0
2026-04-09 18:09:56.850 LOG 3: field 0 0
2026-04-09 18:09:56.900 LOG 3: field 0 0
2026-04-09 18:09:56.950 LOG 3: field 0 0
2026-04-09 18:09:56.000 LOG 3: field 0 0
2026-04-09 18:09:56.050 LOG 3: field 20260410 20260410
2026-04-09 18:09:56.100 LOG 3: field 0 0
2026-04-09 18:09:56.150 LOG 3: field 0 0
2026-04-09 18:09:56.200 LOG 3: float_fields 
2026-04-09 18:09:56.250 LOG 3: field 1.0 1.0
2026-04-09 18:09:56.300 LOG 3: field 102.9 102.9
2026-04-09 18:09:56.350 LOG 3: field 1029.0 1029.0
2026-04-09 18:09:56.400 LOG 3: field 0.0 0.0
2026-04-09 18:09:56.450 LOG 3: field 15.1 15.1
2026-04-09 18:09:56.500 LOG 3: field 65.67 65.67
2026-04-09 18:09:56.550 LOG 3: field 0.0 0.0
2026-04-09 18:09:56.600 LOG 3: field 0.0 0.0
2026-04-09 18:09:56.650 LOG 3: field 0.0 0.0
2026-04-09 18:09:56.700 LOG 3: field 0.0 0.0
2026-04-09 18:09:56.750 LOG 3: field 0.0 0.0
2026-04-09 18:09:56.800 LOG 3: field 0.0 0.0
2026-04-09 18:09:56.850 LOG 3: field 0 0
2026-04-09 18:09:56.900 LOG 3: field 0.0 0.0
2026-04-09 18:09:56.950 LOG 3: field 0.0 0.0
2026-04-09 18:09:56.000 LOG 3: field 0 0
2026-04-09 18:09:56.050 LOG 3: field -1 -1
2026-04-09 18:09:56.100 LOG 3: field -1 -1
2026-04-09 18:09:56.150 LOG 3: field 0 0
2026-04-09 18:09:56.200 LOG 3: field 0.0 0.0
2026-04-09 18:09:56.250 LOG 3: field 0.0 0.0
2026-04-09 18:09:56.300 LOG 3: int_fields 
2026-04-09 18:09:56.350 LOG 3: field 77947793758 77947793758
2026-04-09 18:09:56.400 LOG 3: field 77947793758 77947793758
2026-04-09 18:09:56.450 LOG 3: field 1162788 1162788
2026-04-09 18:09:56.500 LOG 3: field 0 0
2026-04-09 18:09:56.550 LOG 3: field 0 0
2026-04-09 18:09:56.600 LOG 3: field 9180731 9180731
2026-04-09 18:09:56.650 LOG 3: field 25 25
2026-04-09 18:09:56.700 LOG 3: field 0 0
2026-04-09 18:09:56.750 LOG 3: field 1 1
2026-04-09 18:09:56.800 LOG 3: field 0 0
2026-04-09 18:09:56.850 LOG 3: field 0 0
2026-04-09 18:09:56.900 LOG 3: field 0 0
2026-04-09 18:09:56.950 LOG 3: field 0 0
2026-04-09 18:09:56.000 LOG 3: field 0 0
2026-04-09 18:09:56.050 LOG 3: field 1 1
2026-04-09 18:09:56.100 LOG 3: field 1 1
2026-04-09 18:09:56.150 LOG 3: field 1 1
2026-04-09 18:09:56.200 LOG 3: field 0 0
2026-04-09 18:09:56.250 LOG 3: field -1 -1
2026-04-09 18:09:56.300 LOG 3: field 0 0
2026-04-09 18:09:56.350 LOG 3: field 0 0
2026-04-09 18:09:56.400 LOG 3: field 0 0
2026-04-09 18:09:56.450 LOG 3: field 0 0
2026-04-09 18:09:56.500 LOG 3: field 0 0
2026-04-09 18:09:56.550 LOG 3: field 0 0
2026-04-09 18:09:56.600 LOG 3: field 0 0
2026-04-09 18:09:56.650 LOG 3: field 0 0
2026-04-09 18:09:56.700 LOG 3: field 0 0
2026-04-09 18:09:56.750 LOG 3: field 0 0
2026-04-09 18:09:56.800 LOG 3: field 0 0
2026-04-09 18:09:56.850 LOG 3: field 0 0
2026-04-09 18:09:56.900 LOG 3: field 20260410 20260410
2026-04-09 18:09:56.950 LOG 3: field 0 0
2026-04-09 18:09:56.000 LOG 3: field 0 0
2026-04-09 18:09:56.050 LOG 3: float_fields 
2026-04-09 18:09:56.100 LOG 3: field 1.0 1.0
2026-04-09 18:09:56.150 LOG 3: field 105.89 105.89
2026-04-09 18:09:56.200 LOG 3: field 1058.9 1058.9
2026-04-09 18:09:56.250 LOG 3: field 0.0 0.0
2026-04-09 18:09:56.300 LOG 3: field 15.03 15.03
2026-04-09 18:09:56.350 LOG 3: field 8.43 8.43
2026-04-09 18:09:56.400 LOG 3: field 0.0 0.0
2026-04-09 18:09:56.450 LOG 3: field 0.0 0.0
2026-04-09 18:09:56.500 LOG 3: field 0.0 0.0
2026-04-09 18:09:56.550 LOG 3: field 0.0 0.0
2026-04-09 18:09:56.600 LOG 3: field 0.0 0.0
2026-04-09 18:09:56.650 LOG 3: field 0.0 0.0
2026-04-09 18:09:56.700 LOG 3: field 0 0
2026-04-09 18:09:56.750 LOG 3: field 0.0 0.0
2026-04-09 18:09:56.800 LOG 3: field 0.0 0.0
2026-04-09 18:09:56.850 LOG 3: field 0 0
2026-04-09 18:09:56.900 LOG 3: field -1 -1
2026-04-09 18:09:56.950 LOG 3: field -1 -1
2026-04-09 18:09:56.000 LOG 3: field 0 0
2026-04-09 18:09:56.050 LOG 3: field 0.0 0.0
2026-04-09 18:09:56.100 LOG 3: field 0.0 0.0
2026-04-09 18:09:56.250 LOG 3: int_fields 
2026-04-09 18:09:56.300 LOG 3: field 77924509061 77924509061
2026-04-09 18:09:56.350 LOG 3: field 77924509061 77924509061
2026-04-09 18:09:56.400 LOG 3: field 1162788 1162788
2026-04-09 18:09:56.450 LOG 3: field 1162788 1162788
2026-04-09 18:09:56.500 LOG 3: field 0 0
2026-04-09 18:09:56.550 LOG 3: field 0 0
2026-04-09 18:09:56.600 LOG 3: field 26 26
2026-04-09 18:09:56.650 LOG 3: field 0 0
2026-04-09 18:09:56.700 LOG 3: field 1 1
2026-04-09 18:09:56.750 LOG 3: field 0 0
2026-04-09 18:09:56.800 LOG 3: field 0 0
2026-04-09 18:09:56.850 LOG 3: field 0 0
2026-04-09 18:09:56.900 LOG 3: field 0 0
2026-04-09 18:09:56.950 LOG 3: field 0 0
2026-04-09 18:09:56.000 LOG 3: field 1 1
2026-04-09 18:09:56.050 LOG 3: field 1 1
2026-04-09 18:09:56.100 LOG 3: field 1 1
2026-04-09 18:09:56.150 LOG 3: field 0 0
2026-04-09 18:09:56.200 LOG 3: field -1 -1
2026-04-09 18:09:56.250 LOG 3: field 0 0
2026-04-09 18:09:56.300 LOG 3: field 0 0
2026-04-09 18:09:56.350 LOG 3: field 0 0
2026-04-09 18:09:56.400 LOG 3: field 0 0
2026-04-09 18:09:56.450 LOG 3: field 0 0
2026-04-09 18:09:56.500 LOG 3: field 0 0
2026-04-09 18:09:56.550 LOG 3: field 0 0
2026-04-09 18:09:56.600 LOG 3: field 0 0
2026-04-09 18:09:56.650 LOG 3: field 0 0
2026-04-09 18:09:56.700 LOG 3: field 0 0
2026-04-09 18:09:56.750 LOG 3: field 0 0
2026-04-09 18:09:56.800 LOG 3: field 0 0
2026-04-09 18:09:56.850 LOG 3: field 20260410 20260410
2026-04-09 18:09:56.900 LOG 3: field 0 0
2026-04-09 18:09:56.950 LOG 3: field 0 0
2026-04-09 18:09:56.000 LOG 3: float_fields 
2026-04-09 18:09:56.050 LOG 3: field 1.0 1.0
2026-04-09 18:09:56.100 LOG 3: field 98.67 98.67
2026-04-09 18:09:56.150 LOG 3: field 986.7 986.7
2026-04-09 18:09:56.200 LOG 3: field 0.0 0.0
2026-04-09 18:09:56.250 LOG 3: field 14.95 14.95
2026-04-09 18:09:56.300 LOG 3: field 14.47 14.47
2026-04-09 18:09:56.350 LOG 3: field 0.0 0.0
2026-04-09 18:09:56.400 LOG 3: field 0.0 0.0
2026-04-09 18:09:56.450 LOG 3: field 0.0 0.0
2026-04-09 18:09:56.500 LOG 3: field 0.0 0.0
2026-04-09 18:09:56.550 LOG 3: field 0.0 0.0
2026-04-09 18:09:56.600 LOG 3: field 0.0 0.0
2026-04-09 18:09:56.650 LOG 3: field 0 0
2026-04-09 18:09:56.700 LOG 3: field 0.0 0.0
2026-04-09 18:09:56.750 LOG 3: field 0.0 0.0
2026-04-09 18:09:56.800 LOG 3: field 0 0
2026-04-09 18:09:56.850 LOG 3: field -1 -1
2026-04-09 18:09:56.900 LOG 3: field -1 -1
2026-04-09 18:09:56.950 LOG 3: field 0 0
2026-04-09 18:09:56.000 LOG 3: field 0.0 0.0
2026-04-09 18:09:56.050 LOG 3: field 0.0 0.0
2026-04-09 18:09:56.100 LOG 3: int_fields 
2026-04-09 18:09:56.150 LOG 3: field 77924527921 77924527921
2026-04-09 18:09:56.200 LOG 3: field 77924527921 77924527921
2026-04-09 18:09:56.250 LOG 3: field 1162788 1162788
2026-04-09 18:09:56.300 LOG 3: field 0 0
2026-04-09 18:09:56.350 LOG 3: field 0 0
2026-04-09 18:09:56.400 LOG 3: field 0 0
2026-04-09 18:09:56.450 LOG 3: field 25 25
2026-04-09 18:09:56.500 LOG 3: field 0 0
2026-04-09 18:09:56.550 LOG 3: field 1 1
2026-04-09 18:09:56.600 LOG 3: field 0 0
2026-04-09 18:09:56.650 LOG 3: field 0 0
2026-04-09 18:09:56.700 LOG 3: field 0 0
2026-04-09 18:09:56.750 LOG 3: field 0 0
2026-04-09 18:09:56.800 LOG 3: field 0 0
2026-04-09 18:09:56.850 LOG 3: field 1 1
2026-04-09 18:09:56.900 LOG 3: field 1 1
2026-04-09 18:09:56.950 LOG 3: field 1 1
2026-04-09 18:09:56.000 LOG 3: field 0 0
2026-04-09 18:09:56.050 LOG 3: field -1 -1
2026-04-09 18:09:56.100 LOG 3: field 0 0
2026-04-09 18:09:56.150 LOG 3: field 0 0
2026-04-09 18:09:56.200 LOG 3: field 0 0
2026-04-09 18:09:56.250 LOG 3: field 0 0
2026-04-09 18:09:56.300 LOG 3: field 0 0
2026-04-09 18:09:56.350 LOG 3: field 0 0
2026-04-09 18:09:56.400 LOG 3: field 0 0
2026-04-09 18:09:56.450 LOG 3: field 0 0
2026-04-09 18:09:56.500 LOG 3: field 0 0
2026-04-09 18:09:56.550 LOG 3: field 0 0
2026-04-09 18:09:56.600 LOG 3: field 0 0
2026-04-09 18:09:56.650 LOG 3: field 0 0
2026-04-09 18:09:56.700 LOG 3: field 20260410 20260410
2026-04-09 18:09:56.750 LOG 3: field 0 0
2026-04-09 18:09:56.800 LOG 3: field 0 0
2026-04-09 18:09:56.850 LOG 3: float_fields 
2026-04-09 18:09:56.900 LOG 3: field 1.0 1.0
2026-04-09 18:09:56.950 LOG 3: field 98.67 98.67
2026-04-09 18:09:56.000 LOG 3: field 986.7 986.7
2026-04-09 18:09:56.050 LOG 3: field 0.0 0.0
2026-04-09 18:09:56.100 LOG 3: field 14.95 14.95
2026-04-09 18:09:56.150 LOG 3: field 14.47 14.47
2026-04-09 18:09:56.200 LOG 3: field 0.0 0.0
2026-04-09 18:09:56.250 LOG 3: field 0.0 0.0
2026-04-09 18:09:56.300 LOG 3: field 0.0 0.0
2026-04-09 18:09:56.350 LOG 3: field 0.0 0.0
2026-04-09 18:09:56.400 LOG 3: field 0.0 0.0
2026-04-09 18:09:56.450 LOG 3: field 0.0 0.0
2026-04-09 18:09:56.500 LOG 3: field 0 0
2026-04-09 18:09:56.550 LOG 3: field 0.0 0.0
2026-04-09 18:09:56.600 LOG 3: field 0.0 0.0
2026-04-09 18:09:56.650 LOG 3: field 0 0
2026-04-09 18:09:56.700 LOG 3: field -1 -1
2026-04-09 18:09:56.750 LOG 3: field -1 -1
2026-04-09 18:09:56.800 LOG 3: field 0 0
2026-04-09 18:09:56.850 LOG 3: field 0.0 0.0
2026-04-09 18:09:56.900 LOG 3: field 0.0 0.0
2026-04-09 18:09:56.950 LOG 3: int_fields 
2026-04-09 18:09:56.000 LOG 3: field 77947783631 77947783631
2026-04-09 18:09:56.050 LOG 3: field 77947783631 77947783631
2026-04-09 18:09:56.100 LOG 3: field 1162788 1162788
2026-04-09 18:09:56.150 LOG 3: field 0 0
2026-04-09 18:09:56.200 LOG 3: field 0 0
2026-04-09 18:09:56.250 LOG 3: field 9180729 9180729
2026-04-09 18:09:56.300 LOG 3: field 25 25
2026-04-09 18:09:56.350 LOG 3: field 0 0
2026-04-09 18:09:56.400 LOG 3: field 1 1
2026-04-09 18:09:56.450 LOG 3: field 0 0
2026-04-09 18:09:56.500 LOG 3: field 0 0
2026-04-09 18:09:56.550 LOG 3: field 0 0
2026-04-09 18:09:56.600 LOG 3: field 0 0
2026-04-09 18:09:56.650 LOG 3: field 0 0
2026-04-09 18:09:56.700 LOG 3: field 1 1
2026-04-09 18:09:56.750 LOG 3: field 1 1
2026-04-09 18:09:56.800 LOG 3: field 1 1
2026-04-09 18:09:56.850 LOG 3: field 0 0
2026-04-09 18:09:56.900 LOG 3: field -1 -1
2026-04-09 18:09:56.950 LOG 3: field 0 0
2026-04-09 18:09:56.000 LOG 3: field 0 0
2026-04-09 18:09:56.050 LOG 3: field 0 0
2026-04-09 18:09:56.100 LOG 3: field 0 0
2026-04-09 18:09:56.150 LOG 3: field 0 0
2026-04-09 18:09:56.200 LOG 3: field 0 0
2026-04-09 18:09:56.250 LOG 3: field 0 0
2026-04-09 18:09:56.300 LOG 3: field 0 0
2026-04-09 18:09:56.350 LOG 3: field 0 0
2026-04-09 18:09:56.400 LOG 3: field 0 0
2026-04-09 18:09:56.450 LOG 3: field 0 0
2026-04-09 18:09:56.500 LOG 3: field 0 0
2026-04-09 18:09:56.550 LOG 3: field 20260410 20260410
2026-04-09 18:09:56.600 LOG 3: field 0 0
2026-04-09 18:09:56.650 LOG 3: field 0 0
2026-04-09 18:09:56.700 LOG 3: float_fields 
2026-04-09 18:09:56.750 LOG 3: field 1.0 1.0
2026-04-09 18:09:56.800 LOG 3: field 100.99 100.99
2026-04-09 18:09:56.850 LOG 3: field 1009.9 1009.9
2026-04-09 18:09:56.900 LOG 3: field 0.0 0.0
2026-04-09 18:09:56.950 LOG 3: field 12.44 12.44
2026-04-09 18:09:56.000 LOG 3: field 28.88 28.88
2026-04-09 18:09:56.050 LOG 3: field 0.0 0.0
2026-04-09 18:09:56.100 LOG 3: field 0.0 0.0
2026-04-09 18:09:56.150 LOG 3: field 0.0 0.0
2026-04-09 18:09:56.200 LOG 3: field 0.0 0.0
2026-04-09 18:09:56.250 LOG 3: field 0.0 0.0
2026-04-09 18:09:56.300 LOG 3: field 0.0 0.0
2026-04-09 18:09:56.350 LOG 3: field 0 0
2026-04-09 18:09:56.400 LOG 3: field 0.0 0.0
2026-04-09 18:09:56.450 LOG 3: field 0.0 0.0
2026-04-09 18:09:56.500 LOG 3: field 0 0
2026-04-09 18:09:56.550 LOG 3: field -1 -1
2026-04-09 18:09:56.600 LOG 3: field -1 -1
2026-04-09 18:09:56.650 LOG 3: field 0 0
2026-04-09 18:09:56.700 LOG 3: field 0.0 0.0
2026-04-09 18:09:56.750 LOG 3: field 0.0 0.0
2026-04-09 18:09:56.800 LOG 3: int_fields 
2026-04-09 18:09:56.850 LOG 3: field 77947788055 77947788055
2026-04-09 18:09:56.900 LOG 3: field 77947788055 77947788055
2026-04-09 18:09:56.950 LOG 3: field 1162788 1162788
2026-04-09 18:09:56.000 LOG 3: field 0 0
2026-04-09 18:09:56.050 LOG 3: field 0 0
2026-04-09 18:09:56.100 LOG 3: field 9180730 9180730
2026-04-09 18:09:56.150 LOG 3: field 25 25
2026-04-09 18:09:56.200 LOG 3: field 0 0
2026-04-09 18:09:56.250 LOG 3: field 1 1
2026-04-09 18:09:56.300 LOG 3: field 0 0
2026-04-09 18:09:56.350 LOG 3: field 0 0
2026-04-09 18:09:56.400 LOG 3: field 0 0
2026-04-09 18:09:56.450 LOG 3: field 0 0
2026-04-09 18:09:56.500 LOG 3: field 0 0
2026-04-09 18:09:56.550 LOG 3: field 1 1
2026-04-09 18:09:56.600 LOG 3: field 1 1
2026-04-09 18:09:56.650 LOG 3: field 1 1
2026-04-09 18:09:56.700 LOG 3: field 0 0
2026-04-09 18:09:56.750 LOG 3: field -1 -1
2026-04-09 18:09:56.800 LOG 3: field 0 0
2026-04-09 18:09:56.850 LOG 3: field 0 0
2026-04-09 18:09:56.900 LOG 3: field 0 0
2026-04-09 18:09:56.950 LOG 3: field 0 0
2026-04-09 18:09:56.000 LOG 3: field 0 0
2026-04-09 18:09:56.050 LOG 3: field 0 0
2026-04-09 18:09:56.100 LOG 3: field 0 0
2026-04-09 18:09:56.150 LOG 3: field 0 0
2026-04-09 18:09:56.200 LOG 3: field 0 0
2026-04-09 18:09:56.250 LOG 3: field 0 0
2026-04-09 18:09:56.300 LOG 3: field 0 0
2026-04-09 18:09:56.350 LOG 3: field 0 0
2026-04-09 18:09:56.400 LOG 3: field 20260410 20260410
2026-04-09 18:09:56.450 LOG 3: field 0 0
2026-04-09 18:09:56.500 LOG 3: field 0 0
2026-04-09 18:09:56.550 LOG 3: float_fields 
2026-04-09 18:09:56.600 LOG 3: field 1.0 1.0
2026-04-09 18:09:56.650 LOG 3: field 102.9 102.9
2026-04-09 18:09:56.700 LOG 3: field 1029.0 1029.0
2026-04-09 18:09:56.750 LOG 3: field 0.0 0.0
2026-04-09 18:09:56.800 LOG 3: field 15.1 15.1
2026-04-09 18:09:56.850 LOG 3: field 65.67 65.67
2026-04-09 18:09:56.900 LOG 3: field 0.0 0.0
2026-04-09 18:09:56.950 LOG 3: field 0.0 0.0
2026-04-09 18:09:56.000 LOG 3: field 0.0 0.0
2026-04-09 18:09:56.050 LOG 3: field 0.0 0.0
2026-04-09 18:09:56.100 LOG 3: field 0.0 0.0
2026-04-09 18:09:56.150 LOG 3: field 0.0 0.0
2026-04-09 18:09:56.200 LOG 3: field 0 0
2026-04-09 18:09:56.250 LOG 3: field 0.0 0.0
2026-04-09 18:09:56.300 LOG 3: field 0.0 0.0
2026-04-09 18:09:56.350 LOG 3: field 0 0
2026-04-09 18:09:56.400 LOG 3: field -1 -1
2026-04-09 18:09:56.450 LOG 3: field -1 -1
2026-04-09 18:09:56.500 LOG 3: field 0 0
2026-04-09 18:09:56.550 LOG 3: field 0.0 0.0
2026-04-09 18:09:56.600 LOG 3: field 0.0 0.0
2026-04-09 18:09:56.650 LOG 3: int_fields 
2026-04-09 18:09:56.700 LOG 3: field 77947793758 77947793758
2026-04-09 18:09:56.750 LOG 3: field 77947793758 77947793758
2026-04-09 18:09:56.800 LOG 3: field 1162788 1162788
2026-04-09 18:09:56.850 LOG 3: field 0 0
2026-04-09 18:09:56.900 LOG 3: field 0 0
2026-04-09 18:09:56.950 LOG 3: field 9180731 9180731
2026-04-09 18:09:56.000 LOG 3: field 25 25
2026-04-09 18:09:56.050 LOG 3: field 0 0
2026-04-09 18:09:56.100 LOG 3: field 1 1
2026-04-09 18:09:56.150 LOG 3: field 0 0
2026-04-09 18:09:56.200 LOG 3: field 0 0
2026-04-09 18:09:56.250 LOG 3: field 0 0
2026-04-09 18:09:56.300 LOG 3: field 0 0
2026-04-09 18:09:56.350 LOG 3: field 0 0
2026-04-09 18:09:56.400 LOG 3: field 1 1
2026-04-09 18:09:56.450 LOG 3: field 1 1
2026-04-09 18:09:56.500 LOG 3: field 1 1
2026-04-09 18:09:56.550 LOG 3: field 0 0
2026-04-09 18:09:56.600 LOG 3: field -1 -1
2026-04-09 18:09:56.650 LOG 3: field 0 0
2026-04-09 18:09:56.700 LOG 3: field 0 0
2026-04-09 18:09:56.750 LOG 3: field 0 0
2026-04-09 18:09:56.800 LOG 3: field 0 0
2026-04-09 18:09:56.850 LOG 3: field 0 0
2026-04-09 18:09:56.900 LOG 3: field 0 0
2026-04-09 18:09:56.950 LOG 3: field 0 0
2026-04-09 18:09:56.000 LOG 3: field 0 0
2026-04-09 18:09:56.050 LOG 3: field 0 0
2026-04-09 18:09:56.100 LOG 3: field 0 0
2026-04-09 18:09:56.150 LOG 3: field 0 0
2026-04-09 18:09:56.200 LOG 3: field 0 0
2026-04-09 18:09:56.250 LOG 3: field 20260410 20260410
2026-04-09 18:09:56.300 LOG 3: field 0 0
2026-04-09 18:09:56.350 LOG 3: field 0 0
2026-04-09 18:09:56.400 LOG 3: float_fields 
2026-04-09 18:09:56.450 LOG 3: field 1.0 1.0
2026-04-09 18:09:56.500 LOG 3: field 105.89 105.89
2026-04-09 18:09:56.550 LOG 3: field 1058.9 1058.9
2026-04-09 18:09:56.600 LOG 3: field 0.0 0.0
2026-04-09 18:09:56.650 LOG 3: field 15.03 15.03
2026-04-09 18:09:56.700 LOG 3: field 8.43 8.43
2026-04-09 18:09:56.750 LOG 3: field 0.0 0.0
2026-04-09 18:09:56.800 LOG 3: field 0.0 0.0
2026-04-09 18:09:56.850 LOG 3: field 0.0 0.0
2026-04-09 18:09:56.900 LOG 3: field 0.0 0.0
2026-04-09 18:09:56.950 LOG 3: field 0.0 0.0
2026-04-09 18:09:56.000 LOG 3: field 0.0 0.0
2026-04-09 18:09:56.050 LOG 3: field 0 0
2026-04-09 18:09:56.100 LOG 3: field 0.0 0.0
2026-04-09 18:09:56.150 LOG 3: field 0.0 0.0
2026-04-09 18:09:56.200 LOG 3: field 0 0
2026-04-09 18:09:56.250 LOG 3: field -1 -1
2026-04-09 18:09:56.300 LOG 3: field -1 -1
2026-04-09 18:09:56.350 LOG 3: field 0 0
2026-04-09 18:09:56.400 LOG 3: field 0.0 0.0
2026-04-09 18:09:56.450 LOG 3: field 0.0 0.0
2026-04-09 18:10:06.600 LOG 3: int_fields 
2026-04-09 18:10:06.650 LOG 3: field 77924509061 77924509061
2026-04-09 18:10:06.700 LOG 3: field 77924509061 77924509061
2026-04-09 18:10:06.750 LOG 3: field 1162788 1162788
2026-04-09 18:10:06.800 LOG 3: field 1162788 1162788
2026-04-09 18:10:06.850 LOG 3: field 0 0
2026-04-09 18:10:06.900 LOG 3: field 0 0
2026-04-09 18:10:06.950 LOG 3: field 26 26
2026-04-09 18:10:06.000 LOG 3: field 0 0
2026-04-09 18:10:06.050 LOG 3: field 1 1
2026-04-09 18:10:06.100 LOG 3: field 0 0
2026-04-09 18:10:06.150 LOG 3: field 0 0
2026-04-09 18:10:06.200 LOG 3: field 0 0
2026-04-09 18:10:06.250 LOG 3: field 0 0
2026-04-09 18:10:06.300 LOG 3: field 0 0
2026-04-09 18:10:06.350 LOG 3: field 1 1
2026-04-09 18:10:06.400 LOG 3: field 1 1
2026-04-09 18:10:06.450 LOG 3: field 1 1
2026-04-09 18:10:06.500 LOG 3: field 0 0
2026-04-09 18:10:06.550 LOG 3: field -1 -1
2026-04-09 18:10:06.600 LOG 3: field 0 0
2026-04-09 18:10:06.650 LOG 3: field 0 0
2026-04-09 18:10:06.700 LOG 3: field 0 0
2026-04-09 18:10:06.750 LOG 3: field 0 0
2026-04-09 18:10:06.800 LOG 3: field 0 0
2026-04-09 18:10:06.850 LOG 3: field 0 0
2026-04-09 18:10:06.900 LOG 3: field 0 0
2026-04-09 18:10:06.950 LOG 3: field 0 0
2026-04-09 18:10:06.000 LOG 3: field 0 0
2026-04-09 18:10:06.050 LOG 3: field 0 0
2026-04-09 18:10:06.100 LOG 3: field 0 0
2026-04-09 18:10:06.150 LOG 3: field 0 0
2026-04-09 18:10:06.200 LOG 3: field 20260410 20260410
2026-04-09 18:10:06.250 LOG 3: field 0 0
2026-04-09 18:10:06.300 LOG 3: field 0 0
2026-04-09 18:10:06.350 LOG 3: float_fields 
2026-04-09 18:10:06.400 LOG 3: field 1.0 1.0
2026-04-09 18:10:06.450 LOG 3: field 98.67 98.67
2026-04-09 18:10:06.500 LOG 3: field 986.7 986.7
2026-04-09 18:10:06.550 LOG 3: field 0.0 0.0
2026-04-09 18:10:06.600 LOG 3: field 14.95 14.95
2026-04-09 18:10:06.650 LOG 3: field 14.47 14.47
2026-04-09 18:10:06.700 LOG 3: field 0.0 0.0
2026-04-09 18:10:06.750 LOG 3: field 0.0 0.0
2026-04-09 18:10:06.800 LOG 3: field 0.0 0.0
2026-04-09 18:10:06.850 LOG 3: field 0.0 0.0
2026-04-09 18:10:06.900 LOG 3: field 0.0 0.0
2026-04-09 18:10:06.950 LOG 3: field 0.0 0.0
2026-04-09 18:10:06.000 LOG 3: field 0 0
2026-04-09 18:10:06.050 LOG 3: field 0.0 0.0
2026-04-09 18:10:06.100 LOG 3: field 0.0 0.0
2026-04-09 18:10:06.150 LOG 3: field 0 0
2026-04-09 18:10:06.200 LOG 3: field -1 -1
2026-04-09 18:10:06.250 LOG 3: field -1 -1
2026-04-09 18:10:06.300 LOG 3: field 0 0
2026-04-09 18:10:06.350 LOG 3: field 0.0 0.0
2026-04-09 18:10:06.400 LOG 3: field 0.0 0.0
2026-04-09 18:10:06.450 LOG 3: int_fields 
2026-04-09 18:10:06.500 LOG 3: field 77924527921 77924527921
2026-04-09 18:10:06.550 LOG 3: field 77924527921 77924527921
2026-04-09 18:10:06.600 LOG 3: field 1162788 1162788
2026-04-09 18:10:06.650 LOG 3: field 0 0
2026-04-09 18:10:06.700 LOG 3: field 0 0
2026-04-09 18:10:06.750 LOG 3: field 0 0
2026-04-09 18:10:06.800 LOG 3: field 25 25
2026-04-09 18:10:06.850 LOG 3: field 0 0
2026-04-09 18:10:06.900 LOG 3: field 1 1
2026-04-09 18:10:06.950 LOG 3: field 0 0
2026-04-09 18:10:06.000 LOG 3: field 0 0
2026-04-09 18:10:06.050 LOG 3: field 0 0
2026-04-09 18:10:06.100 LOG 3: field 0 0
2026-04-09 18:10:06.150 LOG 3: field 0 0
2026-04-09 18:10:06.200 LOG 3: field 1 1
2026-04-09 18:10:06.250 LOG 3: field 1 1
2026-04-09 18:10:06.300 LOG 3: field 1 1
2026-04-09 18:10:06.350 LOG 3: field 0 0
2026-04-09 18:10:06.400 LOG 3: field -1 -1
2026-04-09 18:10:06.450 LOG 3: field 0 0
2026-04-09 18:10:06.500 LOG 3: field 0 0
2026-04-09 18:10:06.550 LOG 3: field 0 0
2026-04-09 18:10:06.600 LOG 3: field 0 0
2026-04-09 18:10:06.650 LOG 3: field 0 0
2026-04-09 18:10:06.700 LOG 3: field 0 0
2026-04-09 18:10:06.750 LOG 3: field 0 0
2026-04-09 18:10:06.800 LOG 3: field 0 0
2026-04-09 18:10:06.850 LOG 3: field 0 0
2026-04-09 18:10:06.900 LOG 3: field 0 0
2026-04-09 18:10:06.950 LOG 3: field 0 0
2026-04-09 18:10:06.000 LOG 3: field 0 0
2026-04-09 18:10:06.050 LOG 3: field 20260410 20260410
2026-04-09 18:10:06.100 LOG 3: field 0 0
2026-04-09 18:10:06.150 LOG 3: field 0 0
2026-04-09 18:10:06.200 LOG 3: float_fields 
2026-04-09 18:10:06.250 LOG 3: field 1.0 1.0
2026-04-09 18:10:06.300 LOG 3: field 98.67 98.67
2026-04-09 18:10:06.350 LOG 3: field 986.7 986.7
2026-04-09 18:10:06.400 LOG 3: field 0.0 0.0
2026-04-09 18:10:06.450 LOG 3: field 14.95 14.95
2026-04-09 18:10:06.500 LOG 3: field 14.47 14.47
2026-04-09 18:10:06.550 LOG 3: field 0.0 0.0
2026-04-09 18:10:06.600 LOG 3: field 0.0 0.0
2026-04-09 18:10:06.650 LOG 3: field 0.0 0.0
2026-04-09 18:10:06.700 LOG 3: field 0.0 0.0
2026-04-09 18:10:06.750 LOG 3: field 0.0 0.0
2026-04-09 18:10:06.800 LOG 3: field 0.0 0.0
2026-04-09 18:10:06.850 LOG 3: field 0 0
2026-04-09 18:10:06.900 LOG 3: field 0.0 0.0
2026-04-09 18:10:06.950 LOG 3: field 0.0 0.0
2026-04-09 18:10:06.000 LOG 3: field 0 0
2026-04-09 18:10:06.050 LOG 3: field -1 -1
2026-04-09 18:10:06.100 LOG 3: field -1 -1
2026-04-09 18:10:06.150 LOG 3: field 0 0
2026-04-09 18:10:06.200 LOG 3: field 0.0 0.0
2026-04-09 18:10:06.250 LOG 3: field 0.0 0.0
2026-04-09 18:10:06.300 LOG 3: int_fields 
2026-04-09 18:10:06.350 LOG 3: field 77947783631 77947783631
2026-04-09 18:10:06.400 LOG 3: field 77947783631 77947783631
2026-04-09 18:10:06.450 LOG 3: field 1162788 1162788
2026-04-09 18:10:06.500 LOG 3: field 0 0
2026-04-09 18:10:06.550 LOG 3: field 0 0
2026-04-09 18:10:06.600 LOG 3: field 9180729 9180729
2026-04-09 18:10:06.650 LOG 3: field 25 25
2026-04-09 18:10:06.700 LOG 3: field 0 0
2026-04-09 18:10:06.750 LOG 3: field 1 1
2026-04-09 18:10:06.800 LOG 3: field 0 0
2026-04-09 18:10:06.850 LOG 3: field 0 0
2026-04-09 18:10:06.900 LOG 3: field 0 0
2026-04-09 18:10:06.950 LOG 3: field 0 0
2026-04-09 18:10:06.000 LOG 3: field 0 0
2026-04-09 18:10:06.050 LOG 3: field 1 1
2026-04-09 18:10:06.100 LOG 3: field 1 1
2026-04-09 18:10:06.150 LOG 3: field 1 1
2026-04-09 18:10:06.200 LOG 3: field 0 0
2026-04-09 18:10:06.250 LOG 3: field -1 -1
2026-04-09 18:10:06.300 LOG 3: field 0 0
2026-04-09 18:10:06.350 LOG 3: field 0 0
2026-04-09 18:10:06.400 LOG 3: field 0 0
2026-04-09 18:10:06.450 LOG 3: field 0 0
2026-04-09 18:10:06.500 LOG 3: field 0 0
2026-04-09 18:10:06.550 LOG 3: field 0 0
2026-04-09 18:10:06.600 LOG 3: field 0 0
2026-04-09 18:10:06.650 LOG 3: field 0 0
2026-04-09 18:10:06.700 LOG 3: field 0 0
2026-04-09 18:10:06.750 LOG 3: field 0 0
2026-04-09 18:10:06.800 LOG 3: field 0 0
2026-04-09 18:10:06.850 LOG 3: field 0 0
2026-04-09 18:10:06.900 LOG 3: field 20260410 20260410
2026-04-09 18:10:06.950 LOG 3: field 0 0
2026-04-09 18:10:06.000 LOG 3: field 0 0
2026-04-09 18:10:06.050 LOG 3: float_fields 
2026-04-09 18:10:06.100 LOG 3: field 1.0 1.0
2026-04-09 18:10:06.150 LOG 3: field 100.99 100.99
2026-04-09 18:10:06.200 LOG 3: field 1009.9 1009.9
2026-04-09 18:10:06.250 LOG 3: field 0.0 0.0
2026-04-09 18:10:06.300 LOG 3: field 12.44 12.44
2026-04-09 18:10:06.350 LOG 3: field 28.88 28.88
2026-04-09 18:10:06.400 LOG 3: field 0.0 0.0
2026-04-09 18:10:06.450 LOG 3: field 0.0 0.0
2026-04-09 18:10:06.500 LOG 3: field 0.0 0.0
2026-04-09 18:10:06.550 LOG 3: field 0.0 0.0
2026-04-09 18:10:06.600 LOG 3: field 0.0 0.0
2026-04-09 18:10:06.650 LOG 3: field 0.0 0.0
2026-04-09 18:10:06.700 LOG 3: field 0 0
2026-04-09 18:10:06.750 LOG 3: field 0.0 0.0
2026-04-09 18:10:06.800 LOG 3: field 0.0 0.0
2026-04-09 18:10:06.850 LOG 3: field 0 0
2026-04-09 18:10:06.900 LOG 3: field -1 -1
2026-04-09 18:10:06.950 LOG 3: field -1 -1
2026-04-09 18:10:06.000 LOG 3: field 0 0
2026-04-09 18:10:06.050 LOG 3: field 0.0 0.0
2026-04-09 18:10:06.100 LOG 3: field 0.0 0.0
2026-04-09 18:10:06.150 LOG 3: int_fields 
2026-04-09 18:10:06.200 LOG 3: field 77947788055 77947788055
2026-04-09 18:10:06.250 LOG 3: field 77947788055 77947788055
2026-04-09 18:10:06.300 LOG 3: field 1162788 1162788
2026-04-09 18:10:06.350 LOG 3: field 0 0
2026-04-09 18:10:06.400 LOG 3: field 0 0
2026-04-09 18:10:06.450 LOG 3: field 9180730 9180730
2026-04-09 18:10:06.500 LOG 3: field 25 25
2026-04-09 18:10:06.550 LOG 3: field 0 0
2026-04-09 18:10:06.600 LOG 3: field 1 1
2026-04-09 18:10:06.650 LOG 3: field 0 0
2026-04-09 18:10:06.700 LOG 3: field 0 0
2026-04-09 18:10:06.750 LOG 3: field 0 0
2026-04-09 18:10:06.800 LOG 3: field 0 0
2026-04-09 18:10:06.850 LOG 3: field 0 0
2026-04-09 18:10:06.900 LOG 3: field 1 1
2026-04-09 18:10:06.950 LOG 3: field 1 1
2026-04-09 18:10:06.000 LOG 3: field 1 1
2026-04-09 18:10:06.050 LOG 3: field 0 0
2026-04-09 18:10:06.100 LOG 3: field -1 -1
2026-04-09 18:10:06.150 LOG 3: field 0 0
2026-04-09 18:10:06.200 LOG 3: field 0 0
2026-04-09 18:10:06.250 LOG 3: field 0 0
2026-04-09 18:10:06.300 LOG 3: field 0 0
2026-04-09 18:10:06.350 LOG 3: field 0 0
2026-04-09 18:10:06.400 LOG 3: field 0 0
2026-04-09 18:10:06.450 LOG 3: field 0 0
2026-04-09 18:10:06.500 LOG 3: field 0 0
2026-04-09 18:10:06.550 LOG 3: field 0 0
2026-04-09 18:10:06.600 LOG 3: field 0 0
2026-04-09 18:10:06.650 LOG 3: field 0 0
2026-04-09 18:10:06.700 LOG 3: field 0 0
2026-04-09 18:10:06.750 LOG 3: field 20260410 20260410
2026-04-09 18:10:06.800 LOG 3: field 0 0
2026-04-09 18:10:06.850 LOG 3: field 0 0
2026-04-09 18:10:06.900 LOG 3: float_fields 
2026-04-09 18:10:06.950 LOG 3: field 1.0 1.0
2026-04-09 18:10:06.000 LOG 3: field 102.9 102.9
2026-04-09 18:10:06.050 LOG 3: field 1029.0 1029.0
2026-04-09 18:10:06.100 LOG 3: field 0.0 0.0
2026-04-09 18:10:06.150 LOG 3: field 15.1 15.1
2026-04-09 18:10:06.200 LOG 3: field 65.67 65.67
2026-04-09 18:10:06.250 LOG 3: field 0.0 0.0
2026-04-09 18:10:06.300 LOG 3: field 0.0 0.0
2026-04-09 18:10:06.350 LOG 3: field 0.0 0.0
2026-04-09 18:10:06.400 LOG 3: field 0.0 0.0
2026-04-09 18:10:06.450 LOG 3: field 0.0 0.0
2026-04-09 18:10:06.500 LOG 3: field 0.0 0.0
2026-04-09 18:10:06.550 LOG 3: field 0 0
2026-04-09 18:10:06.600 LOG 3: field 0.0 0.0
2026-04-09 18:10:06.650 LOG 3: field 0.0 0.0
2026-04-09 18:10:06.700 LOG 3: field 0 0
2026-04-09 18:10:06.750 LOG 3: field -1 -1
2026-04-09 18:10:06.800 LOG 3: field -1 -1
2026-04-09 18:10:06.850 LOG 3: field 0 0
2026-04-09 18:10:06.900 LOG 3: field 0.0 0.0
2026-04-09 18:10:06.950 LOG 3: field 0.0 0.0
2026-04-09 18:10:06.000 LOG 3: int_fields 
2026-04-09 18:10:06.050 LOG 3: field 77947793758 77947793758
2026-04-09 18:10:06.100 LOG 3: field 77947793758 77947793758
2026-04-09 18:10:06.150 LOG 3: field 1162788 1162788
2026-04-09 18:10:06.200 LOG 3: field 0 0
2026-04-09 18:10:06.250 LOG 3: field 0 0
2026-04-09 18:10:06.300 LOG 3: field 9180731 9180731
2026-04-09 18:10:06.350 LOG 3: field 25 25
2026-04-09 18:10:06.400 LOG 3: field 0 0
2026-04-09 18:10:06.450 LOG 3: field 1 1
2026-04-09 18:10:06.500 LOG 3: field 0 0
2026-04-09 18:10:06.550 LOG 3: field 0 0
2026-04-09 18:10:06.600 LOG 3: field 0 0
2026-04-09 18:10:06.650 LOG 3: field 0 0
2026-04-09 18:10:06.700 LOG 3: field 0 0
2026-04-09 18:10:06.750 LOG 3: field 1 1
2026-04-09 18:10:06.800 LOG 3: field 1 1
2026-04-09 18:10:06.850 LOG 3: field 1 1
2026-04-09 18:10:06.900 LOG 3: field 0 0
2026-04-09 18:10:06.950 LOG 3: field -1 -1
2026-04-09 18:10:06.000 LOG 3: field 0 0
2026-04-09 18:10:06.050 LOG 3: field 0 0
2026-04-09 18:10:06.100 LOG 3: field 0 0
2026-04-09 18:10:06.150 LOG 3: field 0 0
2026-04-09 18:10:06.200 LOG 3: field 0 0
2026-04-09 18:10:06.250 LOG 3: field 0 0
2026-04-09 18:10:06.300 LOG 3: field 0 0
2026-04-09 18:10:06.350 LOG 3: field 0 0
2026-04-09 18:10:06.400 LOG 3: field 0 0
2026-04-09 18:10:06.450 LOG 3: field 0 0
2026-04-09 18:10:06.500 LOG 3: field 0 0
2026-04-09 18:10:06.550 LOG 3: field 0 0
2026-04-09 18:10:06.600 LOG 3: field 20260410 20260410
2026-04-09 18:10:06.650 LOG 3: field 0 0
2026-04-09 18:10:06.700 LOG 3: field 0 0
2026-04-09 18:10:06.750 LOG 3: float_fields 
2026-04-09 18:10:06.800 LOG 3: field 1.0 1.0
2026-04-09 18:10:06.850 LOG 3: field 105.89 105.89
2026-04-09 18:10:06.900 LOG 3: field 1058.9 1058.9
2026-04-09 18:10:06.950 LOG 3: field 0.0 0.0
2026-04-09 18:10:06.000 LOG 3: field 15.03 15.03
2026-04-09 18:10:06.050 LOG 3: field 8.43 8.43
2026-04-09 18:10:06.100 LOG 3: field 0.0 0.0
2026-04-09 18:10:06.150 LOG 3: field 0.0 0.0
2026-04-09 18:10:06.200 LOG 3: field 0.0 0.0
2026-04-09 18:10:06.250 LOG 3: field 0.0 0.0
2026-04-09 18:10:06.300 LOG 3: field 0.0 0.0
2026-04-09 18:10:06.350 LOG 3: field 0.0 0.0
2026-04-09 18:10:06.400 LOG 3: field 0 0
2026-04-09 18:10:06.450 LOG 3: field 0.0 0.0
2026-04-09 18:10:06.500 LOG 3: field 0.0 0.0
2026-04-09 18:10:06.550 LOG 3: field 0 0
2026-04-09 18:10:06.600 LOG 3: field -1 -1
2026-04-09 18:10:06.650 LOG 3: field -1 -1
2026-04-09 18:10:06.700 LOG 3: field 0 0
2026-04-09 18:10:06.750 LOG 3: field 0.0 0.0
2026-04-09 18:10:06.800 LOG 3: field 0.0 0.0
2026-04-09 18:10:06.000 LOG 3: int_fields 
2026-04-09 18:10:06.050 LOG 3: field 77924509061 77924509061
2026-04-09 18:10:06.100 LOG 3: field 77924509061 77924509061
2026-04-09 18:10:06.150 LOG 3: field 1162788 1162788
2026-04-09 18:10:06.200 LOG 3: field 1162788 1162788
2026-04-09 18:10:06.250 LOG 3: field 0 0
2026-04-09 18:10:06.300 LOG 3: field 0 0
2026-04-09 18:10:06.350 LOG 3: field 26 26
2026-04-09 18:10:06.400 LOG 3: field 0 0
2026-04-09 18:10:06.450 LOG 3: field 1 1
2026-04-09 18:10:06.500 LOG 3: field 0 0
2026-04-09 18:10:06.550 LOG 3: field 0 0
2026-04-09 18:10:06.600 LOG 3: field 0 0
2026-04-09 18:10:06.650 LOG 3: field 0 0
2026-04-09 18:10:06.700 LOG 3: field 0 0
2026-04-09 18:10:06.750 LOG 3: field 1 1
2026-04-09 18:10:06.800 LOG 3: field 1 1
2026-04-09 18:10:06.850 LOG 3: field 1 1
2026-04-09 18:10:06.900 LOG 3: field 0 0
2026-04-09 18:10:06.950 LOG 3: field -1 -1
2026-04-09 18:10:06.000 LOG 3: field 0 0
2026-04-09 18:10:06.050 LOG 3: field 0 0
2026-04-09 18:10:06.100 LOG 3: field 0 0
2026-04-09 18:10:06.150 LOG 3: field 0 0
2026-04-09 18:10:06.200 LOG 3: field 0 0
2026-04-09 18:10:06.250 LOG 3: field 0 0
2026-04-09 18:10:06.300 LOG 3: field 0 0
2026-04-09 18:10:06.350 LOG 3: field 0 0
2026-04-09 18:10:06.400 LOG 3: field 0 0
2026-04-09 18:10:06.450 LOG 3: field 0 0
2026-04-09 18:10:06.500 LOG 3: field 0 0
2026-04-09 18:10:06.550 LOG 3: field 0 0
2026-04-09 18:10:06.600 LOG 3: field 20260410 20260410
2026-04-09 18:10:06.650 LOG 3: field 0 0
2026-04-09 18:10:06.700 LOG 3: field 0 0
2026-04-09 18:10:06.750 LOG 3: float_fields 
2026-04-09 18:10:06.800 LOG 3: field 1.0 1.0
2026-04-09 18:10:06.850 LOG 3: field 98.67 98.67
2026-04-09 18:10:06.900 LOG 3: field 986.7 986.7
2026-04-09 18:10:06.950 LOG 3: field 0.0 0.0
2026-04-09 18:10:06.000 LOG 3: field 14.95 14.95
2026-04-09 18:10:06.050 LOG 3: field 14.47 14.47
2026-04-09 18:10:06.100 LOG 3: field 0.0 0.0
2026-04-09 18:10:06.150 LOG 3: field 0.0 0.0
2026-04-09 18:10:06.200 LOG 3: field 0.0 0.0
2026-04-09 18:10:06.250 LOG 3: field 0.0 0.0
2026-04-09 18:10:06.300 LOG 3: field 0.0 0.0
2026-04-09 18:10:06.350 LOG 3: field 0.0 0.0
2026-04-09 18:10:06.400 LOG 3: field 0 0
2026-04-09 18:10:06.450 LOG 3: field 0.0 0.0
2026-04-09 18:10:06.500 LOG 3: field 0.0 0.0
2026-04-09 18:10:06.550 LOG 3: field 0 0
2026-04-09 18:10:06.600 LOG 3: field -1 -1
2026-04-09 18:10:06.650 LOG 3: field -1 -1
2026-04-09 18:10:06.700 LOG 3: field 0 0
2026-04-09 18:10:06.750 LOG 3: field 0.0 0.0
2026-04-09 18:10:06.800 LOG 3: field 0.0 0.0
2026-04-09 18:10:06.850 LOG 3: int_fields 
2026-04-09 18:10:06.900 LOG 3: field 77924527921 77924527921
2026-04-09 18:10:06.950 LOG 3: field 77924527921 77924527921
2026-04-09 18:10:06.000 LOG 3: field 1162788 1162788
2026-04-09 18:10:06.050 LOG 3: field 0 0
2026-04-09 18:10:06.100 LOG 3: field 0 0
2026-04-09 18:10:06.150 LOG 3: field 0 0
2026-04-09 18:10:06.200 LOG 3: field 25 25
2026-04-09 18:10:06.250 LOG 3: field 0 0
2026-04-09 18:10:06.300 LOG 3: field 1 1
2026-04-09 18:10:06.350 LOG 3: field 0 0
2026-04-09 18:10:06.400 LOG 3: field 0 0
2026-04-09 18:10:06.450 LOG 3: field 0 0
2026-04-09 18:10:06.500 LOG 3: field 0 0
2026-04-09 18:10:06.550 LOG 3: field 0 0
2026-04-09 18:10:06.600 LOG 3: field 1 1
2026-04-09 18:10:06.650 LOG 3: field 1 1
2026-04-09 18:10:06.700 LOG 3: field 1 1
2026-04-09 18:10:06.750 LOG 3: field 0 0
2026-04-09 18:10:06.800 LOG 3: field -1 -1
2026-04-09 18:10:06.850 LOG 3: field 0 0
2026-04-09 18:10:06.900 LOG 3: field 0 0
2026-04-09 18:10:06.950 LOG 3: field 0 0
2026-04-09 18:10:06.000 LOG 3: field 0 0
2026-04-09 18:10:06.050 LOG 3: field 0 0
2026-04-09 18:10:06.100 LOG 3: field 0 0
2026-04-09 18:10:06.150 LOG 3: field 0 0
2026-04-09 18:10:06.200 LOG 3: field 0 0
2026-04-09 18:10:06.250 LOG 3: field 0 0
2026-04-09 18:10:06.300 LOG 3: field 0 0
2026-04-09 18:10:06.350 LOG 3: field 0 0
2026-04-09 18:10:06.400 LOG 3: field 0 0
2026-04-09 18:10:06.450 LOG 3: field 20260410 20260410
2026-04-09 18:10:06.500 LOG 3: field 0 0
2026-04-09 18:10:06.550 LOG 3: field 0 0
2026-04-09 18:10:06.600 LOG 3: float_fields 
2026-04-09 18:10:06.650 LOG 3: field 1.0 1.0
2026-04-09 18:10:06.700 LOG 3: field 98.67 98.67
2026-04-09 18:10:06.750 LOG 3: field 986.7 986.7
2026-04-09 18:10:06.800 LOG 3: field 0.0 0.0
2026-04-09 18:10:06.850 LOG 3: field 14.95 14.95
2026-04-09 18:10:06.900 LOG 3: field 14.47 14.47
2026-04-09 18:10:06.950 LOG 3: field 0.0 0.0
2026-04-09 18:10:06.000 LOG 3: field 0.0 0.0
2026-04-09 18:10:06.050 LOG 3: field 0.0 0.0
2026-04-09 18:10:06.100 LOG 3: field 0.0 0.0
2026-04-09 18:10:06.150 LOG 3: field 0.0 0.0
2026-04-09 18:10:06.200 LOG 3: field 0.0 0.0
2026-04-09 18:10:06.250 LOG 3: field 0 0
2026-04-09 18:10:06.300 LOG 3: field 0.0 0.0
2026-04-09 18:10:06.350 LOG 3: field 0.0 0.0
2026-04-09 18:10:06.400 LOG 3: field 0 0
2026-04-09 18:10:06.450 LOG 3: field -1 -1
2026-04-09 18:10:06.500 LOG 3: field -1 -1
2026-04-09 18:10:06.550 LOG 3: field 0 0
2026-04-09 18:10:06.600 LOG 3: field 0.0 0.0
2026-04-09 18:10:06.650 LOG 3: field 0.0 0.0
2026-04-09 18:10:06.700 LOG 3: int_fields 
2026-04-09 18:10:06.750 LOG 3: field 77947783631 77947783631
2026-04-09 18:10:06.800 LOG 3: field 77947783631 77947783631
2026-04-09 18:10:06.850 LOG 3: field 1162788 1162788
2026-04-09 18:10:06.900 LOG 3: field 0 0
2026-04-09 18:10:06.950 LOG 3: field 0 0
2026-04-09 18:10:06.000 LOG 3: field 9180729 9180729
2026-04-09 18:10:06.050 LOG 3: field 25 25
2026-04-09 18:10:06.100 LOG 3: field 0 0
2026-04-09 18:10:06.150 LOG 3: field 1 1
2026-04-09 18:10:06.200 LOG 3: field 0 0
2026-04-09 18:10:06.250 LOG 3: field 0 0
2026-04-09 18:10:06.300 LOG 3: field 0 0
2026-04-09 18:10:06.350 LOG 3: field 0 0
2026-04-09 18:10:06.400 LOG 3: field 0 0
2026-04-09 18:10:06.450 LOG 3: field 1 1
2026-04-09 18:10:06.500 LOG 3: field 1 1
2026-04-09 18:10:06.550 LOG 3: field 1 1
2026-04-09 18:10:06.600 LOG 3: field 0 0
2026-04-09 18:10:06.650 LOG 3: field -1 -1
2026-04-09 18:10:06.700 LOG 3: field 0 0
2026-04-09 18:10:06.750 LOG 3: field 0 0
2026-04-09 18:10:06.800 LOG 3: field 0 0
2026-04-09 18:10:06.850 LOG 3: field 0 0
2026-04-09 18:10:06.900 LOG 3: field 0 0
2026-04-09 18:10:06.950 LOG 3: field 0 0
2026-04-09 18:10:06.000 LOG 3: field 0 0
2026-04-09 18:10:06.050 LOG 3: field 0 0
2026-04-09 18:10:06.100 LOG 3: field 0 0
2026-04-09 18:10:06.150 LOG 3: field 0 0
2026-04-09 18:10:06.200 LOG 3: field 0 0
2026-04-09 18:10:06.250 LOG 3: field 0 0
2026-04-09 18:10:06.300 LOG 3: field 20260410 20260410
2026-04-09 18:10:06.350 LOG 3: field 0 0
2026-04-09 18:10:06.400 LOG 3: field 0 0
2026-04-09 18:10:06.450 LOG 3: float_fields 
2026-04-09 18:10:06.500 LOG 3: field 1.0 1.0
2026-04-09 18:10:06.550 LOG 3: field 100.99 100.99
2026-04-09 18:10:06.600 LOG 3: field 1009.9 1009.9
2026-04-09 18:10:06.650 LOG 3: field 0.0 0.0
2026-04-09 18:10:06.700 LOG 3: field 12.44 12.44
2026-04-09 18:10:06.750 LOG 3: field 28.88 28.88
2026-04-09 18:10:06.800 LOG 3: field 0.0 0.0
2026-04-09 18:10:06.850 LOG 3: field 0.0 0.0
2026-04-09 18:10:06.900 LOG 3: field 0.0 0.0
2026-04-09 18:10:06.950 LOG 3: field 0.0 0.0
2026-04-09 18:10:06.000 LOG 3: field 0.0 0.0
2026-04-09 18:10:06.050 LOG 3: field 0.0 0.0
2026-04-09 18:10:06.100 LOG 3: field 0 0
2026-04-09 18:10:06.150 LOG 3: field 0.0 0.0
2026-04-09 18:10:06.200 LOG 3: field 0.0 0.0
2026-04-09 18:10:06.250 LOG 3: field 0 0
2026-04-09 18:10:06.300 LOG 3: field -1 -1
2026-04-09 18:10:06.350 LOG 3: field -1 -1
2026-04-09 18:10:06.400 LOG 3: field 0 0
2026-04-09 18:10:06.450 LOG 3: field 0.0 0.0
2026-04-09 18:10:06.500 LOG 3: field 0.0 0.0
2026-04-09 18:10:06.550 LOG 3: int_fields 
2026-04-09 18:10:06.600 LOG 3: field 77947788055 77947788055
2026-04-09 18:10:06.650 LOG 3: field 77947788055 77947788055
2026-04-09 18:10:06.700 LOG 3: field 1162788 1162788
2026-04-09 18:10:06.750 LOG 3: field 0 0
2026-04-09 18:10:06.800 LOG 3: field 0 0
2026-04-09 18:10:06.850 LOG 3: field 9180730 9180730
2026-04-09 18:10:06.900 LOG 3: field 25 25
2026-04-09 18:10:06.950 LOG 3: field 0 0
2026-04-09 18:10:06.000 LOG 3: field 1 1
2026-04-09 18:10:06.050 LOG 3: field 0 0
2026-04-09 18:10:06.100 LOG 3: field 0 0
2026-04-09 18:10:06.150 LOG 3: field 0 0
2026-04-09 18:10:06.200 LOG 3: field 0 0
2026-04-09 18:10:06.250 LOG 3: field 0 0
2026-04-09 18:10:06.300 LOG 3: field 1 1
2026-04-09 18:10:06.350 LOG 3: field 1 1
2026-04-09 18:10:06.400 LOG 3: field 1 1
2026-04-09 18:10:06.450 LOG 3: field 0 0
2026-04-09 18:10:06.500 LOG 3: field -1 -1
2026-04-09 18:10:06.550 LOG 3: field 0 0
2026-04-09 18:10:06.600 LOG 3: field 0 0
2026-04-09 18:10:06.650 LOG 3: field 0 0
2026-04-09 18:10:06.700 LOG 3: field 0 0
2026-04-09 18:10:06.750 LOG 3: field 0 0
2026-04-09 18:10:06.800 LOG 3: field 0 0
2026-04-09 18:10:06.850 LOG 3: field 0 0
2026-04-09 18:10:06.900 LOG 3: field 0 0
2026-04-09 18:10:06.950 LOG 3: field 0 0
2026-04-09 18:10:06.000 LOG 3: field 0 0
2026-04-09 18:10:06.050 LOG 3: field 0 0
2026-04-09 18:10:06.100 LOG 3: field 0 0
2026-04-09 18:10:06.150 LOG 3: field 20260410 20260410
2026-04-09 18:10:06.200 LOG 3: field 0 0
2026-04-09 18:10:06.250 LOG 3: field 0 0
2026-04-09 18:10:06.300 LOG 3: float_fields 
2026-04-09 18:10:06.350 LOG 3: field 1.0 1.0
2026-04-09 18:10:06.400 LOG 3: field 102.9 102.9
2026-04-09 18:10:06.450 LOG 3: field 1029.0 1029.0
2026-04-09 18:10:06.500 LOG 3: field 0.0 0.0
2026-04-09 18:10:06.550 LOG 3: field 15.1 15.1
2026-04-09 18:10:06.600 LOG 3: field 65.67 65.67
2026-04-09 18:10:06.650 LOG 3: field 0.0 0.0
2026-04-09 18:10:06.700 LOG 3: field 0.0 0.0
2026-04-09 18:10:06.750 LOG 3: field 0.0 0.0
2026-04-09 18:10:06.800 LOG 3: field 0.0 0.0
2026-04-09 18:10:06.850 LOG 3: field 0.0 0.0
2026-04-09 18:10:06.900 LOG 3: field 0.0 0.0
2026-04-09 18:10:06.950 LOG 3: field 0 0
2026-04-09 18:10:06.000 LOG 3: field 0.0 0.0
2026-04-09 18:10:06.050 LOG 3: field 0.0 0.0
2026-04-09 18:10:06.100 LOG 3: field 0 0
2026-04-09 18:10:06.150 LOG 3: field -1 -1
2026-04-09 18:10:06.200 LOG 3: field -1 -1
2026-04-09 18:10:06.250 LOG 3: field 0 0
2026-04-09 18:10:06.300 LOG 3: field 0.0 0.0
2026-04-09 18:10:06.350 LOG 3: field 0.0 0.0
2026-04-09 18:10:06.400 LOG 3: int_fields 
2026-04-09 18:10:06.450 LOG 3: field 77947793758 77947793758
2026-04-09 18:10:06.500 LOG 3: field 77947793758 77947793758
2026-04-09 18:10:06.550 LOG 3: field 1162788 1162788
2026-04-09 18:10:06.600 LOG 3: field 0 0
2026-04-09 18:10:06.650 LOG 3: field 0 0
2026-04-09 18:10:06.700 LOG 3: field 9180731 9180731
2026-04-09 18:10:06.750 LOG 3: field 25 25
2026-04-09 18:10:06.800 LOG 3: field 0 0
2026-04-09 18:10:06.850 LOG 3: field 1 1
2026-04-09 18:10:06.900 LOG 3: field 0 0
2026-04-09 18:10:06.950 LOG 3: field 0 0
2026-04-09 18:10:06.000 LOG 3: field 0 0
2026-04-09 18:10:06.050 LOG 3: field 0 0
2026-04-09 18:10:06.100 LOG 3: field 0 0
2026-04-09 18:10:06.150 LOG 3: field 1 1
2026-04-09 18:10:06.200 LOG 3: field 1 1
2026-04-09 18:10:06.250 LOG 3: field 1 1
2026-04-09 18:10:06.300 LOG 3: field 0 0
2026-04-09 18:10:06.350 LOG 3: field -1 -1
2026-04-09 18:10:06.400 LOG 3: field 0 0
2026-04-09 18:10:06.450 LOG 3: field 0 0
2026-04-09 18:10:06.500 LOG 3: field 0 0
2026-04-09 18:10:06.550 LOG 3: field 0 0
2026-04-09 18:10:06.600 LOG 3: field 0 0
2026-04-09 18:10:06.650 LOG 3: field 0 0
2026-04-09 18:10:06.700 LOG 3: field 0 0
2026-04-09 18:10:06.750 LOG 3: field 0 0
2026-04-09 18:10:06.800 LOG 3: field 0 0
2026-04-09 18:10:06.850 LOG 3: field 0 0
2026-04-09 18:10:06.900 LOG 3: field 0 0
2026-04-09 18:10:06.950 LOG 3: field 0 0
2026-04-09 18:10:06.000 LOG 3: field 20260410 20260410
2026-04-09 18:10:06.050 LOG 3: field 0 0
2026-04-09 18:10:06.100 LOG 3: field 0 0
2026-04-09 18:10:06.150 LOG 3: float_fields 
2026-04-09 18:10:06.200 LOG 3: field 1.0 1.0
2026-04-09 18:10:06.250 LOG 3: field 105.89 105.89
2026-04-09 18:10:06.300 LOG 3: field 1058.9 1058.9
2026-04-09 18:10:06.350 LOG 3: field 0.0 0.0
2026-04-09 18:10:06.400 LOG 3: field 15.03 15.03
2026-04-09 18:10:06.450 LOG 3: field 8.43 8.43
2026-04-09 18:10:06.500 LOG 3: field 0.0 0.0
2026-04-09 18:10:06.550 LOG 3: field 0.0 0.0
2026-04-09 18:10:06.600 LOG 3: field 0.0 0.0
2026-04-09 18:10:06.650 LOG 3: field 0.0 0.0
2026-04-09 18:10:06.700 LOG 3: field 0.0 0.0
2026-04-09 18:10:06.750 LOG 3: field 0.0 0.0
2026-04-09 18:10:06.800 LOG 3: field 0 0
2026-04-09 18:10:06.850 LOG 3: field 0.0 0.0
2026-04-09 18:10:06.900 LOG 3: field 0.0 0.0
2026-04-09 18:10:06.950 LOG 3: field 0 0
2026-04-09 18:10:06.000 LOG 3: field -1 -1
2026-04-09 18:10:06.050 LOG 3: field -1 -1
2026-04-09 18:10:06.100 LOG 3: field 0 0
2026-04-09 18:10:06.150 LOG 3: field 0.0 0.0
2026-04-09 18:10:06.200 LOG 3: field 0.0 0.0
2026-04-09 18:10:16.350 LOG 3: int_fields 
2026-04-09 18:10:16.400 LOG 3: field 77924509061 77924509061
2026-04-09 18:10:16.450 LOG 3: field 77924509061 77924509061
2026-04-09 18:10:16.500 LOG 3: field 1162788 1162788
2026-04-09 18:10:16.550 LOG 3: field 1162788 1162788
2026-04-09 18:10:16.600 LOG 3: field 0 0
2026-04-09 18:10:16.650 LOG 3: field 0 0
2026-04-09 18:10:16.700 LOG 3: field 26 26
2026-04-09 18:10:16.750 LOG 3: field 0 0
2026-04-09 18:10:16.800 LOG 3: field 1 1
2026-04-09 18:10:16.850 LOG 3: field 0 0
2026-04-09 18:10:16.900 LOG 3: field 0 0
2026-04-09 18:10:16.950 LOG 3: field 0 0
2026-04-09 18:10:16.000 LOG 3: field 0 0
2026-04-09 18:10:16.050 LOG 3: field 0 0
2026-04-09 18:10:16.100 LOG 3: field 1 1
2026-04-09 18:10:16.150 LOG 3: field 1 1
2026-04-09 18:10:16.200 LOG 3: field 1 1
2026-04-09 18:10:16.250 LOG 3: field 0 0
2026-04-09 18:10:16.300 LOG 3: field -1 -1
2026-04-09 18:10:16.350 LOG 3: field 0 0
2026-04-09 18:10:16.400 LOG 3: field 0 0
2026-04-09 18:10:16.450 LOG 3: field 0 0
2026-04-09 18:10:16.500 LOG 3: field 0 0
2026-04-09 18:10:16.550 LOG 3: field 0 0
2026-04-09 18:10:16.600 LOG 3: field 0 0
2026-04-09 18:10:16.650 LOG 3: field 0 0
2026-04-09 18:10:16.700 LOG 3: field 0 0
2026-04-09 18:10:16.750 LOG 3: field 0 0
2026-04-09 18:10:16.800 LOG 3: field 0 0
2026-04-09 18:10:16.850 LOG 3: field 0 0
2026-04-09 18:10:16.900 LOG 3: field 0 0
2026-04-09 18:10:16.950 LOG 3: field 20260410 20260410
2026-04-09 18:10:16.000 LOG 3: field 0 0
2026-04-09 18:10:16.050 LOG 3: field 0 0
2026-04-09 18:10:16.100 LOG 3: float_fields 
2026-04-09 18:10:16.150 LOG 3: field 1.0 1.0
2026-04-09 18:10:16.200 LOG 3: field 98.67 98.67
2026-04-09 18:10:16.250 LOG 3: field 986.7 986.7
2026-04-09 18:10:16.300 LOG 3: field 0.0 0.0
2026-04-09 18:10:16.350 LOG 3: field 14.95 14.95
2026-04-09 18:10:16.400 LOG 3: field 14.47 14.47
2026-04-09 18:10:16.450 LOG 3: field 0.0 0.0
2026-04-09 18:10:16.500 LOG 3: field 0.0 0.0
2026-04-09 18:10:16.550 LOG 3: field 0.0 0.0
2026-04-09 18:10:16.600 LOG 3: field 0.0 0.0
2026-04-09 18:10:16.650 LOG 3: field 0.0 0.0
2026-04-09 18:10:16.700 LOG 3: field 0.0 0.0
2026-04-09 18:10:16.750 LOG 3: field 0 0
2026-04-09 18:10:16.800 LOG 3: field 0.0 0.0
2026-04-09 18:10:16.850 LOG 3: field 0.0 0.0
2026-04-09 18:10:16.900 LOG 3: field 0 0
2026-04-09 18:10:16.950 LOG 3: field -1 -1
2026-04-09 18:10:16.000 LOG 3: field -1 -1
2026-04-09 18:10:16.050 LOG 3: field 0 0
2026-04-09 18:10:16.100 LOG 3: field 0.0 0.0
2026-04-09 18:10:16.150 LOG 3: field 0.0 0.0
2026-04-09 18:10:16.200 LOG 3: int_fields 
2026-04-09 18:10:16.250 LOG 3: field 77924527921 77924527921
2026-04-09 18:10:16.300 LOG 3: field 77924527921 77924527921
2026-04-09 18:10:16.350 LOG 3: field 1162788 1162788
2026-04-09 18:10:16.400 LOG 3: field 0 0
2026-04-09 18:10:16.450 LOG 3: field 0 0
2026-04-09 18:10:16.500 LOG 3: field 0 0
2026-04-09 18:10:16.550 LOG 3: field 25 25
2026-04-09 18:10:16.600 LOG 3: field 0 0
2026-04-09 18:10:16.650 LOG 3: field 1 1
2026-04-09 18:10:16.700 LOG 3: field 0 0
2026-04-09 18:10:16.750 LOG 3: field 0 0
2026-04-09 18:10:16.800 LOG 3: field 0 0
2026-04-09 18:10:16.850 LOG 3: field 0 0
2026-04-09 18:10:16.900 LOG 3: field 0 0
2026-04-09 18:10:16.950 LOG 3: field 1 1
2026-04-09 18:10:16.000 LOG 3: field 1 1
2026-04-09 18:10:16.050 LOG 3: field 1 1
2026-04-09 18:10:16.100 LOG 3: field 0 0
2026-04-09 18:10:16.150 LOG 3: field -1 -1
2026-04-09 18:10:16.200 LOG 3: field 0 0
2026-04-09 18:10:16.250 LOG 3: field 0 0
2026-04-09 18:10:16.300 LOG 3: field 0 0
2026-04-09 18:10:16.350 LOG 3: field 0 0
2026-04-09 18:10:16.400 LOG 3: field 0 0
2026-04-09 18:10:16.450 LOG 3: field 0 0
2026-04-09 18:10:16.500 LOG 3: field 0 0
2026-04-09 18:10:16.550 LOG 3: field 0 0
2026-04-09 18:10:16.600 LOG 3: field 0 0
2026-04-09 18:10:16.650 LOG 3: field 0 0
2026-04-09 18:10:16.700 LOG 3: field 0 0
2026-04-09 18:10:16.750 LOG 3: field 0 0
2026-04-09 18:10:16.800 LOG 3: field 20260410 20260410
2026-04-09 18:10:16.850 LOG 3: field 0 0
2026-04-09 18:10:16.900 LOG 3: field 0 0
2026-04-09 18:10:16.950 LOG 3: float_fields 
2026-04-09 18:10:16.000 LOG 3: field 1.0 1.0
2026-04-09 18:10:16.050 LOG 3: field 98.67 98.67
2026-04-09 18:10:16.100 LOG 3: field 986.7 986.7
2026-04-09 18:10:16.150 LOG 3: field 0.0 0.0
2026-04-09 18:10:16.200 LOG 3: field 14.95 14.95
2026-04-09 18:10:16.250 LOG 3: field 14.47 14.47
2026-04-09 18:10:16.300 LOG 3: field 0.0 0.0
2026-04-09 18:10:16.350 LOG 3: field 0.0 0.0
2026-04-09 18:10:16.400 LOG 3: field 0.0 0.0
2026-04-09 18:10:16.450 LOG 3: field 0.0 0.0
2026-04-09 18:10:16.500 LOG 3: field 0.0 0.0
2026-04-09 18:10:16.550 LOG 3: field 0.0 0.0
2026-04-09 18:10:16.600 LOG 3: field 0 0
2026-04-09 18:10:16.650 LOG 3: field 0.0 0.0
2026-04-09 18:10:16.700 LOG 3: field 0.0 0.0
2026-04-09 18:10:16.750 LOG 3: field 0 0
2026-04-09 18:10:16.800 LOG 3: field -1 -1
2026-04-09 18:10:16.850 LOG 3: field -1 -1
2026-04-09 18:10:16.900 LOG 3: field 0 0
2026-04-09 18:10:16.950 LOG 3: field 0.0 0.0
2026-04-09 18:10:16.000 LOG 3: field 0.0 0.0
2026-04-09 18:10:16.050 LOG 3: int_fields 
2026-04-09 18:10:16.100 LOG 3: field 77947783631 77947783631
2026-04-09 18:10:16.150 LOG 3: field 77947783631 77947783631
2026-04-09 18:10:16.200 LOG 3: field 1162788 1162788
2026-04-09 18:10:16.250 LOG 3: field 0 0
2026-04-09 18:10:16.300 LOG 3: field 0 0
2026-04-09 18:10:16.350 LOG 3: field 9180729 9180729
2026-04-09 18:10:16.400 LOG 3: field 25 25
2026-04-09 18:10:16.450 LOG 3: field 0 0
2026-04-09 18:10:16.500 LOG 3: field 1 1
2026-04-09 18:10:16.550 LOG 3: field 0 0
2026-04-09 18:10:16.600 LOG 3: field 0 0
2026-04-09 18:10:16.650 LOG 3: field 0 0
2026-04-09 18:10:16.700 LOG 3: field 0 0
2026-04-09 18:10:16.750 LOG 3: field 0 0
2026-04-09 18:10:16.800 LOG 3: field 1 1
2026-04-09 18:10:16.850 LOG 3: field 1 1
2026-04-09 18:10:16.900 LOG 3: field 1 1
2026-04-09 18:10:16.950 LOG 3: field 0 0
2026-04-09 18:10:16.000 LOG 3: field -1 -1
2026-04-09 18:10:16.050 LOG 3: field 0 0
2026-04-09 18:10:16.100 LOG 3: field 0 0
2026-04-09 18:10:16.150 LOG 3: field 0 0
2026-04-09 18:10:16.200 LOG 3: field 0 0
2026-04-09 18:10:16.250 LOG 3: field 0 0
2026-04-09 18:10:16.300 LOG 3: field 0 0
2026-04-09 18:10:16.350 LOG 3: field 0 0
2026-04-09 18:10:16.400 LOG 3: field 0 0
2026-04-09 18:10:16.450 LOG 3: field 0 0
2026-04-09 18:10:16.500 LOG 3: field 0 0
2026-04-09 18:10:16.550 LOG 3: field 0 0
2026-04-09 18:10:16.600 LOG 3: field 0 0
2026-04-09 18:10:16.650 LOG 3: field 20260410 20260410
2026-04-09 18:10:16.700 LOG 3: field 0 0
2026-04-09 18:10:16.750 LOG 3: field 0 0
2026-04-09 18:10:16.800 LOG 3: float_fields 
2026-04-09 18:10:16.850 LOG 3: field 1.0 1.0
2026-04-09 18:10:16.900 LOG 3: field 100.99 100.99
2026-04-09 18:10:16.950 LOG 3: field 1009.9 1009.9
2026-04-09 18:10:16.000 LOG 3: field 0.0 0.0
2026-04-09 18:10:16.050 LOG 3: field 12.44 12.44
2026-04-09 18:10:16.100 LOG 3: field 28.88 28.88
2026-04-09 18:10:16.150 LOG 3: field 0.0 0.0
2026-04-09 18:10:16.200 LOG 3: field 0.0 0.0
2026-04-09 18:10:16.250 LOG 3: field 0.0 0.0
2026-04-09 18:10:16.300 LOG 3: field 0.0 0.0
2026-04-09 18:10:16.350 LOG 3: field 0.0 0.0
2026-04-09 18:10:16.400 LOG 3: field 0.0 0.0
2026-04-09 18:10:16.450 LOG 3: field 0 0
2026-04-09 18:10:16.500 LOG 3: field 0.0 0.0
2026-04-09 18:10:16.550 LOG 3: field 0.0 0.0
2026-04-09 18:10:16.600 LOG 3: field 0 0
2026-04-09 18:10:16.650 LOG 3: field -1 -1
2026-04-09 18:10:16.700 LOG 3: field -1 -1
2026-04-09 18:10:16.750 LOG 3: field 0 0
2026-04-09 18:10:16.800 LOG 3: field 0.0 0.0
2026-04-09 18:10:16.850 LOG 3: field 0.0 0.0
2026-04-09 18:10:16.900 LOG 3: int_fields 
2026-04-09 18:10:16.950 LOG 3: field 77947788055 77947788055
2026-04-09 18:10:16.000 LOG 3: field 77947788055 77947788055
2026-04-09 18:10:16.050 LOG 3: field 1162788 1162788
2026-04-09 18:10:16.100 LOG 3: field 0 0
2026-04-09 18:10:16.150 LOG 3: field 0 0
2026-04-09 18:10:16.200 LOG 3: field 9180730 9180730
2026-04-09 18:10:16.250 LOG 3: field 25 25
2026-04-09 18:10:16.300 LOG 3: field 0 0
2026-04-09 18:10:16.350 LOG 3: field 1 1
2026-04-09 18:10:16.400 LOG 3: field 0 0
2026-04-09 18:10:16.450 LOG 3: field 0 0
2026-04-09 18:10:16.500 LOG 3: field 0 0
2026-04-09 18:10:16.550 LOG 3: field 0 0
2026-04-09 18:10:16.600 LOG 3: field 0 0
2026-04-09 18:10:16.650 LOG 3: field 1 1
2026-04-09 18:10:16.700 LOG 3: field 1 1
2026-04-09 18:10:16.750 LOG 3: field 1 1
2026-04-09 18:10:16.800 LOG 3: field 0 0
2026-04-09 18:10:16.850 LOG 3: field -1 -1
2026-04-09 18:10:16.900 LOG 3: field 0 0
2026-04-09 18:10:16.950 LOG 3: field 0 0
2026-04-09 18:10:16.000 LOG 3: field 0 0
2026-04-09 18:10:16.050 LOG 3: field 0 0
2026-04-09 18:10:16.100 LOG 3: field 0 0
2026-04-09 18:10:16.150 LOG 3: field 0 0
2026-04-09 18:10:16.200 LOG 3: field 0 0
2026-04-09 18:10:16.250 LOG 3: field 0 0
2026-04-09 18:10:16.300 LOG 3: field 0 0
2026-04-09 18:10:16.350 LOG 3: field 0 0
2026-04-09 18:10:16.400 LOG 3: field 0 0
2026-04-09 18:10:16.450 LOG 3: field 0 0
2026-04-09 18:10:16.500 LOG 3: field 20260410 20260410
2026-04-09 18:10:16.550 LOG 3: field 0 0
2026-04-09 18:10:16.600 LOG 3: field 0 0
2026-04-09 18:10:16.650 LOG 3: float_fields 
2026-04-09 18:10:16.700 LOG 3: field 1.0 1.0
2026-04-09 18:10:16.750 LOG 3: field 102.9 102.9
2026-04-09 18:10:16.800 LOG 3: field 1029.0 1029.0
2026-04-09 18:10:16.850 LOG 3: field 0.0 0.0
2026-04-09 18:10:16.900 LOG 3: field 15.1 15.1
2026-04-09 18:10:16.950 LOG 3: field 65.67 65.67
2026-04-09 18:10:16.000 LOG 3: field 0.0 0.0
2026-04-09 18:10:16.050 LOG 3: field 0.0 0.0
2026-04-09 18:10:16.100 LOG 3: field 0.0 0.0
2026-04-09 18:10:16.150 LOG 3: field 0.0 0.0
2026-04-09 18:10:16.200 LOG 3: field 0.0 0.0
2026-04-09 18:10:16.250 LOG 3: field 0.0 0.0
2026-04-09 18:10:16.300 LOG 3: field 0 0
2026-04-09 18:10:16.350 LOG 3: field 0.0 0.0
2026-04-09 18:10:16.400 LOG 3: field 0.0 0.0
2026-04-09 18:10:16.450 LOG 3: field 0 0
2026-04-09 18:10:16.500 LOG 3: field -1 -1
2026-04-09 18:10:16.550 LOG 3: field -1 -1
2026-04-09 18:10:16.600 LOG 3: field 0 0
2026-04-09 18:10:16.650 LOG 3: field 0.0 0.0
2026-04-09 18:10:16.700 LOG 3: field 0.0 0.0
2026-04-09 18:10:16.750 LOG 3: int_fields 
2026-04-09 18:10:16.800 LOG 3: field 77947793758 77947793758
2026-04-09 18:10:16.850 LOG 3: field 77947793758 77947793758
2026-04-09 18:10:16.900 LOG 3: field 1162788 1162788
2026-04-09 18:10:16.950 LOG 3: field 0 0
2026-04-09 18:10:16.000 LOG 3: field 0 0
2026-04-09 18:10:16.050 LOG 3: field 9180731 9180731
2026-04-09 18:10:16.100 LOG 3: field 25 25
2026-04-09 18:10:16.150 LOG 3: field 0 0
2026-04-09 18:10:16.200 LOG 3: field 1 1
2026-04-09 18:10:16.250 LOG 3: field 0 0
2026-04-09 18:10:16.300 LOG 3: field 0 0
2026-04-09 18:10:16.350 LOG 3: field 0 0
2026-04-09 18:10:16.400 LOG 3: field 0 0
2026-04-09 18:10:16.450 LOG 3: field 0 0
2026-04-09 18:10:16.500 LOG 3: field 1 1
2026-04-09 18:10:16.550 LOG 3: field 1 1
2026-04-09 18:10:16.600 LOG 3: field 1 1
2026-04-09 18:10:16.650 LOG 3: field 0 0
2026-04-09 18:10:16.700 LOG 3: field -1 -1
2026-04-09 18:10:16.750 LOG 3: field 0 0
2026-04-09 18:10:16.800 LOG 3: field 0 0
2026-04-09 18:10:16.850 LOG 3: field 0 0
2026-04-09 18:10:16.900 LOG 3: field 0 0
2026-04-09 18:10:16.950 LOG 3: field 0 0
2026-04-09 18:10:16.000 LOG 3: field 0 0
2026-04-09 18:10:16.050 LOG 3: field 0 0
2026-04-09 18:10:16.100 LOG 3: field 0 0
2026-04-09 18:10:16.150 LOG 3: field 0 0
2026-04-09 18:10:16.200 LOG 3: field 0 0
2026-04-09 18:10:16.250 LOG 3: field 0 0
2026-04-09 18:10:16.300 LOG 3: field 0 0
2026-04-09 18:10:16.350 LOG 3: field 20260410 20260410
2026-04-09 18:10:16.400 LOG 3: field 0 0
2026-04-09 18:10:16.450 LOG 3: field 0 0
2026-04-09 18:10:16.500 LOG 3: float_fields 
2026-04-09 18:10:16.550 LOG 3: field 1.0 1.0
2026-04-09 18:10:16.600 LOG 3: field 105.89 105.89
2026-04-09 18:10:16.650 LOG 3: field 1058.9 1058.9
2026-04-09 18:10:16.700 LOG 3: field 0.0 0.0
2026-04-09 18:10:16.750 LOG 3: field 15.03 15.03
2026-04-09 18:10:16.800 LOG 3: field 8.43 8.43
2026-04-09 18:10:16.850 LOG 3: field 0.0 0.0
2026-04-09 18:10:16.900 LOG 3: field 0.0 0.0
2026-04-09 18:10:16.950 LOG 3: field 0.0 0.0
2026-04-09 18:10:16.000 LOG 3: field 0.0 0.0
2026-04-09 18:10:16.050 LOG 3: field 0.0 0.0
2026-04-09 18:10:16.100 LOG 3: field 0.0 0.0
2026-04-09 18:10:16.150 LOG 3: field 0 0
2026-04-09 18:10:16.200 LOG 3: field 0.0 0.0
2026-04-09 18:10:16.250 LOG 3: field 0.0 0.0
2026-04-09 18:10:16.300 LOG 3: field 0 0
2026-04-09 18:10:16.350 LOG 3: field -1 -1
2026-04-09 18:10:16.400 LOG 3: field -1 -1
2026-04-09 18:10:16.450 LOG 3: field 0 0
2026-04-09 18:10:16.500 LOG 3: field 0.0 0.0
2026-04-09 18:10:16.550 LOG 3: field 0.0 0.0
2026-04-09 18:10:16.750 LOG 3: int_fields 
2026-04-09 18:10:16.800 LOG 3: field 77924509061 77924509061
2026-04-09 18:10:16.850 LOG 3: field 77924509061 77924509061
2026-04-09 18:10:16.900 LOG 3: field 1162788 1162788
2026-04-09 18:10:16.950 LOG 3: field 1162788 1162788
2026-04-09 18:10:16.000 LOG 3: field 0 0
2026-04-09 18:10:16.050 LOG 3: field 0 0
2026-04-09 18:10:16.100 LOG 3: field 26 26
2026-04-09 18:10:16.150 LOG 3: field 0 0
2026-04-09 18:10:16.200 LOG 3: field 1 1
2026-04-09 18:10:16.250 LOG 3: field 0 0
2026-04-09 18:10:16.300 LOG 3: field 0 0
2026-04-09 18:10:16.350 LOG 3: field 0 0
2026-04-09 18:10:16.400 LOG 3: field 0 0
2026-04-09 18:10:16.450 LOG 3: field 0 0
2026-04-09 18:10:16.500 LOG 3: field 1 1
2026-04-09 18:10:16.550 LOG 3: field 1 1
2026-04-09 18:10:16.600 LOG 3: field 1 1
2026-04-09 18:10:16.650 LOG 3: field 0 0
2026-04-09 18:10:16.700 LOG 3: field -1 -1
2026-04-09 18:10:16.750 LOG 3: field 0 0
2026-04-09 18:10:16.800 LOG 3: field 0 0
2026-04-09 18:10:16.850 LOG 3: field 0 0
2026-04-09 18:10:16.900 LOG 3: field 0 0
2026-04-09 18:10:16.950 LOG 3: field 0 0
2026-04-09 18:10:16.000 LOG 3: field 0 0
2026-04-09 18:10:16.050 LOG 3: field 0 0
2026-04-09 18:10:16.100 LOG 3: field 0 0
2026-04-09 18:10:16.150 LOG 3: field 0 0
2026-04-09 18:10:16.200 LOG 3: field 0 0
2026-04-09 18:10:16.250 LOG 3: field 0 0
2026-04-09 18:10:16.300 LOG 3: field 0 0
2026-04-09 18:10:16.350 LOG 3: field 20260410 20260410
2026-04-09 18:10:16.400 LOG 3: field 0 0
2026-04-09 18:10:16.450 LOG 3: field 0 0
2026-04-09 18:10:16.500 LOG 3: float_fields 
2026-04-09 18:10:16.550 LOG 3: field 1.0 1.0
2026-04-09 18:10:16.600 LOG 3: field 98.67 98.67
2026-04-09 18:10:16.650 LOG 3: field 986.7 986.7
2026-04-09 18:10:16.700 LOG 3: field 0.0 0.0
2026-04-09 18:10:16.750 LOG 3: field 14.95 14.95
2026-04-09 18:10:16.800 LOG 3: field 14.47 14.47
2026-04-09 18:10:16.850 LOG 3: field 0.0 0.0
2026-04-09 18:10:16.900 LOG 3: field 0.0 0.0
2026-04-09 18:10:16.950 LOG 3: field 0.0 0.0
2026-04-09 18:10:16.000 LOG 3: field 0.0 0.0
2026-04-09 18:10:16.050 LOG 3: field 0.0 0.0
2026-04-09 18:10:16.100 LOG 3: field 0.0 0.0
2026-04-09 18:10:16.150 LOG 3: field 0 0
2026-04-09 18:10:16.200 LOG 3: field 0.0 0.0
2026-04-09 18:10:16.250 LOG 3: field 0.0 0.0
2026-04-09 18:10:16.300 LOG 3: field 0 0
2026-04-09 18:10:16.350 LOG 3: field -1 -1
2026-04-09 18:10:16.400 LOG 3: field -1 -1
2026-04-09 18:10:16.450 LOG 3: field 0 0
2026-04-09 18:10:16.500 LOG 3: field 0.0 0.0
2026-04-09 18:10:16.550 LOG 3: field 0.0 0.0
2026-04-09 18:10:16.600 LOG 3: int_fields 
2026-04-09 18:10:16.650 LOG 3: field 77924527921 77924527921
2026-04-09 18:10:16.700 LOG 3: field 77924527921 77924527921
2026-04-09 18:10:16.750 LOG 3: field 1162788 1162788
2026-04-09 18:10:16.800 LOG 3: field 0 0
2026-04-09 18:10:16.850 LOG 3: field 0 0
2026-04-09 18:10:16.900 LOG 3: field 0 0
2026-04-09 18:10:16.950 LOG 3: field 25 25
2026-04-09 18:10:16.000 LOG 3: field 0 0
2026-04-09 18:10:16.050 LOG 3: field 1 1
2026-04-09 18:10:16.100 LOG 3: field 0 0
2026-04-09 18:10:16.150 LOG 3: field 0 0
2026-04-09 18:10:16.200 LOG 3: field 0 0
2026-04-09 18:10:16.250 LOG 3: field 0 0
2026-04-09 18:10:16.300 LOG 3: field 0 0
2026-04-09 18:10:16.350 LOG 3: field 1 1
2026-04-09 18:10:16.400 LOG 3: field 1 1
2026-04-09 18:10:16.450 LOG 3: field 1 1
2026-04-09 18:10:16.500 LOG 3: field 0 0
2026-04-09 18:10:16.550 LOG 3: field -1 -1
2026-04-09 18:10:16.600 LOG 3: field 0 0
2026-04-09 18:10:16.650 LOG 3: field 0 0
2026-04-09 18:10:16.700 LOG 3: field 0 0
2026-04-09 18:10:16.750 LOG 3: field 0 0
2026-04-09 18:10:16.800 LOG 3: field 0 0
2026-04-09 18:10:16.850 LOG 3: field 0 0
2026-04-09 18:10:16.900 LOG 3: field 0 0
2026-04-09 18:10:16.950 LOG 3: field 0 0
2026-04-09 18:10:16.000 LOG 3: field 0 0
2026-04-09 18:10:16.050 LOG 3: field 0 0
2026-04-09 18:10:16.100 LOG 3: field 0 0
2026-04-09 18:10:16.150 LOG 3: field 0 0
2026-04-09 18:10:16.200 LOG 3: field 20260410 20260410
2026-04-09 18:10:16.250 LOG 3: field 0 0
2026-04-09 18:10:16.300 LOG 3: field 0 0
2026-04-09 18:10:16.350 LOG 3: float_fields 
2026-04-09 18:10:16.400 LOG 3: field 1.0 1.0
2026-04-09 18:10:16.450 LOG 3: field 98.67 98.67
2026-04-09 18:10:16.500 LOG 3: field 986.7 986.7
2026-04-09 18:10:16.550 LOG 3: field 0.0 0.0
2026-04-09 18:10:16.600 LOG 3: field 14.95 14.95
2026-04-09 18:10:16.650 LOG 3: field 14.47 14.47
2026-04-09 18:10:16.700 LOG 3: field 0.0 0.0
2026-04-09 18:10:16.750 LOG 3: field 0.0 0.0
2026-04-09 18:10:16.800 LOG 3: field 0.0 0.0
2026-04-09 18:10:16.850 LOG 3: field 0.0 0.0
2026-04-09 18:10:16.900 LOG 3: field 0.0 0.0
2026-04-09 18:10:16.950 LOG 3: field 0.0 0.0
2026-04-09 18:10:16.000 LOG 3: field 0 0
2026-04-09 18:10:16.050 LOG 3: field 0.0 0.0
2026-04-09 18:10:16.100 LOG 3: field 0.0 0.0
2026-04-09 18:10:16.150 LOG 3: field 0 0
2026-04-09 18:10:16.200 LOG 3: field -1 -1
2026-04-09 18:10:16.250 LOG 3: field -1 -1
2026-04-09 18:10:16.300 LOG 3: field 0 0
2026-04-09 18:10:16.350 LOG 3: field 0.0 0.0
2026-04-09 18:10:16.400 LOG 3: field 0.0 0.0
2026-04-09 18:10:16.450 LOG 3: int_fields 
2026-04-09 18:10:16.500 LOG 3: field 77947783631 77947783631
2026-04-09 18:10:16.550 LOG 3: field 77947783631 77947783631
2026-04-09 18:10:16.600 LOG 3: field 1162788 1162788
2026-04-09 18:10:16.650 LOG 3: field 0 0
2026-04-09 18:10:16.700 LOG 3: field 0 0
2026-04-09 18:10:16.750 LOG 3: field 9180729 9180729
2026-04-09 18:10:16.800 LOG 3: field 25 25
2026-04-09 18:10:16.850 LOG 3: field 0 0
2026-04-09 18:10:16.900 LOG 3: field 1 1
2026-04-09 18:10:16.950 LOG 3: field 0 0
2026-04-09 18:10:16.000 LOG 3: field 0 0
2026-04-09 18:10:16.050 LOG 3: field 0 0
2026-04-09 18:10:16.100 LOG 3: field 0 0
2026-04-09 18:10:16.150 LOG 3: field 0 0
2026-04-09 18:10:16.200 LOG 3: field 1 1
2026-04-09 18:10:16.250 LOG 3: field 1 1
2026-04-09 18:10:16.300 LOG 3: field 1 1
2026-04-09 18:10:16.350 LOG 3: field 0 0
2026-04-09 18:10:16.400 LOG 3: field -1 -1
2026-04-09 18:10:16.450 LOG 3: field 0 0
2026-04-09 18:10:16.500 LOG 3: field 0 0
2026-04-09 18:10:16.550 LOG 3: field 0 0
2026-04-09 18:10:16.600 LOG 3: field 0 0
2026-04-09 18:10:16.650 LOG 3: field 0 0
2026-04-09 18:10:16.700 LOG 3: field 0 0
2026-04-09 18:10:16.750 LOG 3: field 0 0
2026-04-09 18:10:16.800 LOG 3: field 0 0
2026-04-09 18:10:16.850 LOG 3: field 0 0
2026-04-09 18:10:16.900 LOG 3: field 0 0
2026-04-09 18:10:16.950 LOG 3: field 0 0
2026-04-09 18:10:16.000 LOG 3: field 0 0
2026-04-09 18:10:16.050 LOG 3: field 20260410 20260410
2026-04-09 18:10:16.100 LOG 3: field 0 0
2026-04-09 18:10:16.150 LOG 3: field 0 0
2026-04-09 18:10:16.200 LOG 3: float_fields 
2026-04-09 18:10:16.250 LOG 3: field 1.0 1.0
2026-04-09 18:10:16.300 LOG 3: field 100.99 100.99
2026-04-09 18:10:16.350 LOG 3: field 1009.9 1009.9
2026-04-09 18:10:16.400 LOG 3: field 0.0 0.0
2026-04-09 18:10:16.450 LOG 3: field 12.44 12.44
2026-04-09 18:10:16.500 LOG 3: field 28.88 28.88
2026-04-09 18:10:16.550 LOG 3: field 0.0 0.0
2026-04-09 18:10:16.600 LOG 3: field 0.0 0.0
2026-04-09 18:10:16.650 LOG 3: field 0.0 0.0
2026-04-09 18:10:16.700 LOG 3: field 0.0 0.0
2026-04-09 18:10:16.750 LOG 3: field 0.0 0.0
2026-04-09 18:10:16.800 LOG 3: field 0.0 0.0
2026-04-09 18:10:16.850 LOG 3: field 0 0
2026-04-09 18:10:16.900 LOG 3: field 0.0 0.0
2026-04-09 18:10:16.950 LOG 3: field 0.0 0.0
2026-04-09 18:10:16.000 LOG 3: field 0 0
2026-04-09 18:10:16.050 LOG 3: field -1 -1
2026-04-09 18:10:16.100 LOG 3: field -1 -1
2026-04-09 18:10:16.150 LOG 3: field 0 0
2026-04-09 18:10:16.200 LOG 3: field 0.0 0.0
2026-04-09 18:10:16.250 LOG 3: field 0.0 0.0
2026-04-09 18:10:16.300 LOG 3: int_fields 
2026-04-09 18:10:16.350 LOG 3: field 77947788055 77947788055
2026-04-09 18:10:16.400 LOG 3: field 77947788055 77947788055
2026-04-09 18:10:16.450 LOG 3: field 1162788 1162788
2026-04-09 18:10:16.500 LOG 3: field 0 0
2026-04-09 18:10:16.550 LOG 3: field 0 0
2026-04-09 18:10:16.600 LOG 3: field 9180730 9180730
2026-04-09 18:10:16.650 LOG 3: field 25 25
2026-04-09 18:10:16.700 LOG 3: field 0 0
2026-04-09 18:10:16.750 LOG 3: field 1 1
2026-04-09 18:10:16.800 LOG 3: field 0 0
2026-04-09 18:10:16.850 LOG 3: field 0 0
2026-04-09 18:10:16.900 LOG 3: field 0 0
2026-04-09 18:10:16.950 LOG 3: field 0 0
2026-04-09 18:10:16.000 LOG 3: field 0 0
2026-04-09 18:10:16.050 LOG 3: field 1 1
2026-04-09 18:10:16.100 LOG 3: field 1 1
2026-04-09 18:10:16.150 LOG 3: field 1 1
2026-04-09 18:10:16.200 LOG 3: field 0 0
2026-04-09 18:10:16.250 LOG 3: field -1 -1
2026-04-09 18:10:16.300 LOG 3: field 0 0
2026-04-09 18:10:16.350 LOG 3: field 0 0
2026-04-09 18:10:16.400 LOG 3: field 0 0
2026-04-09 18:10:16.450 LOG 3: field 0 0
2026-04-09 18:10:16.500 LOG 3: field 0 0
2026-04-09 18:10:16.550 LOG 3: field 0 0
2026-04-09 18:10:16.600 LOG 3: field 0 0
2026-04-09 18:10:16.650 LOG 3: field 0 0
2026-04-09 18:10:16.700 LOG 3: field 0 0
2026-04-09 18:10:16.750 LOG 3: field 0 0
2026-04-09 18:10:16.800 LOG 3: field 0 0
2026-04-09 18:10:16.850 LOG 3: field 0 0
2026-04-09 18:10:16.900 LOG 3: field 20260410 20260410
2026-04-09 18:10:16.950 LOG 3: field 0 0
2026-04-09 18:10:16.000 LOG 3: field 0 0
2026-04-09 18:10:16.050 LOG 3: float_fields 
2026-04-09 18:10:16.100 LOG 3: field 1.0 1.0
2026-04-09 18:10:16.150 LOG 3: field 102.9 102.9
2026-04-09 18:10:16.200 LOG 3: field 1029.0 1029.0
2026-04-09 18:10:16.250 LOG 3: field 0.0 0.0
2026-04-09 18:10:16.300 LOG 3: field 15.1 15.1
2026-04-09 18:10:16.350 LOG 3: field 65.67 65.67
2026-04-09 18:10:16.400 LOG 3: field 0.0 0.0
2026-04-09 18:10:16.450 LOG 3: field 0.0 0.0
2026-04-09 18:10:16.500 LOG 3: field 0.0 0.0
2026-04-09 18:10:16.550 LOG 3: field 0.0 0.0
2026-04-09 18:10:16.600 LOG 3: field 0.0 0.0
2026-04-09 18:10:16.650 LOG 3: field 0.0 0.0
2026-04-09 18:10:16.700 LOG 3: field 0 0
2026-04-09 18:10:16.750 LOG 3: field 0.0 0.0
2026-04-09 18:10:16.800 LOG 3: field 0.0 0.0
2026-04-09 18:10:16.850 LOG 3: field 0 0
2026-04-09 18:10:16.900 LOG 3: field -1 -1
2026-04-09 18:10:16.950 LOG 3: field -1 -1
2026-04-09 18:10:16.000 LOG 3: field 0 0
2026-04-09 18:10:16.050 LOG 3: field 0.0 0.0
2026-04-09 18:10:16.100 LOG 3: field 0.0 0.0
2026-04-09 18:10:16.150 LOG 3: int_fields 
2026-04-09 18:10:16.200 LOG 3: field 77947793758 77947793758
2026-04-09 18:10:16.250 LOG 3: field 77947793758 77947793758
2026-04-09 18:10:16.300 LOG 3: field 1162788 1162788
2026-04-09 18:10:16.350 LOG 3: field 0 0
2026-04-09 18:10:16.400 LOG 3: field 0 0
2026-04-09 18:10:16.450 LOG 3: field 9180731 9180731
2026-04-09 18:10:16.500 LOG 3: field 25 25
2026-04-09 18:10:16.550 LOG 3: field 0 0
2026-04-09 18:10:16.600 LOG 3: field 1 1
2026-04-09 18:10:16.650 LOG 3: field 0 0
2026-04-09 18:10:16.700 LOG 3: field 0 0
2026-04-09 18:10:16.750 LOG 3: field 0 0
2026-04-09 18:10:16.800 LOG 3: field 0 0
2026-04-09 18:10:16.850 LOG 3: field 0 0
2026-04-09 18:10:16.900 LOG 3: field 1 1
2026-04-09 18:10:16.950 LOG 3: field 1 1
2026-04-09 18:10:16.000 LOG 3: field 1 1
2026-04-09 18:10:16.050 LOG 3: field 0 0
2026-04-09 18:10:16.100 LOG 3: field -1 -1
2026-04-09 18:10:16.150 LOG 3: field 0 0
2026-04-09 18:10:16.200 LOG 3: field 0 0
2026-04-09 18:10:16.250 LOG 3: field 0 0
2026-04-09 18:10:16.300 LOG 3: field 0 0
2026-04-09 18:10:16.350 LOG 3: field 0 0
2026-04-09 18:10:16.400 LOG 3: field 0 0
2026-04-09 18:10:16.450 LOG 3: field 0 0
2026-04-09 18:10:16.500 LOG 3: field 0 0
2026-04-09 18:10:16.550 LOG 3: field 0 0
2026-04-09 18:10:16.600 LOG 3: field 0 0
2026-04-09 18:10:16.650 LOG 3: field 0 0
2026-04-09 18:10:16.700 LOG 3: field 0 0
2026-04-09 18:10:16.750 LOG 3: field 20260410 20260410
2026-04-09 18:10:16.800 LOG 3: field 0 0
2026-04-09 18:10:16.850 LOG 3: field 0 0
2026-04-09 18:10:16.900 LOG 3: float_fields 
2026-04-09 18:10:16.950 LOG 3: field 1.0 1.0
2026-04-09 18:10:16.000 LOG 3: field 105.89 105.89
2026-04-09 18:10:16.050 LOG 3: field 1058.9 1058.9
2026-04-09 18:10:16.100 LOG 3: field 0.0 0.0
2026-04-09 18:10:16.150 LOG 3: field 15.03 15.03
2026-04-09 18:10:16.200 LOG 3: field 8.43 8.43
2026-04-09 18:10:16.250 LOG 3: field 0.0 0.0
2026-04-09 18:10:16.300 LOG 3: field 0.0 0.0
2026-04-09 18:10:16.350 LOG 3: field 0.0 0.0
2026-04-09 18:10:16.400 LOG 3: field 0.0 0.0
2026-04-09 18:10:16.450 LOG 3: field 0.0 0.0
2026-04-09 18:10:16.500 LOG 3: field 0.0 0.0
2026-04-09 18:10:16.550 LOG 3: field 0 0
2026-04-09 18:10:16.600 LOG 3: field 0.0 0.0
2026-04-09 18:10:16.650 LOG 3: field 0.0 0.0
2026-04-09 18:10:16.700 LOG 3: field 0 0
2026-04-09 18:10:16.750 LOG 3: field -1 -1
2026-04-09 18:10:16.800 LOG 3: field -1 -1
2026-04-09 18:10:16.850 LOG 3: field 0 0
2026-04-09 18:10:16.900 LOG 3: field 0.0 0.0
2026-04-09 18:10:16.950 LOG 3: field 0.0 0.0
2026-04-09 18:10:26.450 LOG 3: int_fields 
2026-04-09 18:10:26.500 LOG 3: field 77924509061 77924509061
2026-04-09 18:10:26.550 LOG 3: field 77924509061 77924509061
2026-04-09 18:10:26.600 LOG 3: field 1162788 1162788
2026-04-09 18:10:26.650 LOG 3: field 1162788 1162788
2026-04-09 18:10:26.700 LOG 3: field 0 0
2026-04-09 18:10:26.750 LOG 3: field 0 0
2026-04-09 18:10:26.800 LOG 3: field 26 26
2026-04-09 18:10:26.850 LOG 3: field 0 0
2026-04-09 18:10:26.900 LOG 3: field 1 1
2026-04-09 18:10:26.950 LOG 3: field 0 0
2026-04-09 18:10:26.000 LOG 3: field 0 0
2026-04-09 18:10:26.050 LOG 3: field 0 0
2026-04-09 18:10:26.100 LOG 3: field 0 0
2026-04-09 18:10:26.150 LOG 3: field 0 0
2026-04-09 18:10:26.200 LOG 3: field 1 1
2026-04-09 18:10:26.250 LOG 3: field 1 1
2026-04-09 18:10:26.300 LOG 3: field 1 1
2026-04-09 18:10:26.350 LOG 3: field 0 0
2026-04-09 18:10:26.400 LOG 3: field -1 -1
2026-04-09 18:10:26.450 LOG 3: field 0 0
2026-04-09 18:10:26.500 LOG 3: field 0 0
2026-04-09 18:10:26.550 LOG 3: field 0 0
2026-04-09 18:10:26.600 LOG 3: field 0 0
2026-04-09 18:10:26.650 LOG 3: field 0 0
2026-04-09 18:10:26.700 LOG 3: field 0 0
2026-04-09 18:10:26.750 LOG 3: field 0 0
2026-04-09 18:10:26.800 LOG 3: field 0 0
2026-04-09 18:10:26.850 LOG 3: field 0 0
2026-04-09 18:10:26.900 LOG 3: field 0 0
2026-04-09 18:10:26.950 LOG 3: field 0 0
2026-04-09 18:10:26.000 LOG 3: field 0 0
2026-04-09 18:10:26.050 LOG 3: field 20260410 20260410
2026-04-09 18:10:26.100 LOG 3: field 0 0
2026-04-09 18:10:26.150 LOG 3: field 0 0
2026-04-09 18:10:26.200 LOG 3: float_fields 
2026-04-09 18:10:26.250 LOG 3: field 1.0 1.0
2026-04-09 18:10:26.300 LOG 3: field 98.67 98.67
2026-04-09 18:10:26.350 LOG 3: field 986.7 986.7
2026-04-09 18:10:26.400 LOG 3: field 0.0 0.0
2026-04-09 18:10:26.450 LOG 3: field 14.95 14.95
2026-04-09 18:10:26.500 LOG 3: field 14.47 14.47
2026-04-09 18:10:26.550 LOG 3: field 0.0 0.0
2026-04-09 18:10:26.600 LOG 3: field 0.0 0.0
2026-04-09 18:10:26.650 LOG 3: field 0.0 0.0
2026-04-09 18:10:26.700 LOG 3: field 0.0 0.0
2026-04-09 18:10:26.750 LOG 3: field 0.0 0.0
2026-04-09 18:10:26.800 LOG 3: field 0.0 0.0
2026-04-09 18:10:26.850 LOG 3: field 0 0
2026-04-09 18:10:26.900 LOG 3: field 0.0 0.0
2026-04-09 18:10:26.950 LOG 3: field 0.0 0.0
2026-04-09 18:10:26.000 LOG 3: field 0 0
2026-04-09 18:10:26.050 LOG 3: field -1 -1
2026-04-09 18:10:26.100 LOG 3: field -1 -1
2026-04-09 18:10:26.150 LOG 3: field 0 0
2026-04-09 18:10:26.200 LOG 3: field 0.0 0.0
2026-04-09 18:10:26.250 LOG 3: field 0.0 0.0
2026-04-09 18:10:26.300 LOG 3: int_fields 
2026-04-09 18:10:26.350 LOG 3: field 77924527921 77924527921
2026-04-09 18:10:26.400 LOG 3: field 77924527921 77924527921
2026-04-09 18:10:26.450 LOG 3: field 1162788 1162788
2026-04-09 18:10:26.500 LOG 3: field 0 0
2026-04-09 18:10:26.550 LOG 3: field 0 0
2026-04-09 18:10:26.600 LOG 3: field 0 0
2026-04-09 18:10:26.650 LOG 3: field 25 25
2026-04-09 18:10:26.700 LOG 3: field 0 0
2026-04-09 18:10:26.750 LOG 3: field 1 1
2026-04-09 18:10:26.800 LOG 3: field 0 0
2026-04-09 18:10:26.850 LOG 3: field 0 0
2026-04-09 18:10:26.900 LOG 3: field 0 0
2026-04-09 18:10:26.950 LOG 3: field 0 0
2026-04-09 18:10:26.000 LOG 3: field 0 0
2026-04-09 18:10:26.050 LOG 3: field 1 1
2026-04-09 18:10:26.100 LOG 3: field 1 1
2026-04-09 18:10:26.150 LOG 3: field 1 1
2026-04-09 18:10:26.200 LOG 3: field 0 0
2026-04-09 18:10:26.250 LOG 3: field -1 -1
2026-04-09 18:10:26.300 LOG 3: field 0 0
2026-04-09 18:10:26.350 LOG 3: field 0 0
2026-04-09 18:10:26.400 LOG 3: field 0 0
2026-04-09 18:10:26.450 LOG 3: field 0 0
2026-04-09 18:10:26.500 LOG 3: field 0 0
2026-04-09 18:10:26.550 LOG 3: field 0 0
2026-04-09 18:10:26.600 LOG 3: field 0 0
2026-04-09 18:10:26.650 LOG 3: field 0 0
2026-04-09 18:10:26.700 LOG 3: field 0 0
2026-04-09 18:10:26.750 LOG 3: field 0 0
2026-04-09 18:10:26.800 LOG 3: field 0 0
2026-04-09 18:10:26.850 LOG 3: field 0 0
2026-04-09 18:10:26.900 LOG 3: field 20260410 20260410
2026-04-09 18:10:26.950 LOG 3: field 0 0
2026-04-09 18:10:26.000 LOG 3: field 0 0
2026-04-09 18:10:26.050 LOG 3: float_fields 
2026-04-09 18:10:26.100 LOG 3: field 1.0 1.0
2026-04-09 18:10:26.150 LOG 3: field 98.67 98.67
2026-04-09 18:10:26.200 LOG 3: field 986.7 986.7
2026-04-09 18:10:26.250 LOG 3: field 0.0 0.0
2026-04-09 18:10:26.300 LOG 3: field 14.95 14.95
2026-04-09 18:10:26.350 LOG 3: field 14.47 14.47
2026-04-09 18:10:26.400 LOG 3: field 0.0 0.0
2026-04-09 18:10:26.450 LOG 3: field 0.0 0.0
2026-04-09 18:10:26.500 LOG 3: field 0.0 0.0
2026-04-09 18:10:26.550 LOG 3: field 0.0 0.0
2026-04-09 18:10:26.600 LOG 3: field 0.0 0.0
2026-04-09 18:10:26.650 LOG 3: field 0.0 0.0
2026-04-09 18:10:26.700 LOG 3: field 0 0
2026-04-09 18:10:26.750 LOG 3: field 0.0 0.0
2026-04-09 18:10:26.800 LOG 3: field 0.0 0.0
2026-04-09 18:10:26.850 LOG 3: field 0 0
2026-04-09 18:10:26.900 LOG 3: field -1 -1
2026-04-09 18:10:26.950 LOG 3: field -1 -1
2026-04-09 18:10:26.000 LOG 3: field 0 0
2026-04-09 18:10:26.050 LOG 3: field 0.0 0.0
2026-04-09 18:10:26.100 LOG 3: field 0.0 0.0
2026-04-09 18:10:26.150 LOG 3: int_fields 
2026-04-09 18:10:26.200 LOG 3: field 77947783631 77947783631
2026-04-09 18:10:26.250 LOG 3: field 77947783631 77947783631
2026-04-09 18:10:26.300 LOG 3: field 1162788 1162788
2026-04-09 18:10:26.350 LOG 3: field 0 0
2026-04-09 18:10:26.400 LOG 3: field 0 0
2026-04-09 18:10:26.450 LOG 3: field 9180729 9180729
2026-04-09 18:10:26.500 LOG 3: field 25 25
2026-04-09 18:10:26.550 LOG 3: field 0 0
2026-04-09 18:10:26.600 LOG 3: field 1 1
2026-04-09 18:10:26.650 LOG 3: field 0 0
2026-04-09 18:10:26.700 LOG 3: field 0 0
2026-04-09 18:10:26.750 LOG 3: field 0 0
2026-04-09 18:10:26.800 LOG 3: field 0 0
2026-04-09 18:10:26.850 LOG 3: field 0 0
2026-04-09 18:10:26.900 LOG 3: field 1 1
2026-04-09 18:10:26.950 LOG 3: field 1 1
2026-04-09 18:10:26.000 LOG 3: field 1 1
2026-04-09 18:10:26.050 LOG 3: field 0 0
2026-04-09 18:10:26.100 LOG 3: field -1 -1
2026-04-09 18:10:26.150 LOG 3: field 0 0
2026-04-09 18:10:26.200 LOG 3: field 0 0
2026-04-09 18:10:26.250 LOG 3: field 0 0
2026-04-09 18:10:26.300 LOG 3: field 0 0
2026-04-09 18:10:26.350 LOG 3: field 0 0
2026-04-09 18:10:26.400 LOG 3: field 0 0
2026-04-09 18:10:26.450 LOG 3: field 0 0
2026-04-09 18:10:26.500 LOG 3: field 0 0
2026-04-09 18:10:26.550 LOG 3: field 0 0
2026-04-09 18:10:26.600 LOG 3: field 0 0
2026-04-09 18:10:26.650 LOG 3: field 0 0
2026-04-09 18:10:26.700 LOG 3: field 0 0
2026-04-09 18:10:26.750 LOG 3: field 20260410 20260410
2026-04-09 18:10:26.800 LOG 3: field 0 0
2026-04-09 18:10:26.850 LOG 3: field 0 0
2026-04-09 18:10:26.900 LOG 3: float_fields 
2026-04-09 18:10:26.950 LOG 3: field 1.0 1.0
2026-04-09 18:10:26.000 LOG 3: field 100.99 100.99
2026-04-09 18:10:26.050 LOG 3: field 1009.9 1009.9
2026-04-09 18:10:26.100 LOG 3: field 0.0 0.0
2026-04-09 18:10:26.150 LOG 3: field 12.44 12.44
2026-04-09 18:10:26.200 LOG 3: field 28.88 28.88
2026-04-09 18:10:26.250 LOG 3: field 0.0 0.0
2026-04-09 18:10:26.300 LOG 3: field 0.0 0.0
2026-04-09 18:10:26.350 LOG 3: field 0.0 0.0
2026-04-09 18:10:26.400 LOG 3: field 0.0 0.0
2026-04-09 18:10:26.450 LOG 3: field 0.0 0.0
2026-04-09 18:10:26.500 LOG 3: field 0.0 0.0
2026-04-09 18:10:26.550 LOG 3: field 0 0
2026-04-09 18:10:26.600 LOG 3: field 0.0 0.0
2026-04-09 18:10:26.650 LOG 3: field 0.0 0.0
2026-04-09 18:10:26.700 LOG 3: field 0 0
2026-04-09 18:10:26.750 LOG 3: field -1 -1
2026-04-09 18:10:26.800 LOG 3: field -1 -1
2026-04-09 18:10:26.850 LOG 3: field 0 0
2026-04-09 18:10:26.900 LOG 3: field 0.0 0.0
2026-04-09 18:10:26.950 LOG 3: field 0.0 0.0
2026-04-09 18:10:26.000 LOG 3: int_fields 
2026-04-09 18:10:26.050 LOG 3: field 77947788055 77947788055
2026-04-09 18:10:26.100 LOG 3: field 77947788055 77947788055
2026-04-09 18:10:26.150 LOG 3: field 1162788 1162788
2026-04-09 18:10:26.200 LOG 3: field 0 0
2026-04-09 18:10:26.250 LOG 3: field 0 0
2026-04-09 18:10:26.300 LOG 3: field 9180730 9180730
2026-04-09 18:10:26.350 LOG 3: field 25 25
2026-04-09 18:10:26.400 LOG 3: field 0 0
2026-04-09 18:10:26.450 LOG 3: field 1 1
2026-04-09 18:10:26.500 LOG 3: field 0 0
2026-04-09 18:10:26.550 LOG 3: field 0 0
2026-04-09 18:10:26.600 LOG 3: field 0 0
2026-04-09 18:10:26.650 LOG 3: field 0 0
2026-04-09 18:10:26.700 LOG 3: field 0 0
2026-04-09 18:10:26.750 LOG 3: field 1 1
2026-04-09 18:10:26.800 LOG 3: field 1 1
2026-04-09 18:10:26.850 LOG 3: field 1 1
2026-04-09 18:10:26.900 LOG 3: field 0 0
2026-04-09 18:10:26.950 LOG 3: field -1 -1
2026-04-09 18:10:26.000 LOG 3: field 0 0
2026-04-09 18:10:26.050 LOG 3: field 0 0
2026-04-09 18:10:26.100 LOG 3: field 0 0
2026-04-09 18:10:26.150 LOG 3: field 0 0
2026-04-09 18:10:26.200 LOG 3: field 0 0
2026-04-09 18:10:26.250 LOG 3: field 0 0
2026-04-09 18:10:26.300 LOG 3: field 0 0
2026-04-09 18:10:26.350 LOG 3: field 0 0
2026-04-09 18:10:26.400 LOG 3: field 0 0
2026-04-09 18:10:26.450 LOG 3: field 0 0
2026-04-09 18:10:26.500 LOG 3: field 0 0
2026-04-09 18:10:26.550 LOG 3: field 0 0
2026-04-09 18:10:26.600 LOG 3: field 20260410 20260410
2026-04-09 18:10:26.650 LOG 3: field 0 0
2026-04-09 18:10:26.700 LOG 3: field 0 0
2026-04-09 18:10:26.750 LOG 3: float_fields 
2026-04-09 18:10:26.800 LOG 3: field 1.0 1.0
2026-04-09 18:10:26.850 LOG 3: field 102.9 102.9
2026-04-09 18:10:26.900 LOG 3: field 1029.0 1029.0
2026-04-09 18:10:26.950 LOG 3: field 0.0 0.0
2026-04-09 18:10:26.000 LOG 3: field 15.1 15.1
2026-04-09 18:10:26.050 LOG 3: field 65.67 65.67
2026-04-09 18:10:26.100 LOG 3: field 0.0 0.0
2026-04-09 18:10:26.150 LOG 3: field 0.0 0.0
2026-04-09 18:10:26.200 LOG 3: field 0.0 0.0
2026-04-09 18:10:26.250 LOG 3: field 0.0 0.0
2026-04-09 18:10:26.300 LOG 3: field 0.0 0.0
2026-04-09 18:10:26.350 LOG 3: field 0.0 0.0
2026-04-09 18:10:26.400 LOG 3: field 0 0
2026-04-09 18:10:26.450 LOG 3: field 0.0 0.0
2026-04-09 18:10:26.500 LOG 3: field 0.0 0.0
2026-04-09 18:10:26.550 LOG 3: field 0 0
2026-04-09 18:10:26.600 LOG 3: field -1 -1
2026-04-09 18:10:26.650 LOG 3: field -1 -1
2026-04-09 18:10:26.700 LOG 3: field 0 0
2026-04-09 18:10:26.750 LOG 3: field 0.0 0.0
2026-04-09 18:10:26.800 LOG 3: field 0.0 0.0
2026-04-09 18:10:26.850 LOG 3: int_fields 
2026-04-09 18:10:26.900 LOG 3: field 77947793758 77947793758
2026-04-09 18:10:26.950 LOG 3: field 77947793758 77947793758
2026-04-09 18:10:26.000 LOG 3: field 1162788 1162788
2026-04-09 18:10:26.050 LOG 3: field 0 0
2026-04-09 18:10:26.100 LOG 3: field 0 0
2026-04-09 18:10:26.150 LOG 3: field 9180731 9180731
2026-04-09 18:10:26.200 LOG 3: field 25 25
2026-04-09 18:10:26.250 LOG 3: field 0 0
2026-04-09 18:10:26.300 LOG 3: field 1 1
2026-04-09 18:10:26.350 LOG 3: field 0 0
2026-04-09 18:10:26.400 LOG 3: field 0 0
2026-04-09 18:10:26.450 LOG 3: field 0 0
2026-04-09 18:10:26.500 LOG 3: field 0 0
2026-04-09 18:10:26.550 LOG 3: field 0 0
2026-04-09 18:10:26.600 LOG 3: field 1 1
2026-04-09 18:10:26.650 LOG 3: field 1 1
2026-04-09 18:10:26.700 LOG 3: field 1 1
2026-04-09 18:10:26.750 LOG 3: field 0 0
2026-04-09 18:10:26.800 LOG 3: field -1 -1
2026-04-09 18:10:26.850 LOG 3: field 0 0
2026-04-09 18:10:26.900 LOG 3: field 0 0
2026-04-09 18:10:26.950 LOG 3: field 0 0
2026-04-09 18:10:26.000 LOG 3: field 0 0
2026-04-09 18:10:26.050 LOG 3: field 0 0
2026-04-09 18:10:26.100 LOG 3: field 0 0
2026-04-09 18:10:26.150 LOG 3: field 0 0
2026-04-09 18:10:26.200 LOG 3: field 0 0
2026-04-09 18:10:26.250 LOG 3: field 0 0
2026-04-09 18:10:26.300 LOG 3: field 0 0
2026-04-09 18:10:26.350 LOG 3: field 0 0
2026-04-09 18:10:26.400 LOG 3: field 0 0
2026-04-09 18:10:26.450 LOG 3: field 20260410 20260410
2026-04-09 18:10:26.500 LOG 3: field 0 0
2026-04-09 18:10:26.550 LOG 3: field 0 0
2026-04-09 18:10:26.600 LOG 3: float_fields 
2026-04-09 18:10:26.650 LOG 3: field 1.0 1.0
2026-04-09 18:10:26.700 LOG 3: field 105.89 105.89
2026-04-09 18:10:26.750 LOG 3: field 1058.9 1058.9
2026-04-09 18:10:26.800 LOG 3: field 0.0 0.0
2026-04-09 18:10:26.850 LOG 3: field 15.03 15.03
2026-04-09 18:10:26.900 LOG 3: field 8.43 8.43
2026-04-09 18:10:26.950 LOG 3: field 0.0 0.0
2026-04-09 18:10:26.000 LOG 3: field 0.0 0.0
2026-04-09 18:10:26.050 LOG 3: field 0.0 0.0
2026-04-09 18:10:26.100 LOG 3: field 0.0 0.0
2026-04-09 18:10:26.150 LOG 3: field 0.0 0.0
2026-04-09 18:10:26.200 LOG 3: field 0.0 0.0
2026-04-09 18:10:26.250 LOG 3: field 0 0
2026-04-09 18:10:26.300 LOG 3: field 0.0 0.0
2026-04-09 18:10:26.350 LOG 3: field 0.0 0.0
2026-04-09 18:10:26.400 LOG 3: field 0 0
2026-04-09 18:10:26.450 LOG 3: field -1 -1
2026-04-09 18:10:26.500 LOG 3: field -1 -1
2026-04-09 18:10:26.550 LOG 3: field 0 0
2026-04-09 18:10:26.600 LOG 3: field 0.0 0.0
2026-04-09 18:10:26.650 LOG 3: field 0.0 0.0
2026-04-09 18:10:26.000 LOG 3: int_fields 
2026-04-09 18:10:26.050 LOG 3: field 77924509061 77924509061
2026-04-09 18:10:26.100 LOG 3: field 77924509061 77924509061
2026-04-09 18:10:26.150 LOG 3: field 1162788 1162788
2026-04-09 18:10:26.200 LOG 3: field 1162788 1162788
2026-04-09 18:10:26.250 LOG 3: field 0 0
2026-04-09 18:10:26.300 LOG 3: field 0 0
2026-04-09 18:10:26.350 LOG 3: field 26 26
2026-04-09 18:10:26.400 LOG 3: field 0 0
2026-04-09 18:10:26.450 LOG 3: field 1 1
2026-04-09 18:10:26.500 LOG 3: field 0 0
2026-04-09 18:10:26.550 LOG 3: field 0 0
2026-04-09 18:10:26.600 LOG 3: field 0 0
2026-04-09 18:10:26.650 LOG 3: field 0 0
2026-04-09 18:10:26.700 LOG 3: field 0 0
2026-04-09 18:10:26.750 LOG 3: field 1 1
2026-04-09 18:10:26.800 LOG 3: field 1 1
2026-04-09 18:10:26.850 LOG 3: field 1 1
2026-04-09 18:10:26.900 LOG 3: field 0 0
2026-04-09 18:10:26.950 LOG 3: field -1 -1
2026-04-09 18:10:26.000 LOG 3: field 0 0
2026-04-09 18:10:26.050 LOG 3: field 0 0
2026-04-09 18:10:26.100 LOG 3: field 0 0
2026-04-09 18:10:26.150 LOG 3: field 0 0
2026-04-09 18:10:26.200 LOG 3: field 0 0
2026-04-09 18:10:26.250 LOG 3: field 0 0
2026-04-09 18:10:26.300 LOG 3: field 0 0
2026-04-09 18:10:26.350 LOG 3: field 0 0
2026-04-09 18:10:26.400 LOG 3: field 0 0
2026-04-09 18:10:26.450 LOG 3: field 0 0
2026-04-09 18:10:26.500 LOG 3: field 0 0
2026-04-09 18:10:26.550 LOG 3: field 0 0
2026-04-09 18:10:26.600 LOG 3: field 20260410 20260410
2026-04-09 18:10:26.650 LOG 3: field 0 0
2026-04-09 18:10:26.700 LOG 3: field 0 0
2026-04-09 18:10:26.750 LOG 3: float_fields 
2026-04-09 18:10:26.800 LOG 3: field 1.0 1.0
2026-04-09 18:10:26.850 LOG 3: field 98.67 98.67
2026-04-09 18:10:26.900 LOG 3: field 986.7 986.7
2026-04-09 18:10:26.950 LOG 3: field 0.0 0.0
2026-04-09 18:10:26.000 LOG 3: field 14.95 14.95
2026-04-09 18:10:26.050 LOG 3: field 14.47 14.47
2026-04-09 18:10:26.100 LOG 3: field 0.0 0.0
2026-04-09 18:10:26.150 LOG 3: field 0.0 0.0
2026-04-09 18:10:26.200 LOG 3: field 0.0 0.0
2026-04-09 18:10:26.250 LOG 3: field 0.0 0.0
2026-04-09 18:10:26.300 LOG 3: field 0.0 0.0
2026-04-09 18:10:26.350 LOG 3: field 0.0 0.0
2026-04-09 18:10:26.400 LOG 3: field 0 0
2026-04-09 18:10:26.450 LOG 3: field 0.0 0.0
2026-04-09 18:10:26.500 LOG 3: field 0.0 0.0
2026-04-09 18:10:26.550 LOG 3: field 0 0
2026-04-09 18:10:26.600 LOG 3: field -1 -1
2026-04-09 18:10:26.650 LOG 3: field -1 -1
2026-04-09 18:10:26.700 LOG 3: field 0 0
2026-04-09 18:10:26.750 LOG 3: field 0.0 0.0
2026-04-09 18:10:26.800 LOG 3: field 0.0 0.0
2026-04-09 18:10:26.850 LOG 3: int_fields 
2026-04-09 18:10:26.900 LOG 3: field 77924527921 77924527921
2026-04-09 18:10:26.950 LOG 3: field 77924527921 77924527921
2026-04-09 18:10:26.000 LOG 3: field 1162788 1162788
2026-04-09 18:10:26.050 LOG 3: field 0 0
2026-04-09 18:10:26.100 LOG 3: field 0 0
2026-04-09 18:10:26.150 LOG 3: field 0 0
2026-04-09 18:10:26.200 LOG 3: field 25 25
2026-04-09 18:10:26.250 LOG 3: field 0 0
2026-04-09 18:10:26.300 LOG 3: field 1 1
2026-04-09 18:10:26.350 LOG 3: field 0 0
2026-04-09 18:10:26.400 LOG 3: field 0 0
2026-04-09 18:10:26.450 LOG 3: field 0 0
2026-04-09 18:10:26.500 LOG 3: field 0 0
2026-04-09 18:10:26.550 LOG 3: field 0 0
2026-04-09 18:10:26.600 LOG 3: field 1 1
2026-04-09 18:10:26.650 LOG 3: field 1 1
2026-04-09 18:10:26.700 LOG 3: field 1 1
2026-04-09 18:10:26.750 LOG 3: field 0 0
2026-04-09 18:10:26.800 LOG 3: field -1 -1
2026-04-09 18:10:26.850 LOG 3: field 0 0
2026-04-09 18:10:26.900 LOG 3: field 0 0
2026-04-09 18:10:26.950 LOG 3: field 0 0
2026-04-09 18:10:26.000 LOG 3: field 0 0
2026-04-09 18:10:26.050 LOG 3: field 0 0
2026-04-09 18:10:26.100 LOG 3: field 0 0
2026-04-09 18:10:26.150 LOG 3: field 0 0
2026-04-09 18:10:26.200 LOG 3: field 0 0
2026-04-09 18:10:26.250 LOG 3: field 0 0
2026-04-09 18:10:26.300 LOG 3: field 0 0
2026-04-09 18:10:26.350 LOG 3: field 0 0
2026-04-09 18:10:26.400 LOG 3: field 0 0
2026-04-09 18:10:26.450 LOG 3: field 20260410 20260410
2026-04-09 18:10:26.500 LOG 3: field 0 0
2026-04-09 18:10:26.550 LOG 3: field 0 0
2026-04-09 18:10:26.600 LOG 3: float_fields 
2026-04-09 18:10:26.650 LOG 3: field 1.0 1.0
2026-04-09 18:10:26.700 LOG 3: field 98.67 98.67
2026-04-09 18:10:26.750 LOG 3: field 986.7 986.7
2026-04-09 18:10:26.800 LOG 3: field 0.0 0.0
2026-04-09 18:10:26.850 LOG 3: field 14.95 14.95
2026-04-09 18:10:26.900 LOG 3: field 14.47 14.47
2026-04-09 18:10:26.950 LOG 3: field 0.0 0.0
2026-04-09 18:10:26.000 LOG 3: field 0.0 0.0
2026-04-09 18:10:26.050 LOG 3: field 0.0 0.0
2026-04-09 18:10:26.100 LOG 3: field 0.0 0.0
2026-04-09 18:10:26.150 LOG 3: field 0.0 0.0
2026-04-09 18:10:26.200 LOG 3: field 0.0 0.0
2026-04-09 18:10:26.250 LOG 3: field 0 0
2026-04-09 18:10:26.300 LOG 3: field 0.0 0.0
2026-04-09 18:10:26.350 LOG 3: field 0.0 0.0
2026-04-09 18:10:26.400 LOG 3: field 0 0
2026-04-09 18:10:26.450 LOG 3: field -1 -1
2026-04-09 18:10:26.500 LOG 3: field -1 -1
2026-04-09 18:10:26.550 LOG 3: field 0 0
2026-04-09 18:10:26.600 LOG 3: field 0.0 0.0
2026-04-09 18:10:26.650 LOG 3: field 0.0 0.0
2026-04-09 18:10:26.700 LOG 3: int_fields 
2026-04-09 18:10:26.750 LOG 3: field 77947783631 77947783631
2026-04-09 18:10:26.800 LOG 3: field 77947783631 77947783631
2026-04-09 18:10:26.850 LOG 3: field 1162788 1162788
2026-04-09 18:10:26.900 LOG 3: field 0 0
2026-04-09 18:10:26.950 LOG 3: field 0 0
2026-04-09 18:10:26.000 LOG 3: field 9180729 9180729
2026-04-09 18:10:26.050 LOG 3: field 25 25
2026-04-09 18:10:26.100 LOG 3: field 0 0
2026-04-09 18:10:26.150 LOG 3: field 1 1
2026-04-09 18:10:26.200 LOG 3: field 0 0
2026-04-09 18:10:26.250 LOG 3: field 0 0
2026-04-09 18:10:26.300 LOG 3: field 0 0
2026-04-09 18:10:26.350 LOG 3: field 0 0
2026-04-09 18:10:26.400 LOG 3: field 0 0
2026-04-09 18:10:26.450 LOG 3: field 1 1
2026-04-09 18:10:26.500 LOG 3: field 1 1
2026-04-09 18:10:26.550 LOG 3: field 1 1
2026-04-09 18:10:26.600 LOG 3: field 0 0
2026-04-09 18:10:26.650 LOG 3: field -1 -1
2026-04-09 18:10:26.700 LOG 3: field 0 0
2026-04-09 18:10:26.750 LOG 3: field 0 0
2026-04-09 18:10:26.800 LOG 3: field 0 0
2026-04-09 18:10:26.850 LOG 3: field 0 0
2026-04-09 18:10:26.900 LOG 3: field 0 0
2026-04-09 18:10:26.950 LOG 3: field 0 0
2026-04-09 18:10:26.000 LOG 3: field 0 0
2026-04-09 18:10:26.050 LOG 3: field 0 0
2026-04-09 18:10:26.100 LOG 3: field 0 0
2026-04-09 18:10:26.150 LOG 3: field 0 0
2026-04-09 18:10:26.200 LOG 3: field 0 0
2026-04-09 18:10:26.250 LOG 3: field 0 0
2026-04-09 18:10:26.300 LOG 3: field 20260410 20260410
2026-04-09 18:10:26.350 LOG 3: field 0 0
2026-04-09 18:10:26.400 LOG 3: field 0 0
2026-04-09 18:10:26.450 LOG 3: float_fields 
2026-04-09 18:10:26.500 LOG 3: field 1.0 1.0
2026-04-09 18:10:26.550 LOG 3: field 100.99 100.99
2026-04-09 18:10:26.600 LOG 3: field 1009.9 1009.9
2026-04-09 18:10:26.650 LOG 3: field 0.0 0.0
2026-04-09 18:10:26.700 LOG 3: field 12.44 12.44
2026-04-09 18:10:26.750 LOG 3: field 28.88 28.88
2026-04-09 18:10:26.800 LOG 3: field 0.0 0.0
2026-04-09 18:10:26.850 LOG 3: field 0.0 0.0
2026-04-09 18:10:26.900 LOG 3: field 0.0 0.0
2026-04-09 18:10:26.950 LOG 3: field 0.0 0.0
2026-04-09 18:10:26.000 LOG 3: field 0.0 0.0
2026-04-09 18:10:26.050 LOG 3: field 0.0 0.0
2026-04-09 18:10:26.100 LOG 3: field 0 0
2026-04-09 18:10:26.150 LOG 3: field 0.0 0.0
2026-04-09 18:10:26.200 LOG 3: field 0.0 0.0
2026-04-09 18:10:26.250 LOG 3: field 0 0
2026-04-09 18:10:26.300 LOG 3: field -1 -1
2026-04-09 18:10:26.350 LOG 3: field -1 -1
2026-04-09 18:10:26.400 LOG 3: field 0 0
2026-04-09 18:10:26.450 LOG 3: field 0.0 0.0
2026-04-09 18:10:26.500 LOG 3: field 0.0 0.0
2026-04-09 18:10:26.550 LOG 3: int_fields 
2026-04-09 18:10:26.600 LOG 3: field 77947788055 77947788055
2026-04-09 18:10:26.650 LOG 3: field 77947788055 77947788055
2026-04-09 18:10:26.700 LOG 3: field 1162788 1162788
2026-04-09 18:10:26.750 LOG 3: field 0 0
2026-04-09 18:10:26.800 LOG 3: field 0 0
2026-04-09 18:10:26.850 LOG 3: field 9180730 9180730
2026-04-09 18:10:26.900 LOG 3: field 25 25
2026-04-09 18:10:26.950 LOG 3: field 0 0
2026-04-09 18:10:26.000 LOG 3: field 1 1
2026-04-09 18:10:26.050 LOG 3: field 0 0
2026-04-09 18:10:26.100 LOG 3: field 0 0
2026-04-09 18:10:26.150 LOG 3: field 0 0
2026-04-09 18:10:26.200 LOG 3: field 0 0
2026-04-09 18:10:26.250 LOG 3: field 0 0
2026-04-09 18:10:26.300 LOG 3: field 1 1
2026-04-09 18:10:26.350 LOG 3: field 1 1
2026-04-09 18:10:26.400 LOG 3: field 1 1
2026-04-09 18:10:26.450 LOG 3: field 0 0
2026-04-09 18:10:26.500 LOG 3: field -1 -1
2026-04-09 18:10:26.550 LOG 3: field 0 0
2026-04-09 18:10:26.600 LOG 3: field 0 0
2026-04-09 18:10:26.650 LOG 3: field 0 0
2026-04-09 18:10:26.700 LOG 3: field 0 0
2026-04-09 18:10:26.750 LOG 3: field 0 0
2026-04-09 18:10:26.800 LOG 3: field 0 0
2026-04-09 18:10:26.850 LOG 3: field 0 0
2026-04-09 18:10:26.900 LOG 3: field 0 0
2026-04-09 18:10:26.950 LOG 3: field 0 0
2026-04-09 18:10:26.000 LOG 3: field 0 0
2026-04-09 18:10:26.050 LOG 3: field 0 0
2026-04-09 18:10:26.100 LOG 3: field 0 0
2026-04-09 18:10:26.150 LOG 3: field 20260410 20260410
2026-04-09 18:10:26.200 LOG 3: field 0 0
2026-04-09 18:10:26.250 LOG 3: field 0 0
2026-04-09 18:10:26.300 LOG 3: float_fields 
2026-04-09 18:10:26.350 LOG 3: field 1.0 1.0
2026-04-09 18:10:26.400 LOG 3: field 102.9 102.9
2026-04-09 18:10:26.450 LOG 3: field 1029.0 1029.0
2026-04-09 18:10:26.500 LOG 3: field 0.0 0.0
2026-04-09 18:10:26.550 LOG 3: field 15.1 15.1
2026-04-09 18:10:26.600 LOG 3: field 65.67 65.67
2026-04-09 18:10:26.650 LOG 3: field 0.0 0.0
2026-04-09 18:10:26.700 LOG 3: field 0.0 0.0
2026-04-09 18:10:26.750 LOG 3: field 0.0 0.0
2026-04-09 18:10:26.800 LOG 3: field 0.0 0.0
2026-04-09 18:10:26.850 LOG 3: field 0.0 0.0
2026-04-09 18:10:26.900 LOG 3: field 0.0 0.0
2026-04-09 18:10:26.950 LOG 3: field 0 0
2026-04-09 18:10:26.000 LOG 3: field 0.0 0.0
2026-04-09 18:10:26.050 LOG 3: field 0.0 0.0
2026-04-09 18:10:26.100 LOG 3: field 0 0
2026-04-09 18:10:26.150 LOG 3: field -1 -1
2026-04-09 18:10:26.200 LOG 3: field -1 -1
2026-04-09 18:10:26.250 LOG 3: field 0 0
2026-04-09 18:10:26.300 LOG 3: field 0.0 0.0
2026-04-09 18:10:26.350 LOG 3: field 0.0 0.0
2026-04-09 18:10:26.400 LOG 3: int_fields 
2026-04-09 18:10:26.450 LOG 3: field 77947793758 77947793758
2026-04-09 18:10:26.500 LOG 3: field 77947793758 77947793758
2026-04-09 18:10:26.550 LOG 3: field 1162788 1162788
2026-04-09 18:10:26.600 LOG 3: field 0 0
2026-04-09 18:10:26.650 LOG 3: field 0 0
2026-04-09 18:10:26.700 LOG 3: field 9180731 9180731
2026-04-09 18:10:26.750 LOG 3: field 25 25
2026-04-09 18:10:26.800 LOG 3: field 0 0
2026-04-09 18:10:26.850 LOG 3: field 1 1
2026-04-09 18:10:26.900 LOG 3: field 0 0
2026-04-09 18:10:26.950 LOG 3: field 0 0
2026-04-09 18:10:26.000 LOG 3: field 0 0
2026-04-09 18:10:26.050 LOG 3: field 0 0
2026-04-09 18:10:26.100 LOG 3: field 0 0
2026-04-09 18:10:26.150 LOG 3: field 1 1
2026-04-09 18:10:26.200 LOG 3: field 1 1
2026-04-09 18:10:26.250 LOG 3: field 1 1
2026-04-09 18:10:26.300 LOG 3: field 0 0
2026-04-09 18:10:26.350 LOG 3: field -1 -1
2026-04-09 18:10:26.400 LOG 3: field 0 0
2026-04-09 18:10:26.450 LOG 3: field 0 0
2026-04-09 18:10:26.500 LOG 3: field 0 0
2026-04-09 18:10:26.550 LOG 3: field 0 0
2026-04-09 18:10:26.600 LOG 3: field 0 0
2026-04-09 18:10:26.650 LOG 3: field 0 0
2026-04-09 18:10:26.700 LOG 3: field 0 0
2026-04-09 18:10:26.750 LOG 3: field 0 0
2026-04-09 18:10:26.800 LOG 3: field 0 0
2026-04-09 18:10:26.850 LOG 3: field 0 0
2026-04-09 18:10:26.900 LOG 3: field 0 0
2026-04-09 18:10:26.950 LOG 3: field 0 0
2026-04-09 18:10:26.000 LOG 3: field 20260410 20260410
2026-04-09 18:10:26.050 LOG 3: field 0 0
2026-04-09 18:10:26.100 LOG 3: field 0 0
2026-04-09 18:10:26.150 LOG 3: float_fields 
2026-04-09 18:10:26.200 LOG 3: field 1.0 1.0
2026-04-09 18:10:26.250 LOG 3: field 105.89 105.89
2026-04-09 18:10:26.300 LOG 3: field 1058.9 1058.9
2026-04-09 18:10:26.350 LOG 3: field 0.0 0.0
2026-04-09 18:10:26.400 LOG 3: field 15.03 15.03
2026-04-09 18:10:26.450 LOG 3: field 8.43 8.43
2026-04-09 18:10:26.500 LOG 3: field 0.0 0.0
2026-04-09 18:10:26.550 LOG 3: field 0.0 0.0
2026-04-09 18:10:26.600 LOG 3: field 0.0 0.0
2026-04-09 18:10:26.650 LOG 3: field 0.0 0.0
2026-04-09 18:10:26.700 LOG 3: field 0.0 0.0
2026-04-09 18:10:26.750 LOG 3: field 0.0 0.0
2026-04-09 18:10:26.800 LOG 3: field 0 0
2026-04-09 18:10:26.850 LOG 3: field 0.0 0.0
2026-04-09 18:10:26.900 LOG 3: field 0.0 0.0
2026-04-09 18:10:26.950 LOG 3: field 0 0
2026-04-09 18:10:26.000 LOG 3: field -1 -1
2026-04-09 18:10:26.050 LOG 3: field -1 -1
2026-04-09 18:10:26.100 LOG 3: field 0 0
2026-04-09 18:10:26.150 LOG 3: field 0.0 0.0
2026-04-09 18:10:26.200 LOG 3: field 0.0 0.0
2026-04-09 18:10:36.850 LOG 3: int_fields 
2026-04-09 18:10:36.900 LOG 3: field 77924509061 77924509061
2026-04-09 18:10:36.950 LOG 3: field 77924509061 77924509061
2026-04-09 18:10:36.000 LOG 3: field 1162788 1162788
2026-04-09 18:10:36.050 LOG 3: field 1162788 1162788
2026-04-09 18:10:36.100 LOG 3: field 0 0
2026-04-09 18:10:36.150 LOG 3: field 0 0
2026-04-09 18:10:36.200 LOG 3: field 26 26
2026-04-09 18:10:36.250 LOG 3: field 0 0
2026-04-09 18:10:36.300 LOG 3: field 1 1
2026-04-09 18:10:36.350 LOG 3: field 0 0
2026-04-09 18:10:36.400 LOG 3: field 0 0
2026-04-09 18:10:36.450 LOG 3: field 0 0
2026-04-09 18:10:36.500 LOG 3: field 0 0
2026-04-09 18:10:36.550 LOG 3: field 0 0
2026-04-09 18:10:36.600 LOG 3: field 1 1
2026-04-09 18:10:36.650 LOG 3: field 1 1
2026-04-09 18:10:36.700 LOG 3: field 1 1
2026-04-09 18:10:36.750 LOG 3: field 0 0
2026-04-09 18:10:36.800 LOG 3: field -1 -1
2026-04-09 18:10:36.850 LOG 3: field 0 0
2026-04-09 18:10:36.900 LOG 3: field 0 0
2026-04-09 18:10:36.950 LOG 3: field 0 0
2026-04-09 18:10:36.000 LOG 3: field 0 0
2026-04-09 18:10:36.050 LOG 3: field 0 0
2026-04-09 18:10:36.100 LOG 3: field 0 0
2026-04-09 18:10:36.150 LOG 3: field 0 0
2026-04-09 18:10:36.200 LOG 3: field 0 0
2026-04-09 18:10:36.250 LOG 3: field 0 0
2026-04-09 18:10:36.300 LOG 3: field 0 0
2026-04-09 18:10:36.350 LOG 3: field 0 0
2026-04-09 18:10:36.400 LOG 3: field 0 0
2026-04-09 18:10:36.450 LOG 3: field 20260410 20260410
2026-04-09 18:10:36.500 LOG 3: field 0 0
2026-04-09 18:10:36.550 LOG 3: field 0 0
2026-04-09 18:10:36.600 LOG 3: float_fields 
2026-04-09 18:10:36.650 LOG 3: field 1.0 1.0
2026-04-09 18:10:36.700 LOG 3: field 98.67 98.67
2026-04-09 18:10:36.750 LOG 3: field 986.7 986.7
2026-04-09 18:10:36.800 LOG 3: field 0.0 0.0
2026-04-09 18:10:36.850 LOG 3: field 14.95 14.95
2026-04-09 18:10:36.900 LOG 3: field 14.47 14.47
2026-04-09 18:10:36.950 LOG 3: field 0.0 0.0
2026-04-09 18:10:36.000 LOG 3: field 0.0 0.0
2026-04-09 18:10:36.050 LOG 3: field 0.0 0.0
2026-04-09 18:10:36.100 LOG 3: field 0.0 0.0
2026-04-09 18:10:36.150 LOG 3: field 0.0 0.0
2026-04-09 18:10:36.200 LOG 3: field 0.0 0.0
2026-04-09 18:10:36.250 LOG 3: field 0 0
2026-04-09 18:10:36.300 LOG 3: field 0.0 0.0
2026-04-09 18:10:36.350 LOG 3: field 0.0 0.0
2026-04-09 18:10:36.400 LOG 3: field 0 0
2026-04-09 18:10:36.450 LOG 3: field -1 -1
2026-04-09 18:10:36.500 LOG 3: field -1 -1
2026-04-09 18:10:36.550 LOG 3: field 0 0
2026-04-09 18:10:36.600 LOG 3: field 0.0 0.0
2026-04-09 18:10:36.650 LOG 3: field 0.0 0.0
2026-04-09 18:10:36.700 LOG 3: int_fields 
2026-04-09 18:10:36.750 LOG 3: field 77924527921 77924527921
2026-04-09 18:10:36.800 LOG 3: field 77924527921 77924527921
2026-04-09 18:10:36.850 LOG 3: field 1162788 1162788
2026-04-09 18:10:36.900 LOG 3: field 0 0
2026-04-09 18:10:36.950 LOG 3: field 0 0
2026-04-09 18:10:36.000 LOG 3: field 0 0
2026-04-09 18:10:36.050 LOG 3: field 25 25
2026-04-09 18:10:36.100 LOG 3: field 0 0
2026-04-09 18:10:36.150 LOG 3: field 1 1
2026-04-09 18:10:36.200 LOG 3: field 0 0
2026-04-09 18:10:36.250 LOG 3: field 0 0
2026-04-09 18:10:36.300 LOG 3: field 0 0
2026-04-09 18:10:36.350 LOG 3: field 0 0
2026-04-09 18:10:36.400 LOG 3: field 0 0
2026-04-09 18:10:36.450 LOG 3: field 1 1
2026-04-09 18:10:36.500 LOG 3: field 1 1
2026-04-09 18:10:36.550 LOG 3: field 1 1
2026-04-09 18:10:36.600 LOG 3: field 0 0
2026-04-09 18:10:36.650 LOG 3: field -1 -1
2026-04-09 18:10:36.700 LOG 3: field 0 0
2026-04-09 18:10:36.750 LOG 3: field 0 0
2026-04-09 18:10:36.800 LOG 3: field 0 0
2026-04-09 18:10:36.850 LOG 3: field 0 0
2026-04-09 18:10:36.900 LOG 3: field 0 0
2026-04-09 18:10:36.950 LOG 3: field 0 0
2026-04-09 18:10:36.000 LOG 3: field 0 0
2026-04-09 18:10:36.050 LOG 3: field 0 0
2026-04-09 18:10:36.100 LOG 3: field 0 0
2026-04-09 18:10:36.150 LOG 3: field 0 0
2026-04-09 18:10:36.200 LOG 3: field 0 0
2026-04-09 18:10:36.250 LOG 3: field 0 0
2026-04-09 18:10:36.300 LOG 3: field 20260410 20260410
2026-04-09 18:10:36.350 LOG 3: field 0 0
2026-04-09 18:10:36.400 LOG 3: field 0 0
2026-04-09 18:10:36.450 LOG 3: float_fields 
2026-04-09 18:10:36.500 LOG 3: field 1.0 1.0
2026-04-09 18:10:36.550 LOG 3: field 98.67 98.67
2026-04-09 18:10:36.600 LOG 3: field 986.7 986.7
2026-04-09 18:10:36.650 LOG 3: field 0.0 0.0
2026-04-09 18:10:36.700 LOG 3: field 14.95 14.95
2026-04-09 18:10:36.750 LOG 3: field 14.47 14.47
2026-04-09 18:10:36.800 LOG 3: field 0.0 0.0
2026-04-09 18:10:36.850 LOG 3: field 0.0 0.0
2026-04-09 18:10:36.900 LOG 3: field 0.0 0.0
2026-04-09 18:10:36.950 LOG 3: field 0.0 0.0
2026-04-09 18:10:36.000 LOG 3: field 0.0 0.0
2026-04-09 18:10:36.050 LOG 3: field 0.0 0.0
2026-04-09 18:10:36.100 LOG 3: field 0 0
2026-04-09 18:10:36.150 LOG 3: field 0.0 0.0
2026-04-09 18:10:36.200 LOG 3: field 0.0 0.0
2026-04-09 18:10:36.250 LOG 3: field 0 0
2026-04-09 18:10:36.300 LOG 3: field -1 -1
2026-04-09 18:10:36.350 LOG 3: field -1 -1
2026-04-09 18:10:36.400 LOG 3: field 0 0
2026-04-09 18:10:36.450 LOG 3: field 0.0 0.0
2026-04-09 18:10:36.500 LOG 3: field 0.0 0.0
2026-04-09 18:10:36.550 LOG 3: int_fields 
2026-04-09 18:10:36.600 LOG 3: field 77947783631 77947783631
2026-04-09 18:10:36.650 LOG 3: field 77947783631 77947783631
2026-04-09 18:10:36.700 LOG 3: field 1162788 1162788
2026-04-09 18:10:36.750 LOG 3: field 0 0
2026-04-09 18:10:36.800 LOG 3: field 0 0
2026-04-09 18:10:36.850 LOG 3: field 9180729 9180729
2026-04-09 18:10:36.900 LOG 3: field 25 25
2026-04-09 18:10:36.950 LOG 3: field 0 0
2026-04-09 18:10:36.000 LOG 3: field 1 1
2026-04-09 18:10:36.050 LOG 3: field 0 0
2026-04-09 18:10:36.100 LOG 3: field 0 0
2026-04-09 18:10:36.150 LOG 3: field 0 0
2026-04-09 18:10:36.200 LOG 3: field 0 0
2026-04-09 18:10:36.250 LOG 3: field 0 0
2026-04-09 18:10:36.300 LOG 3: field 1 1
2026-04-09 18:10:36.350 LOG 3: field 1 1
2026-04-09 18:10:36.400 LOG 3: field 1 1
2026-04-09 18:10:36.450 LOG 3: field 0 0
2026-04-09 18:10:36.500 LOG 3: field -1 -1
2026-04-09 18:10:36.550 LOG 3: field 0 0
2026-04-09 18:10:36.600 LOG 3: field 0 0
2026-04-09 18:10:36.650 LOG 3: field 0 0
2026-04-09 18:10:36.700 LOG 3: field 0 0
2026-04-09 18:10:36.750 LOG 3: field 0 0
2026-04-09 18:10:36.800 LOG 3: field 0 0
2026-04-09 18:10:36.850 LOG 3: field 0 0
2026-04-09 18:10:36.900 LOG 3: field 0 0
2026-04-09 18:10:36.950 LOG 3: field 0 0
2026-04-09 18:10:36.000 LOG 3: field 0 0
2026-04-09 18:10:36.050 LOG 3: field 0 0
2026-04-09 18:10:36.100 LOG 3: field 0 0
2026-04-09 18:10:36.150 LOG 3: field 20260410 20260410
2026-04-09 18:10:36.200 LOG 3: field 0 0
2026-04-09 18:10:36.250 LOG 3: field 0 0
2026-04-09 18:10:36.300 LOG 3: float_fields 
2026-04-09 18:10:36.350 LOG 3: field 1.0 1.0
2026-04-09 18:10:36.400 LOG 3: field 100.99 100.99
2026-04-09 18:10:36.450 LOG 3: field 1009.9 1009.9
2026-04-09 18:10:36.500 LOG 3: field 0.0 0.0
2026-04-09 18:10:36.550 LOG 3: field 12.44 12.44
2026-04-09 18:10:36.600 LOG 3: field 28.88 28.88
2026-04-09 18:10:36.650 LOG 3: field 0.0 0.0
2026-04-09 18:10:36.700 LOG 3: field 0.0 0.0
2026-04-09 18:10:36.750 LOG 3: field 0.0 0.0
2026-04-09 18:10:36.800 LOG 3: field 0.0 0.0
2026-04-09 18:10:36.850 LOG 3: field 0.0 0.0
2026-04-09 18:10:36.900 LOG 3: field 0.0 0.0
2026-04-09 18:10:36.950 LOG 3: field 0 0
2026-04-09 18:10:36.000 LOG 3: field 0.0 0.0
2026-04-09 18:10:36.050 LOG 3: field 0.0 0.0
2026-04-09 18:10:36.100 LOG 3: field 0 0
2026-04-09 18:10:36.150 LOG 3: field -1 -1
2026-04-09 18:10:36.200 LOG 3: field -1 -1
2026-04-09 18:10:36.250 LOG 3: field 0 0
2026-04-09 18:10:36.300 LOG 3: field 0.0 0.0
2026-04-09 18:10:36.350 LOG 3: field 0.0 0.0
2026-04-09 18:10:36.400 LOG 3: int_fields 
2026-04-09 18:10:36.450 LOG 3: field 77947788055 77947788055
2026-04-09 18:10:36.500 LOG 3: field 77947788055 77947788055
2026-04-09 18:10:36.550 LOG 3: field 1162788 1162788
2026-04-09 18:10:36.600 LOG 3: field 0 0
2026-04-09 18:10:36.650 LOG 3: field 0 0
2026-04-09 18:10:36.700 LOG 3: field 9180730 9180730
2026-04-09 18:10:36.750 LOG 3: field 25 25
2026-04-09 18:10:36.800 LOG 3: field 0 0
2026-04-09 18:10:36.850 LOG 3: field 1 1
2026-04-09 18:10:36.900 LOG 3: field 0 0
2026-04-09 18:10:36.950 LOG 3: field 0 0
2026-04-09 18:10:36.000 LOG 3: field 0 0
2026-04-09 18:10:36.050 LOG 3: field 0 0
2026-04-09 18:10:36.100 LOG 3: field 0 0
2026-04-09 18:10:36.150 LOG 3: field 1 1
2026-04-09 18:10:36.200 LOG 3: field 1 1
2026-04-09 18:10:36.250 LOG 3: field 1 1
2026-04-09 18:10:36.300 LOG 3: field 0 0
2026-04-09 18:10:36.350 LOG 3: field -1 -1
2026-04-09 18:10:36.400 LOG 3: field 0 0
2026-04-09 18:10:36.450 LOG 3: field 0 0
2026-04-09 18:10:36.500 LOG 3: field 0 0
2026-04-09 18:10:36.550 LOG 3: field 0 0
2026-04-09 18:10:36.600 LOG 3: field 0 0
2026-04-09 18:10:36.650 LOG 3: field 0 0
2026-04-09 18:10:36.700 LOG 3: field 0 0
2026-04-09 18:10:36.750 LOG 3: field 0 0
2026-04-09 18:10:36.800 LOG 3: field 0 0
2026-04-09 18:10:36.850 LOG 3: field 0 0
2026-04-09 18:10:36.900 LOG 3: field 0 0
2026-04-09 18:10:36.950 LOG 3: field 0 0
2026-04-09 18:10:36.000 LOG 3: field 20260410 20260410
2026-04-09 18:10:36.050 LOG 3: field 0 0
2026-04-09 18:10:36.100 LOG 3: field 0 0
2026-04-09 18:10:36.150 LOG 3: float_fields 
2026-04-09 18:10:36.200 LOG 3: field 1.0 1.0
2026-04-09 18:10:36.250 LOG 3: field 102.9 102.9
2026-04-09 18:10:36.300 LOG 3: field 1029.0 1029.0
2026-04-09 18:10:36.350 LOG 3: field 0.0 0.0
2026-04-09 18:10:36.400 LOG 3: field 15.1 15.1
2026-04-09 18:10:36.450 LOG 3: field 65.67 65.67
2026-04-09 18:10:36.500 LOG 3: field 0.0 0.0
2026-04-09 18:10:36.550 LOG 3: field 0.0 0.0
2026-04-09 18:10:36.600 LOG 3: field 0.0 0.0
2026-04-09 18:10:36.650 LOG 3: field 0.0 0.0
2026-04-09 18:10:36.700 LOG 3: field 0.0 0.0
2026-04-09 18:10:36.750 LOG 3: field 0.0 0.0
2026-04-09 18:10:36.800 LOG 3: field 0 0
2026-04-09 18:10:36.850 LOG 3: field 0.0 0.0
2026-04-09 18:10:36.900 LOG 3: field 0.0 0.0
2026-04-09 18:10:36.950 LOG 3: field 0 0
2026-04-09 18:10:36.000 LOG 3: field -1 -1
2026-04-09 18:10:36.050 LOG 3: field -1 -1
2026-04-09 18:10:36.100 LOG 3: field 0 0
2026-04-09 18:10:36.150 LOG 3: field 0.0 0.0
2026-04-09 18:10:36.200 LOG 3: field 0.0 0.0
2026-04-09 18:10:36.250 LOG 3: int_fields 
2026-04-09 18:10:36.300 LOG 3: field 77947793758 77947793758
2026-04-09 18:10:36.350 LOG 3: field 77947793758 77947793758
2026-04-09 18:10:36.400 LOG 3: field 1162788 1162788
2026-04-09 18:10:36.450 LOG 3: field 0 0
2026-04-09 18:10:36.500 LOG 3: field 0 0
2026-04-09 18:10:36.550 LOG 3: field 9180731 9180731
2026-04-09 18:10:36.600 LOG 3: field 25 25
2026-04-09 18:10:36.650 LOG 3: field 0 0
2026-04-09 18:10:36.700 LOG 3: field 1 1
2026-04-09 18:10:36.750 LOG 3: field 0 0
2026-04-09 18:10:36.800 LOG 3: field 0 0
2026-04-09 18:10:36.850 LOG 3: field 0 0
2026-04-09 18:10:36.900 LOG 3: field 0 0
2026-04-09 18:10:36.950 LOG 3: field 0 0
2026-04-09 18:10:36.000 LOG 3: field 1 1
2026-04-09 18:10:36.050 LOG 3: field 1 1
2026-04-09 18:10:36.100 LOG 3: field 1 1
2026-04-09 18:10:36.150 LOG 3: field 0 0
2026-04-09 18:10:36.200 LOG 3: field -1 -1
2026-04-09 18:10:36.250 LOG 3: field 0 0
2026-04-09 18:10:36.300 LOG 3: field 0 0
2026-04-09 18:10:36.350 LOG 3: field 0 0
2026-04-09 18:10:36.400 LOG 3: field 0 0
2026-04-09 18:10:36.450 LOG 3: field 0 0
2026-04-09 18:10:36.500 LOG 3: field 0 0
2026-04-09 18:10:36.550 LOG 3: field 0 0
2026-04-09 18:10:36.600 LOG 3: field 0 0
2026-04-09 18:10:36.650 LOG 3: field 0 0
2026-04-09 18:10:36.700 LOG 3: field 0 0
2026-04-09 18:10:36.750 LOG 3: field 0 0
2026-04-09 18:10:36.800 LOG 3: field 0 0
2026-04-09 18:10:36.850 LOG 3: field 20260410 20260410
2026-04-09 18:10:36.900 LOG 3: field 0 0
2026-04-09 18:10:36.950 LOG 3: field 0 0
2026-04-09 18:10:36.000 LOG 3: float_fields 
2026-04-09 18:10:36.050 LOG 3: field 1.0 1.0
2026-04-09 18:10:36.100 LOG 3: field 105.89 105.89
2026-04-09 18:10:36.150 LOG 3: field 1058.9 1058.9
2026-04-09 18:10:36.200 LOG 3: field 0.0 0.0
2026-04-09 18:10:36.250 LOG 3: field 15.03 15.03
2026-04-09 18:10:36.300 LOG 3: field 8.43 8.43
2026-04-09 18:10:36.350 LOG 3: field 0.0 0.0
2026-04-09 18:10:36.400 LOG 3: field 0.0 0.0
2026-04-09 18:10:36.450 LOG 3: field 0.0 0.0
2026-04-09 18:10:36.500 LOG 3: field 0.0 0.0
2026-04-09 18:10:36.550 LOG 3: field 0.0 0.0
2026-04-09 18:10:36.600 LOG 3: field 0.0 0.0
2026-04-09 18:10:36.650 LOG 3: field 0 0
2026-04-09 18:10:36.700 LOG 3: field 0.0 0.0
2026-04-09 18:10:36.750 LOG 3: field 0.0 0.0
2026-04-09 18:10:36.800 LOG 3: field 0 0
2026-04-09 18:10:36.850 LOG 3: field -1 -1
2026-04-09 18:10:36.900 LOG 3: field -1 -1
2026-04-09 18:10:36.950 LOG 3: field 0 0
2026-04-09 18:10:36.000 LOG 3: field 0.0 0.0
2026-04-09 18:10:36.050 LOG 3: field 0.0 0.0
2026-04-09 18:10:36.250 LOG 3: int_fields 
2026-04-09 18:10:36.300 LOG 3: field 77924509061 77924509061
2026-04-09 18:10:36.350 LOG 3: field 77924509061 77924509061
2026-04-09 18:10:36.400 LOG 3: field 1162788 1162788
2026-04-09 18:10:36.450 LOG 3: field 1162788 1162788
2026-04-09 18:10:36.500 LOG 3: field 0 0
2026-04-09 18:10:36.550 LOG 3: field 0 0
2026-04-09 18:10:36.600 LOG 3: field 26 26
2026-04-09 18:10:36.650 LOG 3: field 0 0
2026-04-09 18:10:36.700 LOG 3: field 1 1
2026-04-09 18:10:36.750 LOG 3: field 0 0
2026-04-09 18:10:36.800 LOG 3: field 0 0
2026-04-09 18:10:36.850 LOG 3: field 0 0
2026-04-09 18:10:36.900 LOG 3: field 0 0
2026-04-09 18:10:36.950 LOG 3: field 0 0
2026-04-09 18:10:36.000 LOG 3: field 1 1
2026-04-09 18:10:36.050 LOG 3: field 1 1
2026-04-09 18:10:36.100 LOG 3: field 1 1
2026-04-09 18:10:36.150 LOG 3: field 0 0
2026-04-09 18:10:36.200 LOG 3: field -1 -1
2026-04-09 18:10:36.250 LOG 3: field 0 0
2026-04-09 18:10:36.300 LOG 3: field 0 0
2026-04-09 18:10:36.350 LOG 3: field 0 0
2026-04-09 18:10:36.400 LOG 3: field 0 0
2026-04-09 18:10:36.450 LOG 3: field 0 0
2026-04-09 18:10:36.500 LOG 3: field 0 0
2026-04-09 18:10:36.550 LOG 3: field 0 0
2026-04-09 18:10:36.600 LOG 3: field 0 0
2026-04-09 18:10:36.650 LOG 3: field 0 0
2026-04-09 18:10:36.700 LOG 3: field 0 0
2026-04-09 18:10:36.750 LOG 3: field 0 0
2026-04-09 18:10:36.800 LOG 3: field 0 0
2026-04-09 18:10:36.850 LOG 3: field 20260410 20260410
2026-04-09 18:10:36.900 LOG 3: field 0 0
2026-04-09 18:10:36.950 LOG 3: field 0 0
2026-04-09 18:10:36.000 LOG 3: float_fields 
2026-04-09 18:10:36.050 LOG 3: field 1.0 1.0
2026-04-09 18:10:36.100 LOG 3: field 98.67 98.67
2026-04-09 18:10:36.150 LOG 3: field 986.7 986.7
2026-04-09 18:10:36.200 LOG 3: field 0.0 0.0
2026-04-09 18:10:36.250 LOG 3: field 14.95 14.95
2026-04-09 18:10:36.300 LOG 3: field 14.47 14.47
2026-04-09 18:10:36.350 LOG 3: field 0.0 0.0
2026-04-09 18:10:36.400 LOG 3: field 0.0 0.0
2026-04-09 18:10:36.450 LOG 3: field 0.0 0.0
2026-04-09 18:10:36.500 LOG 3: field 0.0 0.0
2026-04-09 18:10:36.550 LOG 3: field 0.0 0.0
2026-04-09 18:10:36.600 LOG 3: field 0.0 0.0
2026-04-09 18:10:36.650 LOG 3: field 0 0
2026-04-09 18:10:36.700 LOG 3: field 0.0 0.0
2026-04-09 18:10:36.750 LOG 3: field 0.0 0.0
2026-04-09 18:10:36.800 LOG 3: field 0 0
2026-04-09 18:10:36.850 LOG 3: field -1 -1
2026-04-09 18:10:36.900 LOG 3: field -1 -1
2026-04-09 18:10:36.950 LOG 3: field 0 0
2026-04-09 18:10:36.000 LOG 3: field 0.0 0.0
2026-04-09 18:10:36.050 LOG 3: field 0.0 0.0
2026-04-09 18:10:36.100 LOG 3: int_fields 
2026-04-09 18:10:36.150 LOG 3: field 77924527921 77924527921
2026-04-09 18:10:36.200 LOG 3: field 77924527921 77924527921
2026-04-09 18:10:36.250 LOG 3: field 1162788 1162788
2026-04-09 18:10:36.300 LOG 3: field 0 0
2026-04-09 18:10:36.350 LOG 3: field 0 0
2026-04-09 18:10:36.400 LOG 3: field 0 0
2026-04-09 18:10:36.450 LOG 3: field 25 25
2026-04-09 18:10:36.500 LOG 3: field 0 0
2026-04-09 18:10:36.550 LOG 3: field 1 1
2026-04-09 18:10:36.600 LOG 3: field 0 0
2026-04-09 18:10:36.650 LOG 3: field 0 0
2026-04-09 18:10:36.700 LOG 3: field 0 0
2026-04-09 18:10:36.750 LOG 3: field 0 0
2026-04-09 18:10:36.800 LOG 3: field 0 0
2026-04-09 18:10:36.850 LOG 3: field 1 1
2026-04-09 18:10:36.900 LOG 3: field 1 1
2026-04-09 18:10:36.950 LOG 3: field 1 1
2026-04-09 18:10:36.000 LOG 3: field 0 0
2026-04-09 18:10:36.050 LOG 3: field -1 -1
2026-04-09 18:10:36.100 LOG 3: field 0 0
2026-04-09 18:10:36.150 LOG 3: field 0 0
2026-04-09 18:10:36.200 LOG 3: field 0 0
2026-04-09 18:10:36.250 LOG 3: field 0 0
2026-04-09 18:10:36.300 LOG 3: field 0 0
2026-04-09 18:10:36.350 LOG 3: field 0 0
2026-04-09 18:10:36.400 LOG 3: field 0 0
2026-04-09 18:10:36.450 LOG 3: field 0 0
2026-04-09 18:10:36.500 LOG 3: field 0 0
2026-04-09 18:10:36.550 LOG 3: field 0 0
2026-04-09 18:10:36.600 LOG 3: field 0 0
2026-04-09 18:10:36.650 LOG 3: field 0 0
2026-04-09 18:10:36.700 LOG 3: field 20260410 20260410
2026-04-09 18:10:36.750 LOG 3: field 0 0
2026-04-09 18:10:36.800 LOG 3: field 0 0
2026-04-09 18:10:36.850 LOG 3: float_fields 
2026-04-09 18:10:36.900 LOG 3: field 1.0 1.0
2026-04-09 18:10:36.950 LOG 3: field 98.67 98.67
2026-04-09 18:10:36.000 LOG 3: field 986.7 986.7
2026-04-09 18:10:36.050 LOG 3: field 0.0 0.0
2026-04-09 18:10:36.100 LOG 3: field 14.95 14.95
2026-04-09 18:10:36.150 LOG 3: field 14.47 14.47
2026-04-09 18:10:36.200 LOG 3: field 0.0 0.0
2026-04-09 18:10:36.250 LOG 3: field 0.0 0.0
2026-04-09 18:10:36.300 LOG 3: field 0.0 0.0
2026-04-09 18:10:36.350 LOG 3: field 0.0 0.0
2026-04-09 18:10:36.400 LOG 3: field 0.0 0.0
2026-04-09 18:10:36.450 LOG 3: field 0.0 0.0
2026-04-09 18:10:36.500 LOG 3: field 0 0
2026-04-09 18:10:36.550 LOG 3: field 0.0 0.0
2026-04-09 18:10:36.600 LOG 3: field 0.0 0.0
2026-04-09 18:10:36.650 LOG 3: field 0 0
2026-04-09 18:10:36.700 LOG 3: field -1 -1
2026-04-09 18:10:36.750 LOG 3: field -1 -1
2026-04-09 18:10:36.800 LOG 3: field 0 0
2026-04-09 18:10:36.850 LOG 3: field 0.0 0.0
2026-04-09 18:10:36.900 LOG 3: field 0.0 0.0
2026-04-09 18:10:36.950 LOG 3: int_fields 
2026-04-09 18:10:36.000 LOG 3: field 77947783631 77947783631
2026-04-09 18:10:36.050 LOG 3: field 77947783631 77947783631
2026-04-09 18:10:36.100 LOG 3: field 1162788 1162788
2026-04-09 18:10:36.150 LOG 3: field 0 0
2026-04-09 18:10:36.200 LOG 3: field 0 0
2026-04-09 18:10:36.250 LOG 3: field 9180729 9180729
2026-04-09 18:10:36.300 LOG 3: field 25 25
2026-04-09 18:10:36.350 LOG 3: field 0 0
2026-04-09 18:10:36.400 LOG 3: field 1 1
2026-04-09 18:10:36.450 LOG 3: field 0 0
2026-04-09 18:10:36.500 LOG 3: field 0 0
2026-04-09 18:10:36.550 LOG 3: field 0 0
2026-04-09 18:10:36.600 LOG 3: field 0 0
2026-04-09 18:10:36.650 LOG 3: field 0 0
2026-04-09 18:10:36.700 LOG 3: field 1 1
2026-04-09 18:10:36.750 LOG 3: field 1 1
2026-04-09 18:10:36.800 LOG 3: field 1 1
2026-04-09 18:10:36.850 LOG 3: field 0 0
2026-04-09 18:10:36.900 LOG 3: field -1 -1
2026-04-09 18:10:36.950 LOG 3: field 0 0
2026-04-09 18:10:36.000 LOG 3: field 0 0
2026-04-09 18:10:36.050 LOG 3: field 0 0
2026-04-09 18:10:36.100 LOG 3: field 0 0
2026-04-09 18:10:36.150 LOG 3: field 0 0
2026-04-09 18:10:36.200 LOG 3: field 0 0
2026-04-09 18:10:36.250 LOG 3: field 0 0
2026-04-09 18:10:36.300 LOG 3: field 0 0
2026-04-09 18:10:36.350 LOG 3: field 0 0
2026-04-09 18:10:36.400 LOG 3: field 0 0
2026-04-09 18:10:36.450 LOG 3: field 0 0
2026-04-09 18:10:36.500 LOG 3: field 0 0
2026-04-09 18:10:36.550 LOG 3: field 20260410 20260410
2026-04-09 18:10:36.600 LOG 3: field 0 0
2026-04-09 18:10:36.650 LOG 3: field 0 0
2026-04-09 18:10:36.700 LOG 3: float_fields 
2026-04-09 18:10:36.750 LOG 3: field 1.0 1.0
2026-04-09 18:10:36.800 LOG 3: field 100.99 100.99
2026-04-09 18:10:36.850 LOG 3: field 1009.9 1009.9
2026-04-09 18:10:36.900 LOG 3: field 0.0 0.0
2026-04-09 18:10:36.950 LOG 3: field 12.44 12.44
2026-04-09 18:10:36.000 LOG 3: field 28.88 28.88
2026-04-09 18:10:36.050 LOG 3: field 0.0 0.0
2026-04-09 18:10:36.100 LOG 3: field 0.0 0.0
2026-04-09 18:10:36.150 LOG 3: field 0.0 0.0
2026-04-09 18:10:36.200 LOG 3: field 0.0 0.0
2026-04-09 18:10:36.250 LOG 3: field 0.0 0.0
2026-04-09 18:10:36.300 LOG 3: field 0.0 0.0
2026-04-09 18:10:36.350 LOG 3: field 0 0
2026-04-09 18:10:36.400 LOG 3: field 0.0 0.0
2026-04-09 18:10:36.450 LOG 3: field 0.0 0.0
2026-04-09 18:10:36.500 LOG 3: field 0 0
2026-04-09 18:10:36.550 LOG 3: field -1 -1
2026-04-09 18:10:36.600 LOG 3: field -1 -1
2026-04-09 18:10:36.650 LOG 3: field 0 0
2026-04-09 18:10:36.700 LOG 3: field 0.0 0.0
2026-04-09 18:10:36.750 LOG 3: field 0.0 0.0
2026-04-09 18:10:36.800 LOG 3: int_fields 
2026-04-09 18:10:36.850 LOG 3: field 77947788055 77947788055
2026-04-09 18:10:36.900 LOG 3: field 77947788055 77947788055
2026-04-09 18:10:36.950 LOG 3: field 1162788 1162788
2026-04-09 18:10:36.000 LOG 3: field 0 0
2026-04-09 18:10:36.050 LOG 3: field 0 0
2026-04-09 18:10:36.100 LOG 3: field 9180730 9180730
2026-04-09 18:10:36.150 LOG 3: field 25 25
2026-04-09 18:10:36.200 LOG 3: field 0 0
2026-04-09 18:10:36.250 LOG 3: field 1 1
2026-04-09 18:10:36.300 LOG 3: field 0 0
2026-04-09 18:10:36.350 LOG 3: field 0 0
2026-04-09 18:10:36.400 LOG 3: field 0 0
2026-04-09 18:10:36.450 LOG 3: field 0 0
2026-04-09 18:10:36.500 LOG 3: field 0 0
2026-04-09 18:10:36.550 LOG 3: field 1 1
2026-04-09 18:10:36.600 LOG 3: field 1 1
2026-04-09 18:10:36.650 LOG 3: field 1 1
2026-04-09 18:10:36.700 LOG 3: field 0 0
2026-04-09 18:10:36.750 LOG 3: field -1 -1
2026-04-09 18:10:36.800 LOG 3: field 0 0
2026-04-09 18:10:36.850 LOG 3: field 0 0
2026-04-09 18:10:36.900 LOG 3: field 0 0
2026-04-09 18:10:36.950 LOG 3: field 0 0
2026-04-09 18:10:36.000 LOG 3: field 0 0
2026-04-09 18:10:36.050 LOG 3: field 0 0
2026-04-09 18:10:36.100 LOG 3: field 0 0
2026-04-09 18:10:36.150 LOG 3: field 0 0
2026-04-09 18:10:36.200 LOG 3: field 0 0
2026-04-09 18:10:36.250 LOG 3: field 0 0
2026-04-09 18:10:36.300 LOG 3: field 0 0
2026-04-09 18:10:36.350 LOG 3: field 0 0
2026-04-09 18:10:36.400 LOG 3: field 20260410 20260410
2026-04-09 18:10:36.450 LOG 3: field 0 0
2026-04-09 18:10:36.500 LOG 3: field 0 0
2026-04-09 18:10:36.550 LOG 3: float_fields 
2026-04-09 18:10:36.600 LOG 3: field 1.0 1.0
2026-04-09 18:10:36.650 LOG 3: field 102.9 102.9
2026-04-09 18:10:36.700 LOG 3: field 1029.0 1029.0
2026-04-09 18:10:36.750 LOG 3: field 0.0 0.0
2026-04-09 18:10:36.800 LOG 3: field 15.1 15.1
2026-04-09 18:10:36.850 LOG 3: field 65.67 65.67
2026-04-09 18:10:36.900 LOG 3: field 0.0 0.0
2026-04-09 18:10:36.950 LOG 3: field 0.0 0.0
2026-04-09 18:10:36.000 LOG 3: field 0.0 0.0
2026-04-09 18:10:36.050 LOG 3: field 0.0 0.0
2026-04-09 18:10:36.100 LOG 3: field 0.0 0.0
2026-04-09 18:10:36.150 LOG 3: field 0.0 0.0
2026-04-09 18:10:36.200 LOG 3: field 0 0
2026-04-09 18:10:36.250 LOG 3: field 0.0 0.0
2026-04-09 18:10:36.300 LOG 3: field 0.0 0.0
2026-04-09 18:10:36.350 LOG 3: field 0 0
2026-04-09 18:10:36.400 LOG 3: field -1 -1
2026-04-09 18:10:36.450 LOG 3: field -1 -1
2026-04-09 18:10:36.500 LOG 3: field 0 0
2026-04-09 18:10:36.550 LOG 3: field 0.0 0.0
2026-04-09 18:10:36.600 LOG 3: field 0.0 0.0
2026-04-09 18:10:36.650 LOG 3: int_fields 
2026-04-09 18:10:36.700 LOG 3: field 77947793758 77947793758
2026-04-09 18:10:36.750 LOG 3: field 77947793758 77947793758
2026-04-09 18:10:36.800 LOG 3: field 1162788 1162788
2026-04-09 18:10:36.850 LOG 3: field 0 0
2026-04-09 18:10:36.900 LOG 3: field 0 0
2026-04-09 18:10:36.950 LOG 3: field 9180731 9180731
2026-04-09 18:10:36.000 LOG 3: field 25 25
2026-04-09 18:10:36.050 LOG 3: field 0 0
2026-04-09 18:10:36.100 LOG 3: field 1 1
2026-04-09 18:10:36.150 LOG 3: field 0 0
2026-04-09 18:10:36.200 LOG 3: field 0 0
2026-04-09 18:10:36.250 LOG 3: field 0 0
2026-04-09 18:10:36.300 LOG 3: field 0 0
2026-04-09 18:10:36.350 LOG 3: field 0 0
2026-04-09 18:10:36.400 LOG 3: field 1 1
2026-04-09 18:10:36.450 LOG 3: field 1 1
2026-04-09 18:10:36.500 LOG 3: field 1 1
2026-04-09 18:10:36.550 LOG 3: field 0 0
2026-04-09 18:10:36.600 LOG 3: field -1 -1
2026-04-09 18:10:36.650 LOG 3: field 0 0
2026-04-09 18:10:36.700 LOG 3: field 0 0
2026-04-09 18:10:36.750 LOG 3: field 0 0
2026-04-09 18:10:36.800 LOG 3: field 0 0
2026-04-09 18:10:36.850 LOG 3: field 0 0
2026-04-09 18:10:36.900 LOG 3: field 0 0
2026-04-09 18:10:36.950 LOG 3: field 0 0
2026-04-09 18:10:36.000 LOG 3: field 0 0
2026-04-09 18:10:36.050 LOG 3: field 0 0
2026-04-09 18:10:36.100 LOG 3: field 0 0
2026-04-09 18:10:36.150 LOG 3: field 0 0
2026-04-09 18:10:36.200 LOG 3: field 0 0
2026-04-09 18:10:36.250 LOG 3: field 20260410 20260410
2026-04-09 18:10:36.300 LOG 3: field 0 0
2026-04-09 18:10:36.350 LOG 3: field 0 0
2026-04-09 18:10:36.400 LOG 3: float_fields 
2026-04-09 18:10:36.450 LOG 3: field 1.0 1.0
2026-04-09 18:10:36.500 LOG 3: field 105.89 105.89
2026-04-09 18:10:36.550 LOG 3: field 1058.9 1058.9
2026-04-09 18:10:36.600 LOG 3: field 0.0 0.0
2026-04-09 18:10:36.650 LOG 3: field 15.03 15.03
2026-04-09 18:10:36.700 LOG 3: field 8.43 8.43
2026-04-09 18:10:36.750 LOG 3: field 0.0 0.0
2026-04-09 18:10:36.800 LOG 3: field 0.0 0.0
2026-04-09 18:10:36.850 LOG 3: field 0.0 0.0
2026-04-09 18:10:36.900 LOG 3: field 0.0 0.0
2026-04-09 18:10:36.950 LOG 3: field 0.0 0.0
2026-04-09 18:10:36.000 LOG 3: field 0.0 0.0
2026-04-09 18:10:36.050 LOG 3: field 0 0
2026-04-09 18:10:36.100 LOG 3: field 0.0 0.0
2026-04-09 18:10:36.150 LOG 3: field 0.0 0.0
2026-04-09 18:10:36.200 LOG 3: field 0 0
2026-04-09 18:10:36.250 LOG 3: field -1 -1
2026-04-09 18:10:36.300 LOG 3: field -1 -1
2026-04-09 18:10:36.350 LOG 3: field 0 0
2026-04-09 18:10:36.400 LOG 3: field 0.0 0.0
2026-04-09 18:10:36.450 LOG 3: field 0.0 0.0
2026-04-09 18:10:46.350 LOG 3: int_fields 
2026-04-09 18:10:46.400 LOG 3: field 77924509061 77924509061
2026-04-09 18:10:46.450 LOG 3: field 77924509061 77924509061
2026-04-09 18:10:46.500 LOG 3: field 1162788 1162788
2026-04-09 18:10:46.550 LOG 3: field 1162788 1162788
2026-04-09 18:10:46.600 LOG 3: field 0 0
2026-04-09 18:10:46.650 LOG 3: field 0 0
2026-04-09 18:10:46.700 LOG 3: field 26 26
2026-04-09 18:10:46.750 LOG 3: field 0 0
2026-04-09 18:10:46.800 LOG 3: field 1 1
2026-04-09 18:10:46.850 LOG 3: field 0 0
2026-04-09 18:10:46.900 LOG 3: field 0 0
2026-04-09 18:10:46.950 LOG 3: field 0 0
2026-04-09 18:10:46.000 LOG 3: field 0 0
2026-04-09 18:10:46.050 LOG 3: field 0 0
2026-04-09 18:10:46.100 LOG 3: field 1 1
2026-04-09 18:10:46.150 LOG 3: field 1 1
2026-04-09 18:10:46.200 LOG 3: field 1 1
2026-04-09 18:10:46.250 LOG 3: field 0 0
2026-04-09 18:10:46.300 LOG 3: field -1 -1
2026-04-09 18:10:46.350 LOG 3: field 0 0
2026-04-09 18:10:46.400 LOG 3: field 0 0
2026-04-09 18:10:46.450 LOG 3: field 0 0
2026-04-09 18:10:46.500 LOG 3: field 0 0
2026-04-09 18:10:46.550 LOG 3: field 0 0
2026-04-09 18:10:46.600 LOG 3: field 0 0
2026-04-09 18:10:46.650 LOG 3: field 0 0
2026-04-09 18:10:46.700 LOG 3: field 0 0
2026-04-09 18:10:46.750 LOG 3: field 0 0
2026-04-09 18:10:46.800 LOG 3: field 0 0
2026-04-09 18:10:46.850 LOG 3: field 0 0
2026-04-09 18:10:46.900 LOG 3: field 0 0
2026-04-09 18:10:46.950 LOG 3: field 20260410 20260410
2026-04-09 18:10:46.000 LOG 3: field 0 0
2026-04-09 18:10:46.050 LOG 3: field 0 0
2026-04-09 18:10:46.100 LOG 3: float_fields 
2026-04-09 18:10:46.150 LOG 3: field 1.0 1.0
2026-04-09 18:10:46.200 LOG 3: field 98.67 98.67
2026-04-09 18:10:46.250 LOG 3: field 986.7 986.7
2026-04-09 18:10:46.300 LOG 3: field 0.0 0.0
2026-04-09 18:10:46.350 LOG 3: field 14.95 14.95
2026-04-09 18:10:46.400 LOG 3: field 14.47 14.47
2026-04-09 18:10:46.450 LOG 3: field 0.0 0.0
2026-04-09 18:10:46.500 LOG 3: field 0.0 0.0
2026-04-09 18:10:46.550 LOG 3: field 0.0 0.0
2026-04-09 18:10:46.600 LOG 3: field 0.0 0.0
2026-04-09 18:10:46.650 LOG 3: field 0.0 0.0
2026-04-09 18:10:46.700 LOG 3: field 0.0 0.0
2026-04-09 18:10:46.750 LOG 3: field 0 0
2026-04-09 18:10:46.800 LOG 3: field 0.0 0.0
2026-04-09 18:10:46.850 LOG 3: field 0.0 0.0
2026-04-09 18:10:46.900 LOG 3: field 0 0
2026-04-09 18:10:46.950 LOG 3: field -1 -1
2026-04-09 18:10:46.000 LOG 3: field -1 -1
2026-04-09 18:10:46.050 LOG 3: field 0 0
2026-04-09 18:10:46.100 LOG 3: field 0.0 0.0
2026-04-09 18:10:46.150 LOG 3: field 0.0 0.0
2026-04-09 18:10:46.200 LOG 3: int_fields 
2026-04-09 18:10:46.250 LOG 3: field 77924527921 77924527921
2026-04-09 18:10:46.300 LOG 3: field 77924527921 77924527921
2026-04-09 18:10:46.350 LOG 3: field 1162788 1162788
2026-04-09 18:10:46.400 LOG 3: field 0 0
2026-04-09 18:10:46.450 LOG 3: field 0 0
2026-04-09 18:10:46.500 LOG 3: field 0 0
2026-04-09 18:10:46.550 LOG 3: field 25 25
2026-04-09 18:10:46.600 LOG 3: field 0 0
2026-04-09 18:10:46.650 LOG 3: field 1 1
2026-04-09 18:10:46.700 LOG 3: field 0 0
2026-04-09 18:10:46.750 LOG 3: field 0 0
2026-04-09 18:10:46.800 LOG 3: field 0 0
2026-04-09 18:10:46.850 LOG 3: field 0 0
2026-04-09 18:10:46.900 LOG 3: field 0 0
2026-04-09 18:10:46.950 LOG 3: field 1 1
2026-04-09 18:10:46.000 LOG 3: field 1 1
2026-04-09 18:10:46.050 LOG 3: field 1 1
2026-04-09 18:10:46.100 LOG 3: field 0 0
2026-04-09 18:10:46.150 LOG 3: field -1 -1
2026-04-09 18:10:46.200 LOG 3: field 0 0
2026-04-09 18:10:46.250 LOG 3: field 0 0
2026-04-09 18:10:46.300 LOG 3: field 0 0
2026-04-09 18:10:46.350 LOG 3: field 0 0
2026-04-09 18:10:46.400 LOG 3: field 0 0
2026-04-09 18:10:46.450 LOG 3: field 0 0
2026-04-09 18:10:46.500 LOG 3: field 0 0
2026-04-09 18:10:46.550 LOG 3: field 0 0
2026-04-09 18:10:46.600 LOG 3: field 0 0
2026-04-09 18:10:46.650 LOG 3: field 0 0
2026-04-09 18:10:46.700 LOG 3: field 0 0
2026-04-09 18:10:46.750 LOG 3: field 0 0
2026-04-09 18:10:46.800 LOG 3: field 20260410 20260410
2026-04-09 18:10:46.850 LOG 3: field 0 0
2026-04-09 18:10:46.900 LOG 3: field 0 0
2026-04-09 18:10:46.950 LOG 3: float_fields 
2026-04-09 18:10:46.000 LOG 3: field 1.0 1.0
2026-04-09 18:10:46.050 LOG 3: field 98.67 98.67
2026-04-09 18:10:46.100 LOG 3: field 986.7 986.7
2026-04-09 18:10:46.150 LOG 3: field 0.0 0.0
2026-04-09 18:10:46.200 LOG 3: field 14.95 14.95
2026-04-09 18:10:46.250 LOG 3: field 14.47 14.47
2026-04-09 18:10:46.300 LOG 3: field 0.0 0.0
2026-04-09 18:10:46.350 LOG 3: field 0.0 0.0
2026-04-09 18:10:46.400 LOG 3: field 0.0 0.0
2026-04-09 18:10:46.450 LOG 3: field 0.0 0.0
2026-04-09 18:10:46.500 LOG 3: field 0.0 0.0
2026-04-09 18:10:46.550 LOG 3: field 0.0 0.0
2026-04-09 18:10:46.600 LOG 3: field 0 0
2026-04-09 18:10:46.650 LOG 3: field 0.0 0.0
2026-04-09 18:10:46.700 LOG 3: field 0.0 0.0
2026-04-09 18:10:46.750 LOG 3: field 0 0
2026-04-09 18:10:46.800 LOG 3: field -1 -1
2026-04-09 18:10:46.850 LOG 3: field -1 -1
2026-04-09 18:10:46.900 LOG 3: field 0 0
2026-04-09 18:10:46.950 LOG 3: field 0.0 0.0
2026-04-09 18:10:46.000 LOG 3: field 0.0 0.0
2026-04-09 18:10:46.050 LOG 3: int_fields 
2026-04-09 18:10:46.100 LOG 3: field 77947783631 77947783631
2026-04-09 18:10:46.150 LOG 3: field 77947783631 77947783631
2026-04-09 18:10:46.200 LOG 3: field 1162788 1162788
2026-04-09 18:10:46.250 LOG 3: field 0 0
2026-04-09 18:10:46.300 LOG 3: field 0 0
2026-04-09 18:10:46.350 LOG 3: field 9180729 9180729
2026-04-09 18:10:46.400 LOG 3: field 25 25
2026-04-09 18:10:46.450 LOG 3: field 0 0
2026-04-09 18:10:46.500 LOG 3: field 1 1
2026-04-09 18:10:46.550 LOG 3: field 0 0
2026-04-09 18:10:46.600 LOG 3: field 0 0
2026-04-09 18:10:46.650 LOG 3: field 0 0
2026-04-09 18:10:46.700 LOG 3: field 0 0
2026-04-09 18:10:46.750 LOG 3: field 0 0
2026-04-09 18:10:46.800 LOG 3: field 1 1
2026-04-09 18:10:46.850 LOG 3: field 1 1
2026-04-09 18:10:46.900 LOG 3: field 1 1
2026-04-09 18:10:46.950 LOG 3: field 0 0
2026-04-09 18:10:46.000 LOG 3: field -1 -1
2026-04-09 18:10:46.050 LOG 3: field 0 0
2026-04-09 18:10:46.100 LOG 3: field 0 0
2026-04-09 18:10:46.150 LOG 3: field 0 0
2026-04-09 18:10:46.200 LOG 3: field 0 0
2026-04-09 18:10:46.250 LOG 3: field 0 0
2026-04-09 18:10:46.300 LOG 3: field 0 0
2026-04-09 18:10:46.350 LOG 3: field 0 0
2026-04-09 18:10:46.400 LOG 3: field 0 0
2026-04-09 18:10:46.450 LOG 3: field 0 0
2026-04-09 18:10:46.500 LOG 3: field 0 0
2026-04-09 18:10:46.550 LOG 3: field 0 0
2026-04-09 18:10:46.600 LOG 3: field 0 0
2026-04-09 18:10:46.650 LOG 3: field 20260410 20260410
2026-04-09 18:10:46.700 LOG 3: field 0 0
2026-04-09 18:10:46.750 LOG 3: field 0 0
2026-04-09 18:10:46.800 LOG 3: float_fields 
2026-04-09 18:10:46.850 LOG 3: field 1.0 1.0
2026-04-09 18:10:46.900 LOG 3: field 100.99 100.99
2026-04-09 18:10:46.950 LOG 3: field 1009.9 1009.9
2026-04-09 18:10:46.000 LOG 3: field 0.0 0.0
2026-04-09 18:10:46.050 LOG 3: field 12.44 12.44
2026-04-09 18:10:46.100 LOG 3: field 28.88 28.88
2026-04-09 18:10:46.150 LOG 3: field 0.0 0.0
2026-04-09 18:10:46.200 LOG 3: field 0.0 0.0
2026-04-09 18:10:46.250 LOG 3: field 0.0 0.0
2026-04-09 18:10:46.300 LOG 3: field 0.0 0.0
2026-04-09 18:10:46.350 LOG 3: field 0.0 0.0
2026-04-09 18:10:46.400 LOG 3: field 0.0 0.0
2026-04-09 18:10:46.450 LOG 3: field 0 0
2026-04-09 18:10:46.500 LOG 3: field 0.0 0.0
2026-04-09 18:10:46.550 LOG 3: field 0.0 0.0
2026-04-09 18:10:46.600 LOG 3: field 0 0
2026-04-09 18:10:46.650 LOG 3: field -1 -1
2026-04-09 18:10:46.700 LOG 3: field -1 -1
2026-04-09 18:10:46.750 LOG 3: field 0 0
2026-04-09 18:10:46.800 LOG 3: field 0.0 0.0
2026-04-09 18:10:46.850 LOG 3: field 0.0 0.0
2026-04-09 18:10:46.900 LOG 3: int_fields 
2026-04-09 18:10:46.950 LOG 3: field 77947788055 77947788055
2026-04-09 18:10:46.000 LOG 3: field 77947788055 77947788055
2026-04-09 18:10:46.050 LOG 3: field 1162788 1162788
2026-04-09 18:10:46.100 LOG 3: field 0 0
2026-04-09 18:10:46.150 LOG 3: field 0 0
2026-04-09 18:10:46.200 LOG 3: field 9180730 9180730
2026-04-09 18:10:46.250 LOG 3: field 25 25
2026-04-09 18:10:46.300 LOG 3: field 0 0
2026-04-09 18:10:46.350 LOG 3: field 1 1
2026-04-09 18:10:46.400 LOG 3: field 0 0
2026-04-09 18:10:46.450 LOG 3: field 0 0
2026-04-09 18:10:46.500 LOG 3: field 0 0
2026-04-09 18:10:46.550 LOG 3: field 0 0
2026-04-09 18:10:46.600 LOG 3: field 0 0
2026-04-09 18:10:46.650 LOG 3: field 1 1
2026-04-09 18:10:46.700 LOG 3: field 1 1
2026-04-09 18:10:46.750 LOG 3: field 1 1
2026-04-09 18:10:46.800 LOG 3: field 0 0
2026-04-09 18:10:46.850 LOG 3: field -1 -1
2026-04-09 18:10:46.900 LOG 3: field 0 0
2026-04-09 18:10:46.950 LOG 3: field 0 0
2026-04-09 18:10:46.000 LOG 3: field 0 0
2026-04-09 18:10:46.050 LOG 3: field 0 0
2026-04-09 18:10:46.100 LOG 3: field 0 0
2026-04-09 18:10:46.150 LOG 3: field 0 0
2026-04-09 18:10:46.200 LOG 3: field 0 0
2026-04-09 18:10:46.250 LOG 3: field 0 0
2026-04-09 18:10:46.300 LOG 3: field 0 0
2026-04-09 18:10:46.350 LOG 3: field 0 0
2026-04-09 18:10:46.400 LOG 3: field 0 0
2026-04-09 18:10:46.450 LOG 3: field 0 0
2026-04-09 18:10:46.500 LOG 3: field 20260410 20260410
2026-04-09 18:10:46.550 LOG 3: field 0 0
2026-04-09 18:10:46.600 LOG 3: field 0 0
2026-04-09 18:10:46.650 LOG 3: float_fields 
2026-04-09 18:10:46.700 LOG 3: field 1.0 1.0
2026-04-09 18:10:46.750 LOG 3: field 102.9 102.9
2026-04-09 18:10:46.800 LOG 3: field 1029.0 1029.0
2026-04-09 18:10:46.850 LOG 3: field 0.0 0.0
2026-04-09 18:10:46.900 LOG 3: field 15.1 15.1
2026-04-09 18:10:46.950 LOG 3: field 65.67 65.67
2026-04-09 18:10:46.000 LOG 3: field 0.0 0.0
2026-04-09 18:10:46.050 LOG 3: field 0.0 0.0
2026-04-09 18:10:46.100 LOG 3: field 0.0 0.0
2026-04-09 18:10:46.150 LOG 3: field 0.0 0.0
2026-04-09 18:10:46.200 LOG 3: field 0.0 0.0
2026-04-09 18:10:46.250 LOG 3: field 0.0 0.0
2026-04-09 18:10:46.300 LOG 3: field 0 0
2026-04-09 18:10:46.350 LOG 3: field 0.0 0.0
2026-04-09 18:10:46.400 LOG 3: field 0.0 0.0
2026-04-09 18:10:46.450 LOG 3: field 0 0
2026-04-09 18:10:46.500 LOG 3: field -1 -1
2026-04-09 18:10:46.550 LOG 3: field -1 -1
2026-04-09 18:10:46.600 LOG 3: field 0 0
2026-04-09 18:10:46.650 LOG 3: field 0.0 0.0
2026-04-09 18:10:46.700 LOG 3: field 0.0 0.0
2026-04-09 18:10:46.750 LOG 3: int_fields 
2026-04-09 18:10:46.800 LOG 3: field 77947793758 77947793758
2026-04-09 18:10:46.850 LOG 3: field 77947793758 77947793758
2026-04-09 18:10:46.900 LOG 3: field 1162788 1162788
2026-04-09 18:10:46.950 LOG 3: field 0 0
2026-04-09 18:10:46.000 LOG 3: field 0 0
2026-04-09 18:10:46.050 LOG 3: field 9180731 9180731
2026-04-09 18:10:46.100 LOG 3: field 25 25
2026-04-09 18:10:46.150 LOG 3: field 0 0
2026-04-09 18:10:46.200 LOG 3: field 1 1
2026-04-09 18:10:46.250 LOG 3: field 0 0
2026-04-09 18:10:46.300 LOG 3: field 0 0
2026-04-09 18:10:46.350 LOG 3: field 0 0
2026-04-09 18:10:46.400 LOG 3: field 0 0
2026-04-09 18:10:46.450 LOG 3: field 0 0
2026-04-09 18:10:46.500 LOG 3: field 1 1
2026-04-09 18:10:46.550 LOG 3: field 1 1
2026-04-09 18:10:46.600 LOG 3: field 1 1
2026-04-09 18:10:46.650 LOG 3: field 0 0
2026-04-09 18:10:46.700 LOG 3: field -1 -1
2026-04-09 18:10:46.750 LOG 3: field 0 0
2026-04-09 18:10:46.800 LOG 3: field 0 0
2026-04-09 18:10:46.850 LOG 3: field 0 0
2026-04-09 18:10:46.900 LOG 3: field 0 0
2026-04-09 18:10:46.950 LOG 3: field 0 0
2026-04-09 18:10:46.000 LOG 3: field 0 0
2026-04-09 18:10:46.050 LOG 3: field 0 0
2026-04-09 18:10:46.100 LOG 3: field 0 0
2026-04-09 18:10:46.150 LOG 3: field 0 0
2026-04-09 18:10:46.200 LOG 3: field 0 0
2026-04-09 18:10:46.250 LOG 3: field 0 0
2026-04-09 18:10:46.300 LOG 3: field 0 0
2026-04-09 18:10:46.350 LOG 3: field 20260410 20260410
2026-04-09 18:10:46.400 LOG 3: field 0 0
2026-04-09 18:10:46.450 LOG 3: field 0 0
2026-04-09 18:10:46.500 LOG 3: float_fields 
2026-04-09 18:10:46.550 LOG 3: field 1.0 1.0
2026-04-09 18:10:46.600 LOG 3: field 105.89 105.89
2026-04-09 18:10:46.650 LOG 3: field 1058.9 1058.9
2026-04-09 18:10:46.700 LOG 3: field 0.0 0.0
2026-04-09 18:10:46.750 LOG 3: field 15.03 15.03
2026-04-09 18:10:46.800 LOG 3: field 8.43 8.43
2026-04-09 18:10:46.850 LOG 3: field 0.0 0.0
2026-04-09 18:10:46.900 LOG 3: field 0.0 0.0
2026-04-09 18:10:46.950 LOG 3: field 0.0 0.0
2026-04-09 18:10:46.000 LOG 3: field 0.0 0.0
2026-04-09 18:10:46.050 LOG 3: field 0.0 0.0
2026-04-09 18:10:46.100 LOG 3: field 0.0 0.0
2026-04-09 18:10:46.150 LOG 3: field 0 0
2026-04-09 18:10:46.200 LOG 3: field 0.0 0.0
2026-04-09 18:10:46.250 LOG 3: field 0.0 0.0
2026-04-09 18:10:46.300 LOG 3: field 0 0
2026-04-09 18:10:46.350 LOG 3: field -1 -1
2026-04-09 18:10:46.400 LOG 3: field -1 -1
2026-04-09 18:10:46.450 LOG 3: field 0 0
2026-04-09 18:10:46.500 LOG 3: field 0.0 0.0
2026-04-09 18:10:46.550 LOG 3: field 0.0 0.0
2026-04-09 18:10:46.650 LOG 3: int_fields 
2026-04-09 18:10:46.700 LOG 3: field 77924509061 77924509061
2026-04-09 18:10:46.750 LOG 3: field 77924509061 77924509061
2026-04-09 18:10:46.800 LOG 3: field 1162788 1162788
2026-04-09 18:10:46.850 LOG 3: field 1162788 1162788
2026-04-09 18:10:46.900 LOG 3: field 0 0
2026-04-09 18:10:46.950 LOG 3: field 0 0
2026-04-09 18:10:46.000 LOG 3: field 26 26
2026-04-09 18:10:46.050 LOG 3: field 0 0
2026-04-09 18:10:46.100 LOG 3: field 1 1
2026-04-09 18:10:46.150 LOG 3: field 0 0
2026-04-09 18:10:46.200 LOG 3: field 0 0
2026-04-09 18:10:46.250 LOG 3: field 0 0
2026-04-09 18:10:46.300 LOG 3: field 0 0
2026-04-09 18:10:46.350 LOG 3: field 0 0
2026-04-09 18:10:46.400 LOG 3: field 1 1
2026-04-09 18:10:46.450 LOG 3: field 1 1
2026-04-09 18:10:46.500 LOG 3: field 1 1
2026-04-09 18:10:46.550 LOG 3: field 0 0
2026-04-09 18:10:46.600 LOG 3: field -1 -1
2026-04-09 18:10:46.650 LOG 3: field 0 0
2026-04-09 18:10:46.700 LOG 3: field 0 0
2026-04-09 18:10:46.750 LOG 3: field 0 0
2026-04-09 18:10:46.800 LOG 3: field 0 0
2026-04-09 18:10:46.850 LOG 3: field 0 0
2026-04-09 18:10:46.900 LOG 3: field 0 0
2026-04-09 18:10:46.950 LOG 3: field 0 0
2026-04-09 18:10:46.000 LOG 3: field 0 0
2026-04-09 18:10:46.050 LOG 3: field 0 0
2026-04-09 18:10:46.100 LOG 3: field 0 0
2026-04-09 18:10:46.150 LOG 3: field 0 0
2026-04-09 18:10:46.200 LOG 3: field 0 0
2026-04-09 18:10:46.250 LOG 3: field 20260410 20260410
2026-04-09 18:10:46.300 LOG 3: field 0 0
2026-04-09 18:10:46.350 LOG 3: field 0 0
2026-04-09 18:10:46.400 LOG 3: float_fields 
2026-04-09 18:10:46.450 LOG 3: field 1.0 1.0
2026-04-09 18:10:46.500 LOG 3: field 98.67 98.67
2026-04-09 18:10:46.550 LOG 3: field 986.7 986.7
2026-04-09 18:10:46.600 LOG 3: field 0.0 0.0
2026-04-09 18:10:46.650 LOG 3: field 14.95 14.95
2026-04-09 18:10:46.700 LOG 3: field 14.47 14.47
2026-04-09 18:10:46.750 LOG 3: field 0.0 0.0
2026-04-09 18:10:46.800 LOG 3: field 0.0 0.0
2026-04-09 18:10:46.850 LOG 3: field 0.0 0.0
2026-04-09 18:10:46.900 LOG 3: field 0.0 0.0
2026-04-09 18:10:46.950 LOG 3: field 0.0 0.0
2026-04-09 18:10:46.000 LOG 3: field 0.0 0.0
2026-04-09 18:10:46.050 LOG 3: field 0 0
2026-04-09 18:10:46.100 LOG 3: field 0.0 0.0
2026-04-09 18:10:46.150 LOG 3: field 0.0 0.0
2026-04-09 18:10:46.200 LOG 3: field 0 0
2026-04-09 18:10:46.250 LOG 3: field -1 -1
2026-04-09 18:10:46.300 LOG 3: field -1 -1
2026-04-09 18:10:46.350 LOG 3: field 0 0
2026-04-09 18:10:46.400 LOG 3: field 0.0 0.0
2026-04-09 18:10:46.450 LOG 3: field 0.0 0.0
2026-04-09 18:10:46.500 LOG 3: int_fields 
2026-04-09 18:10:46.550 LOG 3: field 77924527921 77924527921
2026-04-09 18:10:46.600 LOG 3: field 77924527921 77924527921
2026-04-09 18:10:46.650 LOG 3: field 1162788 1162788
2026-04-09 18:10:46.700 LOG 3: field 0 0
2026-04-09 18:10:46.750 LOG 3: field 0 0
2026-04-09 18:10:46.800 LOG 3: field 0 0
2026-04-09 18:10:46.850 LOG 3: field 25 25
2026-04-09 18:10:46.900 LOG 3: field 0 0
2026-04-09 18:10:46.950 LOG 3: field 1 1
2026-04-09 18:10:46.000 LOG 3: field 0 0
2026-04-09 18:10:46.050 LOG 3: field 0 0
2026-04-09 18:10:46.100 LOG 3: field 0 0
2026-04-09 18:10:46.150 LOG 3: field 0 0
2026-04-09 18:10:46.200 LOG 3: field 0 0
2026-04-09 18:10:46.250 LOG 3: field 1 1
2026-04-09 18:10:46.300 LOG 3: field 1 1
2026-04-09 18:10:46.350 LOG 3: field 1 1
2026-04-09 18:10:46.400 LOG 3: field 0 0
2026-04-09 18:10:46.450 LOG 3: field -1 -1
2026-04-09 18:10:46.500 LOG 3: field 0 0
2026-04-09 18:10:46.550 LOG 3: field 0 0
2026-04-09 18:10:46.600 LOG 3: field 0 0
2026-04-09 18:10:46.650 LOG 3: field 0 0
2026-04-09 18:10:46.700 LOG 3: field 0 0
2026-04-09 18:10:46.750 LOG 3: field 0 0
2026-04-09 18:10:46.800 LOG 3: field 0 0
2026-04-09 18:10:46.850 LOG 3: field 0 0
2026-04-09 18:10:46.900 LOG 3: field 0 0
2026-04-09 18:10:46.950 LOG 3: field 0 0
2026-04-09 18:10:46.000 LOG 3: field 0 0
2026-04-09 18:10:46.050 LOG 3: field 0 0
2026-04-09 18:10:46.100 LOG 3: field 20260410 20260410
2026-04-09 18:10:46.150 LOG 3: field 0 0
2026-04-09 18:10:46.200 LOG 3: field 0 0
2026-04-09 18:10:46.250 LOG 3: float_fields 
2026-04-09 18:10:46.300 LOG 3: field 1.0 1.0
2026-04-09 18:10:46.350 LOG 3: field 98.67 98.67
2026-04-09 18:10:46.400 LOG 3: field 986.7 986.7
2026-04-09 18:10:46.450 LOG 3: field 0.0 0.0
2026-04-09 18:10:46.500 LOG 3: field 14.95 14.95
2026-04-09 18:10:46.550 LOG 3: field 14.47 14.47
2026-04-09 18:10:46.600 LOG 3: field 0.0 0.0
2026-04-09 18:10:46.650 LOG 3: field 0.0 0.0
2026-04-09 18:10:46.700 LOG 3: field 0.0 0.0
2026-04-09 18:10:46.750 LOG 3: field 0.0 0.0
2026-04-09 18:10:46.800 LOG 3: field 0.0 0.0
2026-04-09 18:10:46.850 LOG 3: field 0.0 0.0
2026-04-09 18:10:46.900 LOG 3: field 0 0
2026-04-09 18:10:46.950 LOG 3: field 0.0 0.0
2026-04-09 18:10:46.000 LOG 3: field 0.0 0.0
2026-04-09 18:10:46.050 LOG 3: field 0 0
2026-04-09 18:10:46.100 LOG 3: field -1 -1
2026-04-09 18:10:46.150 LOG 3: field -1 -1
2026-04-09 18:10:46.200 LOG 3: field 0 0
2026-04-09 18:10:46.250 LOG 3: field 0.0 0.0
2026-04-09 18:10:46.300 LOG 3: field 0.0 0.0
2026-04-09 18:10:46.350 LOG 3: int_fields 
2026-04-09 18:10:46.400 LOG 3: field 77947783631 77947783631
2026-04-09 18:10:46.450 LOG 3: field 77947783631 77947783631
2026-04-09 18:10:46.500 LOG 3: field 1162788 1162788
2026-04-09 18:10:46.550 LOG 3: field 0 0
2026-04-09 18:10:46.600 LOG 3: field 0 0
2026-04-09 18:10:46.650 LOG 3: field 9180729 9180729
2026-04-09 18:10:46.700 LOG 3: field 25 25
2026-04-09 18:10:46.750 LOG 3: field 0 0
2026-04-09 18:10:46.800 LOG 3: field 1 1
2026-04-09 18:10:46.850 LOG 3: field 0 0
2026-04-09 18:10:46.900 LOG 3: field 0 0
2026-04-09 18:10:46.950 LOG 3: field 0 0
2026-04-09 18:10:46.000 LOG 3: field 0 0
2026-04-09 18:10:46.050 LOG 3: field 0 0
2026-04-09 18:10:46.100 LOG 3: field 1 1
2026-04-09 18:10:46.150 LOG 3: field 1 1
2026-04-09 18:10:46.200 LOG 3: field 1 1
2026-04-09 18:10:46.250 LOG 3: field 0 0
2026-04-09 18:10:46.300 LOG 3: field -1 -1
2026-04-09 18:10:46.350 LOG 3: field 0 0
2026-04-09 18:10:46.400 LOG 3: field 0 0
2026-04-09 18:10:46.450 LOG 3: field 0 0
2026-04-09 18:10:46.500 LOG 3: field 0 0
2026-04-09 18:10:46.550 LOG 3: field 0 0
2026-04-09 18:10:46.600 LOG 3: field 0 0
2026-04-09 18:10:46.650 LOG 3: field 0 0
2026-04-09 18:10:46.700 LOG 3: field 0 0
2026-04-09 18:10:46.750 LOG 3: field 0 0
2026-04-09 18:10:46.800 LOG 3: field 0 0
2026-04-09 18:10:46.850 LOG 3: field 0 0
2026-04-09 18:10:46.900 LOG 3: field 0 0
2026-04-09 18:10:46.950 LOG 3: field 20260410 20260410
2026-04-09 18:10:46.000 LOG 3: field 0 0
2026-04-09 18:10:46.050 LOG 3: field 0 0
2026-04-09 18:10:46.100 LOG 3: float_fields 
2026-04-09 18:10:46.150 LOG 3: field 1.0 1.0
2026-04-09 18:10:46.200 LOG 3: field 100.99 100.99
2026-04-09 18:10:46.250 LOG 3: field 1009.9 1009.9
2026-04-09 18:10:46.300 LOG 3: field 0.0 0.0
2026-04-09 18:10:46.350 LOG 3: field 12.44 12.44
2026-04-09 18:10:46.400 LOG 3: field 28.88 28.88
2026-04-09 18:10:46.450 LOG 3: field 0.0 0.0
2026-04-09 18:10:46.500 LOG 3: field 0.0 0.0
2026-04-09 18:10:46.550 LOG 3: field 0.0 0.0
2026-04-09 18:10:46.600 LOG 3: field 0.0 0.0
2026-04-09 18:10:46.650 LOG 3: field 0.0 0.0
2026-04-09 18:10:46.700 LOG 3: field 0.0 0.0
2026-04-09 18:10:46.750 LOG 3: field 0 0
2026-04-09 18:10:46.800 LOG 3: field 0.0 0.0
2026-04-09 18:10:46.850 LOG 3: field 0.0 0.0
2026-04-09 18:10:46.900 LOG 3: field 0 0
2026-04-09 18:10:46.950 LOG 3: field -1 -1
2026-04-09 18:10:46.000 LOG 3: field -1 -1
2026-04-09 18:10:46.050 LOG 3: field 0 0
2026-04-09 18:10:46.100 LOG 3: field 0.0 0.0
2026-04-09 18:10:46.150 LOG 3: field 0.0 0.0
2026-04-09 18:10:46.200 LOG 3: int_fields 
2026-04-09 18:10:46.250 LOG 3: field 77947788055 77947788055
2026-04-09 18:10:46.300 LOG 3: field 77947788055 77947788055
2026-04-09 18:10:46.350 LOG 3: field 1162788 1162788
2026-04-09 18:10:46.400 LOG 3: field 0 0
2026-04-09 18:10:46.450 LOG 3: field 0 0
2026-04-09 18:10:46.500 LOG 3: field 9180730 9180730
2026-04-09 18:10:46.550 LOG 3: field 25 25
2026-04-09 18:10:46.600 LOG 3: field 0 0
2026-04-09 18:10:46.650 LOG 3: field 1 1
2026-04-09 18:10:46.700 LOG 3: field 0 0
2026-04-09 18:10:46.750 LOG 3: field 0 0
2026-04-09 18:10:46.800 LOG 3: field 0 0
2026-04-09 18:10:46.850 LOG 3: field 0 0
2026-04-09 18:10:46.900 LOG 3: field 0 0
2026-04-09 18:10:46.950 LOG 3: field 1 1
2026-04-09 18:10:46.000 LOG 3: field 1 1
2026-04-09 18:10:46.050 LOG 3: field 1 1
2026-04-09 18:10:46.100 LOG 3: field 0 0
2026-04-09 18:10:46.150 LOG 3: field -1 -1
2026-04-09 18:10:46.200 LOG 3: field 0 0
2026-04-09 18:10:46.250 LOG 3: field 0 0
2026-04-09 18:10:46.300 LOG 3: field 0 0
2026-04-09 18:10:46.350 LOG 3: field 0 0
2026-04-09 18:10:46.400 LOG 3: field 0 0
2026-04-09 18:10:46.450 LOG 3: field 0 0
2026-04-09 18:10:46.500 LOG 3: field 0 0
2026-04-09 18:10:46.550 LOG 3: field 0 0
2026-04-09 18:10:46.600 LOG 3: field 0 0
2026-04-09 18:10:46.650 LOG 3: field 0 0
2026-04-09 18:10:46.700 LOG 3: field 0 0
2026-04-09 18:10:46.750 LOG 3: field 0 0
2026-04-09 18:10:46.800 LOG 3: field 20260410 20260410
2026-04-09 18:10:46.850 LOG 3: field 0 0
2026-04-09 18:10:46.900 LOG 3: field 0 0
2026-04-09 18:10:46.950 LOG 3: float_fields 
2026-04-09 18:10:46.000 LOG 3: field 1.0 1.0
2026-04-09 18:10:46.050 LOG 3: field 102.9 102.9
2026-04-09 18:10:46.100 LOG 3: field 1029.0 1029.0
2026-04-09 18:10:46.150 LOG 3: field 0.0 0.0
2026-04-09 18:10:46.200 LOG 3: field 15.1 15.1
2026-04-09 18:10:46.250 LOG 3: field 65.67 65.67
2026-04-09 18:10:46.300 LOG 3: field 0.0 0.0
2026-04-09 18:10:46.350 LOG 3: field 0.0 0.0
2026-04-09 18:10:46.400 LOG 3: field 0.0 0.0
2026-04-09 18:10:46.450 LOG 3: field 0.0 0.0
2026-04-09 18:10:46.500 LOG 3: field 0.0 0.0
2026-04-09 18:10:46.550 LOG 3: field 0.0 0.0
2026-04-09 18:10:46.600 LOG 3: field 0 0
2026-04-09 18:10:46.650 LOG 3: field 0.0 0.0
2026-04-09 18:10:46.700 LOG 3: field 0.0 0.0
2026-04-09 18:10:46.750 LOG 3: field 0 0
2026-04-09 18:10:46.800 LOG 3: field -1 -1
2026-04-09 18:10:46.850 LOG 3: field -1 -1
2026-04-09 18:10:46.900 LOG 3: field 0 0
2026-04-09 18:10:46.950 LOG 3: field 0.0 0.0
2026-04-09 18:10:46.000 LOG 3: field 0.0 0.0
2026-04-09 18:10:46.050 LOG 3: int_fields 
2026-04-09 18:10:46.100 LOG 3: field 77947793758 77947793758
2026-04-09 18:10:46.150 LOG 3: field 77947793758 77947793758
2026-04-09 18:10:46.200 LOG 3: field 1162788 1162788
2026-04-09 18:10:46.250 LOG 3: field 0 0
2026-04-09 18:10:46.300 LOG 3: field 0 0
2026-04-09 18:10:46.350 LOG 3: field 9180731 9180731
2026-04-09 18:10:46.400 LOG 3: field 25 25
2026-04-09 18:10:46.450 LOG 3: field 0 0
2026-04-09 18:10:46.500 LOG 3: field 1 1
2026-04-09 18:10:46.550 LOG 3: field 0 0
2026-04-09 18:10:46.600 LOG 3: field 0 0
2026-04-09 18:10:46.650 LOG 3: field 0 0
2026-04-09 18:10:46.700 LOG 3: field 0 0
2026-04-09 18:10:46.750 LOG 3: field 0 0
2026-04-09 18:10:46.800 LOG 3: field 1 1
2026-04-09 18:10:46.850 LOG 3: field 1 1
2026-04-09 18:10:46.900 LOG 3: field 1 1
2026-04-09 18:10:46.950 LOG 3: field 0 0
2026-04-09 18:10:46.000 LOG 3: field -1 -1
2026-04-09 18:10:46.050 LOG 3: field 0 0
2026-04-09 18:10:46.100 LOG 3: field 0 0
2026-04-09 18:10:46.150 LOG 3: field 0 0
2026-04-09 18:10:46.200 LOG 3: field 0 0
2026-04-09 18:10:46.250 LOG 3: field 0 0
2026-04-09 18:10:46.300 LOG 3: field 0 0
2026-04-09 18:10:46.350 LOG 3: field 0 0
2026-04-09 18:10:46.400 LOG 3: field 0 0
2026-04-09 18:10:46.450 LOG 3: field 0 0
2026-04-09 18:10:46.500 LOG 3: field 0 0
2026-04-09 18:10:46.550 LOG 3: field 0 0
2026-04-09 18:10:46.600 LOG 3: field 0 0
2026-04-09 18:10:46.650 LOG 3: field 20260410 20260410
2026-04-09 18:10:46.700 LOG 3: field 0 0
2026-04-09 18:10:46.750 LOG 3: field 0 0
2026-04-09 18:10:46.800 LOG 3: float_fields 
2026-04-09 18:10:46.850 LOG 3: field 1.0 1.0
2026-04-09 18:10:46.900 LOG 3: field 105.89 105.89
2026-04-09 18:10:46.950 LOG 3: field 1058.9 1058.9
2026-04-09 18:10:46.000 LOG 3: field 0.0 0.0
2026-04-09 18:10:46.050 LOG 3: field 15.03 15.03
2026-04-09 18:10:46.100 LOG 3: field 8.43 8.43
2026-04-09 18:10:46.150 LOG 3: field 0.0 0.0
2026-04-09 18:10:46.200 LOG 3: field 0.0 0.0
2026-04-09 18:10:46.250 LOG 3: field 0.0 0.0
2026-04-09 18:10:46.300 LOG 3: field 0.0 0.0
2026-04-09 18:10:46.350 LOG 3: field 0.0 0.0
2026-04-09 18:10:46.400 LOG 3: field 0.0 0.0
2026-04-09 18:10:46.450 LOG 3: field 0 0
2026-04-09 18:10:46.500 LOG 3: field 0.0 0.0
2026-04-09 18:10:46.550 LOG 3: field 0.0 0.0
2026-04-09 18:10:46.600 LOG 3: field 0 0
2026-04-09 18:10:46.650 LOG 3: field -1 -1
2026-04-09 18:10:46.700 LOG 3: field -1 -1
2026-04-09 18:10:46.750 LOG 3: field 0 0
2026-04-09 18:10:46.800 LOG 3: field 0.0 0.0
2026-04-09 18:10:46.850 LOG 3: field 0.0 0.0
2026-04-09 18:10:56.100 LOG 3: int_fields 
2026-04-09 18:10:56.150 LOG 3: field 77924509061 77924509061
2026-04-09 18:10:56.200 LOG 3: field 77924509061 77924509061
2026-04-09 18:10:56.250 LOG 3: field 1162788 1162788
2026-04-09 18:10:56.300 LOG 3: field 1162788 1162788
2026-04-09 18:10:56.350 LOG 3: field 0 0
2026-04-09 18:10:56.400 LOG 3: field 0 0
2026-04-09 18:10:56.450 LOG 3: field 26 26
2026-04-09 18:10:56.500 LOG 3: field 0 0
2026-04-09 18:10:56.550 LOG 3: field 1 1
2026-04-09 18:10:56.600 LOG 3: field 0 0
2026-04-09 18:10:56.650 LOG 3: field 0 0
2026-04-09 18:10:56.700 LOG 3: field 0 0
2026-04-09 18:10:56.750 LOG 3: field 0 0
2026-04-09 18:10:56.800 LOG 3: field 0 0
2026-04-09 18:10:56.850 LOG 3: field 1 1
2026-04-09 18:10:56.900 LOG 3: field 1 1
2026-04-09 18:10:56.950 LOG 3: field 1 1
2026-04-09 18:10:56.000 LOG 3: field 0 0
2026-04-09 18:10:56.050 LOG 3: field -1 -1
2026-04-09 18:10:56.100 LOG 3: field 0 0
2026-04-09 18:10:56.150 LOG 3: field 0 0
2026-04-09 18:10:56.200 LOG 3: field 0 0
2026-04-09 18:10:56.250 LOG 3: field 0 0
2026-04-09 18:10:56.300 LOG 3: field 0 0
2026-04-09 18:10:56.350 LOG 3: field 0 0
2026-04-09 18:10:56.400 LOG 3: field 0 0
2026-04-09 18:10:56.450 LOG 3: field 0 0
2026-04-09 18:10:56.500 LOG 3: field 0 0
2026-04-09 18:10:56.550 LOG 3: field 0 0
2026-04-09 18:10:56.600 LOG 3: field 0 0
2026-04-09 18:10:56.650 LOG 3: field 0 0
2026-04-09 18:10:56.700 LOG 3: field 20260410 20260410
2026-04-09 18:10:56.750 LOG 3: field 0 0
2026-04-09 18:10:56.800 LOG 3: field 0 0
2026-04-09 18:10:56.850 LOG 3: float_fields 
2026-04-09 18:10:56.900 LOG 3: field 1.0 1.0
2026-04-09 18:10:56.950 LOG 3: field 98.67 98.67
2026-04-09 18:10:56.000 LOG 3: field 986.7 986.7
2026-04-09 18:10:56.050 LOG 3: field 0.0 0.0
2026-04-09 18:10:56.100 LOG 3: field 14.95 14.95
2026-04-09 18:10:56.150 LOG 3: field 14.47 14.47
2026-04-09 18:10:56.200 LOG 3: field 0.0 0.0
2026-04-09 18:10:56.250 LOG 3: field 0.0 0.0
2026-04-09 18:10:56.300 LOG 3: field 0.0 0.0
2026-04-09 18:10:56.350 LOG 3: field 0.0 0.0
2026-04-09 18:10:56.400 LOG 3: field 0.0 0.0
2026-04-09 18:10:56.450 LOG 3: field 0.0 0.0
2026-04-09 18:10:56.500 LOG 3: field 0 0
2026-04-09 18:10:56.550 LOG 3: field 0.0 0.0
2026-04-09 18:10:56.600 LOG 3: field 0.0 0.0
2026-04-09 18:10:56.650 LOG 3: field 0 0
2026-04-09 18:10:56.700 LOG 3: field -1 -1
2026-04-09 18:10:56.750 LOG 3: field -1 -1
2026-04-09 18:10:56.800 LOG 3: field 0 0
2026-04-09 18:10:56.850 LOG 3: field 0.0 0.0
2026-04-09 18:10:56.900 LOG 3: field 0.0 0.0
2026-04-09 18:10:56.950 LOG 3: int_fields 
2026-04-09 18:10:56.000 LOG 3: field 77924527921 77924527921
2026-04-09 18:10:56.050 LOG 3: field 77924527921 77924527921
2026-04-09 18:10:56.100 LOG 3: field 1162788 1162788
2026-04-09 18:10:56.150 LOG 3: field 0 0
2026-04-09 18:10:56.200 LOG 3: field 0 0
2026-04-09 18:10:56.250 LOG 3: field 0 0
2026-04-09 18:10:56.300 LOG 3: field 25 25
2026-04-09 18:10:56.350 LOG 3: field 0 0
2026-04-09 18:10:56.400 LOG 3: field 1 1
2026-04-09 18:10:56.450 LOG 3: field 0 0
2026-04-09 18:10:56.500 LOG 3: field 0 0
2026-04-09 18:10:56.550 LOG 3: field 0 0
2026-04-09 18:10:56.600 LOG 3: field 0 0
2026-04-09 18:10:56.650 LOG 3: field 0 0
2026-04-09 18:10:56.700 LOG 3: field 1 1
2026-04-09 18:10:56.750 LOG 3: field 1 1
2026-04-09 18:10:56.800 LOG 3: field 1 1
2026-04-09 18:10:56.850 LOG 3: field 0 0
2026-04-09 18:10:56.900 LOG 3: field -1 -1
2026-04-09 18:10:56.950 LOG 3: field 0 0
2026-04-09 18:10:56.000 LOG 3: field 0 0
2026-04-09 18:10:56.050 LOG 3: field 0 0
2026-04-09 18:10:56.100 LOG 3: field 0 0
2026-04-09 18:10:56.150 LOG 3: field 0 0
2026-04-09 18:10:56.200 LOG 3: field 0 0
2026-04-09 18:10:56.250 LOG 3: field 0 0
2026-04-09 18:10:56.300 LOG 3: field 0 0
2026-04-09 18:10:56.350 LOG 3: field 0 0
2026-04-09 18:10:56.400 LOG 3: field 0 0
2026-04-09 18:10:56.450 LOG 3: field 0 0
2026-04-09 18:10:56.500 LOG 3: field 0 0
2026-04-09 18:10:56.550 LOG 3: field 20260410 20260410
2026-04-09 18:10:56.600 LOG 3: field 0 0
2026-04-09 18:10:56.650 LOG 3: field 0 0
2026-04-09 18:10:56.700 LOG 3: float_fields 
2026-04-09 18:10:56.750 LOG 3: field 1.0 1.0
2026-04-09 18:10:56.800 LOG 3: field 98.67 98.67
2026-04-09 18:10:56.850 LOG 3: field 986.7 986.7
2026-04-09 18:10:56.900 LOG 3: field 0.0 0.0
2026-04-09 18:10:56.950 LOG 3: field 14.95 14.95
2026-04-09 18:10:56.000 LOG 3: field 14.47 14.47
2026-04-09 18:10:56.050 LOG 3: field 0.0 0.0
2026-04-09 18:10:56.100 LOG 3: field 0.0 0.0
2026-04-09 18:10:56.150 LOG 3: field 0.0 0.0
2026-04-09 18:10:56.200 LOG 3: field 0.0 0.0
2026-04-09 18:10:56.250 LOG 3: field 0.0 0.0
2026-04-09 18:10:56.300 LOG 3: field 0.0 0.0
2026-04-09 18:10:56.350 LOG 3: field 0 0
2026-04-09 18:10:56.400 LOG 3: field 0.0 0.0
2026-04-09 18:10:56.450 LOG 3: field 0.0 0.0
2026-04-09 18:10:56.500 LOG 3: field 0 0
2026-04-09 18:10:56.550 LOG 3: field -1 -1
2026-04-09 18:10:56.600 LOG 3: field -1 -1
2026-04-09 18:10:56.650 LOG 3: field 0 0
2026-04-09 18:10:56.700 LOG 3: field 0.0 0.0
2026-04-09 18:10:56.750 LOG 3: field 0.0 0.0
2026-04-09 18:10:56.800 LOG 3: int_fields 
2026-04-09 18:10:56.850 LOG 3: field 77947783631 77947783631
2026-04-09 18:10:56.900 LOG 3: field 77947783631 77947783631
2026-04-09 18:10:56.950 LOG 3: field 1162788 1162788
2026-04-09 18:10:56.000 LOG 3: field 0 0
2026-04-09 18:10:56.050 LOG 3: field 0 0
2026-04-09 18:10:56.100 LOG 3: field 9180729 9180729
2026-04-09 18:10:56.150 LOG 3: field 25 25
2026-04-09 18:10:56.200 LOG 3: field 0 0
2026-04-09 18:10:56.250 LOG 3: field 1 1
2026-04-09 18:10:56.300 LOG 3: field 0 0
2026-04-09 18:10:56.350 LOG 3: field 0 0
2026-04-09 18:10:56.400 LOG 3: field 0 0
2026-04-09 18:10:56.450 LOG 3: field 0 0
2026-04-09 18:10:56.500 LOG 3: field 0 0
2026-04-09 18:10:56.550 LOG 3: field 1 1
2026-04-09 18:10:56.600 LOG 3: field 1 1
2026-04-09 18:10:56.650 LOG 3: field 1 1
2026-04-09 18:10:56.700 LOG 3: field 0 0
2026-04-09 18:10:56.750 LOG 3: field -1 -1
2026-04-09 18:10:56.800 LOG 3: field 0 0
2026-04-09 18:10:56.850 LOG 3: field 0 0
2026-04-09 18:10:56.900 LOG 3: field 0 0
2026-04-09 18:10:56.950 LOG 3: field 0 0
2026-04-09 18:10:56.000 LOG 3: field 0 0
2026-04-09 18:10:56.050 LOG 3: field 0 0
2026-04-09 18:10:56.100 LOG 3: field 0 0
2026-04-09 18:10:56.150 LOG 3: field 0 0
2026-04-09 18:10:56.200 LOG 3: field 0 0
2026-04-09 18:10:56.250 LOG 3: field 0 0
2026-04-09 18:10:56.300 LOG 3: field 0 0
2026-04-09 18:10:56.350 LOG 3: field 0 0
2026-04-09 18:10:56.400 LOG 3: field 20260410 20260410
2026-04-09 18:10:56.450 LOG 3: field 0 0
2026-04-09 18:10:56.500 LOG 3: field 0 0
2026-04-09 18:10:56.550 LOG 3: float_fields 
2026-04-09 18:10:56.600 LOG 3: field 1.0 1.0
2026-04-09 18:10:56.650 LOG 3: field 100.99 100.99
2026-04-09 18:10:56.700 LOG 3: field 1009.9 1009.9
2026-04-09 18:10:56.750 LOG 3: field 0.0 0.0
2026-04-09 18:10:56.800 LOG 3: field 12.44 12.44
2026-04-09 18:10:56.850 LOG 3: field 28.88 28.88
2026-04-09 18:10:56.900 LOG 3: field 0.0 0.0
2026-04-09 18:10:56.950 LOG 3: field 0.0 0.0
2026-04-09 18:10:56.000 LOG 3: field 0.0 0.0
2026-04-09 18:10:56.050 LOG 3: field 0.0 0.0
2026-04-09 18:10:56.100 LOG 3: field 0.0 0.0
2026-04-09 18:10:56.150 LOG 3: field 0.0 0.0
2026-04-09 18:10:56.200 LOG 3: field 0 0
2026-04-09 18:10:56.250 LOG 3: field 0.0 0.0
2026-04-09 18:10:56.300 LOG 3: field 0.0 0.0
2026-04-09 18:10:56.350 LOG 3: field 0 0
2026-04-09 18:10:56.400 LOG 3: field -1 -1
2026-04-09 18:10:56.450 LOG 3: field -1 -1
2026-04-09 18:10:56.500 LOG 3: field 0 0
2026-04-09 18:10:56.550 LOG 3: field 0.0 0.0
2026-04-09 18:10:56.600 LOG 3: field 0.0 0.0
2026-04-09 18:10:56.650 LOG 3: int_fields 
2026-04-09 18:10:56.700 LOG 3: field 77947788055 77947788055
2026-04-09 18:10:56.750 LOG 3: field 77947788055 77947788055
2026-04-09 18:10:56.800 LOG 3: field 1162788 1162788
2026-04-09 18:10:56.850 LOG 3: field 0 0
2026-04-09 18:10:56.900 LOG 3: field 0 0
2026-04-09 18:10:56.950 LOG 3: field 9180730 9180730
2026-04-09 18:10:56.000 LOG 3: field 25 25
2026-04-09 18:10:56.050 LOG 3: field 0 0
2026-04-09 18:10:56.100 LOG 3: field 1 1
2026-04-09 18:10:56.150 LOG 3: field 0 0
2026-04-09 18:10:56.200 LOG 3: field 0 0
2026-04-09 18:10:56.250 LOG 3: field 0 0
2026-04-09 18:10:56.300 LOG 3: field 0 0
2026-04-09 18:10:56.350 LOG 3: field 0 0
2026-04-09 18:10:56.400 LOG 3: field 1 1
2026-04-09 18:10:56.450 LOG 3: field 1 1
2026-04-09 18:10:56.500 LOG 3: field 1 1
2026-04-09 18:10:56.550 LOG 3: field 0 0
2026-04-09 18:10:56.600 LOG 3: field -1 -1
2026-04-09 18:10:56.650 LOG 3: field 0 0
2026-04-09 18:10:56.700 LOG 3: field 0 0
2026-04-09 18:10:56.750 LOG 3: field 0 0
2026-04-09 18:10:56.800 LOG 3: field 0 0
2026-04-09 18:10:56.850 LOG 3: field 0 0
2026-04-09 18:10:56.900 LOG 3: field 0 0
2026-04-09 18:10:56.950 LOG 3: field 0 0
2026-04-09 18:10:56.000 LOG 3: field 0 0
2026-04-09 18:10:56.050 LOG 3: field 0 0
2026-04-09 18:10:56.100 LOG 3: field 0 0
2026-04-09 18:10:56.150 LOG 3: field 0 0
2026-04-09 18:10:56.200 LOG 3: field 0 0
2026-04-09 18:10:56.250 LOG 3: field 20260410 20260410
2026-04-09 18:10:56.300 LOG 3: field 0 0
2026-04-09 18:10:56.350 LOG 3: field 0 0
2026-04-09 18:10:56.400 LOG 3: float_fields 
2026-04-09 18:10:56.450 LOG 3: field 1.0 1.0
2026-04-09 18:10:56.500 LOG 3: field 102.9 102.9
2026-04-09 18:10:56.550 LOG 3: field 1029.0 1029.0
2026-04-09 18:10:56.600 LOG 3: field 0.0 0.0
2026-04-09 18:10:56.650 LOG 3: field 15.1 15.1
2026-04-09 18:10:56.700 LOG 3: field 65.67 65.67
2026-04-09 18:10:56.750 LOG 3: field 0.0 0.0
2026-04-09 18:10:56.800 LOG 3: field 0.0 0.0
2026-04-09 18:10:56.850 LOG 3: field 0.0 0.0
2026-04-09 18:10:56.900 LOG 3: field 0.0 0.0
2026-04-09 18:10:56.950 LOG 3: field 0.0 0.0
2026-04-09 18:10:56.000 LOG 3: field 0.0 0.0
2026-04-09 18:10:56.050 LOG 3: field 0 0
2026-04-09 18:10:56.100 LOG 3: field 0.0 0.0
2026-04-09 18:10:56.150 LOG 3: field 0.0 0.0
2026-04-09 18:10:56.200 LOG 3: field 0 0
2026-04-09 18:10:56.250 LOG 3: field -1 -1
2026-04-09 18:10:56.300 LOG 3: field -1 -1
2026-04-09 18:10:56.350 LOG 3: field 0 0
2026-04-09 18:10:56.400 LOG 3: field 0.0 0.0
2026-04-09 18:10:56.450 LOG 3: field 0.0 0.0
2026-04-09 18:10:56.500 LOG 3: int_fields 
2026-04-09 18:10:56.550 LOG 3: field 77947793758 77947793758
2026-04-09 18:10:56.600 LOG 3: field 77947793758 77947793758
2026-04-09 18:10:56.650 LOG 3: field 1162788 1162788
2026-04-09 18:10:56.700 LOG 3: field 0 0
2026-04-09 18:10:56.750 LOG 3: field 0 0
2026-04-09 18:10:56.800 LOG 3: field 9180731 9180731
2026-04-09 18:10:56.850 LOG 3: field 25 25
2026-04-09 18:10:56.900 LOG 3: field 0 0
2026-04-09 18:10:56.950 LOG 3: field 1 1
2026-04-09 18:10:56.000 LOG 3: field 0 0
2026-04-09 18:10:56.050 LOG 3: field 0 0
2026-04-09 18:10:56.100 LOG 3: field 0 0
2026-04-09 18:10:56.150 LOG 3: field 0 0
2026-04-09 18:10:56.200 LOG 3: field 0 0
2026-04-09 18:10:56.250 LOG 3: field 1 1
2026-04-09 18:10:56.300 LOG 3: field 1 1
2026-04-09 18:10:56.350 LOG 3: field 1 1
2026-04-09 18:10:56.400 LOG 3: field 0 0
2026-04-09 18:10:56.450 LOG 3: field -1 -1
2026-04-09 18:10:56.500 LOG 3: field 0 0
2026-04-09 18:10:56.550 LOG 3: field 0 0
2026-04-09 18:10:56.600 LOG 3: field 0 0
2026-04-09 18:10:56.650 LOG 3: field 0 0
2026-04-09 18:10:56.700 LOG 3: field 0 0
2026-04-09 18:10:56.750 LOG 3: field 0 0
2026-04-09 18:10:56.800 LOG 3: field 0 0
2026-04-09 18:10:56.850 LOG 3: field 0 0
2026-04-09 18:10:56.900 LOG 3: field 0 0
2026-04-09 18:10:56.950 LOG 3: field 0 0
2026-04-09 18:10:56.000 LOG 3: field 0 0
2026-04-09 18:10:56.050 LOG 3: field 0 0
2026-04-09 18:10:56.100 LOG 3: field 20260410 20260410
2026-04-09 18:10:56.150 LOG 3: field 0 0
2026-04-09 18:10:56.200 LOG 3: field 0 0
2026-04-09 18:10:56.250 LOG 3: float_fields 
2026-04-09 18:10:56.300 LOG 3: field 1.0 1.0
2026-04-09 18:10:56.350 LOG 3: field 105.89 105.89
2026-04-09 18:10:56.400 LOG 3: field 1058.9 1058.9
2026-04-09 18:10:56.450 LOG 3: field 0.0 0.0
2026-04-09 18:10:56.500 LOG 3: field 15.03 15.03
2026-04-09 18:10:56.550 LOG 3: field 8.43 8.43
2026-04-09 18:10:56.600 LOG 3: field 0.0 0.0
2026-04-09 18:10:56.650 LOG 3: field 0.0 0.0
2026-04-09 18:10:56.700 LOG 3: field 0.0 0.0
2026-04-09 18:10:56.750 LOG 3: field 0.0 0.0
2026-04-09 18:10:56.800 LOG 3: field 0.0 0.0
2026-04-09 18:10:56.850 LOG 3: field 0.0 0.0
2026-04-09 18:10:56.900 LOG 3: field 0 0
2026-04-09 18:10:56.950 LOG 3: field 0.0 0.0
2026-04-09 18:10:56.000 LOG 3: field 0.0 0.0
2026-04-09 18:10:56.050 LOG 3: field 0 0
2026-04-09 18:10:56.100 LOG 3: field -1 -1
2026-04-09 18:10:56.150 LOG 3: field -1 -1
2026-04-09 18:10:56.200 LOG 3: field 0 0
2026-04-09 18:10:56.250 LOG 3: field 0.0 0.0
2026-04-09 18:10:56.300 LOG 3: field 0.0 0.0
2026-04-09 18:10:56.500 LOG 3: int_fields 
2026-04-09 18:10:56.550 LOG 3: field 77924509061 77924509061
2026-04-09 18:10:56.600 LOG 3: field 77924509061 77924509061
2026-04-09 18:10:56.650 LOG 3: field 1162788 1162788
2026-04-09 18:10:56.700 LOG 3: field 1162788 1162788
2026-04-09 18:10:56.750 LOG 3: field 0 0
2026-04-09 18:10:56.800 LOG 3: field 0 0
2026-04-09 18:10:56.850 LOG 3: field 26 26
2026-04-09 18:10:56.900 LOG 3: field 0 0
2026-04-09 18:10:56.950 LOG 3: field 1 1
2026-04-09 18:10:56.000 LOG 3: field 0 0
2026-04-09 18:10:56.050 LOG 3: field 0 0
2026-04-09 18:10:56.100 LOG 3: field 0 0
2026-04-09 18:10:56.150 LOG 3: field 0 0
2026-04-09 18:10:56.200 LOG 3: field 0 0
2026-04-09 18:10:56.250 LOG 3: field 1 1
2026-04-09 18:10:56.300 LOG 3: field 1 1
2026-04-09 18:10:56.350 LOG 3: field 1 1
2026-04-09 18:10:56.400 LOG 3: field 0 0
2026-04-09 18:10:56.450 LOG 3: field -1 -1
2026-04-09 18:10:56.500 LOG 3: field 0 0
2026-04-09 18:10:56.550 LOG 3: field 0 0
2026-04-09 18:10:56.600 LOG 3: field 0 0
2026-04-09 18:10:56.650 LOG 3: field 0 0
2026-04-09 18:10:56.700 LOG 3: field 0 0
2026-04-09 18:10:56.750 LOG 3: field 0 0
2026-04-09 18:10:56.800 LOG 3: field 0 0
2026-04-09 18:10:56.850 LOG 3: field 0 0
2026-04-09 18:10:56.900 LOG 3: field 0 0
2026-04-09 18:10:56.950 LOG 3: field 0 0
2026-04-09 18:10:56.000 LOG 3: field 0 0
2026-04-09 18:10:56.050 LOG 3: field 0 0
2026-04-09 18:10:56.100 LOG 3: field 20260410 20260410
2026-04-09 18:10:56.150 LOG 3: field 0 0
2026-04-09 18:10:56.200 LOG 3: field 0 0
2026-04-09 18:10:56.250 LOG 3: float_fields 
2026-04-09 18:10:56.300 LOG 3: field 1.0 1.0
2026-04-09 18:10:56.350 LOG 3: field 98.67 98.67
2026-04-09 18:10:56.400 LOG 3: field 986.7 986.7
2026-04-09 18:10:56.450 LOG 3: field 0.0 0.0
2026-04-09 18:10:56.500 LOG 3: field 14.95 14.95
2026-04-09 18:10:56.550 LOG 3: field 14.47 14.47
2026-04-09 18:10:56.600 LOG 3: field 0.0 0.0
2026-04-09 18:10:56.650 LOG 3: field 0.0 0.0
2026-04-09 18:10:56.700 LOG 3: field 0.0 0.0
2026-04-09 18:10:56.750 LOG 3: field 0.0 0.0
2026-04-09 18:10:56.800 LOG 3: field 0.0 0.0
2026-04-09 18:10:56.850 LOG 3: field 0.0 0.0
2026-04-09 18:10:56.900 LOG 3: field 0 0
2026-04-09 18:10:56.950 LOG 3: field 0.0 0.0
2026-04-09 18:10:56.000 LOG 3: field 0.0 0.0
2026-04-09 18:10:56.050 LOG 3: field 0 0
2026-04-09 18:10:56.100 LOG 3: field -1 -1
2026-04-09 18:10:56.150 LOG 3: field -1 -1
2026-04-09 18:10:56.200 LOG 3: field 0 0
2026-04-09 18:10:56.250 LOG 3: field 0.0 0.0
2026-04-09 18:10:56.300 LOG 3: field 0.0 0.0
2026-04-09 18:10:56.350 LOG 3: int_fields 
2026-04-09 18:10:56.400 LOG 3: field 77924527921 77924527921
2026-04-09 18:10:56.450 LOG 3: field 77924527921 77924527921
2026-04-09 18:10:56.500 LOG 3: field 1162788 1162788
2026-04-09 18:10:56.550 LOG 3: field 0 0
2026-04-09 18:10:56.600 LOG 3: field 0 0
2026-04-09 18:10:56.650 LOG 3: field 0 0
2026-04-09 18:10:56.700 LOG 3: field 25 25
2026-04-09 18:10:56.750 LOG 3: field 0 0
2026-04-09 18:10:56.800 LOG 3: field 1 1
2026-04-09 18:10:56.850 LOG 3: field 0 0
2026-04-09 18:10:56.900 LOG 3: field 0 0
2026-04-09 18:10:56.950 LOG 3: field 0 0
2026-04-09 18:10:56.000 LOG 3: field 0 0
2026-04-09 18:10:56.050 LOG 3: field 0 0
2026-04-09 18:10:56.100 LOG 3: field 1 1
2026-04-09 18:10:56.150 LOG 3: field 1 1
2026-04-09 18:10:56.200 LOG 3: field 1 1
2026-04-09 18:10:56.250 LOG 3: field 0 0
2026-04-09 18:10:56.300 LOG 3: field -1 -1
2026-04-09 18:10:56.350 LOG 3: field 0 0
2026-04-09 18:10:56.400 LOG 3: field 0 0
2026-04-09 18:10:56.450 LOG 3: field 0 0
2026-04-09 18:10:56.500 LOG 3: field 0 0
2026-04-09 18:10:56.550 LOG 3: field 0 0
2026-04-09 18:10:56.600 LOG 3: field 0 0
2026-04-09 18:10:56.650 LOG 3: field 0 0
2026-04-09 18:10:56.700 LOG 3: field 0 0
2026-04-09 18:10:56.750 LOG 3: field 0 0
2026-04-09 18:10:56.800 LOG 3: field 0 0
2026-04-09 18:10:56.850 LOG 3: field 0 0
2026-04-09 18:10:56.900 LOG 3: field 0 0
2026-04-09 18:10:56.950 LOG 3: field 20260410 20260410
2026-04-09 18:10:56.000 LOG 3: field 0 0
2026-04-09 18:10:56.050 LOG 3: field 0 0
2026-04-09 18:10:56.100 LOG 3: float_fields 
2026-04-09 18:10:56.150 LOG 3: field 1.0 1.0
2026-04-09 18:10:56.200 LOG 3: field 98.67 98.67
2026-04-09 18:10:56.250 LOG 3: field 986.7 986.7
2026-04-09 18:10:56.300 LOG 3: field 0.0 0.0
2026-04-09 18:10:56.350 LOG 3: field 14.95 14.95
2026-04-09 18:10:56.400 LOG 3: field 14.47 14.47
2026-04-09 18:10:56.450 LOG 3: field 0.0 0.0
2026-04-09 18:10:56.500 LOG 3: field 0.0 0.0
2026-04-09 18:10:56.550 LOG 3: field 0.0 0.0
2026-04-09 18:10:56.600 LOG 3: field 0.0 0.0
2026-04-09 18:10:56.650 LOG 3: field 0.0 0.0
2026-04-09 18:10:56.700 LOG 3: field 0.0 0.0
2026-04-09 18:10:56.750 LOG 3: field 0 0
2026-04-09 18:10:56.800 LOG 3: field 0.0 0.0
2026-04-09 18:10:56.850 LOG 3: field 0.0 0.0
2026-04-09 18:10:56.900 LOG 3: field 0 0
2026-04-09 18:10:56.950 LOG 3: field -1 -1
2026-04-09 18:10:56.000 LOG 3: field -1 -1
2026-04-09 18:10:56.050 LOG 3: field 0 0
2026-04-09 18:10:56.100 LOG 3: field 0.0 0.0
2026-04-09 18:10:56.150 LOG 3: field 0.0 0.0
2026-04-09 18:10:56.200 LOG 3: int_fields 
2026-04-09 18:10:56.250 LOG 3: field 77947783631 77947783631
2026-04-09 18:10:56.300 LOG 3: field 77947783631 77947783631
2026-04-09 18:10:56.350 LOG 3: field 1162788 1162788
2026-04-09 18:10:56.400 LOG 3: field 0 0
2026-04-09 18:10:56.450 LOG 3: field 0 0
2026-04-09 18:10:56.500 LOG 3: field 9180729 9180729
2026-04-09 18:10:56.550 LOG 3: field 25 25
2026-04-09 18:10:56.600 LOG 3: field 0 0
2026-04-09 18:10:56.650 LOG 3: field 1 1
2026-04-09 18:10:56.700 LOG 3: field 0 0
2026-04-09 18:10:56.750 LOG 3: field 0 0
2026-04-09 18:10:56.800 LOG 3: field 0 0
2026-04-09 18:10:56.850 LOG 3: field 0 0
2026-04-09 18:10:56.900 LOG 3: field 0 0
2026-04-09 18:10:56.950 LOG 3: field 1 1
2026-04-09 18:10:56.000 LOG 3: field 1 1
2026-04-09 18:10:56.050 LOG 3: field 1 1
2026-04-09 18:10:56.100 LOG 3: field 0 0
2026-04-09 18:10:56.150 LOG 3: field -1 -1
2026-04-09 18:10:56.200 LOG 3: field 0 0
2026-04-09 18:10:56.250 LOG 3: field 0 0
2026-04-09 18:10:56.300 LOG 3: field 0 0
2026-04-09 18:10:56.350 LOG 3: field 0 0
2026-04-09 18:10:56.400 LOG 3: field 0 0
2026-04-09 18:10:56.450 LOG 3: field 0 0
2026-04-09 18:10:56.500 LOG 3: field 0 0
2026-04-09 18:10:56.550 LOG 3: field 0 0
2026-04-09 18:10:56.600 LOG 3: field 0 0
2026-04-09 18:10:56.650 LOG 3: field 0 0
2026-04-09 18:10:56.700 LOG 3: field 0 0
2026-04-09 18:10:56.750 LOG 3: field 0 0
2026-04-09 18:10:56.800 LOG 3: field 20260410 20260410
2026-04-09 18:10:56.850 LOG 3: field 0 0
2026-04-09 18:10:56.900 LOG 3: field 0 0
2026-04-09 18:10:56.950 LOG 3: float_fields 
2026-04-09 18:10:56.000 LOG 3: field 1.0 1.0
2026-04-09 18:10:56.050 LOG 3: field 100.99 100.99
2026-04-09 18:10:56.100 LOG 3: field 1009.9 1009.9
2026-04-09 18:10:56.150 LOG 3: field 0.0 0.0
2026-04-09 18:10:56.200 LOG 3: field 12.44 12.44
2026-04-09 18:10:56.250 LOG 3: field 28.88 28.88
2026-04-09 18:10:56.300 LOG 3: field 0.0 0.0
2026-04-09 18:10:56.350 LOG 3: field 0.0 0.0
2026-04-09 18:10:56.400 LOG 3: field 0.0 0.0
2026-04-09 18:10:56.450 LOG 3: field 0.0 0.0
2026-04-09 18:10:56.500 LOG 3: field 0.0 0.0
2026-04-09 18:10:56.550 LOG 3: field 0.0 0.0
2026-04-09 18:10:56.600 LOG 3: field 0 0
2026-04-09 18:10:56.650 LOG 3: field 0.0 0.0
2026-04-09 18:10:56.700 LOG 3: field 0.0 0.0
2026-04-09 18:10:56.750 LOG 3: field 0 0
2026-04-09 18:10:56.800 LOG 3: field -1 -1
2026-04-09 18:10:56.850 LOG 3: field -1 -1
2026-04-09 18:10:56.900 LOG 3: field 0 0
2026-04-09 18:10:56.950 LOG 3: field 0.0 0.0
2026-04-09 18:10:56.000 LOG 3: field 0.0 0.0
2026-04-09 18:10:56.050 LOG 3: int_fields 
2026-04-09 18:10:56.100 LOG 3: field 77947788055 77947788055
2026-04-09 18:10:56.150 LOG 3: field 77947788055 77947788055
2026-04-09 18:10:56.200 LOG 3: field 1162788 1162788
2026-04-09 18:10:56.250 LOG 3: field 0 0
2026-04-09 18:10:56.300 LOG 3: field 0 0
2026-04-09 18:10:56.350 LOG 3: field 9180730 9180730
2026-04-09 18:10:56.400 LOG 3: field 25 25
2026-04-09 18:10:56.450 LOG 3: field 0 0
2026-04-09 18:10:56.500 LOG 3: field 1 1
2026-04-09 18:10:56.550 LOG 3: field 0 0
2026-04-09 18:10:56.600 LOG 3: field 0 0
2026-04-09 18:10:56.650 LOG 3: field 0 0
2026-04-09 18:10:56.700 LOG 3: field 0 0
2026-04-09 18:10:56.750 LOG 3: field 0 0
2026-04-09 18:10:56.800 LOG 3: field 1 1
2026-04-09 18:10:56.850 LOG 3: field 1 1
2026-04-09 18:10:56.900 LOG 3: field 1 1
2026-04-09 18:10:56.950 LOG 3: field 0 0
2026-04-09 18:10:56.000 LOG 3: field -1 -1
2026-04-09 18:10:56.050 LOG 3: field 0 0
2026-04-09 18:10:56.100 LOG 3: field 0 0
2026-04-09 18:10:56.150 LOG 3: field 0 0
2026-04-09 18:10:56.200 LOG 3: field 0 0
2026-04-09 18:10:56.250 LOG 3: field 0 0
2026-04-09 18:10:56.300 LOG 3: field 0 0
2026-04-09 18:10:56.350 LOG 3: field 0 0
2026-04-09 18:10:56.400 LOG 3: field 0 0
2026-04-09 18:10:56.450 LOG 3: field 0 0
2026-04-09 18:10:56.500 LOG 3: field 0 0
2026-04-09 18:10:56.550 LOG 3: field 0 0
2026-04-09 18:10:56.600 LOG 3: field 0 0
2026-04-09 18:10:56.650 LOG 3: field 20260410 20260410
2026-04-09 18:10:56.700 LOG 3: field 0 0
2026-04-09 18:10:56.750 LOG 3: field 0 0
2026-04-09 18:10:56.800 LOG 3: float_fields 
2026-04-09 18:10:56.850 LOG 3: field 1.0 1.0
2026-04-09 18:10:56.900 LOG 3: field 102.9 102.9
2026-04-09 18:10:56.950 LOG 3: field 1029.0 1029.0
2026-04-09 18:10:56.000 LOG 3: field 0.0 0.0
2026-04-09 18:10:56.050 LOG 3: field 15.1 15.1
2026-04-09 18:10:56.100 LOG 3: field 65.67 65.67
2026-04-09 18:10:56.150 LOG 3: field 0.0 0.0
2026-04-09 18:10:56.200 LOG 3: field 0.0 0.0
2026-04-09 18:10:56.250 LOG 3: field 0.0 0.0
2026-04-09 18:10:56.300 LOG 3: field 0.0 0.0
2026-04-09 18:10:56.350 LOG 3: field 0.0 0.0
2026-04-09 18:10:56.400 LOG 3: field 0.0 0.0
2026-04-09 18:10:56.450 LOG 3: field 0 0
2026-04-09 18:10:56.500 LOG 3: field 0.0 0.0
2026-04-09 18:10:56.550 LOG 3: field 0.0 0.0
2026-04-09 18:10:56.600 LOG 3: field 0 0
2026-04-09 18:10:56.650 LOG 3: field -1 -1
2026-04-09 18:10:56.700 LOG 3: field -1 -1
2026-04-09 18:10:56.750 LOG 3: field 0 0
2026-04-09 18:10:56.800 LOG 3: field 0.0 0.0
2026-04-09 18:10:56.850 LOG 3: field 0.0 0.0
2026-04-09 18:10:56.900 LOG 3: int_fields 
2026-04-09 18:10:56.950 LOG 3: field 77947793758 77947793758
2026-04-09 18:10:56.000 LOG 3: field 77947793758 77947793758
2026-04-09 18:10:56.050 LOG 3: field 1162788 1162788
2026-04-09 18:10:56.100 LOG 3: field 0 0
2026-04-09 18:10:56.150 LOG 3: field 0 0
2026-04-09 18:10:56.200 LOG 3: field 9180731 9180731
2026-04-09 18:10:56.250 LOG 3: field 25 25
2026-04-09 18:10:56.300 LOG 3: field 0 0
2026-04-09 18:10:56.350 LOG 3: field 1 1
2026-04-09 18:10:56.400 LOG 3: field 0 0
2026-04-09 18:10:56.450 LOG 3: field 0 0
2026-04-09 18:10:56.500 LOG 3: field 0 0
2026-04-09 18:10:56.550 LOG 3: field 0 0
2026-04-09 18:10:56.600 LOG 3: field 0 0
2026-04-09 18:10:56.650 LOG 3: field 1 1
2026-04-09 18:10:56.700 LOG 3: field 1 1
2026-04-09 18:10:56.750 LOG 3: field 1 1
2026-04-09 18:10:56.800 LOG 3: field 0 0
2026-04-09 18:10:56.850 LOG 3: field -1 -1
2026-04-09 18:10:56.900 LOG 3: field 0 0
2026-04-09 18:10:56.950 LOG 3: field 0 0
2026-04-09 18:10:56.000 LOG 3: field 0 0
2026-04-09 18:10:56.050 LOG 3: field 0 0
2026-04-09 18:10:56.100 LOG 3: field 0 0
2026-04-09 18:10:56.150 LOG 3: field 0 0
2026-04-09 18:10:56.200 LOG 3: field 0 0
2026-04-09 18:10:56.250 LOG 3: field 0 0
2026-04-09 18:10:56.300 LOG 3: field 0 0
2026-04-09 18:10:56.350 LOG 3: field 0 0
2026-04-09 18:10:56.400 LOG 3: field 0 0
2026-04-09 18:10:56.450 LOG 3: field 0 0
2026-04-09 18:10:56.500 LOG 3: field 20260410 20260410
2026-04-09 18:10:56.550 LOG 3: field 0 0
2026-04-09 18:10:56.600 LOG 3: field 0 0
2026-04-09 18:10:56.650 LOG 3: float_fields 
2026-04-09 18:10:56.700 LOG 3: field 1.0 1.0
2026-04-09 18:10:56.750 LOG 3: field 105.89 105.89
2026-04-09 18:10:56.800 LOG 3: field 1058.9 1058.9
2026-04-09 18:10:56.850 LOG 3: field 0.0 0.0
2026-04-09 18:10:56.900 LOG 3: field 15.03 15.03
2026-04-09 18:10:56.950 LOG 3: field 8.43 8.43
2026-04-09 18:10:56.000 LOG 3: field 0.0 0.0
2026-04-09 18:10:56.050 LOG 3: field 0.0 0.0
2026-04-09 18:10:56.100 LOG 3: field 0.0 0.0
2026-04-09 18:10:56.150 LOG 3: field 0.0 0.0
2026-04-09 18:10:56.200 LOG 3: field 0.0 0.0
2026-04-09 18:10:56.250 LOG 3: field 0.0 0.0
2026-04-09 18:10:56.300 LOG 3: field 0 0
2026-04-09 18:10:56.350 LOG 3: field 0.0 0.0
2026-04-09 18:10:56.400 LOG 3: field 0.0 0.0
2026-04-09 18:10:56.450 LOG 3: field 0 0
2026-04-09 18:10:56.500 LOG 3: field -1 -1
2026-04-09 18:10:56.550 LOG 3: field -1 -1
2026-04-09 18:10:56.600 LOG 3: field 0 0
2026-04-09 18:10:56.650 LOG 3: field 0.0 0.0
2026-04-09 18:10:56.700 LOG 3: field 0.0 0.0
2026-04-09 18:11:06.700 LOG 3: int_fields 
2026-04-09 18:11:06.750 LOG 3: field 77924509061 77924509061
2026-04-09 18:11:06.800 LOG 3: field 77924509061 77924509061
2026-04-09 18:11:06.850 LOG 3: field 1162788 1162788
2026-04-09 18:11:06.900 LOG 3: field 1162788 1162788
2026-04-09 18:11:06.950 LOG 3: field 0 0
2026-04-09 18:11:06.000 LOG 3: field 0 0
2026-04-09 18:11:06.050 LOG 3: field 26 26
2026-04-09 18:11:06.100 LOG 3: field 0 0
2026-04-09 18:11:06.150 LOG 3: field 1 1
2026-04-09 18:11:06.200 LOG 3: field 0 0
2026-04-09 18:11:06.250 LOG 3: field 0 0
2026-04-09 18:11:06.300 LOG 3: field 0 0
2026-04-09 18:11:06.350 LOG 3: field 0 0
2026-04-09 18:11:06.400 LOG 3: field 0 0
2026-04-09 18:11:06.450 LOG 3: field 1 1
2026-04-09 18:11:06.500 LOG 3: field 1 1
2026-04-09 18:11:06.550 LOG 3: field 1 1
2026-04-09 18:11:06.600 LOG 3: field 0 0
2026-04-09 18:11:06.650 LOG 3: field -1 -1
2026-04-09 18:11:06.700 LOG 3: field 0 0
2026-04-09 18:11:06.750 LOG 3: field 0 0
2026-04-09 18:11:06.800 LOG 3: field 0 0
2026-04-09 18:11:06.850 LOG 3: field 0 0
2026-04-09 18:11:06.900 LOG 3: field 0 0
2026-04-09 18:11:06.950 LOG 3: field 0 0
2026-04-09 18:11:06.000 LOG 3: field 0 0
2026-04-09 18:11:06.050 LOG 3: field 0 0
2026-04-09 18:11:06.100 LOG 3: field 0 0
2026-04-09 18:11:06.150 LOG 3: field 0 0
2026-04-09 18:11:06.200 LOG 3: field 0 0
2026-04-09 18:11:06.250 LOG 3: field 0 0
2026-04-09 18:11:06.300 LOG 3: field 20260410 20260410
2026-04-09 18:11:06.350 LOG 3: field 0 0
2026-04-09 18:11:06.400 LOG 3: field 0 0
2026-04-09 18:11:06.450 LOG 3: float_fields 
2026-04-09 18:11:06.500 LOG 3: field 1.0 1.0
2026-04-09 18:11:06.550 LOG 3: field 98.67 98.67
2026-04-09 18:11:06.600 LOG 3: field 986.7 986.7
2026-04-09 18:11:06.650 LOG 3: field 0.0 0.0
2026-04-09 18:11:06.700 LOG 3: field 14.95 14.95
2026-04-09 18:11:06.750 LOG 3: field 14.47 14.47
2026-04-09 18:11:06.800 LOG 3: field 0.0 0.0
2026-04-09 18:11:06.850 LOG 3: field 0.0 0.0
2026-04-09 18:11:06.900 LOG 3: field 0.0 0.0
2026-04-09 18:11:06.950 LOG 3: field 0.0 0.0
2026-04-09 18:11:06.000 LOG 3: field 0.0 0.0
2026-04-09 18:11:06.050 LOG 3: field 0.0 0.0
2026-04-09 18:11:06.100 LOG 3: field 0 0
2026-04-09 18:11:06.150 LOG 3: field 0.0 0.0
2026-04-09 18:11:06.200 LOG 3: field 0.0 0.0
2026-04-09 18:11:06.250 LOG 3: field 0 0
2026-04-09 18:11:06.300 LOG 3: field -1 -1
2026-04-09 18:11:06.350 LOG 3: field -1 -1
2026-04-09 18:11:06.400 LOG 3: field 0 0
2026-04-09 18:11:06.450 LOG 3: field 0.0 0.0
2026-04-09 18:11:06.500 LOG 3: field 0.0 0.0
2026-04-09 18:11:06.550 LOG 3: int_fields 
2026-04-09 18:11:06.600 LOG 3: field 77924527921 77924527921
2026-04-09 18:11:06.650 LOG 3: field 77924527921 77924527921
2026-04-09 18:11:06.700 LOG 3: field 1162788 1162788
2026-04-09 18:11:06.750 LOG 3: field 0 0
2026-04-09 18:11:06.800 LOG 3: field 0 0
2026-04-09 18:11:06.850 LOG 3: field 0 0
2026-04-09 18:11:06.900 LOG 3: field 25 25
2026-04-09 18:11:06.950 LOG 3: field 0 0
2026-04-09 18:11:06.000 LOG 3: field 1 1
2026-04-09 18:11:06.050 LOG 3: field 0 0
2026-04-09 18:11:06.100 LOG 3: field 0 0
2026-04-09 18:11:06.150 LOG 3: field 0 0
2026-04-09 18:11:06.200 LOG 3: field 0 0
2026-04-09 18:11:06.250 LOG 3: field 0 0
2026-04-09 18:11:06.300 LOG 3: field 1 1
2026-04-09 18:11:06.350 LOG 3: field 1 1
2026-04-09 18:11:06.400 LOG 3: field 1 1
2026-04-09 18:11:06.450 LOG 3: field 0 0
2026-04-09 18:11:06.500 LOG 3: field -1 -1
2026-04-09 18:11:06.550 LOG 3: field 0 0
2026-04-09 18:11:06.600 LOG 3: field 0 0
2026-04-09 18:11:06.650 LOG 3: field 0 0
2026-04-09 18:11:06.700 LOG 3: field 0 0
2026-04-09 18:11:06.750 LOG 3: field 0 0
2026-04-09 18:11:06.800 LOG 3: field 0 0
2026-04-09 18:11:06.850 LOG 3: field 0 0
2026-04-09 18:11:06.900 LOG 3: field 0 0
2026-04-09 18:11:06.950 LOG 3: field 0 0
2026-04-09 18:11:06.000 LOG 3: field 0 0
2026-04-09 18:11:06.050 LOG 3: field 0 0
2026-04-09 18:11:06.100 LOG 3: field 0 0
2026-04-09 18:11:06.150 LOG 3: field 20260410 20260410
2026-04-09 18:11:06.200 LOG 3: field 0 0
2026-04-09 18:11:06.250 LOG 3: field 0 0
2026-04-09 18:11:06.300 LOG 3: float_fields 
2026-04-09 18:11:06.350 LOG 3: field 1.0 1.0
2026-04-09 18:11:06.400 LOG 3: field 98.67 98.67
2026-04-09 18:11:06.450 LOG 3: field 986.7 986.7
2026-04-09 18:11:06.500 LOG 3: field 0.0 0.0
2026-04-09 18:11:06.550 LOG 3: field 14.95 14.95
2026-04-09 18:11:06.600 LOG 3: field 14.47 14.47
2026-04-09 18:11:06.650 LOG 3: field 0.0 0.0
2026-04-09 18:11:06.700 LOG 3: field 0.0 0.0
2026-04-09 18:11:06.750 LOG 3: field 0.0 0.0
2026-04-09 18:11:06.800 LOG 3: field 0.0 0.0
2026-04-09 18:11:06.850 LOG 3: field 0.0 0.0
2026-04-09 18:11:06.900 LOG 3: field 0.0 0.0
2026-04-09 18:11:06.950 LOG 3: field 0 0
2026-04-09 18:11:06.000 LOG 3: field 0.0 0.0
2026-04-09 18:11:06.050 LOG 3: field 0.0 0.0
2026-04-09 18:11:06.100 LOG 3: field 0 0
2026-04-09 18:11:06.150 LOG 3: field -1 -1
2026-04-09 18:11:06.200 LOG 3: field -1 -1
2026-04-09 18:11:06.250 LOG 3: field 0 0
2026-04-09 18:11:06.300 LOG 3: field 0.0 0.0
2026-04-09 18:11:06.350 LOG 3: field 0.0 0.0
2026-04-09 18:11:06.400 LOG 3: int_fields 
2026-04-09 18:11:06.450 LOG 3: field 77947783631 77947783631
2026-04-09 18:11:06.500 LOG 3: field 77947783631 77947783631
2026-04-09 18:11:06.550 LOG 3: field 1162788 1162788
2026-04-09 18:11:06.600 LOG 3: field 0 0
2026-04-09 18:11:06.650 LOG 3: field 0 0
2026-04-09 18:11:06.700 LOG 3: field 9180729 9180729
2026-04-09 18:11:06.750 LOG 3: field 25 25
2026-04-09 18:11:06.800 LOG 3: field 0 0
2026-04-09 18:11:06.850 LOG 3: field 1 1
2026-04-09 18:11:06.900 LOG 3: field 0 0
2026-04-09 18:11:06.950 LOG 3: field 0 0
2026-04-09 18:11:06.000 LOG 3: field 0 0
2026-04-09 18:11:06.050 LOG 3: field 0 0
2026-04-09 18:11:06.100 LOG 3: field 0 0
2026-04-09 18:11:06.150 LOG 3: field 1 1
2026-04-09 18:11:06.200 LOG 3: field 1 1
2026-04-09 18:11:06.250 LOG 3: field 1 1
2026-04-09 18:11:06.300 LOG 3: field 0 0
2026-04-09 18:11:06.350 LOG 3: field -1 -1
2026-04-09 18:11:06.400 LOG 3: field 0 0
2026-04-09 18:11:06.450 LOG 3: field 0 0
2026-04-09 18:11:06.500 LOG 3: field 0 0
2026-04-09 18:11:06.550 LOG 3: field 0 0
2026-04-09 18:11:06.600 LOG 3: field 0 0
2026-04-09 18:11:06.650 LOG 3: field 0 0
2026-04-09 18:11:06.700 LOG 3: field 0 0
2026-04-09 18:11:06.750 LOG 3: field 0 0
2026-04-09 18:11:06.800 LOG 3: field 0 0
2026-04-09 18:11:06.850 LOG 3: field 0 0
2026-04-09 18:11:06.900 LOG 3: field 0 0
2026-04-09 18:11:06.950 LOG 3: field 0 0
2026-04-09 18:11:06.000 LOG 3: field 20260410 20260410
2026-04-09 18:11:06.050 LOG 3: field 0 0
2026-04-09 18:11:06.100 LOG 3: field 0 0
2026-04-09 18:11:06.150 LOG 3: float_fields 
2026-04-09 18:11:06.200 LOG 3: field 1.0 1.0
2026-04-09 18:11:06.250 LOG 3: field 100.99 100.99
2026-04-09 18:11:06.300 LOG 3: field 1009.9 1009.9
2026-04-09 18:11:06.350 LOG 3: field 0.0 0.0
2026-04-09 18:11:06.400 LOG 3: field 12.44 12.44
2026-04-09 18:11:06.450 LOG 3: field 28.88 28.88
2026-04-09 18:11:06.500 LOG 3: field 0.0 0.0
2026-04-09 18:11:06.550 LOG 3: field 0.0 0.0
2026-04-09 18:11:06.600 LOG 3: field 0.0 0.0
2026-04-09 18:11:06.650 LOG 3: field 0.0 0.0
2026-04-09 18:11:06.700 LOG 3: field 0.0 0.0
2026-04-09 18:11:06.750 LOG 3: field 0.0 0.0
2026-04-09 18:11:06.800 LOG 3: field 0 0
2026-04-09 18:11:06.850 LOG 3: field 0.0 0.0
2026-04-09 18:11:06.900 LOG 3: field 0.0 0.0
2026-04-09 18:11:06.950 LOG 3: field 0 0
2026-04-09 18:11:06.000 LOG 3: field -1 -1
2026-04-09 18:11:06.050 LOG 3: field -1 -1
2026-04-09 18:11:06.100 LOG 3: field 0 0
2026-04-09 18:11:06.150 LOG 3: field 0.0 0.0
2026-04-09 18:11:06.200 LOG 3: field 0.0 0.0
2026-04-09 18:11:06.250 LOG 3: int_fields 
2026-04-09 18:11:06.300 LOG 3: field 77947788055 77947788055
2026-04-09 18:11:06.350 LOG 3: field 77947788055 77947788055
2026-04-09 18:11:06.400 LOG 3: field 1162788 1162788
2026-04-09 18:11:06.450 LOG 3: field 0 0
2026-04-09 18:11:06.500 LOG 3: field 0 0
2026-04-09 18:11:06.550 LOG 3: field 9180730 9180730
2026-04-09 18:11:06.600 LOG 3: field 25 25
2026-04-09 18:11:06.650 LOG 3: field 0 0
2026-04-09 18:11:06.700 LOG 3: field 1 1
2026-04-09 18:11:06.750 LOG 3: field 0 0
2026-04-09 18:11:06.800 LOG 3: field 0 0
2026-04-09 18:11:06.850 LOG 3: field 0 0
2026-04-09 18:11:06.900 LOG 3: field 0 0
2026-04-09 18:11:06.950 LOG 3: field 0 0
2026-04-09 18:11:06.000 LOG 3: field 1 1
2026-04-09 18:11:06.050 LOG 3: field 1 1
2026-04-09 18:11:06.100 LOG 3: field 1 1
2026-04-09 18:11:06.150 LOG 3: field 0 0
2026-04-09 18:11:06.200 LOG 3: field -1 -1
2026-04-09 18:11:06.250 LOG 3: field 0 0
2026-04-09 18:11:06.300 LOG 3: field 0 0
2026-04-09 18:11:06.350 LOG 3: field 0 0
2026-04-09 18:11:06.400 LOG 3: field 0 0
2026-04-09 18:11:06.450 LOG 3: field 0 0
2026-04-09 18:11:06.500 LOG 3: field 0 0
2026-04-09 18:11:06.550 LOG 3: field 0 0
2026-04-09 18:11:06.600 LOG 3: field 0 0
2026-04-09 18:11:06.650 LOG 3: field 0 0
2026-04-09 18:11:06.700 LOG 3: field 0 0
2026-04-09 18:11:06.750 LOG 3: field 0 0
2026-04-09 18:11:06.800 LOG 3: field 0 0
2026-04-09 18:11:06.850 LOG 3: field 20260410 20260410
2026-04-09 18:11:06.900 LOG 3: field 0 0
2026-04-09 18:11:06.950 LOG 3: field 0 0
2026-04-09 18:11:06.000 LOG 3: float_fields 
2026-04-09 18:11:06.050 LOG 3: field 1.0 1.0
2026-04-09 18:11:06.100 LOG 3: field 102.9 102.9
2026-04-09 18:11:06.150 LOG 3: field 1029.0 1029.0
2026-04-09 18:11:06.200 LOG 3: field 0.0 0.0
2026-04-09 18:11:06.250 LOG 3: field 15.1 15.1
2026-04-09 18:11:06.300 LOG 3: field 65.67 65.67
2026-04-09 18:11:06.350 LOG 3: field 0.0 0.0
2026-04-09 18:11:06.400 LOG 3: field 0.0 0.0
2026-04-09 18:11:06.450 LOG 3: field 0.0 0.0
2026-04-09 18:11:06.500 LOG 3: field 0.0 0.0
2026-04-09 18:11:06.550 LOG 3: field 0.0 0.0
2026-04-09 18:11:06.600 LOG 3: field 0.0 0.0
2026-04-09 18:11:06.650 LOG 3: field 0 0
2026-04-09 18:11:06.700 LOG 3: field 0.0 0.0
2026-04-09 18:11:06.750 LOG 3: field 0.0 0.0
2026-04-09 18:11:06.800 LOG 3: field 0 0
2026-04-09 18:11:06.850 LOG 3: field -1 -1
2026-04-09 18:11:06.900 LOG 3: field -1 -1
2026-04-09 18:11:06.950 LOG 3: field 0 0
2026-04-09 18:11:06.000 LOG 3: field 0.0 0.0
2026-04-09 18:11:06.050 LOG 3: field 0.0 0.0
2026-04-09 18:11:06.100 LOG 3: int_fields 
2026-04-09 18:11:06.150 LOG 3: field 77947793758 77947793758
2026-04-09 18:11:06.200 LOG 3: field 77947793758 77947793758
2026-04-09 18:11:06.250 LOG 3: field 1162788 1162788
2026-04-09 18:11:06.300 LOG 3: field 0 0
2026-04-09 18:11:06.350 LOG 3: field 0 0
2026-04-09 18:11:06.400 LOG 3: field 9180731 9180731
2026-04-09 18:11:06.450 LOG 3: field 25 25
2026-04-09 18:11:06.500 LOG 3: field 0 0
2026-04-09 18:11:06.550 LOG 3: field 1 1
2026-04-09 18:11:06.600 LOG 3: field 0 0
2026-04-09 18:11:06.650 LOG 3: field 0 0
2026-04-09 18:11:06.700 LOG 3: field 0 0
2026-04-09 18:11:06.750 LOG 3: field 0 0
2026-04-09 18:11:06.800 LOG 3: field 0 0
2026-04-09 18:11:06.850 LOG 3: field 1 1
2026-04-09 18:11:06.900 LOG 3: field 1 1
2026-04-09 18:11:06.950 LOG 3: field 1 1
2026-04-09 18:11:06.000 LOG 3: field 0 0
2026-04-09 18:11:06.050 LOG 3: field -1 -1
2026-04-09 18:11:06.100 LOG 3: field 0 0
2026-04-09 18:11:06.150 LOG 3: field 0 0
2026-04-09 18:11:06.200 LOG 3: field 0 0
2026-04-09 18:11:06.250 LOG 3: field 0 0
2026-04-09 18:11:06.300 LOG 3: field 0 0
2026-04-09 18:11:06.350 LOG 3: field 0 0
2026-04-09 18:11:06.400 LOG 3: field 0 0
2026-04-09 18:11:06.450 LOG 3: field 0 0
2026-04-09 18:11:06.500 LOG 3: field 0 0
2026-04-09 18:11:06.550 LOG 3: field 0 0
2026-04-09 18:11:06.600 LOG 3: field 0 0
2026-04-09 18:11:06.650 LOG 3: field 0 0
2026-04-09 18:11:06.700 LOG 3: field 20260410 20260410
2026-04-09 18:11:06.750 LOG 3: field 0 0
2026-04-09 18:11:06.800 LOG 3: field 0 0
2026-04-09 18:11:06.850 LOG 3: float_fields 
2026-04-09 18:11:06.900 LOG 3: field 1.0 1.0
2026-04-09 18:11:06.950 LOG 3: field 105.89 105.89
2026-04-09 18:11:06.000 LOG 3: field 1058.9 1058.9
2026-04-09 18:11:06.050 LOG 3: field 0.0 0.0
2026-04-09 18:11:06.100 LOG 3: field 15.03 15.03
2026-04-09 18:11:06.150 LOG 3: field 8.43 8.43
2026-04-09 18:11:06.200 LOG 3: field 0.0 0.0
2026-04-09 18:11:06.250 LOG 3: field 0.0 0.0
2026-04-09 18:11:06.300 LOG 3: field 0.0 0.0
2026-04-09 18:11:06.350 LOG 3: field 0.0 0.0
2026-04-09 18:11:06.400 LOG 3: field 0.0 0.0
2026-04-09 18:11:06.450 LOG 3: field 0.0 0.0
2026-04-09 18:11:06.500 LOG 3: field 0 0
2026-04-09 18:11:06.550 LOG 3: field 0.0 0.0
2026-04-09 18:11:06.600 LOG 3: field 0.0 0.0
2026-04-09 18:11:06.650 LOG 3: field 0 0
2026-04-09 18:11:06.700 LOG 3: field -1 -1
2026-04-09 18:11:06.750 LOG 3: field -1 -1
2026-04-09 18:11:06.800 LOG 3: field 0 0
2026-04-09 18:11:06.850 LOG 3: field 0.0 0.0
2026-04-09 18:11:06.900 LOG 3: field 0.0 0.0
2026-04-09 18:11:06.000 LOG 3: int_fields 
2026-04-09 18:11:06.050 LOG 3: field 77924509061 77924509061
2026-04-09 18:11:06.100 LOG 3: field 77924509061 77924509061
2026-04-09 18:11:06.150 LOG 3: field 1162788 1162788
2026-04-09 18:11:06.200 LOG 3: field 1162788 1162788
2026-04-09 18:11:06.250 LOG 3: field 0 0
2026-04-09 18:11:06.300 LOG 3: field 0 0
2026-04-09 18:11:06.350 LOG 3: field 26 26
2026-04-09 18:11:06.400 LOG 3: field 0 0
2026-04-09 18:11:06.450 LOG 3: field 1 1
2026-04-09 18:11:06.500 LOG 3: field 0 0
2026-04-09 18:11:06.550 LOG 3: field 0 0
2026-04-09 18:11:06.600 LOG 3: field 0 0
2026-04-09 18:11:06.650 LOG 3: field 0 0
2026-04-09 18:11:06.700 LOG 3: field 0 0
2026-04-09 18:11:06.750 LOG 3: field 1 1
2026-04-09 18:11:06.800 LOG 3: field 1 1
2026-04-09 18:11:06.850 LOG 3: field 1 1
2026-04-09 18:11:06.900 LOG 3: field 0 0
2026-04-09 18:11:06.950 LOG 3: field -1 -1
2026-04-09 18:11:06.000 LOG 3: field 0 0
2026-04-09 18:11:06.050 LOG 3: field 0 0
2026-04-09 18:11:06.100 LOG 3: field 0 0
2026-04-09 18:11:06.150 LOG 3: field 0 0
2026-04-09 18:11:06.200 LOG 3: field 0 0
2026-04-09 18:11:06.250 LOG 3: field 0 0
2026-04-09 18:11:06.300 LOG 3: field 0 0
2026-04-09 18:11:06.350 LOG 3: field 0 0
2026-04-09 18:11:06.400 LOG 3: field 0 0
2026-04-09 18:11:06.450 LOG 3: field 0 0
2026-04-09 18:11:06.500 LOG 3: field 0 0
2026-04-09 18:11:06.550 LOG 3: field 0 0
2026-04-09 18:11:06.600 LOG 3: field 20260410 20260410
2026-04-09 18:11:06.650 LOG 3: field 0 0
2026-04-09 18:11:06.700 LOG 3: field 0 0
2026-04-09 18:11:06.750 LOG 3: float_fields 
2026-04-09 18:11:06.800 LOG 3: field 1.0 1.0
2026-04-09 18:11:06.850 LOG 3: field 98.67 98.67
2026-04-09 18:11:06.900 LOG 3: field 986.7 986.7
2026-04-09 18:11:06.950 LOG 3: field 0.0 0.0
2026-04-09 18:11:06.000 LOG 3: field 14.95 14.95
2026-04-09 18:11:06.050 LOG 3: field 14.47 14.47
2026-04-09 18:11:06.100 LOG 3: field 0.0 0.0
2026-04-09 18:11:06.150 LOG 3: field 0.0 0.0
2026-04-09 18:11:06.200 LOG 3: field 0.0 0.0
2026-04-09 18:11:06.250 LOG 3: field 0.0 0.0
2026-04-09 18:11:06.300 LOG 3: field 0.0 0.0
2026-04-09 18:11:06.350 LOG 3: field 0.0 0.0
2026-04-09 18:11:06.400 LOG 3: field 0 0
2026-04-09 18:11:06.450 LOG 3: field 0.0 0.0
2026-04-09 18:11:06.500 LOG 3: field 0.0 0.0
2026-04-09 18:11:06.550 LOG 3: field 0 0
2026-04-09 18:11:06.600 LOG 3: field -1 -1
2026-04-09 18:11:06.650 LOG 3: field -1 -1
2026-04-09 18:11:06.700 LOG 3: field 0 0
2026-04-09 18:11:06.750 LOG 3: field 0.0 0.0
2026-04-09 18:11:06.800 LOG 3: field 0.0 0.0
2026-04-09 18:11:06.850 LOG 3: int_fields 
2026-04-09 18:11:06.900 LOG 3: field 77924527921 77924527921
2026-04-09 18:11:06.950 LOG 3: field 77924527921 77924527921
2026-04-09 18:11:06.000 LOG 3: field 1162788 1162788
2026-04-09 18:11:06.050 LOG 3: field 0 0
2026-04-09 18:11:06.100 LOG 3: field 0 0
2026-04-09 18:11:06.150 LOG 3: field 0 0
2026-04-09 18:11:06.200 LOG 3: field 25 25
2026-04-09 18:11:06.250 LOG 3: field 0 0
2026-04-09 18:11:06.300 LOG 3: field 1 1
2026-04-09 18:11:06.350 LOG 3: field 0 0
2026-04-09 18:11:06.400 LOG 3: field 0 0
2026-04-09 18:11:06.450 LOG 3: field 0 0
2026-04-09 18:11:06.500 LOG 3: field 0 0
2026-04-09 18:11:06.550 LOG 3: field 0 0
2026-04-09 18:11:06.600 LOG 3: field 1 1
2026-04-09 18:11:06.650 LOG 3: field 1 1
2026-04-09 18:11:06.700 LOG 3: field 1 1
2026-04-09 18:11:06.750 LOG 3: field 0 0
2026-04-09 18:11:06.800 LOG 3: field -1 -1
2026-04-09 18:11:06.850 LOG 3: field 0 0
2026-04-09 18:11:06.900 LOG 3: field 0 0
2026-04-09 18:11:06.950 LOG 3: field 0 0
2026-04-09 18:11:06.000 LOG 3: field 0 0
2026-04-09 18:11:06.050 LOG 3: field 0 0
2026-04-09 18:11:06.100 LOG 3: field 0 0
2026-04-09 18:11:06.150 LOG 3: field 0 0
2026-04-09 18:11:06.200 LOG 3: field 0 0
2026-04-09 18:11:06.250 LOG 3: field 0 0
2026-04-09 18:11:06.300 LOG 3: field 0 0
2026-04-09 18:11:06.350 LOG 3: field 0 0
2026-04-09 18:11:06.400 LOG 3: field 0 0
2026-04-09 18:11:06.450 LOG 3: field 20260410 20260410
2026-04-09 18:11:06.500 LOG 3: field 0 0
2026-04-09 18:11:06.550 LOG 3: field 0 0
2026-04-09 18:11:06.600 LOG 3: float_fields 
2026-04-09 18:11:06.650 LOG 3: field 1.0 1.0
2026-04-09 18:11:06.700 LOG 3: field 98.67 98.67
2026-04-09 18:11:06.750 LOG 3: field 986.7 986.7
2026-04-09 18:11:06.800 LOG 3: field 0.0 0.0
2026-04-09 18:11:06.850 LOG 3: field 14.95 14.95
2026-04-09 18:11:06.900 LOG 3: field 14.47 14.47
2026-04-09 18:11:06.950 LOG 3: field 0.0 0.0
2026-04-09 18:11:06.000 LOG 3: field 0.0 0.0
2026-04-09 18:11:06.050 LOG 3: field 0.0 0.0
2026-04-09 18:11:06.100 LOG 3: field 0.0 0.0
2026-04-09 18:11:06.150 LOG 3: field 0.0 0.0
2026-04-09 18:11:06.200 LOG 3: field 0.0 0.0
2026-04-09 18:11:06.250 LOG 3: field 0 0
2026-04-09 18:11:06.300 LOG 3: field 0.0 0.0
2026-04-09 18:11:06.350 LOG 3: field 0.0 0.0
2026-04-09 18:11:06.400 LOG 3: field 0 0
2026-04-09 18:11:06.450 LOG 3: field -1 -1
2026-04-09 18:11:06.500 LOG 3: field -1 -1
2026-04-09 18:11:06.550 LOG 3: field 0 0
2026-04-09 18:11:06.600 LOG 3: field 0.0 0.0
2026-04-09 18:11:06.650 LOG 3: field 0.0 0.0
2026-04-09 18:11:06.700 LOG 3: int_fields 
2026-04-09 18:11:06.750 LOG 3: field 77947783631 77947783631
2026-04-09 18:11:06.800 LOG 3: field 77947783631 77947783631
2026-04-09 18:11:06.850 LOG 3: field 1162788 1162788
2026-04-09 18:11:06.900 LOG 3: field 0 0
2026-04-09 18:11:06.950 LOG 3: field 0 0
2026-04-09 18:11:06.000 LOG 3: field 9180729 9180729
2026-04-09 18:11:06.050 LOG 3: field 25 25
2026-04-09 18:11:06.100 LOG 3: field 0 0
2026-04-09 18:11:06.150 LOG 3: field 1 1
2026-04-09 18:11:06.200 LOG 3: field 0 0
2026-04-09 18:11:06.250 LOG 3: field 0 0
2026-04-09 18:11:06.300 LOG 3: field 0 0
2026-04-09 18:11:06.350 LOG 3: field 0 0
2026-04-09 18:11:06.400 LOG 3: field 0 0
2026-04-09 18:11:06.450 LOG 3: field 1 1
2026-04-09 18:11:06.500 LOG 3: field 1 1
2026-04-09 18:11:06.550 LOG 3: field 1 1
2026-04-09 18:11:06.600 LOG 3: field 0 0
2026-04-09 18:11:06.650 LOG 3: field -1 -1
2026-04-09 18:11:06.700 LOG 3: field 0 0
2026-04-09 18:11:06.750 LOG 3: field 0 0
2026-04-09 18:11:06.800 LOG 3: field 0 0
2026-04-09 18:11:06.850 LOG 3: field 0 0
2026-04-09 18:11:06.900 LOG 3: field 0 0
2026-04-09 18:11:06.950 LOG 3: field 0 0
2026-04-09 18:11:06.000 LOG 3: field 0 0
2026-04-09 18:11:06.050 LOG 3: field 0 0
2026-04-09 18:11:06.100 LOG 3: field 0 0
2026-04-09 18:11:06.150 LOG 3: field 0 0
2026-04-09 18:11:06.200 LOG 3: field 0 0
2026-04-09 18:11:06.250 LOG 3: field 0 0
2026-04-09 18:11:06.300 LOG 3: field 20260410 20260410
2026-04-09 18:11:06.350 LOG 3: field 0 0
2026-04-09 18:11:06.400 LOG 3: field 0 0
2026-04-09 18:11:06.450 LOG 3: float_fields 
2026-04-09 18:11:06.500 LOG 3: field 1.0 1.0
2026-04-09 18:11:06.550 LOG 3: field 100.99 100.99
2026-04-09 18:11:06.600 LOG 3: field 1009.9 1009.9
2026-04-09 18:11:06.650 LOG 3: field 0.0 0.0
2026-04-09 18:11:06.700 LOG 3: field 12.44 12.44
2026-04-09 18:11:06.750 LOG 3: field 28.88 28.88
2026-04-09 18:11:06.800 LOG 3: field 0.0 0.0
2026-04-09 18:11:06.850 LOG 3: field 0.0 0.0
2026-04-09 18:11:06.900 LOG 3: field 0.0 0.0
2026-04-09 18:11:06.950 LOG 3: field 0.0 0.0
2026-04-09 18:11:06.000 LOG 3: field 0.0 0.0
2026-04-09 18:11:06.050 LOG 3: field 0.0 0.0
2026-04-09 18:11:06.100 LOG 3: field 0 0
2026-04-09 18:11:06.150 LOG 3: field 0.0 0.0
2026-04-09 18:11:06.200 LOG 3: field 0.0 0.0
2026-04-09 18:11:06.250 LOG 3: field 0 0
2026-04-09 18:11:06.300 LOG 3: field -1 -1
2026-04-09 18:11:06.350 LOG 3: field -1 -1
2026-04-09 18:11:06.400 LOG 3: field 0 0
2026-04-09 18:11:06.450 LOG 3: field 0.0 0.0
2026-04-09 18:11:06.500 LOG 3: field 0.0 0.0
2026-04-09 18:11:06.550 LOG 3: int_fields 
2026-04-09 18:11:06.600 LOG 3: field 77947788055 77947788055
2026-04-09 18:11:06.650 LOG 3: field 77947788055 77947788055
2026-04-09 18:11:06.700 LOG 3: field 1162788 1162788
2026-04-09 18:11:06.750 LOG 3: field 0 0
2026-04-09 18:11:06.800 LOG 3: field 0 0
2026-04-09 18:11:06.850 LOG 3: field 9180730 9180730
2026-04-09 18:11:06.900 LOG 3: field 25 25
2026-04-09 18:11:06.950 LOG 3: field 0 0
2026-04-09 18:11:06.000 LOG 3: field 1 1
2026-04-09 18:11:06.050 LOG 3: field 0 0
2026-04-09 18:11:06.100 LOG 3: field 0 0
2026-04-09 18:11:06.150 LOG 3: field 0 0
2026-04-09 18:11:06.200 LOG 3: field 0 0
2026-04-09 18:11:06.250 LOG 3: field 0 0
2026-04-09 18:11:06.300 LOG 3: field 1 1
2026-04-09 18:11:06.350 LOG 3: field 1 1
2026-04-09 18:11:06.400 LOG 3: field 1 1
2026-04-09 18:11:06.450 LOG 3: field 0 0
2026-04-09 18:11:06.500 LOG 3: field -1 -1
2026-04-09 18:11:06.550 LOG 3: field 0 0
2026-04-09 18:11:06.600 LOG 3: field 0 0
2026-04-09 18:11:06.650 LOG 3: field 0 0
2026-04-09 18:11:06.700 LOG 3: field 0 0
2026-04-09 18:11:06.750 LOG 3: field 0 0
2026-04-09 18:11:06.800 LOG 3: field 0 0
2026-04-09 18:11:06.850 LOG 3: field 0 0
2026-04-09 18:11:06.900 LOG 3: field 0 0
2026-04-09 18:11:06.950 LOG 3: field 0 0
2026-04-09 18:11:06.000 LOG 3: field 0 0
2026-04-09 18:11:06.050 LOG 3: field 0 0
2026-04-09 18:11:06.100 LOG 3: field 0 0
2026-04-09 18:11:06.150 LOG 3: field 20260410 20260410
2026-04-09 18:11:06.200 LOG 3: field 0 0
2026-04-09 18:11:06.250 LOG 3: field 0 0
2026-04-09 18:11:06.300 LOG 3: float_fields 
2026-04-09 18:11:06.350 LOG 3: field 1.0 1.0
2026-04-09 18:11:06.400 LOG 3: field 102.9 102.9
2026-04-09 18:11:06.450 LOG 3: field 1029.0 1029.0
2026-04-09 18:11:06.500 LOG 3: field 0.0 0.0
2026-04-09 18:11:06.550 LOG 3: field 15.1 15.1
2026-04-09 18:11:06.600 LOG 3: field 65.67 65.67
2026-04-09 18:11:06.650 LOG 3: field 0.0 0.0
2026-04-09 18:11:06.700 LOG 3: field 0.0 0.0
2026-04-09 18:11:06.750 LOG 3: field 0.0 0.0
2026-04-09 18:11:06.800 LOG 3: field 0.0 0.0
2026-04-09 18:11:06.850 LOG 3: field 0.0 0.0
2026-04-09 18:11:06.900 LOG 3: field 0.0 0.0
2026-04-09 18:11:06.950 LOG 3: field 0 0
2026-04-09 18:11:06.000 LOG 3: field 0.0 0.0
2026-04-09 18:11:06.050 LOG 3: field 0.0 0.0
2026-04-09 18:11:06.100 LOG 3: field 0 0
2026-04-09 18:11:06.150 LOG 3: field -1 -1
2026-04-09 18:11:06.200 LOG 3: field -1 -1
2026-04-09 18:11:06.250 LOG 3: field 0 0
2026-04-09 18:11:06.300 LOG 3: field 0.0 0.0
2026-04-09 18:11:06.350 LOG 3: field 0.0 0.0
2026-04-09 18:11:06.400 LOG 3: int_fields 
2026-04-09 18:11:06.450 LOG 3: field 77947793758 77947793758
2026-04-09 18:11:06.500 LOG 3: field 77947793758 77947793758
2026-04-09 18:11:06.550 LOG 3: field 1162788 1162788
2026-04-09 18:11:06.600 LOG 3: field 0 0
2026-04-09 18:11:06.650 LOG 3: field 0 0
2026-04-09 18:11:06.700 LOG 3: field 9180731 9180731
2026-04-09 18:11:06.750 LOG 3: field 25 25
2026-04-09 18:11:06.800 LOG 3: field 0 0
2026-04-09 18:11:06.850 LOG 3: field 1 1
2026-04-09 18:11:06.900 LOG 3: field 0 0
2026-04-09 18:11:06.950 LOG 3: field 0 0
2026-04-09 18:11:06.000 LOG 3: field 0 0
2026-04-09 18:11:06.050 LOG 3: field 0 0
2026-04-09 18:11:06.100 LOG 3: field 0 0
2026-04-09 18:11:06.150 LOG 3: field 1 1
2026-04-09 18:11:06.200 LOG 3: field 1 1
2026-04-09 18:11:06.250 LOG 3: field 1 1
2026-04-09 18:11:06.300 LOG 3: field 0 0
2026-04-09 18:11:06.350 LOG 3: field -1 -1
2026-04-09 18:11:06.400 LOG 3: field 0 0
2026-04-09 18:11:06.450 LOG 3: field 0 0
2026-04-09 18:11:06.500 LOG 3: field 0 0
2026-04-09 18:11:06.550 LOG 3: field 0 0
2026-04-09 18:11:06.600 LOG 3: field 0 0
2026-04-09 18:11:06.650 LOG 3: field 0 0
2026-04-09 18:11:06.700 LOG 3: field 0 0
2026-04-09 18:11:06.750 LOG 3: field 0 0
2026-04-09 18:11:06.800 LOG 3: field 0 0
2026-04-09 18:11:06.850 LOG 3: field 0 0
2026-04-09 18:11:06.900 LOG 3: field 0 0
2026-04-09 18:11:06.950 LOG 3: field 0 0
2026-04-09 18:11:06.000 LOG 3: field 20260410 20260410
2026-04-09 18:11:06.050 LOG 3: field 0 0
2026-04-09 18:11:06.100 LOG 3: field 0 0
2026-04-09 18:11:06.150 LOG 3: float_fields 
2026-04-09 18:11:06.200 LOG 3: field 1.0 1.0
2026-04-09 18:11:06.250 LOG 3: field 105.89 105.89
2026-04-09 18:11:06.300 LOG 3: field 1058.9 1058.9
2026-04-09 18:11:06.350 LOG 3: field 0.0 0.0
2026-04-09 18:11:06.400 LOG 3: field 15.03 15.03
2026-04-09 18:11:06.450 LOG 3: field 8.43 8.43
2026-04-09 18:11:06.500 LOG 3: field 0.0 0.0
2026-04-09 18:11:06.550 LOG 3: field 0.0 0.0
2026-04-09 18:11:06.600 LOG 3: field 0.0 0.0
2026-04-09 18:11:06.650 LOG 3: field 0.0 0.0
2026-04-09 18:11:06.700 LOG 3: field 0.0 0.0
2026-04-09 18:11:06.750 LOG 3: field 0.0 0.0
2026-04-09 18:11:06.800 LOG 3: field 0 0
2026-04-09 18:11:06.850 LOG 3: field 0.0 0.0
2026-04-09 18:11:06.900 LOG 3: field 0.0 0.0
2026-04-09 18:11:06.950 LOG 3: field 0 0
2026-04-09 18:11:06.000 LOG 3: field -1 -1
2026-04-09 18:11:06.050 LOG 3: field -1 -1
2026-04-09 18:11:06.100 LOG 3: field 0 0
2026-04-09 18:11:06.150 LOG 3: field 0.0 0.0
2026-04-09 18:11:06.200 LOG 3: field 0.0 0.0
2026-04-09 18:11:16.500 LOG 3: int_fields 
2026-04-09 18:11:16.550 LOG 3: field 77924509061 77924509061
2026-04-09 18:11:16.600 LOG 3: field 77924509061 77924509061
2026-04-09 18:11:16.650 LOG 3: field 1162788 1162788
2026-04-09 18:11:16.700 LOG 3: field 1162788 1162788
2026-04-09 18:11:16.750 LOG 3: field 0 0
2026-04-09 18:11:16.800 LOG 3: field 0 0
2026-04-09 18:11:16.850 LOG 3: field 26 26
2026-04-09 18:11:16.900 LOG 3: field 0 0
2026-04-09 18:11:16.950 LOG 3: field 1 1
2026-04-09 18:11:16.000 LOG 3: field 0 0
2026-04-09 18:11:16.050 LOG 3: field 0 0
2026-04-09 18:11:16.100 LOG 3: field 0 0
2026-04-09 18:11:16.150 LOG 3: field 0 0
2026-04-09 18:11:16.200 LOG 3: field 0 0
2026-04-09 18:11:16.250 LOG 3: field 1 1
2026-04-09 18:11:16.300 LOG 3: field 1 1
2026-04-09 18:11:16.350 LOG 3: field 1 1
2026-04-09 18:11:16.400 LOG 3: field 0 0
2026-04-09 18:11:16.450 LOG 3: field -1 -1
2026-04-09 18:11:16.500 LOG 3: field 0 0
2026-04-09 18:11:16.550 LOG 3: field 0 0
2026-04-09 18:11:16.600 LOG 3: field 0 0
2026-04-09 18:11:16.650 LOG 3: field 0 0
2026-04-09 18:11:16.700 LOG 3: field 0 0
2026-04-09 18:11:16.750 LOG 3: field 0 0
2026-04-09 18:11:16.800 LOG 3: field 0 0
2026-04-09 18:11:16.850 LOG 3: field 0 0
2026-04-09 18:11:16.900 LOG 3: field 0 0
2026-04-09 18:11:16.950 LOG 3: field 0 0
2026-04-09 18:11:16.000 LOG 3: field 0 0
2026-04-09 18:11:16.050 LOG 3: field 0 0
2026-04-09 18:11:16.100 LOG 3: field 20260410 20260410
2026-04-09 18:11:16.150 LOG 3: field 0 0
2026-04-09 18:11:16.200 LOG 3: field 0 0
2026-04-09 18:11:16.250 LOG 3: float_fields 
2026-04-09 18:11:16.300 LOG 3: field 1.0 1.0
2026-04-09 18:11:16.350 LOG 3: field 98.67 98.67
2026-04-09 18:11:16.400 LOG 3: field 986.7 986.7
2026-04-09 18:11:16.450 LOG 3: field 0.0 0.0
2026-04-09 18:11:16.500 LOG 3: field 14.95 14.95
2026-04-09 18:11:16.550 LOG 3: field 14.47 14.47
2026-04-09 18:11:16.600 LOG 3: field 0.0 0.0
2026-04-09 18:11:16.650 LOG 3: field 0.0 0.0
2026-04-09 18:11:16.700 LOG 3: field 0.0 0.0
2026-04-09 18:11:16.750 LOG 3: field 0.0 0.0
2026-04-09 18:11:16.800 LOG 3: field 0.0 0.0
2026-04-09 18:11:16.850 LOG 3: field 0.0 0.0
2026-04-09 18:11:16.900 LOG 3: field 0 0
2026-04-09 18:11:16.950 LOG 3: field 0.0 0.0
2026-04-09 18:11:16.000 LOG 3: field 0.0 0.0
2026-04-09 18:11:16.050 LOG 3: field 0 0
2026-04-09 18:11:16.100 LOG 3: field -1 -1
2026-04-09 18:11:16.150 LOG 3: field -1 -1
2026-04-09 18:11:16.200 LOG 3: field 0 0
2026-04-09 18:11:16.250 LOG 3: field 0.0 0.0
2026-04-09 18:11:16.300 LOG 3: field 0.0 0.0
2026-04-09 18:11:16.350 LOG 3: int_fields 
2026-04-09 18:11:16.400 LOG 3: field 77924527921 77924527921
2026-04-09 18:11:16.450 LOG 3: field 77924527921 77924527921
2026-04-09 18:11:16.500 LOG 3: field 1162788 1162788
2026-04-09 18:11:16.550 LOG 3: field 0 0
2026-04-09 18:11:16.600 LOG 3: field 0 0
2026-04-09 18:11:16.650 LOG 3: field 0 0
2026-04-09 18:11:16.700 LOG 3: field 25 25
2026-04-09 18:11:16.750 LOG 3: field 0 0
2026-04-09 18:11:16.800 LOG 3: field 1 1
2026-04-09 18:11:16.850 LOG 3: field 0 0
2026-04-09 18:11:16.900 LOG 3: field 0 0
2026-04-09 18:11:16.950 LOG 3: field 0 0
2026-04-09 18:11:16.000 LOG 3: field 0 0
2026-04-09 18:11:16.050 LOG 3: field 0 0
2026-04-09 18:11:16.100 LOG 3: field 1 1
2026-04-09 18:11:16.150 LOG 3: field 1 1
2026-04-09 18:11:16.200 LOG 3: field 1 1
2026-04-09 18:11:16.250 LOG 3: field 0 0
2026-04-09 18:11:16.300 LOG 3: field -1 -1
2026-04-09 18:11:16.350 LOG 3: field 0 0
2026-04-09 18:11:16.400 LOG 3: field 0 0
2026-04-09 18:11:16.450 LOG 3: field 0 0
2026-04-09 18:11:16.500 LOG 3: field 0 0
2026-04-09 18:11:16.550 LOG 3: field 0 0
2026-04-09 18:11:16.600 LOG 3: field 0 0
2026-04-09 18:11:16.650 LOG 3: field 0 0
2026-04-09 18:11:16.700 LOG 3: field 0 0
2026-04-09 18:11:16.750 LOG 3: field 0 0
2026-04-09 18:11:16.800 LOG 3: field 0 0
2026-04-09 18:11:16.850 LOG 3: field 0 0
2026-04-09 18:11:16.900 LOG 3: field 0 0
2026-04-09 18:11:16.950 LOG 3: field 20260410 20260410
2026-04-09 18:11:16.000 LOG 3: field 0 0
2026-04-09 18:11:16.050 LOG 3: field 0 0
2026-04-09 18:11:16.100 LOG 3: float_fields 
2026-04-09 18:11:16.150 LOG 3: field 1.0 1.0
2026-04-09 18:11:16.200 LOG 3: field 98.67 98.67
2026-04-09 18:11:16.250 LOG 3: field 986.7 986.7
2026-04-09 18:11:16.300 LOG 3: field 0.0 0.0
2026-04-09 18:11:16.350 LOG 3: field 14.95 14.95
2026-04-09 18:11:16.400 LOG 3: field 14.47 14.47
2026-04-09 18:11:16.450 LOG 3: field 0.0 0.0
2026-04-09 18:11:16.500 LOG 3: field 0.0 0.0
2026-04-09 18:11:16.550 LOG 3: field 0.0 0.0
2026-04-09 18:11:16.600 LOG 3: field 0.0 0.0
2026-04-09 18:11:16.650 LOG 3: field 0.0 0.0
2026-04-09 18:11:16.700 LOG 3: field 0.0 0.0
2026-04-09 18:11:16.750 LOG 3: field 0 0
2026-04-09 18:11:16.800 LOG 3: field 0.0 0.0
2026-04-09 18:11:16.850 LOG 3: field 0.0 0.0
2026-04-09 18:11:16.900 LOG 3: field 0 0
2026-04-09 18:11:16.950 LOG 3: field -1 -1
2026-04-09 18:11:16.000 LOG 3: field -1 -1
2026-04-09 18:11:16.050 LOG 3: field 0 0
2026-04-09 18:11:16.100 LOG 3: field 0.0 0.0
2026-04-09 18:11:16.150 LOG 3: field 0.0 0.0
2026-04-09 18:11:16.200 LOG 3: int_fields 
2026-04-09 18:11:16.250 LOG 3: field 77947783631 77947783631
2026-04-09 18:11:16.300 LOG 3: field 77947783631 77947783631
2026-04-09 18:11:16.350 LOG 3: field 1162788 1162788
2026-04-09 18:11:16.400 LOG 3: field 0 0
2026-04-09 18:11:16.450 LOG 3: field 0 0
2026-04-09 18:11:16.500 LOG 3: field 9180729 9180729
2026-04-09 18:11:16.550 LOG 3: field 25 25
2026-04-09 18:11:16.600 LOG 3: field 0 0
2026-04-09 18:11:16.650 LOG 3: field 1 1
2026-04-09 18:11:16.700 LOG 3: field 0 0
2026-04-09 18:11:16.750 LOG 3: field 0 0
2026-04-09 18:11:16.800 LOG 3: field 0 0
2026-04-09 18:11:16.850 LOG 3: field 0 0
2026-04-09 18:11:16.900 LOG 3: field 0 0
2026-04-09 18:11:16.950 LOG 3: field 1 1
2026-04-09 18:11:16.000 LOG 3: field 1 1
2026-04-09 18:11:16.050 LOG 3: field 1 1
2026-04-09 18:11:16.100 LOG 3: field 0 0
2026-04-09 18:11:16.150 LOG 3: field -1 -1
2026-04-09 18:11:16.200 LOG 3: field 0 0
2026-04-09 18:11:16.250 LOG 3: field 0 0
2026-04-09 18:11:16.300 LOG 3: field 0 0
2026-04-09 18:11:16.350 LOG 3: field 0 0
2026-04-09 18:11:16.400 LOG 3: field 0 0
2026-04-09 18:11:16.450 LOG 3: field 0 0
2026-04-09 18:11:16.500 LOG 3: field 0 0
2026-04-09 18:11:16.550 LOG 3: field 0 0
2026-04-09 18:11:16.600 LOG 3: field 0 0
2026-04-09 18:11:16.650 LOG 3: field 0 0
2026-04-09 18:11:16.700 LOG 3: field 0 0
2026-04-09 18:11:16.750 LOG 3: field 0 0
2026-04-09 18:11:16.800 LOG 3: field 20260410 20260410
2026-04-09 18:11:16.850 LOG 3: field 0 0
2026-04-09 18:11:16.900 LOG 3: field 0 0
2026-04-09 18:11:16.950 LOG 3: float_fields 
2026-04-09 18:11:16.000 LOG 3: field 1.0 1.0
2026-04-09 18:11:16.050 LOG 3: field 100.99 100.99
2026-04-09 18:11:16.100 LOG 3: field 1009.9 1009.9
2026-04-09 18:11:16.150 LOG 3: field 0.0 0.0
2026-04-09 18:11:16.200 LOG 3: field 12.44 12.44
2026-04-09 18:11:16.250 LOG 3: field 28.88 28.88
2026-04-09 18:11:16.300 LOG 3: field 0.0 0.0
2026-04-09 18:11:16.350 LOG 3: field 0.0 0.0
2026-04-09 18:11:16.400 LOG 3: field 0.0 0.0
2026-04-09 18:11:16.450 LOG 3: field 0.0 0.0
2026-04-09 18:11:16.500 LOG 3: field 0.0 0.0
2026-04-09 18:11:16.550 LOG 3: field 0.0 0.0
2026-04-09 18:11:16.600 LOG 3: field 0 0
2026-04-09 18:11:16.650 LOG 3: field 0.0 0.0
2026-04-09 18:11:16.700 LOG 3: field 0.0 0.0
2026-04-09 18:11:16.750 LOG 3: field 0 0
2026-04-09 18:11:16.800 LOG 3: field -1 -1
2026-04-09 18:11:16.850 LOG 3: field -1 -1
2026-04-09 18:11:16.900 LOG 3: field 0 0
2026-04-09 18:11:16.950 LOG 3: field 0.0 0.0
2026-04-09 18:11:16.000 LOG 3: field 0.0 0.0
2026-04-09 18:11:16.050 LOG 3: int_fields 
2026-04-09 18:11:16.100 LOG 3: field 77947788055 77947788055
2026-04-09 18:11:16.150 LOG 3: field 77947788055 77947788055
2026-04-09 18:11:16.200 LOG 3: field 1162788 1162788
2026-04-09 18:11:16.250 LOG 3: field 0 0
2026-04-09 18:11:16.300 LOG 3: field 0 0
2026-04-09 18:11:16.350 LOG 3: field 9180730 9180730
2026-04-09 18:11:16.400 LOG 3: field 25 25
2026-04-09 18:11:16.450 LOG 3: field 0 0
2026-04-09 18:11:16.500 LOG 3: field 1 1
2026-04-09 18:11:16.550 LOG 3: field 0 0
2026-04-09 18:11:16.600 LOG 3: field 0 0
2026-04-09 18:11:16.650 LOG 3: field 0 0
2026-04-09 18:11:16.700 LOG 3: field 0 0
2026-04-09 18:11:16.750 LOG 3: field 0 0
2026-04-09 18:11:16.800 LOG 3: field 1 1
2026-04-09 18:11:16.850 LOG 3: field 1 1
2026-04-09 18:11:16.900 LOG 3: field 1 1
2026-04-09 18:11:16.950 LOG 3: field 0 0
2026-04-09 18:11:16.000 LOG 3: field -1 -1
2026-04-09 18:11:16.050 LOG 3: field 0 0
2026-04-09 18:11:16.100 LOG 3: field 0 0
2026-04-09 18:11:16.150 LOG 3: field 0 0
2026-04-09 18:11:16.200 LOG 3: field 0 0
2026-04-09 18:11:16.250 LOG 3: field 0 0
2026-04-09 18:11:16.300 LOG 3: field 0 0
2026-04-09 18:11:16.350 LOG 3: field 0 0
2026-04-09 18:11:16.400 LOG 3: field 0 0
2026-04-09 18:11:16.450 LOG 3: field 0 0
2026-04-09 18:11:16.500 LOG 3: field 0 0
2026-04-09 18:11:16.550 LOG 3: field 0 0
2026-04-09 18:11:16.600 LOG 3: field 0 0
2026-04-09 18:11:16.650 LOG 3: field 20260410 20260410
2026-04-09 18:11:16.700 LOG 3: field 0 0
2026-04-09 18:11:16.750 LOG 3: field 0 0
2026-04-09 18:11:16.800 LOG 3: float_fields 
2026-04-09 18:11:16.850 LOG 3: field 1.0 1.0
2026-04-09 18:11:16.900 LOG 3: field 102.9 102.9
2026-04-09 18:11:16.950 LOG 3: field 1029.0 1029.0
2026-04-09 18:11:16.000 LOG 3: field 0.0 0.0
2026-04-09 18:11:16.050 LOG 3: field 15.1 15.1
2026-04-09 18:11:16.100 LOG 3: field 65.67 65.67
2026-04-09 18:11:16.150 LOG 3: field 0.0 0.0
2026-04-09 18:11:16.200 LOG 3: field 0.0 0.0
2026-04-09 18:11:16.250 LOG 3: field 0.0 0.0
2026-04-09 18:11:16.300 LOG 3: field 0.0 0.0
2026-04-09 18:11:16.350 LOG 3: field 0.0 0.0
2026-04-09 18:11:16.400 LOG 3: field 0.0 0.0
2026-04-09 18:11:16.450 LOG 3: field 0 0
2026-04-09 18:11:16.500 LOG 3: field 0.0 0.0
2026-04-09 18:11:16.550 LOG 3: field 0.0 0.0
2026-04-09 18:11:16.600 LOG 3: field 0 0
2026-04-09 18:11:16.650 LOG 3: field -1 -1
2026-04-09 18:11:16.700 LOG 3: field -1 -1
2026-04-09 18:11:16.750 LOG 3: field 0 0
2026-04-09 18:11:16.800 LOG 3: field 0.0 0.0
2026-04-09 18:11:16.850 LOG 3: field 0.0 0.0
2026-04-09 18:11:16.900 LOG 3: int_fields 
2026-04-09 18:11:16.950 LOG 3: field 77947793758 77947793758
2026-04-09 18:11:16.000 LOG 3: field 77947793758 77947793758
2026-04-09 18:11:16.050 LOG 3: field 1162788 1162788
2026-04-09 18:11:16.100 LOG 3: field 0 0
2026-04-09 18:11:16.150 LOG 3: field 0 0
2026-04-09 18:11:16.200 LOG 3: field 9180731 9180731
2026-04-09 18:11:16.250 LOG 3: field 25 25
2026-04-09 18:11:16.300 LOG 3: field 0 0
2026-04-09 18:11:16.350 LOG 3: field 1 1
2026-04-09 18:11:16.400 LOG 3: field 0 0
2026-04-09 18:11:16.450 LOG 3: field 0 0
2026-04-09 18:11:16.500 LOG 3: field 0 0
2026-04-09 18:11:16.550 LOG 3: field 0 0
2026-04-09 18:11:16.600 LOG 3: field 0 0
2026-04-09 18:11:16.650 LOG 3: field 1 1
2026-04-09 18:11:16.700 LOG 3: field 1 1
2026-04-09 18:11:16.750 LOG 3: field 1 1
2026-04-09 18:11:16.800 LOG 3: field 0 0
2026-04-09 18:11:16.850 LOG 3: field -1 -1
2026-04-09 18:11:16.900 LOG 3: field 0 0
2026-04-09 18:11:16.950 LOG 3: field 0 0
2026-04-09 18:11:16.000 LOG 3: field 0 0
2026-04-09 18:11:16.050 LOG 3: field 0 0
2026-04-09 18:11:16.100 LOG 3: field 0 0
2026-04-09 18:11:16.150 LOG 3: field 0 0
2026-04-09 18:11:16.200 LOG 3: field 0 0
2026-04-09 18:11:16.250 LOG 3: field 0 0
2026-04-09 18:11:16.300 LOG 3: field 0 0
2026-04-09 18:11:16.350 LOG 3: field 0 0
2026-04-09 18:11:16.400 LOG 3: field 0 0
2026-04-09 18:11:16.450 LOG 3: field 0 0
2026-04-09 18:11:16.500 LOG 3: field 20260410 20260410
2026-04-09 18:11:16.550 LOG 3: field 0 0
2026-04-09 18:11:16.600 LOG 3: field 0 0
2026-04-09 18:11:16.650 LOG 3: float_fields 
2026-04-09 18:11:16.700 LOG 3: field 1.0 1.0
2026-04-09 18:11:16.750 LOG 3: field 105.89 105.89
2026-04-09 18:11:16.800 LOG 3: field 1058.9 1058.9
2026-04-09 18:11:16.850 LOG 3: field 0.0 0.0
2026-04-09 18:11:16.900 LOG 3: field 15.03 15.03
2026-04-09 18:11:16.950 LOG 3: field 8.43 8.43
2026-04-09 18:11:16.000 LOG 3: field 0.0 0.0
2026-04-09 18:11:16.050 LOG 3: field 0.0 0.0
2026-04-09 18:11:16.100 LOG 3: field 0.0 0.0
2026-04-09 18:11:16.150 LOG 3: field 0.0 0.0
2026-04-09 18:11:16.200 LOG 3: field 0.0 0.0
2026-04-09 18:11:16.250 LOG 3: field 0.0 0.0
2026-04-09 18:11:16.300 LOG 3: field 0 0
2026-04-09 18:11:16.350 LOG 3: field 0.0 0.0
2026-04-09 18:11:16.400 LOG 3: field 0.0 0.0
2026-04-09 18:11:16.450 LOG 3: field 0 0
2026-04-09 18:11:16.500 LOG 3: field -1 -1
2026-04-09 18:11:16.550 LOG 3: field -1 -1
2026-04-09 18:11:16.600 LOG 3: field 0 0
2026-04-09 18:11:16.650 LOG 3: field 0.0 0.0
2026-04-09 18:11:16.700 LOG 3: field 0.0 0.0
2026-04-09 18:11:16.800 LOG 3: int_fields 
2026-04-09 18:11:16.850 LOG 3: field 77924509061 77924509061
2026-04-09 18:11:16.900 LOG 3: field 77924509061 77924509061
2026-04-09 18:11:16.950 LOG 3: field 1162788 1162788
2026-04-09 18:11:16.000 LOG 3: field 1162788 1162788
2026-04-09 18:11:16.050 LOG 3: field 0 0
2026-04-09 18:11:16.100 LOG 3: field 0 0
2026-04-09 18:11:16.150 LOG 3: field 26 26
2026-04-09 18:11:16.200 LOG 3: field 0 0
2026-04-09 18:11:16.250 LOG 3: field 1 1
2026-04-09 18:11:16.300 LOG 3: field 0 0
2026-04-09 18:11:16.350 LOG 3: field 0 0
2026-04-09 18:11:16.400 LOG 3: field 0 0
2026-04-09 18:11:16.450 LOG 3: field 0 0
2026-04-09 18:11:16.500 LOG 3: field 0 0
2026-04-09 18:11:16.550 LOG 3: field 1 1
2026-04-09 18:11:16.600 LOG 3: field 1 1
2026-04-09 18:11:16.650 LOG 3: field 1 1
2026-04-09 18:11:16.700 LOG 3: field 0 0
2026-04-09 18:11:16.750 LOG 3: field -1 -1
2026-04-09 18:11:16.800 LOG 3: field 0 0
2026-04-09 18:11:16.850 LOG 3: field 0 0
2026-04-09 18:11:16.900 LOG 3: field 0 0
2026-04-09 18:11:16.950 LOG 3: field 0 0
2026-04-09 18:11:16.000 LOG 3: field 0 0
2026-04-09 18:11:16.050 LOG 3: field 0 0
2026-04-09 18:11:16.100 LOG 3: field 0 0
2026-04-09 18:11:16.150 LOG 3: field 0 0
2026-04-09 18:11:16.200 LOG 3: field 0 0
2026-04-09 18:11:16.250 LOG 3: field 0 0
2026-04-09 18:11:16.300 LOG 3: field 0 0
2026-04-09 18:11:16.350 LOG 3: field 0 0
2026-04-09 18:11:16.400 LOG 3: field 20260410 20260410
2026-04-09 18:11:16.450 LOG 3: field 0 0
2026-04-09 18:11:16.500 LOG 3: field 0 0
2026-04-09 18:11:16.550 LOG 3: float_fields 
2026-04-09 18:11:16.600 LOG 3: field 1.0 1.0
2026-04-09 18:11:16.650 LOG 3: field 98.67 98.67
2026-04-09 18:11:16.700 LOG 3: field 986.7 986.7
2026-04-09 18:11:16.750 LOG 3: field 0.0 0.0
2026-04-09 18:11:16.800 LOG 3: field 14.95 14.95
2026-04-09 18:11:16.850 LOG 3: field 14.47 14.47
2026-04-09 18:11:16.900 LOG 3: field 0.0 0.0
2026-04-09 18:11:16.950 LOG 3: field 0.0 0.0
2026-04-09 18:11:16.000 LOG 3: field 0.0 0.0
2026-04-09 18:11:16.050 LOG 3: field 0.0 0.0
2026-04-09 18:11:16.100 LOG 3: field 0.0 0.0
2026-04-09 18:11:16.150 LOG 3: field 0.0 0.0
2026-04-09 18:11:16.200 LOG 3: field 0 0
2026-04-09 18:11:16.250 LOG 3: field 0.0 0.0
2026-04-09 18:11:16.300 LOG 3: field 0.0 0.0
2026-04-09 18:11:16.350 LOG 3: field 0 0
2026-04-09 18:11:16.400 LOG 3: field -1 -1
2026-04-09 18:11:16.450 LOG 3: field -1 -1
2026-04-09 18:11:16.500 LOG 3: field 0 0
2026-04-09 18:11:16.550 LOG 3: field 0.0 0.0
2026-04-09 18:11:16.600 LOG 3: field 0.0 0.0
2026-04-09 18:11:16.650 LOG 3: int_fields 
2026-04-09 18:11:16.700 LOG 3: field 77924527921 77924527921
2026-04-09 18:11:16.750 LOG 3: field 77924527921 77924527921
2026-04-09 18:11:16.800 LOG 3: field 1162788 1162788
2026-04-09 18:11:16.850 LOG 3: field 0 0
2026-04-09 18:11:16.900 LOG 3: field 0 0
2026-04-09 18:11:16.950 LOG 3: field 0 0
2026-04-09 18:11:16.000 LOG 3: field 25 25
2026-04-09 18:11:16.050 LOG 3: field 0 0
2026-04-09 18:11:16.100 LOG 3: field 1 1
2026-04-09 18:11:16.150 LOG 3: field 0 0
2026-04-09 18:11:16.200 LOG 3: field 0 0
2026-04-09 18:11:16.250 LOG 3: field 0 0
2026-04-09 18:11:16.300 LOG 3: field 0 0
2026-04-09 18:11:16.350 LOG 3: field 0 0
2026-04-09 18:11:16.400 LOG 3: field 1 1
2026-04-09 18:11:16.450 LOG 3: field 1 1
2026-04-09 18:11:16.500 LOG 3: field 1 1
2026-04-09 18:11:16.550 LOG 3: field 0 0
2026-04-09 18:11:16.600 LOG 3: field -1 -1
2026-04-09 18:11:16.650 LOG 3: field 0 0
2026-04-09 18:11:16.700 LOG 3: field 0 0
2026-04-09 18:11:16.750 LOG 3: field 0 0
2026-04-09 18:11:16.800 LOG 3: field 0 0
2026-04-09 18:11:16.850 LOG 3: field 0 0
2026-04-09 18:11:16.900 LOG 3: field 0 0
2026-04-09 18:11:16.950 LOG 3: field 0 0
2026-04-09 18:11:16.000 LOG 3: field 0 0
2026-04-09 18:11:16.050 LOG 3: field 0 0
2026-04-09 18:11:16.100 LOG 3: field 0 0
2026-04-09 18:11:16.150 LOG 3: field 0 0
2026-04-09 18:11:16.200 LOG 3: field 0 0
2026-04-09 18:11:16.250 LOG 3: field 20260410 20260410
2026-04-09 18:11:16.300 LOG 3: field 0 0
2026-04-09 18:11:16.350 LOG 3: field 0 0
2026-04-09 18:11:16.400 LOG 3: float_fields 
2026-04-09 18:11:16.450 LOG 3: field 1.0 1.0
2026-04-09 18:11:16.500 LOG 3: field 98.67 98.67
2026-04-09 18:11:16.550 LOG 3: field 986.7 986.7
2026-04-09 18:11:16.600 LOG 3: field 0.0 0.0
2026-04-09 18:11:16.650 LOG 3: field 14.95 14.95
2026-04-09 18:11:16.700 LOG 3: field 14.47 14.47
2026-04-09 18:11:16.750 LOG 3: field 0.0 0.0
2026-04-09 18:11:16.800 LOG 3: field 0.0 0.0
2026-04-09 18:11:16.850 LOG 3: field 0.0 0.0
2026-04-09 18:11:16.900 LOG 3: field 0.0 0.0
2026-04-09 18:11:16.950 LOG 3: field 0.0 0.0
2026-04-09 18:11:16.000 LOG 3: field 0.0 0.0
2026-04-09 18:11:16.050 LOG 3: field 0 0
2026-04-09 18:11:16.100 LOG 3: field 0.0 0.0
2026-04-09 18:11:16.150 LOG 3: field 0.0 0.0
2026-04-09 18:11:16.200 LOG 3: field 0 0
2026-04-09 18:11:16.250 LOG 3: field -1 -1
2026-04-09 18:11:16.300 LOG 3: field -1 -1
2026-04-09 18:11:16.350 LOG 3: field 0 0
2026-04-09 18:11:16.400 LOG 3: field 0.0 0.0
2026-04-09 18:11:16.450 LOG 3: field 0.0 0.0
2026-04-09 18:11:16.500 LOG 3: int_fields 
2026-04-09 18:11:16.550 LOG 3: field 77947783631 77947783631
2026-04-09 18:11:16.600 LOG 3: field 77947783631 77947783631
2026-04-09 18:11:16.650 LOG 3: field 1162788 1162788
2026-04-09 18:11:16.700 LOG 3: field 0 0
2026-04-09 18:11:16.750 LOG 3: field 0 0
2026-04-09 18:11:16.800 LOG 3: field 9180729 9180729
2026-04-09 18:11:16.850 LOG 3: field 25 25
2026-04-09 18:11:16.900 LOG 3: field 0 0
2026-04-09 18:11:16.950 LOG 3: field 1 1
2026-04-09 18:11:16.000 LOG 3: field 0 0
2026-04-09 18:11:16.050 LOG 3: field 0 0
2026-04-09 18:11:16.100 LOG 3: field 0 0
2026-04-09 18:11:16.150 LOG 3: field 0 0
2026-04-09 18:11:16.200 LOG 3: field 0 0
2026-04-09 18:11:16.250 LOG 3: field 1 1
2026-04-09 18:11:16.300 LOG 3: field 1 1
2026-04-09 18:11:16.350 LOG 3: field 1 1
2026-04-09 18:11:16.400 LOG 3: field 0 0
2026-04-09 18:11:16.450 LOG 3: field -1 -1
2026-04-09 18:11:16.500 LOG 3: field 0 0
2026-04-09 18:11:16.550 LOG 3: field 0 0
2026-04-09 18:11:16.600 LOG 3: field 0 0
2026-04-09 18:11:16.650 LOG 3: field 0 0
2026-04-09 18:11:16.700 LOG 3: field 0 0
2026-04-09 18:11:16.750 LOG 3: field 0 0
2026-04-09 18:11:16.800 LOG 3: field 0 0
2026-04-09 18:11:16.850 LOG 3: field 0 0
2026-04-09 18:11:16.900 LOG 3: field 0 0
2026-04-09 18:11:16.950 LOG 3: field 0 0
2026-04-09 18:11:16.000 LOG 3: field 0 0
2026-04-09 18:11:16.050 LOG 3: field 0 0
2026-04-09 18:11:16.100 LOG 3: field 20260410 20260410
2026-04-09 18:11:16.150 LOG 3: field 0 0
2026-04-09 18:11:16.200 LOG 3: field 0 0
2026-04-09 18:11:16.250 LOG 3: float_fields 
2026-04-09 18:11:16.300 LOG 3: field 1.0 1.0
2026-04-09 18:11:16.350 LOG 3: field 100.99 100.99
2026-04-09 18:11:16.400 LOG 3: field 1009.9 1009.9
2026-04-09 18:11:16.450 LOG 3: field 0.0 0.0
2026-04-09 18:11:16.500 LOG 3: field 12.44 12.44
2026-04-09 18:11:16.550 LOG 3: field 28.88 28.88
2026-04-09 18:11:16.600 LOG 3: field 0.0 0.0
2026-04-09 18:11:16.650 LOG 3: field 0.0 0.0
2026-04-09 18:11:16.700 LOG 3: field 0.0 0.0
2026-04-09 18:11:16.750 LOG 3: field 0.0 0.0
2026-04-09 18:11:16.800 LOG 3: field 0.0 0.0
2026-04-09 18:11:16.850 LOG 3: field 0.0 0.0
2026-04-09 18:11:16.900 LOG 3: field 0 0
2026-04-09 18:11:16.950 LOG 3: field 0.0 0.0
2026-04-09 18:11:16.000 LOG 3: field 0.0 0.0
2026-04-09 18:11:16.050 LOG 3: field 0 0
2026-04-09 18:11:16.100 LOG 3: field -1 -1
2026-04-09 18:11:16.150 LOG 3: field -1 -1
2026-04-09 18:11:16.200 LOG 3: field 0 0
2026-04-09 18:11:16.250 LOG 3: field 0.0 0.0
2026-04-09 18:11:16.300 LOG 3: field 0.0 0.0
2026-04-09 18:11:16.350 LOG 3: int_fields 
2026-04-09 18:11:16.400 LOG 3: field 77947788055 77947788055
2026-04-09 18:11:16.450 LOG 3: field 77947788055 77947788055
2026-04-09 18:11:16.500 LOG 3: field 1162788 1162788
2026-04-09 18:11:16.550 LOG 3: field 0 0
2026-04-09 18:11:16.600 LOG 3: field 0 0
2026-04-09 18:11:16.650 LOG 3: field 9180730 9180730
2026-04-09 18:11:16.700 LOG 3: field 25 25
2026-04-09 18:11:16.750 LOG 3: field 0 0
2026-04-09 18:11:16.800 LOG 3: field 1 1
2026-04-09 18:11:16.850 LOG 3: field 0 0
2026-04-09 18:11:16.900 LOG 3: field 0 0
2026-04-09 18:11:16.950 LOG 3: field 0 0
2026-04-09 18:11:16.000 LOG 3: field 0 0
2026-04-09 18:11:16.050 LOG 3: field 0 0
2026-04-09 18:11:16.100 LOG 3: field 1 1
2026-04-09 18:11:16.150 LOG 3: field 1 1
2026-04-09 18:11:16.200 LOG 3: field 1 1
2026-04-09 18:11:16.250 LOG 3: field 0 0
2026-04-09 18:11:16.300 LOG 3: field -1 -1
2026-04-09 18:11:16.350 LOG 3: field 0 0
2026-04-09 18:11:16.400 LOG 3: field 0 0
2026-04-09 18:11:16.450 LOG 3: field 0 0
2026-04-09 18:11:16.500 LOG 3: field 0 0
2026-04-09 18:11:16.550 LOG 3: field 0 0
2026-04-09 18:11:16.600 LOG 3: field 0 0
2026-04-09 18:11:16.650 LOG 3: field 0 0
2026-04-09 18:11:16.700 LOG 3: field 0 0
2026-04-09 18:11:16.750 LOG 3: field 0 0
2026-04-09 18:11:16.800 LOG 3: field 0 0
2026-04-09 18:11:16.850 LOG 3: field 0 0
2026-04-09 18:11:16.900 LOG 3: field 0 0
2026-04-09 18:11:16.950 LOG 3: field 20260410 20260410
2026-04-09 18:11:16.000 LOG 3: field 0 0
2026-04-09 18:11:16.050 LOG 3: field 0 0
2026-04-09 18:11:16.100 LOG 3: float_fields 
2026-04-09 18:11:16.150 LOG 3: field 1.0 1.0
2026-04-09 18:11:16.200 LOG 3: field 102.9 102.9
2026-04-09 18:11:16.250 LOG 3: field 1029.0 1029.0
2026-04-09 18:11:16.300 LOG 3: field 0.0 0.0
2026-04-09 18:11:16.350 LOG 3: field 15.1 15.1
2026-04-09 18:11:16.400 LOG 3: field 65.67 65.67
2026-04-09 18:11:16.450 LOG 3: field 0.0 0.0
2026-04-09 18:11:16.500 LOG 3: field 0.0 0.0
2026-04-09 18:11:16.550 LOG 3: field 0.0 0.0
2026-04-09 18:11:16.600 LOG 3: field 0.0 0.0
2026-04-09 18:11:16.650 LOG 3: field 0.0 0.0
2026-04-09 18:11:16.700 LOG 3: field 0.0 0.0
2026-04-09 18:11:16.750 LOG 3: field 0 0
2026-04-09 18:11:16.800 LOG 3: field 0.0 0.0
2026-04-09 18:11:16.850 LOG 3: field 0.0 0.0
2026-04-09 18:11:16.900 LOG 3: field 0 0
2026-04-09 18:11:16.950 LOG 3: field -1 -1
2026-04-09 18:11:16.000 LOG 3: field -1 -1
2026-04-09 18:11:16.050 LOG 3: field 0 0
2026-04-09 18:11:16.100 LOG 3: field 0.0 0.0
2026-04-09 18:11:16.150 LOG 3: field 0.0 0.0
2026-04-09 18:11:16.200 LOG 3: int_fields 
2026-04-09 18:11:16.250 LOG 3: field 77947793758 77947793758
2026-04-09 18:11:16.300 LOG 3: field 77947793758 77947793758
2026-04-09 18:11:16.350 LOG 3: field 1162788 1162788
2026-04-09 18:11:16.400 LOG 3: field 0 0
2026-04-09 18:11:16.450 LOG 3: field 0 0
2026-04-09 18:11:16.500 LOG 3: field 9180731 9180731
2026-04-09 18:11:16.550 LOG 3: field 25 25
2026-04-09 18:11:16.600 LOG 3: field 0 0
2026-04-09 18:11:16.650 LOG 3: field 1 1
2026-04-09 18:11:16.700 LOG 3: field 0 0
2026-04-09 18:11:16.750 LOG 3: field 0 0
2026-04-09 18:11:16.800 LOG 3: field 0 0
2026-04-09 18:11:16.850 LOG 3: field 0 0
2026-04-09 18:11:16.900 LOG 3: field 0 0
2026-04-09 18:11:16.950 LOG 3: field 1 1
2026-04-09 18:11:16.000 LOG 3: field 1 1
2026-04-09 18:11:16.050 LOG 3: field 1 1
2026-04-09 18:11:16.100 LOG 3: field 0 0
2026-04-09 18:11:16.150 LOG 3: field -1 -1
2026-04-09 18:11:16.200 LOG 3: field 0 0
2026-04-09 18:11:16.250 LOG 3: field 0 0
2026-04-09 18:11:16.300 LOG 3: field 0 0
2026-04-09 18:11:16.350 LOG 3: field 0 0
2026-04-09 18:11:16.400 LOG 3: field 0 0
2026-04-09 18:11:16.450 LOG 3: field 0 0
2026-04-09 18:11:16.500 LOG 3: field 0 0
2026-04-09 18:11:16.550 LOG 3: field 0 0
2026-04-09 18:11:16.600 LOG 3: field 0 0
2026-04-09 18:11:16.650 LOG 3: field 0 0
2026-04-09 18:11:16.700 LOG 3: field 0 0
2026-04-09 18:11:16.750 LOG 3: field 0 0
2026-04-09 18:11:16.800 LOG 3: field 20260410 20260410
2026-04-09 18:11:16.850 LOG 3: field 0 0
2026-04-09 18:11:16.900 LOG 3: field 0 0
2026-04-09 18:11:16.950 LOG 3: float_fields 
2026-04-09 18:11:16.000 LOG 3: field 1.0 1.0
2026-04-09 18:11:16.050 LOG 3: field 105.89 105.89
2026-04-09 18:11:16.100 LOG 3: field 1058.9 1058.9
2026-04-09 18:11:16.150 LOG 3: field 0.0 0.0
2026-04-09 18:11:16.200 LOG 3: field 15.03 15.03
2026-04-09 18:11:16.250 LOG 3: field 8.43 8.43
2026-04-09 18:11:16.300 LOG 3: field 0.0 0.0
2026-04-09 18:11:16.350 LOG 3: field 0.0 0.0
2026-04-09 18:11:16.400 LOG 3: field 0.0 0.0
2026-04-09 18:11:16.450 LOG 3: field 0.0 0.0
2026-04-09 18:11:16.500 LOG 3: field 0.0 0.0
2026-04-09 18:11:16.550 LOG 3: field 0.0 0.0
2026-04-09 18:11:16.600 LOG 3: field 0 0
2026-04-09 18:11:16.650 LOG 3: field 0.0 0.0
2026-04-09 18:11:16.700 LOG 3: field 0.0 0.0
2026-04-09 18:11:16.750 LOG 3: field 0 0
2026-04-09 18:11:16.800 LOG 3: field -1 -1
2026-04-09 18:11:16.850 LOG 3: field -1 -1
2026-04-09 18:11:16.900 LOG 3: field 0 0
2026-04-09 18:11:16.950 LOG 3: field 0.0 0.0
2026-04-09 18:11:16.000 LOG 3: field 0.0 0.0
2026-04-09 18:11:26.800 LOG 3: int_fields 
2026-04-09 18:11:26.850 LOG 3: field 77924509061 77924509061
2026-04-09 18:11:26.900 LOG 3: field 77924509061 77924509061
2026-04-09 18:11:26.950 LOG 3: field 1162788 1162788
2026-04-09 18:11:26.000 LOG 3: field 1162788 1162788
2026-04-09 18:11:26.050 LOG 3: field 0 0
2026-04-09 18:11:26.100 LOG 3: field 0 0
2026-04-09 18:11:26.150 LOG 3: field 26 26
2026-04-09 18:11:26.200 LOG 3: field 0 0
2026-04-09 18:11:26.250 LOG 3: field 1 1
2026-04-09 18:11:26.300 LOG 3: field 0 0
2026-04-09 18:11:26.350 LOG 3: field 0 0
2026-04-09 18:11:26.400 LOG 3: field 0 0
2026-04-09 18:11:26.450 LOG 3: field 0 0
2026-04-09 18:11:26.500 LOG 3: field 0 0
2026-04-09 18:11:26.550 LOG 3: field 1 1
2026-04-09 18:11:26.600 LOG 3: field 1 1
2026-04-09 18:11:26.650 LOG 3: field 1 1
2026-04-09 18:11:26.700 LOG 3: field 0 0
2026-04-09 18:11:26.750 LOG 3: field -1 -1
2026-04-09 18:11:26.800 LOG 3: field 0 0
2026-04-09 18:11:26.850 LOG 3: field 0 0
2026-04-09 18:11:26.900 LOG 3: field 0 0
2026-04-09 18:11:26.950 LOG 3: field 0 0
2026-04-09 18:11:26.000 LOG 3: field 0 0
2026-04-09 18:11:26.050 LOG 3: field 0 0
2026-04-09 18:11:26.100 LOG 3: field 0 0
2026-04-09 18:11:26.150 LOG 3: field 0 0
2026-04-09 18:11:26.200 LOG 3: field 0 0
2026-04-09 18:11:26.250 LOG 3: field 0 0
2026-04-09 18:11:26.300 LOG 3: field 0 0
2026-04-09 18:11:26.350 LOG 3: field 0 0
2026-04-09 18:11:26.400 LOG 3: field 20260410 20260410
2026-04-09 18:11:26.450 LOG 3: field 0 0
2026-04-09 18:11:26.500 LOG 3: field 0 0
2026-04-09 18:11:26.550 LOG 3: float_fields 
2026-04-09 18:11:26.600 LOG 3: field 1.0 1.0
2026-04-09 18:11:26.650 LOG 3: field 98.67 98.67
2026-04-09 18:11:26.700 LOG 3: field 986.7 986.7
2026-04-09 18:11:26.750 LOG 3: field 0.0 0.0
2026-04-09 18:11:26.800 LOG 3: field 14.95 14.95
2026-04-09 18:11:26.850 LOG 3: field 14.47 14.47
2026-04-09 18:11:26.900 LOG 3: field 0.0 0.0
2026-04-09 18:11:26.950 LOG 3: field 0.0 0.0
2026-04-09 18:11:26.000 LOG 3: field 0.0 0.0
2026-04-09 18:11:26.050 LOG 3: field 0.0 0.0
2026-04-09 18:11:26.100 LOG 3: field 0.0 0.0
2026-04-09 18:11:26.150 LOG 3: field 0.0 0.0
2026-04-09 18:11:26.200 LOG 3: field 0 0
2026-04-09 18:11:26.250 LOG 3: field 0.0 0.0
2026-04-09 18:11:26.300 LOG 3: field 0.0 0.0
2026-04-09 18:11:26.350 LOG 3: field 0 0
2026-04-09 18:11:26.400 LOG 3: field -1 -1
2026-04-09 18:11:26.450 LOG 3: field -1 -1
2026-04-09 18:11:26.500 LOG 3: field 0 0
2026-04-09 18:11:26.550 LOG 3: field 0.0 0.0
2026-04-09 18:11:26.600 LOG 3: field 0.0 0.0
2026-04-09 18:11:26.650 LOG 3: int_fields 
2026-04-09 18:11:26.700 LOG 3: field 77924527921 77924527921
2026-04-09 18:11:26.750 LOG 3: field 77924527921 77924527921
2026-04-09 18:11:26.800 LOG 3: field 1162788 1162788
2026-04-09 18:11:26.850 LOG 3: field 0 0
2026-04-09 18:11:26.900 LOG 3: field 0 0
2026-04-09 18:11:26.950 LOG 3: field 0 0
2026-04-09 18:11:26.000 LOG 3: field 25 25
2026-04-09 18:11:26.050 LOG 3: field 0 0
2026-04-09 18:11:26.100 LOG 3: field 1 1
2026-04-09 18:11:26.150 LOG 3: field 0 0
2026-04-09 18:11:26.200 LOG 3: field 0 0
2026-04-09 18:11:26.250 LOG 3: field 0 0
2026-04-09 18:11:26.300 LOG 3: field 0 0
2026-04-09 18:11:26.350 LOG 3: field 0 0
2026-04-09 18:11:26.400 LOG 3: field 1 1
2026-04-09 18:11:26.450 LOG 3: field 1 1
2026-04-09 18:11:26.500 LOG 3: field 1 1
2026-04-09 18:11:26.550 LOG 3: field 0 0
2026-04-09 18:11:26.600 LOG 3: field -1 -1
2026-04-09 18:11:26.650 LOG 3: field 0 0
2026-04-09 18:11:26.700 LOG 3: field 0 0
2026-04-09 18:11:26.750 LOG 3: field 0 0
2026-04-09 18:11:26.800 LOG 3: field 0 0
2026-04-09 18:11:26.850 LOG 3: field 0 0
2026-04-09 18:11:26.900 LOG 3: field 0 0
2026-04-09 18:11:26.950 LOG 3: field 0 0
2026-04-09 18:11:26.000 LOG 3: field 0 0
2026-04-09 18:11:26.050 LOG 3: field 0 0
2026-04-09 18:11:26.100 LOG 3: field 0 0
2026-04-09 18:11:26.150 LOG 3: field 0 0
2026-04-09 18:11:26.200 LOG 3: field 0 0
2026-04-09 18:11:26.250 LOG 3: field 20260410 20260410
2026-04-09 18:11:26.300 LOG 3: field 0 0
2026-04-09 18:11:26.350 LOG 3: field 0 0
2026-04-09 18:11:26.400 LOG 3: float_fields 
2026-04-09 18:11:26.450 LOG 3: field 1.0 1.0
2026-04-09 18:11:26.500 LOG 3: field 98.67 98.67
2026-04-09 18:11:26.550 LOG 3: field 986.7 986.7
2026-04-09 18:11:26.600 LOG 3: field 0.0 0.0
2026-04-09 18:11:26.650 LOG 3: field 14.95 14.95
2026-04-09 18:11:26.700 LOG 3: field 14.47 14.47
2026-04-09 18:11:26.750 LOG 3: field 0.0 0.0
2026-04-09 18:11:26.800 LOG 3: field 0.0 0.0
2026-04-09 18:11:26.850 LOG 3: field 0.0 0.0
2026-04-09 18:11:26.900 LOG 3: field 0.0 0.0
2026-04-09 18:11:26.950 LOG 3: field 0.0 0.0
2026-04-09 18:11:26.000 LOG 3: field 0.0 0.0
2026-04-09 18:11:26.050 LOG 3: field 0 0
2026-04-09 18:11:26.100 LOG 3: field 0.0 0.0
2026-04-09 18:11:26.150 LOG 3: field 0.0 0.0
2026-04-09 18:11:26.200 LOG 3: field 0 0
2026-04-09 18:11:26.250 LOG 3: field -1 -1
2026-04-09 18:11:26.300 LOG 3: field -1 -1
2026-04-09 18:11:26.350 LOG 3: field 0 0
2026-04-09 18:11:26.400 LOG 3: field 0.0 0.0
2026-04-09 18:11:26.450 LOG 3: field 0.0 0.0
2026-04-09 18:11:26.500 LOG 3: int_fields 
2026-04-09 18:11:26.550 LOG 3: field 77947783631 77947783631
2026-04-09 18:11:26.600 LOG 3: field 77947783631 77947783631
2026-04-09 18:11:26.650 LOG 3: field 1162788 1162788
2026-04-09 18:11:26.700 LOG 3: field 0 0
2026-04-09 18:11:26.750 LOG 3: field 0 0
2026-04-09 18:11:26.800 LOG 3: field 9180729 9180729
2026-04-09 18:11:26.850 LOG 3: field 25 25
2026-04-09 18:11:26.900 LOG 3: field 0 0
2026-04-09 18:11:26.950 LOG 3: field 1 1
2026-04-09 18:11:26.000 LOG 3: field 0 0
2026-04-09 18:11:26.050 LOG 3: field 0 0
2026-04-09 18:11:26.100 LOG 3: field 0 0
2026-04-09 18:11:26.150 LOG 3: field 0 0
2026-04-09 18:11:26.200 LOG 3: field 0 0
2026-04-09 18:11:26.250 LOG 3: field 1 1
2026-04-09 18:11:26.300 LOG 3: field 1 1
2026-04-09 18:11:26.350 LOG 3: field 1 1
2026-04-09 18:11:26.400 LOG 3: field 0 0
2026-04-09 18:11:26.450 LOG 3: field -1 -1
2026-04-09 18:11:26.500 LOG 3: field 0 0
2026-04-09 18:11:26.550 LOG 3: field 0 0
2026-04-09 18:11:26.600 LOG 3: field 0 0
2026-04-09 18:11:26.650 LOG 3: field 0 0
2026-04-09 18:11:26.700 LOG 3: field 0 0
2026-04-09 18:11:26.750 LOG 3: field 0 0
2026-04-09 18:11:26.800 LOG 3: field 0 0
2026-04-09 18:11:26.850 LOG 3: field 0 0
2026-04-09 18:11:26.900 LOG 3: field 0 0
2026-04-09 18:11:26.950 LOG 3: field 0 0
2026-04-09 18:11:26.000 LOG 3: field 0 0
2026-04-09 18:11:26.050 LOG 3: field 0 0
2026-04-09 18:11:26.100 LOG 3: field 20260410 20260410
2026-04-09 18:11:26.150 LOG 3: field 0 0
2026-04-09 18:11:26.200 LOG 3: field 0 0
2026-04-09 18:11:26.250 LOG 3: float_fields 
2026-04-09 18:11:26.300 LOG 3: field 1.0 1.0
2026-04-09 18:11:26.350 LOG 3: field 100.99 100.99
2026-04-09 18:11:26.400 LOG 3: field 1009.9 1009.9
2026-04-09 18:11:26.450 LOG 3: field 0.0 0.0
2026-04-09 18:11:26.500 LOG 3: field 12.44 12.44
2026-04-09 18:11:26.550 LOG 3: field 28.88 28.88
2026-04-09 18:11:26.600 LOG 3: field 0.0 0.0
2026-04-09 18:11:26.650 LOG 3: field 0.0 0.0
2026-04-09 18:11:26.700 LOG 3: field 0.0 0.0
2026-04-09 18:11:26.750 LOG 3: field 0.0 0.0
2026-04-09 18:11:26.800 LOG 3: field 0.0 0.0
2026-04-09 18:11:26.850 LOG 3: field 0.0 0.0
2026-04-09 18:11:26.900 LOG 3: field 0 0
2026-04-09 18:11:26.950 LOG 3: field 0.0 0.0
2026-04-09 18:11:26.000 LOG 3: field 0.0 0.0
2026-04-09 18:11:26.050 LOG 3: field 0 0
2026-04-09 18:11:26.100 LOG 3: field -1 -1
2026-04-09 18:11:26.150 LOG 3: field -1 -1
2026-04-09 18:11:26.200 LOG 3: field 0 0
2026-04-09 18:11:26.250 LOG 3: field 0.0 0.0
2026-04-09 18:11:26.300 LOG 3: field 0.0 0.0
2026-04-09 18:11:26.350 LOG 3: int_fields 
2026-04-09 18:11:26.400 LOG 3: field 77947788055 77947788055
2026-04-09 18:11:26.450 LOG 3: field 77947788055 77947788055
2026-04-09 18:11:26.500 LOG 3: field 1162788 1162788
2026-04-09 18:11:26.550 LOG 3: field 0 0
2026-04-09 18:11:26.600 LOG 3: field 0 0
2026-04-09 18:11:26.650 LOG 3: field 9180730 9180730
2026-04-09 18:11:26.700 LOG 3: field 25 25
2026-04-09 18:11:26.750 LOG 3: field 0 0
2026-04-09 18:11:26.800 LOG 3: field 1 1
2026-04-09 18:11:26.850 LOG 3: field 0 0
2026-04-09 18:11:26.900 LOG 3: field 0 0
2026-04-09 18:11:26.950 LOG 3: field 0 0
2026-04-09 18:11:26.000 LOG 3: field 0 0
2026-04-09 18:11:26.050 LOG 3: field 0 0
2026-04-09 18:11:26.100 LOG 3: field 1 1
2026-04-09 18:11:26.150 LOG 3: field 1 1
2026-04-09 18:11:26.200 LOG 3: field 1 1
2026-04-09 18:11:26.250 LOG 3: field 0 0
2026-04-09 18:11:26.300 LOG 3: field -1 -1
2026-04-09 18:11:26.350 LOG 3: field 0 0
2026-04-09 18:11:26.400 LOG 3: field 0 0
2026-04-09 18:11:26.450 LOG 3: field 0 0
2026-04-09 18:11:26.500 LOG 3: field 0 0
2026-04-09 18:11:26.550 LOG 3: field 0 0
2026-04-09 18:11:26.600 LOG 3: field 0 0
2026-04-09 18:11:26.650 LOG 3: field 0 0
2026-04-09 18:11:26.700 LOG 3: field 0 0
2026-04-09 18:11:26.750 LOG 3: field 0 0
2026-04-09 18:11:26.800 LOG 3: field 0 0
2026-04-09 18:11:26.850 LOG 3: field 0 0
2026-04-09 18:11:26.900 LOG 3: field 0 0
2026-04-09 18:11:26.950 LOG 3: field 20260410 20260410
2026-04-09 18:11:26.000 LOG 3: field 0 0
2026-04-09 18:11:26.050 LOG 3: field 0 0
2026-04-09 18:11:26.100 LOG 3: float_fields 
2026-04-09 18:11:26.150 LOG 3: field 1.0 1.0
2026-04-09 18:11:26.200 LOG 3: field 102.9 102.9
2026-04-09 18:11:26.250 LOG 3: field 1029.0 1029.0
2026-04-09 18:11:26.300 LOG 3: field 0.0 0.0
2026-04-09 18:11:26.350 LOG 3: field 15.1 15.1
2026-04-09 18:11:26.400 LOG 3: field 65.67 65.67
2026-04-09 18:11:26.450 LOG 3: field 0.0 0.0
2026-04-09 18:11:26.500 LOG 3: field 0.0 0.0
2026-04-09 18:11:26.550 LOG 3: field 0.0 0.0
2026-04-09 18:11:26.600 LOG 3: field 0.0 0.0
2026-04-09 18:11:26.650 LOG 3: field 0.0 0.0
2026-04-09 18:11:26.700 LOG 3: field 0.0 0.0
2026-04-09 18:11:26.750 LOG 3: field 0 0
2026-04-09 18:11:26.800 LOG 3: field 0.0 0.0
2026-04-09 18:11:26.850 LOG 3: field 0.0 0.0
2026-04-09 18:11:26.900 LOG 3: field 0 0
2026-04-09 18:11:26.950 LOG 3: field -1 -1
2026-04-09 18:11:26.000 LOG 3: field -1 -1
2026-04-09 18:11:26.050 LOG 3: field 0 0
2026-04-09 18:11:26.100 LOG 3: field 0.0 0.0
2026-04-09 18:11:26.150 LOG 3: field 0.0 0.0
2026-04-09 18:11:26.200 LOG 3: int_fields 
2026-04-09 18:11:26.250 LOG 3: field 77947793758 77947793758
2026-04-09 18:11:26.300 LOG 3: field 77947793758 77947793758
2026-04-09 18:11:26.350 LOG 3: field 1162788 1162788
2026-04-09 18:11:26.400 LOG 3: field 0 0
2026-04-09 18:11:26.450 LOG 3: field 0 0
2026-04-09 18:11:26.500 LOG 3: field 9180731 9180731
2026-04-09 18:11:26.550 LOG 3: field 25 25
2026-04-09 18:11:26.600 LOG 3: field 0 0
2026-04-09 18:11:26.650 LOG 3: field 1 1
2026-04-09 18:11:26.700 LOG 3: field 0 0
2026-04-09 18:11:26.750 LOG 3: field 0 0
2026-04-09 18:11:26.800 LOG 3: field 0 0
2026-04-09 18:11:26.850 LOG 3: field 0 0
2026-04-09 18:11:26.900 LOG 3: field 0 0
2026-04-09 18:11:26.950 LOG 3: field 1 1
2026-04-09 18:11:26.000 LOG 3: field 1 1
2026-04-09 18:11:26.050 LOG 3: field 1 1
2026-04-09 18:11:26.100 LOG 3: field 0 0
2026-04-09 18:11:26.150 LOG 3: field -1 -1
2026-04-09 18:11:26.200 LOG 3: field 0 0
2026-04-09 18:11:26.250 LOG 3: field 0 0
2026-04-09 18:11:26.300 LOG 3: field 0 0
2026-04-09 18:11:26.350 LOG 3: field 0 0
2026-04-09 18:11:26.400 LOG 3: field 0 0
2026-04-09 18:11:26.450 LOG 3: field 0 0
2026-04-09 18:11:26.500 LOG 3: field 0 0
2026-04-09 18:11:26.550 LOG 3: field 0 0
2026-04-09 18:11:26.600 LOG 3: field 0 0
2026-04-09 18:11:26.650 LOG 3: field 0 0
2026-04-09 18:11:26.700 LOG 3: field 0 0
2026-04-09 18:11:26.750 LOG 3: field 0 0
2026-04-09 18:11:26.800 LOG 3: field 20260410 20260410
2026-04-09 18:11:26.850 LOG 3: field 0 0
2026-04-09 18:11:26.900 LOG 3: field 0 0
2026-04-09 18:11:26.950 LOG 3: float_fields 
2026-04-09 18:11:26.000 LOG 3: field 1.0 1.0
2026-04-09 18:11:26.050 LOG 3: field 105.89 105.89
2026-04-09 18:11:26.100 LOG 3: field 1058.9 1058.9
2026-04-09 18:11:26.150 LOG 3: field 0.0 0.0
2026-04-09 18:11:26.200 LOG 3: field 15.03 15.03
2026-04-09 18:11:26.250 LOG 3: field 8.43 8.43
2026-04-09 18:11:26.300 LOG 3: field 0.0 0.0
2026-04-09 18:11:26.350 LOG 3: field 0.0 0.0
2026-04-09 18:11:26.400 LOG 3: field 0.0 0.0
2026-04-09 18:11:26.450 LOG 3: field 0.0 0.0
2026-04-09 18:11:26.500 LOG 3: field 0.0 0.0
2026-04-09 18:11:26.550 LOG 3: field 0.0 0.0
2026-04-09 18:11:26.600 LOG 3: field 0 0
2026-04-09 18:11:26.650 LOG 3: field 0.0 0.0
2026-04-09 18:11:26.700 LOG 3: field 0.0 0.0
2026-04-09 18:11:26.750 LOG 3: field 0 0
2026-04-09 18:11:26.800 LOG 3: field -1 -1
2026-04-09 18:11:26.850 LOG 3: field -1 -1
2026-04-09 18:11:26.900 LOG 3: field 0 0
2026-04-09 18:11:26.950 LOG 3: field 0.0 0.0
2026-04-09 18:11:26.000 LOG 3: field 0.0 0.0
2026-04-09 18:11:26.100 LOG 3: int_fields 
2026-04-09 18:11:26.150 LOG 3: field 77924509061 77924509061
2026-04-09 18:11:26.200 LOG 3: field 77924509061 77924509061
2026-04-09 18:11:26.250 LOG 3: field 1162788 1162788
2026-04-09 18:11:26.300 LOG 3: field 1162788 1162788
2026-04-09 18:11:26.350 LOG 3: field 0 0
2026-04-09 18:11:26.400 LOG 3: field 0 0
2026-04-09 18:11:26.450 LOG 3: field 26 26
2026-04-09 18:11:26.500 LOG 3: field 0 0
2026-04-09 18:11:26.550 LOG 3: field 1 1
2026-04-09 18:11:26.600 LOG 3: field 0 0
2026-04-09 18:11:26.650 LOG 3: field 0 0
2026-04-09 18:11:26.700 LOG 3: field 0 0
2026-04-09 18:11:26.750 LOG 3: field 0 0
2026-04-09 18:11:26.800 LOG 3: field 0 0
2026-04-09 18:11:26.850 LOG 3: field 1 1
2026-04-09 18:11:26.900 LOG 3: field 1 1
2026-04-09 18:11:26.950 LOG 3: field 1 1
2026-04-09 18:11:26.000 LOG 3: field 0 0
2026-04-09 18:11:26.050 LOG 3: field -1 -1
2026-04-09 18:11:26.100 LOG 3: field 0 0
2026-04-09 18:11:26.150 LOG 3: field 0 0
2026-04-09 18:11:26.200 LOG 3: field 0 0
2026-04-09 18:11:26.250 LOG 3: field 0 0
2026-04-09 18:11:26.300 LOG 3: field 0 0
2026-04-09 18:11:26.350 LOG 3: field 0 0
2026-04-09 18:11:26.400 LOG 3: field 0 0
2026-04-09 18:11:26.450 LOG 3: field 0 0
2026-04-09 18:11:26.500 LOG 3: field 0 0
2026-04-09 18:11:26.550 LOG 3: field 0 0
2026-04-09 18:11:26.600 LOG 3: field 0 0
2026-04-09 18:11:26.650 LOG 3: field 0 0
2026-04-09 18:11:26.700 LOG 3: field 20260410 20260410
2026-04-09 18:11:26.750 LOG 3: field 0 0
2026-04-09 18:11:26.800 LOG 3: field 0 0
2026-04-09 18:11:26.850 LOG 3: float_fields 
2026-04-09 18:11:26.900 LOG 3: field 1.0 1.0
2026-04-09 18:11:26.950 LOG 3: field 98.67 98.67
2026-04-09 18:11:26.000 LOG 3: field 986.7 986.7
2026-04-09 18:11:26.050 LOG 3: field 0.0 0.0
2026-04-09 18:11:26.100 LOG 3: field 14.95 14.95
2026-04-09 18:11:26.150 LOG 3: field 14.47 14.47
2026-04-09 18:11:26.200 LOG 3: field 0.0 0.0
2026-04-09 18:11:26.250 LOG 3: field 0.0 0.0
2026-04-09 18:11:26.300 LOG 3: field 0.0 0.0
2026-04-09 18:11:26.350 LOG 3: field 0.0 0.0
2026-04-09 18:11:26.400 LOG 3: field 0.0 0.0
2026-04-09 18:11:26.450 LOG 3: field 0.0 0.0
2026-04-09 18:11:26.500 LOG 3: field 0 0
2026-04-09 18:11:26.550 LOG 3: field 0.0 0.0
2026-04-09 18:11:26.600 LOG 3: field 0.0 0.0
2026-04-09 18:11:26.650 LOG 3: field 0 0
2026-04-09 18:11:26.700 LOG 3: field -1 -1
2026-04-09 18:11:26.750 LOG 3: field -1 -1
2026-04-09 18:11:26.800 LOG 3: field 0 0
2026-04-09 18:11:26.850 LOG 3: field 0.0 0.0
2026-04-09 18:11:26.900 LOG 3: field 0.0 0.0
2026-04-09 18:11:26.950 LOG 3: int_fields 
2026-04-09 18:11:26.000 LOG 3: field 77924527921 77924527921
2026-04-09 18:11:26.050 LOG 3: field 77924527921 77924527921
2026-04-09 18:11:26.100 LOG 3: field 1162788 1162788
2026-04-09 18:11:26.150 LOG 3: field 0 0
2026-04-09 18:11:26.200 LOG 3: field 0 0
2026-04-09 18:11:26.250 LOG 3: field 0 0
2026-04-09 18:11:26.300 LOG 3: field 25 25
2026-04-09 18:11:26.350 LOG 3: field 0 0
2026-04-09 18:11:26.400 LOG 3: field 1 1
2026-04-09 18:11:26.450 LOG 3: field 0 0
2026-04-09 18:11:26.500 LOG 3: field 0 0
2026-04-09 18:11:26.550 LOG 3: field 0 0
2026-04-09 18:11:26.600 LOG 3: field 0 0
2026-04-09 18:11:26.650 LOG 3: field 0 0
2026-04-09 18:11:26.700 LOG 3: field 1 1
2026-04-09 18:11:26.750 LOG 3: field 1 1
2026-04-09 18:11:26.800 LOG 3: field 1 1
2026-04-09 18:11:26.850 LOG 3: field 0 0
2026-04-09 18:11:26.900 LOG 3: field -1 -1
2026-04-09 18:11:26.950 LOG 3: field 0 0
2026-04-09 18:11:26.000 LOG 3: field 0 0
2026-04-09 18:11:26.050 LOG 3: field 0 0
2026-04-09 18:11:26.100 LOG 3: field 0 0
2026-04-09 18:11:26.150 LOG 3: field 0 0
2026-04-09 18:11:26.200 LOG 3: field 0 0
2026-04-09 18:11:26.250 LOG 3: field 0 0
2026-04-09 18:11:26.300 LOG 3: field 0 0
2026-04-09 18:11:26.350 LOG 3: field 0 0
2026-04-09 18:11:26.400 LOG 3: field 0 0
2026-04-09 18:11:26.450 LOG 3: field 0 0
2026-04-09 18:11:26.500 LOG 3: field 0 0
2026-04-09 18:11:26.550 LOG 3: field 20260410 20260410
2026-04-09 18:11:26.600 LOG 3: field 0 0
2026-04-09 18:11:26.650 LOG 3: field 0 0
2026-04-09 18:11:26.700 LOG 3: float_fields 
2026-04-09 18:11:26.750 LOG 3: field 1.0 1.0
2026-04-09 18:11:26.800 LOG 3: field 98.67 98.67
2026-04-09 18:11:26.850 LOG 3: field 986.7 986.7
2026-04-09 18:11:26.900 LOG 3: field 0.0 0.0
2026-04-09 18:11:26.950 LOG 3: field 14.95 14.95
2026-04-09 18:11:26.000 LOG 3: field 14.47 14.47
2026-04-09 18:11:26.050 LOG 3: field 0.0 0.0
2026-04-09 18:11:26.100 LOG 3: field 0.0 0.0
2026-04-09 18:11:26.150 LOG 3: field 0.0 0.0
2026-04-09 18:11:26.200 LOG 3: field 0.0 0.0
2026-04-09 18:11:26.250 LOG 3: field 0.0 0.0
2026-04-09 18:11:26.300 LOG 3: field 0.0 0.0
2026-04-09 18:11:26.350 LOG 3: field 0 0
2026-04-09 18:11:26.400 LOG 3: field 0.0 0.0
2026-04-09 18:11:26.450 LOG 3: field 0.0 0.0
2026-04-09 18:11:26.500 LOG 3: field 0 0
2026-04-09 18:11:26.550 LOG 3: field -1 -1
2026-04-09 18:11:26.600 LOG 3: field -1 -1
2026-04-09 18:11:26.650 LOG 3: field 0 0
2026-04-09 18:11:26.700 LOG 3: field 0.0 0.0
2026-04-09 18:11:26.750 LOG 3: field 0.0 0.0
2026-04-09 18:11:26.800 LOG 3: int_fields 
2026-04-09 18:11:26.850 LOG 3: field 77947783631 77947783631
2026-04-09 18:11:26.900 LOG 3: field 77947783631 77947783631
2026-04-09 18:11:26.950 LOG 3: field 1162788 1162788
2026-04-09 18:11:26.000 LOG 3: field 0 0
2026-04-09 18:11:26.050 LOG 3: field 0 0
2026-04-09 18:11:26.100 LOG 3: field 9180729 9180729
2026-04-09 18:11:26.150 LOG 3: field 25 25
2026-04-09 18:11:26.200 LOG 3: field 0 0
2026-04-09 18:11:26.250 LOG 3: field 1 1
2026-04-09 18:11:26.300 LOG 3: field 0 0
2026-04-09 18:11:26.350 LOG 3: field 0 0
2026-04-09 18:11:26.400 LOG 3: field 0 0
2026-04-09 18:11:26.450 LOG 3: field 0 0
2026-04-09 18:11:26.500 LOG 3: field 0 0
2026-04-09 18:11:26.550 LOG 3: field 1 1
2026-04-09 18:11:26.600 LOG 3: field 1 1
2026-04-09 18:11:26.650 LOG 3: field 1 1
2026-04-09 18:11:26.700 LOG 3: field 0 0
2026-04-09 18:11:26.750 LOG 3: field -1 -1
2026-04-09 18:11:26.800 LOG 3: field 0 0
2026-04-09 18:11:26.850 LOG 3: field 0 0
2026-04-09 18:11:26.900 LOG 3: field 0 0
2026-04-09 18:11:26.950 LOG 3: field 0 0
2026-04-09 18:11:26.000 LOG 3: field 0 0
2026-04-09 18:11:26.050 LOG 3: field 0 0
2026-04-09 18:11:26.100 LOG 3: field 0 0
2026-04-09 18:11:26.150 LOG 3: field 0 0
2026-04-09 18:11:26.200 LOG 3: field 0 0
2026-04-09 18:11:26.250 LOG 3: field 0 0
2026-04-09 18:11:26.300 LOG 3: field 0 0
2026-04-09 18:11:26.350 LOG 3: field 0 0
2026-04-09 18:11:26.400 LOG 3: field 20260410 20260410
2026-04-09 18:11:26.450 LOG 3: field 0 0
2026-04-09 18:11:26.500 LOG 3: field 0 0
2026-04-09 18:11:26.550 LOG 3: float_fields 
2026-04-09 18:11:26.600 LOG 3: field 1.0 1.0
2026-04-09 18:11:26.650 LOG 3: field 100.99 100.99
2026-04-09 18:11:26.700 LOG 3: field 1009.9 1009.9
2026-04-09 18:11:26.750 LOG 3: field 0.0 0.0
2026-04-09 18:11:26.800 LOG 3: field 12.44 12.44
2026-04-09 18:11:26.850 LOG 3: field 28.88 28.88
2026-04-09 18:11:26.900 LOG 3: field 0.0 0.0
2026-04-09 18:11:26.950 LOG 3: field 0.0 0.0
2026-04-09 18:11:26.000 LOG 3: field 0.0 0.0
2026-04-09 18:11:26.050 LOG 3: field 0.0 0.0
2026-04-09 18:11:26.100 LOG 3: field 0.0 0.0
2026-04-09 18:11:26.150 LOG 3: field 0.0 0.0
2026-04-09 18:11:26.200 LOG 3: field 0 0
2026-04-09 18:11:26.250 LOG 3: field 0.0 0.0
2026-04-09 18:11:26.300 LOG 3: field 0.0 0.0
2026-04-09 18:11:26.350 LOG 3: field 0 0
2026-04-09 18:11:26.400 LOG 3: field -1 -1
2026-04-09 18:11:26.450 LOG 3: field -1 -1
2026-04-09 18:11:26.500 LOG 3: field 0 0
2026-04-09 18:11:26.550 LOG 3: field 0.0 0.0
2026-04-09 18:11:26.600 LOG 3: field 0.0 0.0
2026-04-09 18:11:26.650 LOG 3: int_fields 
2026-04-09 18:11:26.700 LOG 3: field 77947788055 77947788055
2026-04-09 18:11:26.750 LOG 3: field 77947788055 77947788055
2026-04-09 18:11:26.800 LOG 3: field 1162788 1162788
2026-04-09 18:11:26.850 LOG 3: field 0 0
2026-04-09 18:11:26.900 LOG 3: field 0 0
2026-04-09 18:11:26.950 LOG 3: field 9180730 9180730
2026-04-09 18:11:26.000 LOG 3: field 25 25
2026-04-09 18:11:26.050 LOG 3: field 0 0
2026-04-09 18:11:26.100 LOG 3: field 1 1
2026-04-09 18:11:26.150 LOG 3: field 0 0
2026-04-09 18:11:26.200 LOG 3: field 0 0
2026-04-09 18:11:26.250 LOG 3: field 0 0
2026-04-09 18:11:26.300 LOG 3: field 0 0
2026-04-09 18:11:26.350 LOG 3: field 0 0
2026-04-09 18:11:26.400 LOG 3: field 1 1
2026-04-09 18:11:26.450 LOG 3: field 1 1
2026-04-09 18:11:26.500 LOG 3: field 1 1
2026-04-09 18:11:26.550 LOG 3: field 0 0
2026-04-09 18:11:26.600 LOG 3: field -1 -1
2026-04-09 18:11:26.650 LOG 3: field 0 0
2026-04-09 18:11:26.700 LOG 3: field 0 0
2026-04-09 18:11:26.750 LOG 3: field 0 0
2026-04-09 18:11:26.800 LOG 3: field 0 0
2026-04-09 18:11:26.850 LOG 3: field 0 0
2026-04-09 18:11:26.900 LOG 3: field 0 0
2026-04-09 18:11:26.950 LOG 3: field 0 0
2026-04-09 18:11:26.000 LOG 3: field 0 0
2026-04-09 18:11:26.050 LOG 3: field 0 0
2026-04-09 18:11:26.100 LOG 3: field 0 0
2026-04-09 18:11:26.150 LOG 3: field 0 0
2026-04-09 18:11:26.200 LOG 3: field 0 0
2026-04-09 18:11:26.250 LOG 3: field 20260410 20260410
2026-04-09 18:11:26.300 LOG 3: field 0 0
2026-04-09 18:11:26.350 LOG 3: field 0 0
2026-04-09 18:11:26.400 LOG 3: float_fields 
2026-04-09 18:11:26.450 LOG 3: field 1.0 1.0
2026-04-09 18:11:26.500 LOG 3: field 102.9 102.9
2026-04-09 18:11:26.550 LOG 3: field 1029.0 1029.0
2026-04-09 18:11:26.600 LOG 3: field 0.0 0.0
2026-04-09 18:11:26.650 LOG 3: field 15.1 15.1
2026-04-09 18:11:26.700 LOG 3: field 65.67 65.67
2026-04-09 18:11:26.750 LOG 3: field 0.0 0.0
2026-04-09 18:11:26.800 LOG 3: field 0.0 0.0
2026-04-09 18:11:26.850 LOG 3: field 0.0 0.0
2026-04-09 18:11:26.900 LOG 3: field 0.0 0.0
2026-04-09 18:11:26.950 LOG 3: field 0.0 0.0
2026-04-09 18:11:26.000 LOG 3: field 0.0 0.0
2026-04-09 18:11:26.050 LOG 3: field 0 0
2026-04-09 18:11:26.100 LOG 3: field 0.0 0.0
2026-04-09 18:11:26.150 LOG 3: field 0.0 0.0
2026-04-09 18:11:26.200 LOG 3: field 0 0
2026-04-09 18:11:26.250 LOG 3: field -1 -1
2026-04-09 18:11:26.300 LOG 3: field -1 -1
2026-04-09 18:11:26.350 LOG 3: field 0 0
2026-04-09 18:11:26.400 LOG 3: field 0.0 0.0
2026-04-09 18:11:26.450 LOG 3: field 0.0 0.0
2026-04-09 18:11:26.500 LOG 3: int_fields 
2026-04-09 18:11:26.550 LOG 3: field 77947793758 77947793758
2026-04-09 18:11:26.600 LOG 3: field 77947793758 77947793758
2026-04-09 18:11:26.650 LOG 3: field 1162788 1162788
2026-04-09 18:11:26.700 LOG 3: field 0 0
2026-04-09 18:11:26.750 LOG 3: field 0 0
2026-04-09 18:11:26.800 LOG 3: field 9180731 9180731
2026-04-09 18:11:26.850 LOG 3: field 25 25
2026-04-09 18:11:26.900 LOG 3: field 0 0
2026-04-09 18:11:26.950 LOG 3: field 1 1
2026-04-09 18:11:26.000 LOG 3: field 0 0
2026-04-09 18:11:26.050 LOG 3: field 0 0
2026-04-09 18:11:26.100 LOG 3: field 0 0
2026-04-09 18:11:26.150 LOG 3: field 0 0
2026-04-09 18:11:26.200 LOG 3: field 0 0
2026-04-09 18:11:26.250 LOG 3: field 1 1
2026-04-09 18:11:26.300 LOG 3: field 1 1
2026-04-09 18:11:26.350 LOG 3: field 1 1
2026-04-09 18:11:26.400 LOG 3: field 0 0
2026-04-09 18:11:26.450 LOG 3: field -1 -1
2026-04-09 18:11:26.500 LOG 3: field 0 0
2026-04-09 18:11:26.550 LOG 3: field 0 0
2026-04-09 18:11:26.600 LOG 3: field 0 0
2026-04-09 18:11:26.650 LOG 3: field 0 0
2026-04-09 18:11:26.700 LOG 3: field 0 0
2026-04-09 18:11:26.750 LOG 3: field 0 0
2026-04-09 18:11:26.800 LOG 3: field 0 0
2026-04-09 18:11:26.850 LOG 3: field 0 0
2026-04-09 18:11:26.900 LOG 3: field 0 0
2026-04-09 18:11:26.950 LOG 3: field 0 0
2026-04-09 18:11:26.000 LOG 3: field 0 0
2026-04-09 18:11:26.050 LOG 3: field 0 0
2026-04-09 18:11:26.100 LOG 3: field 20260410 20260410
2026-04-09 18:11:26.150 LOG 3: field 0 0
2026-04-09 18:11:26.200 LOG 3: field 0 0
2026-04-09 18:11:26.250 LOG 3: float_fields 
2026-04-09 18:11:26.300 LOG 3: field 1.0 1.0
2026-04-09 18:11:26.350 LOG 3: field 105.89 105.89
2026-04-09 18:11:26.400 LOG 3: field 1058.9 1058.9
2026-04-09 18:11:26.450 LOG 3: field 0.0 0.0
2026-04-09 18:11:26.500 LOG 3: field 15.03 15.03
2026-04-09 18:11:26.550 LOG 3: field 8.43 8.43
2026-04-09 18:11:26.600 LOG 3: field 0.0 0.0
2026-04-09 18:11:26.650 LOG 3: field 0.0 0.0
2026-04-09 18:11:26.700 LOG 3: field 0.0 0.0
2026-04-09 18:11:26.750 LOG 3: field 0.0 0.0
2026-04-09 18:11:26.800 LOG 3: field 0.0 0.0
2026-04-09 18:11:26.850 LOG 3: field 0.0 0.0
2026-04-09 18:11:26.900 LOG 3: field 0 0
2026-04-09 18:11:26.950 LOG 3: field 0.0 0.0
2026-04-09 18:11:26.000 LOG 3: field 0.0 0.0
2026-04-09 18:11:26.050 LOG 3: field 0 0
2026-04-09 18:11:26.100 LOG 3: field -1 -1
2026-04-09 18:11:26.150 LOG 3: field -1 -1
2026-04-09 18:11:26.200 LOG 3: field 0 0
2026-04-09 18:11:26.250 LOG 3: field 0.0 0.0
2026-04-09 18:11:26.300 LOG 3: field 0.0 0.0
2026-04-09 18:11:36.800 LOG 3: int_fields 
2026-04-09 18:11:36.850 LOG 3: field 77924509061 77924509061
2026-04-09 18:11:36.900 LOG 3: field 77924509061 77924509061
2026-04-09 18:11:36.950 LOG 3: field 1162788 1162788
2026-04-09 18:11:36.000 LOG 3: field 1162788 1162788
2026-04-09 18:11:36.050 LOG 3: field 0 0
2026-04-09 18:11:36.100 LOG 3: field 0 0
2026-04-09 18:11:36.150 LOG 3: field 26 26
2026-04-09 18:11:36.200 LOG 3: field 0 0
2026-04-09 18:11:36.250 LOG 3: field 1 1
2026-04-09 18:11:36.300 LOG 3: field 0 0
2026-04-09 18:11:36.350 LOG 3: field 0 0
2026-04-09 18:11:36.400 LOG 3: field 0 0
2026-04-09 18:11:36.450 LOG 3: field 0 0
2026-04-09 18:11:36.500 LOG 3: field 0 0
2026-04-09 18:11:36.550 LOG 3: field 1 1
2026-04-09 18:11:36.600 LOG 3: field 1 1
2026-04-09 18:11:36.650 LOG 3: field 1 1
2026-04-09 18:11:36.700 LOG 3: field 0 0
2026-04-09 18:11:36.750 LOG 3: field -1 -1
2026-04-09 18:11:36.800 LOG 3: field 0 0
2026-04-09 18:11:36.850 LOG 3: field 0 0
2026-04-09 18:11:36.900 LOG 3: field 0 0
2026-04-09 18:11:36.950 LOG 3: field 0 0
2026-04-09 18:11:36.000 LOG 3: field 0 0
2026-04-09 18:11:36.050 LOG 3: field 0 0
2026-04-09 18:11:36.100 LOG 3: field 0 0
2026-04-09 18:11:36.150 LOG 3: field 0 0
2026-04-09 18:11:36.200 LOG 3: field 0 0
2026-04-09 18:11:36.250 LOG 3: field 0 0
2026-04-09 18:11:36.300 LOG 3: field 0 0
2026-04-09 18:11:36.350 LOG 3: field 0 0
2026-04-09 18:11:36.400 LOG 3: field 20260410 20260410
2026-04-09 18:11:36.450 LOG 3: field 0 0
2026-04-09 18:11:36.500 LOG 3: field 0 0
2026-04-09 18:11:36.550 LOG 3: float_fields 
2026-04-09 18:11:36.600 LOG 3: field 1.0 1.0
2026-04-09 18:11:36.650 LOG 3: field 98.67 98.67
2026-04-09 18:11:36.700 LOG 3: field 986.7 986.7
2026-04-09 18:11:36.750 LOG 3: field 0.0 0.0
2026-04-09 18:11:36.800 LOG 3: field 14.95 14.95
2026-04-09 18:11:36.850 LOG 3: field 14.47 14.47
2026-04-09 18:11:36.900 LOG 3: field 0.0 0.0
2026-04-09 18:11:36.950 LOG 3: field 0.0 0.0
2026-04-09 18:11:36.000 LOG 3: field 0.0 0.0
2026-04-09 18:11:36.050 LOG 3: field 0.0 0.0
2026-04-09 18:11:36.100 LOG 3: field 0.0 0.0
2026-04-09 18:11:36.150 LOG 3: field 0.0 0.0
2026-04-09 18:11:36.200 LOG 3: field 0 0
2026-04-09 18:11:36.250 LOG 3: field 0.0 0.0
2026-04-09 18:11:36.300 LOG 3: field 0.0 0.0
2026-04-09 18:11:36.350 LOG 3: field 0 0
2026-04-09 18:11:36.400 LOG 3: field -1 -1
2026-04-09 18:11:36.450 LOG 3: field -1 -1
2026-04-09 18:11:36.500 LOG 3: field 0 0
2026-04-09 18:11:36.550 LOG 3: field 0.0 0.0
2026-04-09 18:11:36.600 LOG 3: field 0.0 0.0
2026-04-09 18:11:36.650 LOG 3: int_fields 
2026-04-09 18:11:36.700 LOG 3: field 77924527921 77924527921
2026-04-09 18:11:36.750 LOG 3: field 77924527921 77924527921
2026-04-09 18:11:36.800 LOG 3: field 1162788 1162788
2026-04-09 18:11:36.850 LOG 3: field 0 0
2026-04-09 18:11:36.900 LOG 3: field 0 0
2026-04-09 18:11:36.950 LOG 3: field 0 0
2026-04-09 18:11:36.000 LOG 3: field 25 25
2026-04-09 18:11:36.050 LOG 3: field 0 0
2026-04-09 18:11:36.100 LOG 3: field 1 1
2026-04-09 18:11:36.150 LOG 3: field 0 0
2026-04-09 18:11:36.200 LOG 3: field 0 0
2026-04-09 18:11:36.250 LOG 3: field 0 0
2026-04-09 18:11:36.300 LOG 3: field 0 0
2026-04-09 18:11:36.350 LOG 3: field 0 0
2026-04-09 18:11:36.400 LOG 3: field 1 1
2026-04-09 18:11:36.450 LOG 3: field 1 1
2026-04-09 18:11:36.500 LOG 3: field 1 1
2026-04-09 18:11:36.550 LOG 3: field 0 0
2026-04-09 18:11:36.600 LOG 3: field -1 -1
2026-04-09 18:11:36.650 LOG 3: field 0 0
2026-04-09 18:11:36.700 LOG 3: field 0 0
2026-04-09 18:11:36.750 LOG 3: field 0 0
2026-04-09 18:11:36.800 LOG 3: field 0 0
2026-04-09 18:11:36.850 LOG 3: field 0 0
2026-04-09 18:11:36.900 LOG 3: field 0 0
2026-04-09 18:11:36.950 LOG 3: field 0 0
2026-04-09 18:11:36.000 LOG 3: field 0 0
2026-04-09 18:11:36.050 LOG 3: field 0 0
2026-04-09 18:11:36.100 LOG 3: field 0 0
2026-04-09 18:11:36.150 LOG 3: field 0 0
2026-04-09 18:11:36.200 LOG 3: field 0 0
2026-04-09 18:11:36.250 LOG 3: field 20260410 20260410
2026-04-09 18:11:36.300 LOG 3: field 0 0
2026-04-09 18:11:36.350 LOG 3: field 0 0
2026-04-09 18:11:36.400 LOG 3: float_fields 
2026-04-09 18:11:36.450 LOG 3: field 1.0 1.0
2026-04-09 18:11:36.500 LOG 3: field 98.67 98.67
2026-04-09 18:11:36.550 LOG 3: field 986.7 986.7
2026-04-09 18:11:36.600 LOG 3: field 0.0 0.0
2026-04-09 18:11:36.650 LOG 3: field 14.95 14.95
2026-04-09 18:11:36.700 LOG 3: field 14.47 14.47
2026-04-09 18:11:36.750 LOG 3: field 0.0 0.0
2026-04-09 18:11:36.800 LOG 3: field 0.0 0.0
2026-04-09 18:11:36.850 LOG 3: field 0.0 0.0
2026-04-09 18:11:36.900 LOG 3: field 0.0 0.0
2026-04-09 18:11:36.950 LOG 3: field 0.0 0.0
2026-04-09 18:11:36.000 LOG 3: field 0.0 0.0
2026-04-09 18:11:36.050 LOG 3: field 0 0
2026-04-09 18:11:36.100 LOG 3: field 0.0 0.0
2026-04-09 18:11:36.150 LOG 3: field 0.0 0.0
2026-04-09 18:11:36.200 LOG 3: field 0 0
2026-04-09 18:11:36.250 LOG 3: field -1 -1
2026-04-09 18:11:36.300 LOG 3: field -1 -1
2026-04-09 18:11:36.350 LOG 3: field 0 0
2026-04-09 18:11:36.400 LOG 3: field 0.0 0.0
2026-04-09 18:11:36.450 LOG 3: field 0.0 0.0
2026-04-09 18:11:36.500 LOG 3: int_fields 
2026-04-09 18:11:36.550 LOG 3: field 77947783631 77947783631
2026-04-09 18:11:36.600 LOG 3: field 77947783631 77947783631
2026-04-09 18:11:36.650 LOG 3: field 1162788 1162788
2026-04-09 18:11:36.700 LOG 3: field 0 0
2026-04-09 18:11:36.750 LOG 3: field 0 0
2026-04-09 18:11:36.800 LOG 3: field 9180729 9180729
2026-04-09 18:11:36.850 LOG 3: field 25 25
2026-04-09 18:11:36.900 LOG 3: field 0 0
2026-04-09 18:11:36.950 LOG 3: field 1 1
2026-04-09 18:11:36.000 LOG 3: field 0 0
2026-04-09 18:11:36.050 LOG 3: field 0 0
2026-04-09 18:11:36.100 LOG 3: field 0 0
2026-04-09 18:11:36.150 LOG 3: field 0 0
2026-04-09 18:11:36.200 LOG 3: field 0 0
2026-04-09 18:11:36.250 LOG 3: field 1 1
2026-04-09 18:11:36.300 LOG 3: field 1 1
2026-04-09 18:11:36.350 LOG 3: field 1 1
2026-04-09 18:11:36.400 LOG 3: field 0 0
2026-04-09 18:11:36.450 LOG 3: field -1 -1
2026-04-09 18:11:36.500 LOG 3: field 0 0
2026-04-09 18:11:36.550 LOG 3: field 0 0
2026-04-09 18:11:36.600 LOG 3: field 0 0
2026-04-09 18:11:36.650 LOG 3: field 0 0
2026-04-09 18:11:36.700 LOG 3: field 0 0
2026-04-09 18:11:36.750 LOG 3: field 0 0
2026-04-09 18:11:36.800 LOG 3: field 0 0
2026-04-09 18:11:36.850 LOG 3: field 0 0
2026-04-09 18:11:36.900 LOG 3: field 0 0
2026-04-09 18:11:36.950 LOG 3: field 0 0
2026-04-09 18:11:36.000 LOG 3: field 0 0
2026-04-09 18:11:36.050 LOG 3: field 0 0
2026-04-09 18:11:36.100 LOG 3: field 20260410 20260410
2026-04-09 18:11:36.150 LOG 3: field 0 0
2026-04-09 18:11:36.200 LOG 3: field 0 0
2026-04-09 18:11:36.250 LOG 3: float_fields 
2026-04-09 18:11:36.300 LOG 3: field 1.0 1.0
2026-04-09 18:11:36.350 LOG 3: field 100.99 100.99
2026-04-09 18:11:36.400 LOG 3: field 1009.9 1009.9
2026-04-09 18:11:36.450 LOG 3: field 0.0 0.0
2026-04-09 18:11:36.500 LOG 3: field 12.44 12.44
2026-04-09 18:11:36.550 LOG 3: field 28.88 28.88
2026-04-09 18:11:36.600 LOG 3: field 0.0 0.0
2026-04-09 18:11:36.650 LOG 3: field 0.0 0.0
2026-04-09 18:11:36.700 LOG 3: field 0.0 0.0
2026-04-09 18:11:36.750 LOG 3: field 0.0 0.0
2026-04-09 18:11:36.800 LOG 3: field 0.0 0.0
2026-04-09 18:11:36.850 LOG 3: field 0.0 0.0
2026-04-09 18:11:36.900 LOG 3: field 0 0
2026-04-09 18:11:36.950 LOG 3: field 0.0 0.0
2026-04-09 18:11:36.000 LOG 3: field 0.0 0.0
2026-04-09 18:11:36.050 LOG 3: field 0 0
2026-04-09 18:11:36.100 LOG 3: field -1 -1
2026-04-09 18:11:36.150 LOG 3: field -1 -1
2026-04-09 18:11:36.200 LOG 3: field 0 0
2026-04-09 18:11:36.250 LOG 3: field 0.0 0.0
2026-04-09 18:11:36.300 LOG 3: field 0.0 0.0
2026-04-09 18:11:36.350 LOG 3: int_fields 
2026-04-09 18:11:36.400 LOG 3: field 77947788055 77947788055
2026-04-09 18:11:36.450 LOG 3: field 77947788055 77947788055
2026-04-09 18:11:36.500 LOG 3: field 1162788 1162788
2026-04-09 18:11:36.550 LOG 3: field 0 0
2026-04-09 18:11:36.600 LOG 3: field 0 0
2026-04-09 18:11:36.650 LOG 3: field 9180730 9180730
2026-04-09 18:11:36.700 LOG 3: field 25 25
2026-04-09 18:11:36.750 LOG 3: field 0 0
2026-04-09 18:11:36.800 LOG 3: field 1 1
2026-04-09 18:11:36.850 LOG 3: field 0 0
2026-04-09 18:11:36.900 LOG 3: field 0 0
2026-04-09 18:11:36.950 LOG 3: field 0 0
2026-04-09 18:11:36.000 LOG 3: field 0 0
2026-04-09 18:11:36.050 LOG 3: field 0 0
2026-04-09 18:11:36.100 LOG 3: field 1 1
2026-04-09 18:11:36.150 LOG 3: field 1 1
2026-04-09 18:11:36.200 LOG 3: field 1 1
2026-04-09 18:11:36.250 LOG 3: field 0 0
2026-04-09 18:11:36.300 LOG 3: field -1 -1
2026-04-09 18:11:36.350 LOG 3: field 0 0
2026-04-09 18:11:36.400 LOG 3: field 0 0
2026-04-09 18:11:36.450 LOG 3: field 0 0
2026-04-09 18:11:36.500 LOG 3: field 0 0
2026-04-09 18:11:36.550 LOG 3: field 0 0
2026-04-09 18:11:36.600 LOG 3: field 0 0
2026-04-09 18:11:36.650 LOG 3: field 0 0
2026-04-09 18:11:36.700 LOG 3: field 0 0
2026-04-09 18:11:36.750 LOG 3: field 0 0
2026-04-09 18:11:36.800 LOG 3: field 0 0
2026-04-09 18:11:36.850 LOG 3: field 0 0
2026-04-09 18:11:36.900 LOG 3: field 0 0
2026-04-09 18:11:36.950 LOG 3: field 20260410 20260410
2026-04-09 18:11:36.000 LOG 3: field 0 0
2026-04-09 18:11:36.050 LOG 3: field 0 0
2026-04-09 18:11:36.100 LOG 3: float_fields 
2026-04-09 18:11:36.150 LOG 3: field 1.0 1.0
2026-04-09 18:11:36.200 LOG 3: field 102.9 102.9
2026-04-09 18:11:36.250 LOG 3: field 1029.0 1029.0
2026-04-09 18:11:36.300 LOG 3: field 0.0 0.0
2026-04-09 18:11:36.350 LOG 3: field 15.1 15.1
2026-04-09 18:11:36.400 LOG 3: field 65.67 65.67
2026-04-09 18:11:36.450 LOG 3: field 0.0 0.0
2026-04-09 18:11:36.500 LOG 3: field 0.0 0.0
2026-04-09 18:11:36.550 LOG 3: field 0.0 0.0
2026-04-09 18:11:36.600 LOG 3: field 0.0 0.0
2026-04-09 18:11:36.650 LOG 3: field 0.0 0.0
2026-04-09 18:11:36.700 LOG 3: field 0.0 0.0
2026-04-09 18:11:36.750 LOG 3: field 0 0
2026-04-09 18:11:36.800 LOG 3: field 0.0 0.0
2026-04-09 18:11:36.850 LOG 3: field 0.0 0.0
2026-04-09 18:11:36.900 LOG 3: field 0 0
2026-04-09 18:11:36.950 LOG 3: field -1 -1
2026-04-09 18:11:36.000 LOG 3: field -1 -1
2026-04-09 18:11:36.050 LOG 3: field 0 0
2026-04-09 18:11:36.100 LOG 3: field 0.0 0.0
2026-04-09 18:11:36.150 LOG 3: field 0.0 0.0
2026-04-09 18:11:36.200 LOG 3: int_fields 
2026-04-09 18:11:36.250 LOG 3: field 77947793758 77947793758
2026-04-09 18:11:36.300 LOG 3: field 77947793758 77947793758
2026-04-09 18:11:36.350 LOG 3: field 1162788 1162788
2026-04-09 18:11:36.400 LOG 3: field 0 0
2026-04-09 18:11:36.450 LOG 3: field 0 0
2026-04-09 18:11:36.500 LOG 3: field 9180731 9180731
2026-04-09 18:11:36.550 LOG 3: field 25 25
2026-04-09 18:11:36.600 LOG 3: field 0 0
2026-04-09 18:11:36.650 LOG 3: field 1 1
2026-04-09 18:11:36.700 LOG 3: field 0 0
2026-04-09 18:11:36.750 LOG 3: field 0 0
2026-04-09 18:11:36.800 LOG 3: field 0 0
2026-04-09 18:11:36.850 LOG 3: field 0 0
2026-04-09 18:11:36.900 LOG 3: field 0 0
2026-04-09 18:11:36.950 LOG 3: field 1 1
2026-04-09 18:11:36.000 LOG 3: field 1 1
2026-04-09 18:11:36.050 LOG 3: field 1 1
2026-04-09 18:11:36.100 LOG 3: field 0 0
2026-04-09 18:11:36.150 LOG 3: field -1 -1
2026-04-09 18:11:36.200 LOG 3: field 0 0
2026-04-09 18:11:36.250 LOG 3: field 0 0
2026-04-09 18:11:36.300 LOG 3: field 0 0
2026-04-09 18:11:36.350 LOG 3: field 0 0
2026-04-09 18:11:36.400 LOG 3: field 0 0
2026-04-09 18:11:36.450 LOG 3: field 0 0
2026-04-09 18:11:36.500 LOG 3: field 0 0
2026-04-09 18:11:36.550 LOG 3: field 0 0
2026-04-09 18:11:36.600 LOG 3: field 0 0
2026-04-09 18:11:36.650 LOG 3: field 0 0
2026-04-09 18:11:36.700 LOG 3: field 0 0
2026-04-09 18:11:36.750 LOG 3: field 0 0
2026-04-09 18:11:36.800 LOG 3: field 20260410 20260410
2026-04-09 18:11:36.850 LOG 3: field 0 0
2026-04-09 18:11:36.900 LOG 3: field 0 0
2026-04-09 18:11:36.950 LOG 3: float_fields 
2026-04-09 18:11:36.000 LOG 3: field 1.0 1.0
2026-04-09 18:11:36.050 LOG 3: field 105.89 105.89
2026-04-09 18:11:36.100 LOG 3: field 1058.9 1058.9
2026-04-09 18:11:36.150 LOG 3: field 0.0 0.0
2026-04-09 18:11:36.200 LOG 3: field 15.03 15.03
2026-04-09 18:11:36.250 LOG 3: field 8.43 8.43
2026-04-09 18:11:36.300 LOG 3: field 0.0 0.0
2026-04-09 18:11:36.350 LOG 3: field 0.0 0.0
2026-04-09 18:11:36.400 LOG 3: field 0.0 0.0
2026-04-09 18:11:36.450 LOG 3: field 0.0 0.0
2026-04-09 18:11:36.500 LOG 3: field 0.0 0.0
2026-04-09 18:11:36.550 LOG 3: field 0.0 0.0
2026-04-09 18:11:36.600 LOG 3: field 0 0
2026-04-09 18:11:36.650 LOG 3: field 0.0 0.0
2026-04-09 18:11:36.700 LOG 3: field 0.0 0.0
2026-04-09 18:11:36.750 LOG 3: field 0 0
2026-04-09 18:11:36.800 LOG 3: field -1 -1
2026-04-09 18:11:36.850 LOG 3: field -1 -1
2026-04-09 18:11:36.900 LOG 3: field 0 0
2026-04-09 18:11:36.950 LOG 3: field 0.0 0.0
2026-04-09 18:11:36.000 LOG 3: field 0.0 0.0
2026-04-09 18:11:36.200 LOG 3: int_fields 
2026-04-09 18:11:36.250 LOG 3: field 77924509061 77924509061
2026-04-09 18:11:36.300 LOG 3: field 77924509061 77924509061
2026-04-09 18:11:36.350 LOG 3: field 1162788 1162788
2026-04-09 18:11:36.400 LOG 3: field 1162788 1162788
2026-04-09 18:11:36.450 LOG 3: field 0 0
2026-04-09 18:11:36.500 LOG 3: field 0 0
2026-04-09 18:11:36.550 LOG 3: field 26 26
2026-04-09 18:11:36.600 LOG 3: field 0 0
2026-04-09 18:11:36.650 LOG 3: field 1 1
2026-04-09 18:11:36.700 LOG 3: field 0 0
2026-04-09 18:11:36.750 LOG 3: field 0 0
2026-04-09 18:11:36.800 LOG 3: field 0 0
2026-04-09 18:11:36.850 LOG 3: field 0 0
2026-04-09 18:11:36.900 LOG 3: field 0 0
2026-04-09 18:11:36.950 LOG 3: field 1 1
2026-04-09 18:11:36.000 LOG 3: field 1 1
2026-04-09 18:11:36.050 LOG 3: field 1 1
2026-04-09 18:11:36.100 LOG 3: field 0 0
2026-04-09 18:11:36.150 LOG 3: field -1 -1
2026-04-09 18:11:36.200 LOG 3: field 0 0
2026-04-09 18:11:36.250 LOG 3: field 0 0
2026-04-09 18:11:36.300 LOG 3: field 0 0
2026-04-09 18:11:36.350 LOG 3: field 0 0
2026-04-09 18:11:36.400 LOG 3: field 0 0
2026-04-09 18:11:36.450 LOG 3: field 0 0
2026-04-09 18:11:36.500 LOG 3: field 0 0
2026-04-09 18:11:36.550 LOG 3: field 0 0
2026-04-09 18:11:36.600 LOG 3: field 0 0
2026-04-09 18:11:36.650 LOG 3: field 0 0
2026-04-09 18:11:36.700 LOG 3: field 0 0
2026-04-09 18:11:36.750 LOG 3: field 0 0
2026-04-09 18:11:36.800 LOG 3: field 20260410 20260410
2026-04-09 18:11:36.850 LOG 3: field 0 0
2026-04-09 18:11:36.900 LOG 3: field 0 0
2026-04-09 18:11:36.950 LOG 3: float_fields 
2026-04-09 18:11:36.000 LOG 3: field 1.0 1.0
2026-04-09 18:11:36.050 LOG 3: field 98.67 98.67
2026-04-09 18:11:36.100 LOG 3: field 986.7 986.7
2026-04-09 18:11:36.150 LOG 3: field 0.0 0.0
2026-04-09 18:11:36.200 LOG 3: field 14.95 14.95
2026-04-09 18:11:36.250 LOG 3: field 14.47 14.47
2026-04-09 18:11:36.300 LOG 3: field 0.0 0.0
2026-04-09 18:11:36.350 LOG 3: field 0.0 0.0
2026-04-09 18:11:36.400 LOG 3: field 0.0 0.0
2026-04-09 18:11:36.450 LOG 3: field 0.0 0.0
2026-04-09 18:11:36.500 LOG 3: field 0.0 0.0
2026-04-09 18:11:36.550 LOG 3: field 0.0 0.0
2026-04-09 18:11:36.600 LOG 3: field 0 0
2026-04-09 18:11:36.650 LOG 3: field 0.0 0.0
2026-04-09 18:11:36.700 LOG 3: field 0.0 0.0
2026-04-09 18:11:36.750 LOG 3: field 0 0
2026-04-09 18:11:36.800 LOG 3: field -1 -1
2026-04-09 18:11:36.850 LOG 3: field -1 -1
2026-04-09 18:11:36.900 LOG 3: field 0 0
2026-04-09 18:11:36.950 LOG 3: field 0.0 0.0
2026-04-09 18:11:36.000 LOG 3: field 0.0 0.0
2026-04-09 18:11:36.050 LOG 3: int_fields 
2026-04-09 18:11:36.100 LOG 3: field 77924527921 77924527921
2026-04-09 18:11:36.150 LOG 3: field 77924527921 77924527921
2026-04-09 18:11:36.200 LOG 3: field 1162788 1162788
2026-04-09 18:11:36.250 LOG 3: field 0 0
2026-04-09 18:11:36.300 LOG 3: field 0 0
2026-04-09 18:11:36.350 LOG 3: field 0 0
2026-04-09 18:11:36.400 LOG 3: field 25 25
2026-04-09 18:11:36.450 LOG 3: field 0 0
2026-04-09 18:11:36.500 LOG 3: field 1 1
2026-04-09 18:11:36.550 LOG 3: field 0 0
2026-04-09 18:11:36.600 LOG 3: field 0 0
2026-04-09 18:11:36.650 LOG 3: field 0 0
2026-04-09 18:11:36.700 LOG 3: field 0 0
2026-04-09 18:11:36.750 LOG 3: field 0 0
2026-04-09 18:11:36.800 LOG 3: field 1 1
2026-04-09 18:11:36.850 LOG 3: field 1 1
2026-04-09 18:11:36.900 LOG 3: field 1 1
2026-04-09 18:11:36.950 LOG 3: field 0 0
2026-04-09 18:11:36.000 LOG 3: field -1 -1
2026-04-09 18:11:36.050 LOG 3: field 0 0
2026-04-09 18:11:36.100 LOG 3: field 0 0
2026-04-09 18:11:36.150 LOG 3: field 0 0
2026-04-09 18:11:36.200 LOG 3: field 0 0
2026-04-09 18:11:36.250 LOG 3: field 0 0
2026-04-09 18:11:36.300 LOG 3: field 0 0
2026-04-09 18:11:36.350 LOG 3: field 0 0
2026-04-09 18:11:36.400 LOG 3: field 0 0
2026-04-09 18:11:36.450 LOG 3: field 0 0
2026-04-09 18:11:36.500 LOG 3: field 0 0
2026-04-09 18:11:36.550 LOG 3: field 0 0
2026-04-09 18:11:36.600 LOG 3: field 0 0
2026-04-09 18:11:36.650 LOG 3: field 20260410 20260410
2026-04-09 18:11:36.700 LOG 3: field 0 0
2026-04-09 18:11:36.750 LOG 3: field 0 0
2026-04-09 18:11:36.800 LOG 3: float_fields 
2026-04-09 18:11:36.850 LOG 3: field 1.0 1.0
2026-04-09 18:11:36.900 LOG 3: field 98.67 98.67
2026-04-09 18:11:36.950 LOG 3: field 986.7 986.7
2026-04-09 18:11:36.000 LOG 3: field 0.0 0.0
2026-04-09 18:11:36.050 LOG 3: field 14.95 14.95
2026-04-09 18:11:36.100 LOG 3: field 14.47 14.47
2026-04-09 18:11:36.150 LOG 3: field 0.0 0.0
2026-04-09 18:11:36.200 LOG 3: field 0.0 0.0
2026-04-09 18:11:36.250 LOG 3: field 0.0 0.0
2026-04-09 18:11:36.300 LOG 3: field 0.0 0.0
2026-04-09 18:11:36.350 LOG 3: field 0.0 0.0
2026-04-09 18:11:36.400 LOG 3: field 0.0 0.0
2026-04-09 18:11:36.450 LOG 3: field 0 0
2026-04-09 18:11:36.500 LOG 3: field 0.0 0.0
2026-04-09 18:11:36.550 LOG 3: field 0.0 0.0
2026-04-09 18:11:36.600 LOG 3: field 0 0
2026-04-09 18:11:36.650 LOG 3: field -1 -1
2026-04-09 18:11:36.700 LOG 3: field -1 -1
2026-04-09 18:11:36.750 LOG 3: field 0 0
2026-04-09 18:11:36.800 LOG 3: field 0.0 0.0
2026-04-09 18:11:36.850 LOG 3: field 0.0 0.0
2026-04-09 18:11:36.900 LOG 3: int_fields 
2026-04-09 18:11:36.950 LOG 3: field 77947783631 77947783631
2026-04-09 18:11:36.000 LOG 3: field 77947783631 77947783631
2026-04-09 18:11:36.050 LOG 3: field 1162788 1162788
2026-04-09 18:11:36.100 LOG 3: field 0 0
2026-04-09 18:11:36.150 LOG 3: field 0 0
2026-04-09 18:11:36.200 LOG 3: field 9180729 9180729
2026-04-09 18:11:36.250 LOG 3: field 25 25
2026-04-09 18:11:36.300 LOG 3: field 0 0
2026-04-09 18:11:36.350 LOG 3: field 1 1
2026-04-09 18:11:36.400 LOG 3: field 0 0
2026-04-09 18:11:36.450 LOG 3: field 0 0
2026-04-09 18:11:36.500 LOG 3: field 0 0
2026-04-09 18:11:36.550 LOG 3: field 0 0
2026-04-09 18:11:36.600 LOG 3: field 0 0
2026-04-09 18:11:36.650 LOG 3: field 1 1
2026-04-09 18:11:36.700 LOG 3: field 1 1
2026-04-09 18:11:36.750 LOG 3: field 1 1
2026-04-09 18:11:36.800 LOG 3: field 0 0
2026-04-09 18:11:36.850 LOG 3: field -1 -1
2026-04-09 18:11:36.900 LOG 3: field 0 0
2026-04-09 18:11:36.950 LOG 3: field 0 0
2026-04-09 18:11:36.000 LOG 3: field 0 0
2026-04-09 18:11:36.050 LOG 3: field 0 0
2026-04-09 18:11:36.100 LOG 3: field 0 0
2026-04-09 18:11:36.150 LOG 3: field 0 0
2026-04-09 18:11:36.200 LOG 3: field 0 0
2026-04-09 18:11:36.250 LOG 3: field 0 0
2026-04-09 18:11:36.300 LOG 3: field 0 0
2026-04-09 18:11:36.350 LOG 3: field 0 0
2026-04-09 18:11:36.400 LOG 3: field 0 0
2026-04-09 18:11:36.450 LOG 3: field 0 0
2026-04-09 18:11:36.500 LOG 3: field 20260410 20260410
2026-04-09 18:11:36.550 LOG 3: field 0 0
2026-04-09 18:11:36.600 LOG 3: field 0 0
2026-04-09 18:11:36.650 LOG 3: float_fields 
2026-04-09 18:11:36.700 LOG 3: field 1.0 1.0
2026-04-09 18:11:36.750 LOG 3: field 100.99 100.99
2026-04-09 18:11:36.800 LOG 3: field 1009.9 1009.9
2026-04-09 18:11:36.850 LOG 3: field 0.0 0.0
2026-04-09 18:11:36.900 LOG 3: field 12.44 12.44
2026-04-09 18:11:36.950 LOG 3: field 28.88 28.88
2026-04-09 18:11:36.000 LOG 3: field 0.0 0.0
2026-04-09 18:11:36.050 LOG 3: field 0.0 0.0
2026-04-09 18:11:36.100 LOG 3: field 0.0 0.0
2026-04-09 18:11:36.150 LOG 3: field 0.0 0.0
2026-04-09 18:11:36.200 LOG 3: field 0.0 0.0
2026-04-09 18:11:36.250 LOG 3: field 0.0 0.0
2026-04-09 18:11:36.300 LOG 3: field 0 0
2026-04-09 18:11:36.350 LOG 3: field 0.0 0.0
2026-04-09 18:11:36.400 LOG 3: field 0.0 0.0
2026-04-09 18:11:36.450 LOG 3: field 0 0
2026-04-09 18:11:36.500 LOG 3: field -1 -1
2026-04-09 18:11:36.550 LOG 3: field -1 -1
2026-04-09 18:11:36.600 LOG 3: field 0 0
2026-04-09 18:11:36.650 LOG 3: field 0.0 0.0
2026-04-09 18:11:36.700 LOG 3: field 0.0 0.0
2026-04-09 18:11:36.750 LOG 3: int_fields 
2026-04-09 18:11:36.800 LOG 3: field 77947788055 77947788055
2026-04-09 18:11:36.850 LOG 3: field 77947788055 77947788055
2026-04-09 18:11:36.900 LOG 3: field 1162788 1162788
2026-04-09 18:11:36.950 LOG 3: field 0 0
2026-04-09 18:11:36.000 LOG 3: field 0 0
2026-04-09 18:11:36.050 LOG 3: field 9180730 9180730
2026-04-09 18:11:36.100 LOG 3: field 25 25
2026-04-09 18:11:36.150 LOG 3: field 0 0
2026-04-09 18:11:36.200 LOG 3: field 1 1
2026-04-09 18:11:36.250 LOG 3: field 0 0
2026-04-09 18:11:36.300 LOG 3: field 0 0
2026-04-09 18:11:36.350 LOG 3: field 0 0
2026-04-09 18:11:36.400 LOG 3: field 0 0
2026-04-09 18:11:36.450 LOG 3: field 0 0
2026-04-09 18:11:36.500 LOG 3: field 1 1
2026-04-09 18:11:36.550 LOG 3: field 1 1
2026-04-09 18:11:36.600 LOG 3: field 1 1
2026-04-09 18:11:36.650 LOG 3: field 0 0
2026-04-09 18:11:36.700 LOG 3: field -1 -1
2026-04-09 18:11:36.750 LOG 3: field 0 0
2026-04-09 18:11:36.800 LOG 3: field 0 0
2026-04-09 18:11:36.850 LOG 3: field 0 0
2026-04-09 18:11:36.900 LOG 3: field 0 0
2026-04-09 18:11:36.950 LOG 3: field 0 0
2026-04-09 18:11:36.000 LOG 3: field 0 0
2026-04-09 18:11:36.050 LOG 3: field 0 0
2026-04-09 18:11:36.100 LOG 3: field 0 0
2026-04-09 18:11:36.150 LOG 3: field 0 0
2026-04-09 18:11:36.200 LOG 3: field 0 0
2026-04-09 18:11:36.250 LOG 3: field 0 0
2026-04-09 18:11:36.300 LOG 3: field 0 0
2026-04-09 18:11:36.350 LOG 3: field 20260410 20260410
2026-04-09 18:11:36.400 LOG 3: field 0 0
2026-04-09 18:11:36.450 LOG 3: field 0 0
2026-04-09 18:11:36.500 LOG 3: float_fields 
2026-04-09 18:11:36.550 LOG 3: field 1.0 1.0
2026-04-09 18:11:36.600 LOG 3: field 102.9 102.9
2026-04-09 18:11:36.650 LOG 3: field 1029.0 1029.0
2026-04-09 18:11:36.700 LOG 3: field 0.0 0.0
2026-04-09 18:11:36.750 LOG 3: field 15.1 15.1
2026-04-09 18:11:36.800 LOG 3: field 65.67 65.67
2026-04-09 18:11:36.850 LOG 3: field 0.0 0.0
2026-04-09 18:11:36.900 LOG 3: field 0.0 0.0
2026-04-09 18:11:36.950 LOG 3: field 0.0 0.0
2026-04-09 18:11:36.000 LOG 3: field 0.0 0.0
2026-04-09 18:11:36.050 LOG 3: field 0.0 0.0
2026-04-09 18:11:36.100 LOG 3: field 0.0 0.0
2026-04-09 18:11:36.150 LOG 3: field 0 0
2026-04-09 18:11:36.200 LOG 3: field 0.0 0.0
2026-04-09 18:11:36.250 LOG 3: field 0.0 0.0
2026-04-09 18:11:36.300 LOG 3: field 0 0
2026-04-09 18:11:36.350 LOG 3: field -1 -1
2026-04-09 18:11:36.400 LOG 3: field -1 -1
2026-04-09 18:11:36.450 LOG 3: field 0 0
2026-04-09 18:11:36.500 LOG 3: field 0.0 0.0
2026-04-09 18:11:36.550 LOG 3: field 0.0 0.0
2026-04-09 18:11:36.600 LOG 3: int_fields 
2026-04-09 18:11:36.650 LOG 3: field 77947793758 77947793758
2026-04-09 18:11:36.700 LOG 3: field 77947793758 77947793758
2026-04-09 18:11:36.750 LOG 3: field 1162788 1162788
2026-04-09 18:11:36.800 LOG 3: field 0 0
2026-04-09 18:11:36.850 LOG 3: field 0 0
2026-04-09 18:11:36.900 LOG 3: field 9180731 9180731
2026-04-09 18:11:36.950 LOG 3: field 25 25
2026-04-09 18:11:36.000 LOG 3: field 0 0
2026-04-09 18:11:36.050 LOG 3: field 1 1
2026-04-09 18:11:36.100 LOG 3: field 0 0
2026-04-09 18:11:36.150 LOG 3: field 0 0
2026-04-09 18:11:36.200 LOG 3: field 0 0
2026-04-09 18:11:36.250 LOG 3: field 0 0
2026-04-09 18:11:36.300 LOG 3: field 0 0
2026-04-09 18:11:36.350 LOG 3: field 1 1
2026-04-09 18:11:36.400 LOG 3: field 1 1
2026-04-09 18:11:36.450 LOG 3: field 1 1
2026-04-09 18:11:36.500 LOG 3: field 0 0
2026-04-09 18:11:36.550 LOG 3: field -1 -1
2026-04-09 18:11:36.600 LOG 3: field 0 0
2026-04-09 18:11:36.650 LOG 3: field 0 0
2026-04-09 18:11:36.700 LOG 3: field 0 0
2026-04-09 18:11:36.750 LOG 3: field 0 0
2026-04-09 18:11:36.800 LOG 3: field 0 0
2026-04-09 18:11:36.850 LOG 3: field 0 0
2026-04-09 18:11:36.900 LOG 3: field 0 0
2026-04-09 18:11:36.950 LOG 3: field 0 0
2026-04-09 18:11:36.000 LOG 3: field 0 0
2026-04-09 18:11:36.050 LOG 3: field 0 0
2026-04-09 18:11:36.100 LOG 3: field 0 0
2026-04-09 18:11:36.150 LOG 3: field 0 0
2026-04-09 18:11:36.200 LOG 3: field 20260410 20260410
2026-04-09 18:11:36.250 LOG 3: field 0 0
2026-04-09 18:11:36.300 LOG 3: field 0 0
2026-04-09 18:11:36.350 LOG 3: float_fields 
2026-04-09 18:11:36.400 LOG 3: field 1.0 1.0
2026-04-09 18:11:36.450 LOG 3: field 105.89 105.89
2026-04-09 18:11:36.500 LOG 3: field 1058.9 1058.9
2026-04-09 18:11:36.550 LOG 3: field 0.0 0.0
2026-04-09 18:11:36.600 LOG 3: field 15.03 15.03
2026-04-09 18:11:36.650 LOG 3: field 8.43 8.43
2026-04-09 18:11:36.700 LOG 3: field 0.0 0.0
2026-04-09 18:11:36.750 LOG 3: field 0.0 0.0
2026-04-09 18:11:36.800 LOG 3: field 0.0 0.0
2026-04-09 18:11:36.850 LOG 3: field 0.0 0.0
2026-04-09 18:11:36.900 LOG 3: field 0.0 0.0
2026-04-09 18:11:36.950 LOG 3: field 0.0 0.0
2026-04-09 18:11:36.000 LOG 3: field 0 0
2026-04-09 18:11:36.050 LOG 3: field 0.0 0.0
2026-04-09 18:11:36.100 LOG 3: field 0.0 0.0
2026-04-09 18:11:36.150 LOG 3: field 0 0
2026-04-09 18:11:36.200 LOG 3: field -1 -1
2026-04-09 18:11:36.250 LOG 3: field -1 -1
2026-04-09 18:11:36.300 LOG 3: field 0 0
2026-04-09 18:11:36.350 LOG 3: field 0.0 0.0
2026-04-09 18:11:36.400 LOG 3: field 0.0 0.0
2026-04-09 18:11:46.750 LOG 3: int_fields 
2026-04-09 18:11:46.800 LOG 3: field 77924509061 77924509061
2026-04-09 18:11:46.850 LOG 3: field 77924509061 77924509061
2026-04-09 18:11:46.900 LOG 3: field 1162788 1162788
2026-04-09 18:11:46.950 LOG 3: field 1162788 1162788
2026-04-09 18:11:46.000 LOG 3: field 0 0
2026-04-09 18:11:46.050 LOG 3: field 0 0
2026-04-09 18:11:46.100 LOG 3: field 26 26
2026-04-09 18:11:46.150 LOG 3: field 0 0
2026-04-09 18:11:46.200 LOG 3: field 1 1
2026-04-09 18:11:46.250 LOG 3: field 0 0
2026-04-09 18:11:46.300 LOG 3: field 0 0
2026-04-09 18:11:46.350 LOG 3: field 0 0
2026-04-09 18:11:46.400 LOG 3: field 0 0
2026-04-09 18:11:46.450 LOG 3: field 0 0
2026-04-09 18:11:46.500 LOG 3: field 1 1
2026-04-09 18:11:46.550 LOG 3: field 1 1
2026-04-09 18:11:46.600 LOG 3: field 1 1
2026-04-09 18:11:46.650 LOG 3: field 0 0
2026-04-09 18:11:46.700 LOG 3: field -1 -1
2026-04-09 18:11:46.750 LOG 3: field 0 0
2026-04-09 18:11:46.800 LOG 3: field 0 0
2026-04-09 18:11:46.850 LOG 3: field 0 0
2026-04-09 18:11:46.900 LOG 3: field 0 0
2026-04-09 18:11:46.950 LOG 3: field 0 0
2026-04-09 18:11:46.000 LOG 3: field 0 0
2026-04-09 18:11:46.050 LOG 3: field 0 0
2026-04-09 18:11:46.100 LOG 3: field 0 0
2026-04-09 18:11:46.150 LOG 3: field 0 0
2026-04-09 18:11:46.200 LOG 3: field 0 0
2026-04-09 18:11:46.250 LOG 3: field 0 0
2026-04-09 18:11:46.300 LOG 3: field 0 0
2026-04-09 18:11:46.350 LOG 3: field 20260410 20260410
2026-04-09 18:11:46.400 LOG 3: field 0 0
2026-04-09 18:11:46.450 LOG 3: field 0 0
2026-04-09 18:11:46.500 LOG 3: float_fields 
2026-04-09 18:11:46.550 LOG 3: field 1.0 1.0
2026-04-09 18:11:46.600 LOG 3: field 98.67 98.67
2026-04-09 18:11:46.650 LOG 3: field 986.7 986.7
2026-04-09 18:11:46.700 LOG 3: field 0.0 0.0
2026-04-09 18:11:46.750 LOG 3: field 14.95 14.95
2026-04-09 18:11:46.800 LOG 3: field 14.47 14.47
2026-04-09 18:11:46.850 LOG 3: field 0.0 0.0
2026-04-09 18:11:46.900 LOG 3: field 0.0 0.0
2026-04-09 18:11:46.950 LOG 3: field 0.0 0.0
2026-04-09 18:11:46.000 LOG 3: field 0.0 0.0
2026-04-09 18:11:46.050 LOG 3: field 0.0 0.0
2026-04-09 18:11:46.100 LOG 3: field 0.0 0.0
2026-04-09 18:11:46.150 LOG 3: field 0 0
2026-04-09 18:11:46.200 LOG 3: field 0.0 0.0
2026-04-09 18:11:46.250 LOG 3: field 0.0 0.0
2026-04-09 18:11:46.300 LOG 3: field 0 0
2026-04-09 18:11:46.350 LOG 3: field -1 -1
2026-04-09 18:11:46.400 LOG 3: field -1 -1
2026-04-09 18:11:46.450 LOG 3: field 0 0
2026-04-09 18:11:46.500 LOG 3: field 0.0 0.0
2026-04-09 18:11:46.550 LOG 3: field 0.0 0.0
2026-04-09 18:11:46.600 LOG 3: int_fields 
2026-04-09 18:11:46.650 LOG 3: field 77924527921 77924527921
2026-04-09 18:11:46.700 LOG 3: field 77924527921 77924527921
2026-04-09 18:11:46.750 LOG 3: field 1162788 1162788
2026-04-09 18:11:46.800 LOG 3: field 0 0
2026-04-09 18:11:46.850 LOG 3: field 0 0
2026-04-09 18:11:46.900 LOG 3: field 0 0
2026-04-09 18:11:46.950 LOG 3: field 25 25
2026-04-09 18:11:46.000 LOG 3: field 0 0
2026-04-09 18:11:46.050 LOG 3: field 1 1
2026-04-09 18:11:46.100 LOG 3: field 0 0
2026-04-09 18:11:46.150 LOG 3: field 0 0
2026-04-09 18:11:46.200 LOG 3: field 0 0
2026-04-09 18:11:46.250 LOG 3: field 0 0
2026-04-09 18:11:46.300 LOG 3: field 0 0
2026-04-09 18:11:46.350 LOG 3: field 1 1
2026-04-09 18:11:46.400 LOG 3: field 1 1
2026-04-09 18:11:46.450 LOG 3: field 1 1
2026-04-09 18:11:46.500 LOG 3: field 0 0
2026-04-09 18:11:46.550 LOG 3: field -1 -1
2026-04-09 18:11:46.600 LOG 3: field 0 0
2026-04-09 18:11:46.650 LOG 3: field 0 0
2026-04-09 18:11:46.700 LOG 3: field 0 0
2026-04-09 18:11:46.750 LOG 3: field 0 0
2026-04-09 18:11:46.800 LOG 3: field 0 0
2026-04-09 18:11:46.850 LOG 3: field 0 0
2026-04-09 18:11:46.900 LOG 3: field 0 0
2026-04-09 18:11:46.950 LOG 3: field 0 0
2026-04-09 18:11:46.000 LOG 3: field 0 0
2026-04-09 18:11:46.050 LOG 3: field 0 0
2026-04-09 18:11:46.100 LOG 3: field 0 0
2026-04-09 18:11:46.150 LOG 3: field 0 0
2026-04-09 18:11:46.200 LOG 3: field 20260410 20260410
2026-04-09 18:11:46.250 LOG 3: field 0 0
2026-04-09 18:11:46.300 LOG 3: field 0 0
2026-04-09 18:11:46.350 LOG 3: float_fields 
2026-04-09 18:11:46.400 LOG 3: field 1.0 1.0
2026-04-09 18:11:46.450 LOG 3: field 98.67 98.67
2026-04-09 18:11:46.500 LOG 3: field 986.7 986.7
2026-04-09 18:11:46.550 LOG 3: field 0.0 0.0
2026-04-09 18:11:46.600 LOG 3: field 14.95 14.95
2026-04-09 18:11:46.650 LOG 3: field 14.47 14.47
2026-04-09 18:11:46.700 LOG 3: field 0.0 0.0
2026-04-09 18:11:46.750 LOG 3: field 0.0 0.0
2026-04-09 18:11:46.800 LOG 3: field 0.0 0.0
2026-04-09 18:11:46.850 LOG 3: field 0.0 0.0
2026-04-09 18:11:46.900 LOG 3: field 0.0 0.0
2026-04-09 18:11:46.950 LOG 3: field 0.0 0.0
2026-04-09 18:11:46.000 LOG 3: field 0 0
2026-04-09 18:11:46.050 LOG 3: field 0.0 0.0
2026-04-09 18:11:46.100 LOG 3: field 0.0 0.0
2026-04-09 18:11:46.150 LOG 3: field 0 0
2026-04-09 18:11:46.200 LOG 3: field -1 -1
2026-04-09 18:11:46.250 LOG 3: field -1 -1
2026-04-09 18:11:46.300 LOG 3: field 0 0
2026-04-09 18:11:46.350 LOG 3: field 0.0 0.0
2026-04-09 18:11:46.400 LOG 3: field 0.0 0.0
2026-04-09 18:11:46.450 LOG 3: int_fields 
2026-04-09 18:11:46.500 LOG 3: field 77947783631 77947783631
2026-04-09 18:11:46.550 LOG 3: field 77947783631 77947783631
2026-04-09 18:11:46.600 LOG 3: field 1162788 1162788
2026-04-09 18:11:46.650 LOG 3: field 0 0
2026-04-09 18:11:46.700 LOG 3: field 0 0
2026-04-09 18:11:46.750 LOG 3: field 9180729 9180729
2026-04-09 18:11:46.800 LOG 3: field 25 25
2026-04-09 18:11:46.850 LOG 3: field 0 0
2026-04-09 18:11:46.900 LOG 3: field 1 1
2026-04-09 18:11:46.950 LOG 3: field 0 0
2026-04-09 18:11:46.000 LOG 3: field 0 0
2026-04-09 18:11:46.050 LOG 3: field 0 0
2026-04-09 18:11:46.100 LOG 3: field 0 0
2026-04-09 18:11:46.150 LOG 3: field 0 0
2026-04-09 18:11:46.200 LOG 3: field 1 1
2026-04-09 18:11:46.250 LOG 3: field 1 1
2026-04-09 18:11:46.300 LOG 3: field 1 1
2026-04-09 18:11:46.350 LOG 3: field 0 0
2026-04-09 18:11:46.400 LOG 3: field -1 -1
2026-04-09 18:11:46.450 LOG 3: field 0 0
2026-04-09 18:11:46.500 LOG 3: field 0 0
2026-04-09 18:11:46.550 LOG 3: field 0 0
2026-04-09 18:11:46.600 LOG 3: field 0 0
2026-04-09 18:11:46.650 LOG 3: field 0 0
2026-04-09 18:11:46.700 LOG 3: field 0 0
2026-04-09 18:11:46.750 LOG 3: field 0 0
2026-04-09 18:11:46.800 LOG 3: field 0 0
2026-04-09 18:11:46.850 LOG 3: field 0 0
2026-04-09 18:11:46.900 LOG 3: field 0 0
2026-04-09 18:11:46.950 LOG 3: field 0 0
2026-04-09 18:11:46.000 LOG 3: field 0 0
2026-04-09 18:11:46.050 LOG 3: field 20260410 20260410
2026-04-09 18:11:46.100 LOG 3: field 0 0
2026-04-09 18:11:46.150 LOG 3: field 0 0
2026-04-09 18:11:46.200 LOG 3: float_fields 
2026-04-09 18:11:46.250 LOG 3: field 1.0 1.0
2026-04-09 18:11:46.300 LOG 3: field 100.99 100.99
2026-04-09 18:11:46.350 LOG 3: field 1009.9 1009.9
2026-04-09 18:11:46.400 LOG 3: field 0.0 0.0
2026-04-09 18:11:46.450 LOG 3: field 12.44 12.44
2026-04-09 18:11:46.500 LOG 3: field 28.88 28.88
2026-04-09 18:11:46.550 LOG 3: field 0.0 0.0
2026-04-09 18:11:46.600 LOG 3: field 0.0 0.0
2026-04-09 18:11:46.650 LOG 3: field 0.0 0.0
2026-04-09 18:11:46.700 LOG 3: field 0.0 0.0
2026-04-09 18:11:46.750 LOG 3: field 0.0 0.0
2026-04-09 18:11:46.800 LOG 3: field 0.0 0.0
2026-04-09 18:11:46.850 LOG 3: field 0 0
2026-04-09 18:11:46.900 LOG 3: field 0.0 0.0
2026-04-09 18:11:46.950 LOG 3: field 0.0 0.0
2026-04-09 18:11:46.000 LOG 3: field 0 0
2026-04-09 18:11:46.050 LOG 3: field -1 -1
2026-04-09 18:11:46.100 LOG 3: field -1 -1
2026-04-09 18:11:46.150 LOG 3: field 0 0
2026-04-09 18:11:46.200 LOG 3: field 0.0 0.0
2026-04-09 18:11:46.250 LOG 3: field 0.0 0.0
2026-04-09 18:11:46.300 LOG 3: int_fields 
2026-04-09 18:11:46.350 LOG 3: field 77947788055 77947788055
2026-04-09 18:11:46.400 LOG 3: field 77947788055 77947788055
2026-04-09 18:11:46.450 LOG 3: field 1162788 1162788
2026-04-09 18:11:46.500 LOG 3: field 0 0
2026-04-09 18:11:46.550 LOG 3: field 0 0
2026-04-09 18:11:46.600 LOG 3: field 9180730 9180730
2026-04-09 18:11:46.650 LOG 3: field 25 25
2026-04-09 18:11:46.700 LOG 3: field 0 0
2026-04-09 18:11:46.750 LOG 3: field 1 1
2026-04-09 18:11:46.800 LOG 3: field 0 0
2026-04-09 18:11:46.850 LOG 3: field 0 0
2026-04-09 18:11:46.900 LOG 3: field 0 0
2026-04-09 18:11:46.950 LOG 3: field 0 0
2026-04-09 18:11:46.000 LOG 3: field 0 0
2026-04-09 18:11:46.050 LOG 3: field 1 1
2026-04-09 18:11:46.100 LOG 3: field 1 1
2026-04-09 18:11:46.150 LOG 3: field 1 1
2026-04-09 18:11:46.200 LOG 3: field 0 0
2026-04-09 18:11:46.250 LOG 3: field -1 -1
2026-04-09 18:11:46.300 LOG 3: field 0 0
2026-04-09 18:11:46.350 LOG 3: field 0 0
2026-04-09 18:11:46.400 LOG 3: field 0 0
2026-04-09 18:11:46.450 LOG 3: field 0 0
2026-04-09 18:11:46.500 LOG 3: field 0 0
2026-04-09 18:11:46.550 LOG 3: field 0 0
2026-04-09 18:11:46.600 LOG 3: field 0 0
2026-04-09 18:11:46.650 LOG 3: field 0 0
2026-04-09 18:11:46.700 LOG 3: field 0 0
2026-04-09 18:11:46.750 LOG 3: field 0 0
2026-04-09 18:11:46.800 LOG 3: field 0 0
2026-04-09 18:11:46.850 LOG 3: field 0 0
2026-04-09 18:11:46.900 LOG 3: field 20260410 20260410
2026-04-09 18:11:46.950 LOG 3: field 0 0
2026-04-09 18:11:46.000 LOG 3: field 0 0
2026-04-09 18:11:46.050 LOG 3: float_fields 
2026-04-09 18:11:46.100 LOG 3: field 1.0 1.0
2026-04-09 18:11:46.150 LOG 3: field 102.9 102.9
2026-04-09 18:11:46.200 LOG 3: field 1029.0 1029.0
2026-04-09 18:11:46.250 LOG 3: field 0.0 0.0
2026-04-09 18:11:46.300 LOG 3: field 15.1 15.1
2026-04-09 18:11:46.350 LOG 3: field 65.67 65.67
2026-04-09 18:11:46.400 LOG 3: field 0.0 0.0
2026-04-09 18:11:46.450 LOG 3: field 0.0 0.0
2026-04-09 18:11:46.500 LOG 3: field 0.0 0.0
2026-04-09 18:11:46.550 LOG 3: field 0.0 0.0
2026-04-09 18:11:46.600 LOG 3: field 0.0 0.0
2026-04-09 18:11:46.650 LOG 3: field 0.0 0.0
2026-04-09 18:11:46.700 LOG 3: field 0 0
2026-04-09 18:11:46.750 LOG 3: field 0.0 0.0
2026-04-09 18:11:46.800 LOG 3: field 0.0 0.0
2026-04-09 18:11:46.850 LOG 3: field 0 0
2026-04-09 18:11:46.900 LOG 3: field -1 -1
2026-04-09 18:11:46.950 LOG 3: field -1 -1
2026-04-09 18:11:46.000 LOG 3: field 0 0
2026-04-09 18:11:46.050 LOG 3: field 0.0 0.0
2026-04-09 18:11:46.100 LOG 3: field 0.0 0.0
2026-04-09 18:11:46.150 LOG 3: int_fields 
2026-04-09 18:11:46.200 LOG 3: field 77947793758 77947793758
2026-04-09 18:11:46.250 LOG 3: field 77947793758 77947793758
2026-04-09 18:11:46.300 LOG 3: field 1162788 1162788
2026-04-09 18:11:46.350 LOG 3: field 0 0
2026-04-09 18:11:46.400 LOG 3: field 0 0
2026-04-09 18:11:46.450 LOG 3: field 9180731 9180731
2026-04-09 18:11:46.500 LOG 3: field 25 25
2026-04-09 18:11:46.550 LOG 3: field 0 0
2026-04-09 18:11:46.600 LOG 3: field 1 1
2026-04-09 18:11:46.650 LOG 3: field 0 0
2026-04-09 18:11:46.700 LOG 3: field 0 0
2026-04-09 18:11:46.750 LOG 3: field 0 0
2026-04-09 18:11:46.800 LOG 3: field 0 0
2026-04-09 18:11:46.850 LOG 3: field 0 0
2026-04-09 18:11:46.900 LOG 3: field 1 1
2026-04-09 18:11:46.950 LOG 3: field 1 1
2026-04-09 18:11:46.000 LOG 3: field 1 1
2026-04-09 18:11:46.050 LOG 3: field 0 0
2026-04-09 18:11:46.100 LOG 3: field -1 -1
2026-04-09 18:11:46.150 LOG 3: field 0 0
2026-04-09 18:11:46.200 LOG 3: field 0 0
2026-04-09 18:11:46.250 LOG 3: field 0 0
2026-04-09 18:11:46.300 LOG 3: field 0 0
2026-04-09 18:11:46.350 LOG 3: field 0 0
2026-04-09 18:11:46.400 LOG 3: field 0 0
2026-04-09 18:11:46.450 LOG 3: field 0 0
2026-04-09 18:11:46.500 LOG 3: field 0 0
2026-04-09 18:11:46.550 LOG 3: field 0 0
2026-04-09 18:11:46.600 LOG 3: field 0 0
2026-04-09 18:11:46.650 LOG 3: field 0 0
2026-04-09 18:11:46.700 LOG 3: field 0 0
2026-04-09 18:11:46.750 LOG 3: field 20260410 20260410
2026-04-09 18:11:46.800 LOG 3: field 0 0
2026-04-09 18:11:46.850 LOG 3: field 0 0
2026-04-09 18:11:46.900 LOG 3: float_fields 
2026-04-09 18:11:46.950 LOG 3: field 1.0 1.0
2026-04-09 18:11:46.000 LOG 3: field 105.89 105.89
2026-04-09 18:11:46.050 LOG 3: field 1058.9 1058.9
2026-04-09 18:11:46.100 LOG 3: field 0.0 0.0
2026-04-09 18:11:46.150 LOG 3: field 15.03 15.03
2026-04-09 18:11:46.200 LOG 3: field 8.43 8.43
2026-04-09 18:11:46.250 LOG 3: field 0.0 0.0
2026-04-09 18:11:46.300 LOG 3: field 0.0 0.0
2026-04-09 18:11:46.350 LOG 3: field 0.0 0.0
2026-04-09 18:11:46.400 LOG 3: field 0.0 0.0
2026-04-09 18:11:46.450 LOG 3: field 0.0 0.0
2026-04-09 18:11:46.500 LOG 3: field 0.0 0.0
2026-04-09 18:11:46.550 LOG 3: field 0 0
2026-04-09 18:11:46.600 LOG 3: field 0.0 0.0
2026-04-09 18:11:46.650 LOG 3: field 0.0 0.0
2026-04-09 18:11:46.700 LOG 3: field 0 0
2026-04-09 18:11:46.750 LOG 3: field -1 -1
2026-04-09 18:11:46.800 LOG 3: field -1 -1
2026-04-09 18:11:46.850 LOG 3: field 0 0
2026-04-09 18:11:46.900 LOG 3: field 0.0 0.0
2026-04-09 18:11:46.950 LOG 3: field 0.0 0.0
2026-04-09 18:11:46.300 LOG 3: int_fields 
2026-04-09 18:11:46.350 LOG 3: field 77924509061 77924509061
2026-04-09 18:11:46.400 LOG 3: field 77924509061 77924509061
2026-04-09 18:11:46.450 LOG 3: field 1162788 1162788
2026-04-09 18:11:46.500 LOG 3: field 1162788 1162788
2026-04-09 18:11:46.550 LOG 3: field 0 0
2026-04-09 18:11:46.600 LOG 3: field 0 0
2026-04-09 18:11:46.650 LOG 3: field 26 26
2026-04-09 18:11:46.700 LOG 3: field 0 0
2026-04-09 18:11:46.750 LOG 3: field 1 1
2026-04-09 18:11:46.800 LOG 3: field 0 0
2026-04-09 18:11:46.850 LOG 3: field 0 0
2026-04-09 18:11:46.900 LOG 3: field 0 0
2026-04-09 18:11:46.950 LOG 3: field 0 0
2026-04-09 18:11:46.000 LOG 3: field 0 0
2026-04-09 18:11:46.050 LOG 3: field 1 1
2026-04-09 18:11:46.100 LOG 3: field 1 1
2026-04-09 18:11:46.150 LOG 3: field 1 1
2026-04-09 18:11:46.200 LOG 3: field 0 0
2026-04-09 18:11:46.250 LOG 3: field -1 -1
2026-04-09 18:11:46.300 LOG 3: field 0 0
2026-04-09 18:11:46.350 LOG 3: field 0 0
2026-04-09 18:11:46.400 LOG 3: field 0 0
2026-04-09 18:11:46.450 LOG 3: field 0 0
2026-04-09 18:11:46.500 LOG 3: field 0 0
2026-04-09 18:11:46.550 LOG 3: field 0 0
2026-04-09 18:11:46.600 LOG 3: field 0 0
2026-04-09 18:11:46.650 LOG 3: field 0 0
2026-04-09 18:11:46.700 LOG 3: field 0 0
2026-04-09 18:11:46.750 LOG 3: field 0 0
2026-04-09 18:11:46.800 LOG 3: field 0 0
2026-04-09 18:11:46.850 LOG 3: field 0 0
2026-04-09 18:11:46.900 LOG 3: field 20260410 20260410
2026-04-09 18:11:46.950 LOG 3: field 0 0
2026-04-09 18:11:46.000 LOG 3: field 0 0
2026-04-09 18:11:46.050 LOG 3: float_fields 
2026-04-09 18:11:46.100 LOG 3: field 1.0 1.0
2026-04-09 18:11:46.150 LOG 3: field 98.67 98.67
2026-04-09 18:11:46.200 LOG 3: field 986.7 986.7
2026-04-09 18:11:46.250 LOG 3: field 0.0 0.0
2026-04-09 18:11:46.300 LOG 3: field 14.95 14.95
2026-04-09 18:11:46.350 LOG 3: field 14.47 14.47
2026-04-09 18:11:46.400 LOG 3: field 0.0 0.0
2026-04-09 18:11:46.450 LOG 3: field 0.0 0.0
2026-04-09 18:11:46.500 LOG 3: field 0.0 0.0
2026-04-09 18:11:46.550 LOG 3: field 0.0 0.0
2026-04-09 18:11:46.600 LOG 3: field 0.0 0.0
2026-04-09 18:11:46.650 LOG 3: field 0.0 0.0
2026-04-09 18:11:46.700 LOG 3: field 0 0
2026-04-09 18:11:46.750 LOG 3: field 0.0 0.0
2026-04-09 18:11:46.800 LOG 3: field 0.0 0.0
2026-04-09 18:11:46.850 LOG 3: field 0 0
2026-04-09 18:11:46.900 LOG 3: field -1 -1
2026-04-09 18:11:46.950 LOG 3: field -1 -1
2026-04-09 18:11:46.000 LOG 3: field 0 0
2026-04-09 18:11:46.050 LOG 3: field 0.0 0.0
2026-04-09 18:11:46.100 LOG 3: field 0.0 0.0
2026-04-09 18:11:46.150 LOG 3: int_fields 
2026-04-09 18:11:46.200 LOG 3: field 77924527921 77924527921
2026-04-09 18:11:46.250 LOG 3: field 77924527921 77924527921
2026-04-09 18:11:46.300 LOG 3: field 1162788 1162788
2026-04-09 18:11:46.350 LOG 3: field 0 0
2026-04-09 18:11:46.400 LOG 3: field 0 0
2026-04-09 18:11:46.450 LOG 3: field 0 0
2026-04-09 18:11:46.500 LOG 3: field 25 25
2026-04-09 18:11:46.550 LOG 3: field 0 0
2026-04-09 18:11:46.600 LOG 3: field 1 1
2026-04-09 18:11:46.650 LOG 3: field 0 0
2026-04-09 18:11:46.700 LOG 3: field 0 0
2026-04-09 18:11:46.750 LOG 3: field 0 0
2026-04-09 18:11:46.800 LOG 3: field 0 0
2026-04-09 18:11:46.850 LOG 3: field 0 0
2026-04-09 18:11:46.900 LOG 3: field 1 1
2026-04-09 18:11:46.950 LOG 3: field 1 1
2026-04-09 18:11:46.000 LOG 3: field 1 1
2026-04-09 18:11:46.050 LOG 3: field 0 0
2026-04-09 18:11:46.100 LOG 3: field -1 -1
2026-04-09 18:11:46.150 LOG 3: field 0 0
2026-04-09 18:11:46.200 LOG 3: field 0 0
2026-04-09 18:11:46.250 LOG 3: field 0 0
2026-04-09 18:11:46.300 LOG 3: field 0 0
2026-04-09 18:11:46.350 LOG 3: field 0 0
2026-04-09 18:11:46.400 LOG 3: field 0 0
2026-04-09 18:11:46.450 LOG 3: field 0 0
2026-04-09 18:11:46.500 LOG 3: field 0 0
2026-04-09 18:11:46.550 LOG 3: field 0 0
2026-04-09 18:11:46.600 LOG 3: field 0 0
2026-04-09 18:11:46.650 LOG 3: field 0 0
2026-04-09 18:11:46.700 LOG 3: field 0 0
2026-04-09 18:11:46.750 LOG 3: field 20260410 20260410
2026-04-09 18:11:46.800 LOG 3: field 0 0
2026-04-09 18:11:46.850 LOG 3: field 0 0
2026-04-09 18:11:46.900 LOG 3: float_fields 
2026-04-09 18:11:46.950 LOG 3: field 1.0 1.0
2026-04-09 18:11:46.000 LOG 3: field 98.67 98.67
2026-04-09 18:11:46.050 LOG 3: field 986.7 986.7
2026-04-09 18:11:46.100 LOG 3: field 0.0 0.0
2026-04-09 18:11:46.150 LOG 3: field 14.95 14.95
2026-04-09 18:11:46.200 LOG 3: field 14.47 14.47
2026-04-09 18:11:46.250 LOG 3: field 0.0 0.0
2026-04-09 18:11:46.300 LOG 3: field 0.0 0.0
2026-04-09 18:11:46.350 LOG 3: field 0.0 0.0
2026-04-09 18:11:46.400 LOG 3: field 0.0 0.0
2026-04-09 18:11:46.450 LOG 3: field 0.0 0.0
2026-04-09 18:11:46.500 LOG 3: field 0.0 0.0
2026-04-09 18:11:46.550 LOG 3: field 0 0
2026-04-09 18:11:46.600 LOG 3: field 0.0 0.0
2026-04-09 18:11:46.650 LOG 3: field 0.0 0.0
2026-04-09 18:11:46.700 LOG 3: field 0 0
2026-04-09 18:11:46.750 LOG 3: field -1 -1
2026-04-09 18:11:46.800 LOG 3: field -1 -1
2026-04-09 18:11:46.850 LOG 3: field 0 0
2026-04-09 18:11:46.900 LOG 3: field 0.0 0.0
2026-04-09 18:11:46.950 LOG 3: field 0.0 0.0
2026-04-09 18:11:46.000 LOG 3: int_fields 
2026-04-09 18:11:46.050 LOG 3: field 77947783631 77947783631
2026-04-09 18:11:46.100 LOG 3: field 77947783631 77947783631
2026-04-09 18:11:46.150 LOG 3: field 1162788 1162788
2026-04-09 18:11:46.200 LOG 3: field 0 0
2026-04-09 18:11:46.250 LOG 3: field 0 0
2026-04-09 18:11:46.300 LOG 3: field 9180729 9180729
2026-04-09 18:11:46.350 LOG 3: field 25 25
2026-04-09 18:11:46.400 LOG 3: field 0 0
2026-04-09 18:11:46.450 LOG 3: field 1 1
2026-04-09 18:11:46.500 LOG 3: field 0 0
2026-04-09 18:11:46.550 LOG 3: field 0 0
2026-04-09 18:11:46.600 LOG 3: field 0 0
2026-04-09 18:11:46.650 LOG 3: field 0 0
2026-04-09 18:11:46.700 LOG 3: field 0 0
2026-04-09 18:11:46.750 LOG 3: field 1 1
2026-04-09 18:11:46.800 LOG 3: field 1 1
2026-04-09 18:11:46.850 LOG 3: field 1 1
2026-04-09 18:11:46.900 LOG 3: field 0 0
2026-04-09 18:11:46.950 LOG 3: field -1 -1
2026-04-09 18:11:46.000 LOG 3: field 0 0
2026-04-09 18:11:46.050 LOG 3: field 0 0
2026-04-09 18:11:46.100 LOG 3: field 0 0
2026-04-09 18:11:46.150 LOG 3: field 0 0
2026-04-09 18:11:46.200 LOG 3: field 0 0
2026-04-09 18:11:46.250 LOG 3: field 0 0
2026-04-09 18:11:46.300 LOG 3: field 0 0
2026-04-09 18:11:46.350 LOG 3: field 0 0
2026-04-09 18:11:46.400 LOG 3: field 0 0
2026-04-09 18:11:46.450 LOG 3: field 0 0
2026-04-09 18:11:46.500 LOG 3: field 0 0
2026-04-09 18:11:46.550 LOG 3: field 0 0
2026-04-09 18:11:46.600 LOG 3: field 20260410 20260410
2026-04-09 18:11:46.650 LOG 3: field 0 0
2026-04-09 18:11:46.700 LOG 3: field 0 0
2026-04-09 18:11:46.750 LOG 3: float_fields 
2026-04-09 18:11:46.800 LOG 3: field 1.0 1.0
2026-04-09 18:11:46.850 LOG 3: field 100.99 100.99
2026-04-09 18:11:46.900 LOG 3: field 1009.9 1009.9
2026-04-09 18:11:46.950 LOG 3: field 0.0 0.0
2026-04-09 18:11:46.000 LOG 3: field 12.44 12.44
2026-04-09 18:11:46.050 LOG 3: field 28.88 28.88
2026-04-09 18:11:46.100 LOG 3: field 0.0 0.0
2026-04-09 18:11:46.150 LOG 3: field 0.0 0.0
2026-04-09 18:11:46.200 LOG 3: field 0.0 0.0
2026-04-09 18:11:46.250 LOG 3: field 0.0 0.0
2026-04-09 18:11:46.300 LOG 3: field 0.0 0.0
2026-04-09 18:11:46.350 LOG 3: field 0.0 0.0
2026-04-09 18:11:46.400 LOG 3: field 0 0
2026-04-09 18:11:46.450 LOG 3: field 0.0 0.0
2026-04-09 18:11:46.500 LOG 3: field 0.0 0.0
2026-04-09 18:11:46.550 LOG 3: field 0 0
2026-04-09 18:11:46.600 LOG 3: field -1 -1
2026-04-09 18:11:46.650 LOG 3: field -1 -1
2026-04-09 18:11:46.700 LOG 3: field 0 0
2026-04-09 18:11:46.750 LOG 3: field 0.0 0.0
2026-04-09 18:11:46.800 LOG 3: field 0.0 0.0
2026-04-09 18:11:46.850 LOG 3: int_fields 
2026-04-09 18:11:46.900 LOG 3: field 77947788055 77947788055
2026-04-09 18:11:46.950 LOG 3: field 77947788055 77947788055
2026-04-09 18:11:46.000 LOG 3: field 1162788 1162788
2026-04-09 18:11:46.050 LOG 3: field 0 0
2026-04-09 18:11:46.100 LOG 3: field 0 0
2026-04-09 18:11:46.150 LOG 3: field 9180730 9180730
2026-04-09 18:11:46.200 LOG 3: field 25 25
2026-04-09 18:11:46.250 LOG 3: field 0 0
2026-04-09 18:11:46.300 LOG 3: field 1 1
2026-04-09 18:11:46.350 LOG 3: field 0 0
2026-04-09 18:11:46.400 LOG 3: field 0 0
2026-04-09 18:11:46.450 LOG 3: field 0 0
2026-04-09 18:11:46.500 LOG 3: field 0 0
2026-04-09 18:11:46.550 LOG 3: field 0 0
2026-04-09 18:11:46.600 LOG 3: field 1 1
2026-04-09 18:11:46.650 LOG 3: field 1 1
2026-04-09 18:11:46.700 LOG 3: field 1 1
2026-04-09 18:11:46.750 LOG 3: field 0 0
2026-04-09 18:11:46.800 LOG 3: field -1 -1
2026-04-09 18:11:46.850 LOG 3: field 0 0
2026-04-09 18:11:46.900 LOG 3: field 0 0
2026-04-09 18:11:46.950 LOG 3: field 0 0
2026-04-09 18:11:46.000 LOG 3: field 0 0
2026-04-09 18:11:46.050 LOG 3: field 0 0
2026-04-09 18:11:46.100 LOG 3: field 0 0
2026-04-09 18:11:46.150 LOG 3: field 0 0
2026-04-09 18:11:46.200 LOG 3: field 0 0
2026-04-09 18:11:46.250 LOG 3: field 0 0
2026-04-09 18:11:46.300 LOG 3: field 0 0
2026-04-09 18:11:46.350 LOG 3: field 0 0
2026-04-09 18:11:46.400 LOG 3: field 0 0
2026-04-09 18:11:46.450 LOG 3: field 20260410 20260410
2026-04-09 18:11:46.500 LOG 3: field 0 0
2026-04-09 18:11:46.550 LOG 3: field 0 0
2026-04-09 18:11:46.600 LOG 3: float_fields 
2026-04-09 18:11:46.650 LOG 3: field 1.0 1.0
2026-04-09 18:11:46.700 LOG 3: field 102.9 102.9
2026-04-09 18:11:46.750 LOG 3: field 1029.0 1029.0
2026-04-09 18:11:46.800 LOG 3: field 0.0 0.0
2026-04-09 18:11:46.850 LOG 3: field 15.1 15.1
2026-04-09 18:11:46.900 LOG 3: field 65.67 65.67
2026-04-09 18:11:46.950 LOG 3: field 0.0 0.0
2026-04-09 18:11:46.000 LOG 3: field 0.0 0.0
2026-04-09 18:11:46.050 LOG 3: field 0.0 0.0
2026-04-09 18:11:46.100 LOG 3: field 0.0 0.0
2026-04-09 18:11:46.150 LOG 3: field 0.0 0.0
2026-04-09 18:11:46.200 LOG 3: field 0.0 0.0
2026-04-09 18:11:46.250 LOG 3: field 0 0
2026-04-09 18:11:46.300 LOG 3: field 0.0 0.0
2026-04-09 18:11:46.350 LOG 3: field 0.0 0.0
2026-04-09 18:11:46.400 LOG 3: field 0 0
2026-04-09 18:11:46.450 LOG 3: field -1 -1
2026-04-09 18:11:46.500 LOG 3: field -1 -1
2026-04-09 18:11:46.550 LOG 3: field 0 0
2026-04-09 18:11:46.600 LOG 3: field 0.0 0.0
2026-04-09 18:11:46.650 LOG 3: field 0.0 0.0
2026-04-09 18:11:46.700 LOG 3: int_fields 
2026-04-09 18:11:46.750 LOG 3: field 77947793758 77947793758
2026-04-09 18:11:46.800 LOG 3: field 77947793758 77947793758
2026-04-09 18:11:46.850 LOG 3: field 1162788 1162788
2026-04-09 18:11:46.900 LOG 3: field 0 0
2026-04-09 18:11:46.950 LOG 3: field 0 0
2026-04-09 18:11:46.000 LOG 3: field 9180731 9180731
2026-04-09 18:11:46.050 LOG 3: field 25 25
2026-04-09 18:11:46.100 LOG 3: field 0 0
2026-04-09 18:11:46.150 LOG 3: field 1 1
2026-04-09 18:11:46.200 LOG 3: field 0 0
2026-04-09 18:11:46.250 LOG 3: field 0 0
2026-04-09 18:11:46.300 LOG 3: field 0 0
2026-04-09 18:11:46.350 LOG 3: field 0 0
2026-04-09 18:11:46.400 LOG 3: field 0 0
2026-04-09 18:11:46.450 LOG 3: field 1 1
2026-04-09 18:11:46.500 LOG 3: field 1 1
2026-04-09 18:11:46.550 LOG 3: field 1 1
2026-04-09 18:11:46.600 LOG 3: field 0 0
2026-04-09 18:11:46.650 LOG 3: field -1 -1
2026-04-09 18:11:46.700 LOG 3: field 0 0
2026-04-09 18:11:46.750 LOG 3: field 0 0
2026-04-09 18:11:46.800 LOG 3: field 0 0
2026-04-09 18:11:46.850 LOG 3: field 0 0
2026-04-09 18:11:46.900 LOG 3: field 0 0
2026-04-09 18:11:46.950 LOG 3: field 0 0
2026-04-09 18:11:46.000 LOG 3: field 0 0
2026-04-09 18:11:46.050 LOG 3: field 0 0
2026-04-09 18:11:46.100 LOG 3: field 0 0
2026-04-09 18:11:46.150 LOG 3: field 0 0
2026-04-09 18:11:46.200 LOG 3: field 0 0
2026-04-09 18:11:46.250 LOG 3: field 0 0
2026-04-09 18:11:46.300 LOG 3: field 20260410 20260410
2026-04-09 18:11:46.350 LOG 3: field 0 0
2026-04-09 18:11:46.400 LOG 3: field 0 0
2026-04-09 18:11:46.450 LOG 3: float_fields 
2026-04-09 18:11:46.500 LOG 3: field 1.0 1.0
2026-04-09 18:11:46.550 LOG 3: field 105.89 105.89
2026-04-09 18:11:46.600 LOG 3: field 1058.9 1058.9
2026-04-09 18:11:46.650 LOG 3: field 0.0 0.0
2026-04-09 18:11:46.700 LOG 3: field 15.03 15.03
2026-04-09 18:11:46.750 LOG 3: field 8.43 8.43
2026-04-09 18:11:46.800 LOG 3: field 0.0 0.0
2026-04-09 18:11:46.850 LOG 3: field 0.0 0.0
2026-04-09 18:11:46.900 LOG 3: field 0.0 0.0
2026-04-09 18:11:46.950 LOG 3: field 0.0 0.0
2026-04-09 18:11:46.000 LOG 3: field 0.0 0.0
2026-04-09 18:11:46.050 LOG 3: field 0.0 0.0
2026-04-09 18:11:46.100 LOG 3: field 0 0
2026-04-09 18:11:46.150 LOG 3: field 0.0 0.0
2026-04-09 18:11:46.200 LOG 3: field 0.0 0.0
2026-04-09 18:11:46.250 LOG 3: field 0 0
2026-04-09 18:11:46.300 LOG 3: field -1 -1
2026-04-09 18:11:46.350 LOG 3: field -1 -1
2026-04-09 18:11:46.400 LOG 3: field 0 0
2026-04-09 18:11:46.450 LOG 3: field 0.0 0.0
2026-04-09 18:11:46.500 LOG 3: field 0.0 0.0
2026-04-09 18:11:56.550 LOG 3: int_fields 
2026-04-09 18:11:56.600 LOG 3: field 77924509061 77924509061
2026-04-09 18:11:56.650 LOG 3: field 77924509061 77924509061
2026-04-09 18:11:56.700 LOG 3: field 1162788 1162788
2026-04-09 18:11:56.750 LOG 3: field 1162788 1162788
2026-04-09 18:11:56.800 LOG 3: field 0 0
2026-04-09 18:11:56.850 LOG 3: field 0 0
2026-04-09 18:11:56.900 LOG 3: field 26 26
2026-04-09 18:11:56.950 LOG 3: field 0 0
2026-04-09 18:11:56.000 LOG 3: field 1 1
2026-04-09 18:11:56.050 LOG 3: field 0 0
2026-04-09 18:11:56.100 LOG 3: field 0 0
2026-04-09 18:11:56.150 LOG 3: field 0 0
2026-04-09 18:11:56.200 LOG 3: field 0 0
2026-04-09 18:11:56.250 LOG 3: field 0 0
2026-04-09 18:11:56.300 LOG 3: field 1 1
2026-04-09 18:11:56.350 LOG 3: field 1 1
2026-04-09 18:11:56.400 LOG 3: field 1 1
2026-04-09 18:11:56.450 LOG 3: field 0 0
2026-04-09 18:11:56.500 LOG 3: field -1 -1
2026-04-09 18:11:56.550 LOG 3: field 0 0
2026-04-09 18:11:56.600 LOG 3: field 0 0
2026-04-09 18:11:56.650 LOG 3: field 0 0
2026-04-09 18:11:56.700 LOG 3: field 0 0
2026-04-09 18:11:56.750 LOG 3: field 0 0
2026-04-09 18:11:56.800 LOG 3: field 0 0
2026-04-09 18:11:56.850 LOG 3: field 0 0
2026-04-09 18:11:56.900 LOG 3: field 0 0
2026-04-09 18:11:56.950 LOG 3: field 0 0
2026-04-09 18:11:56.000 LOG 3: field 0 0
2026-04-09 18:11:56.050 LOG 3: field 0 0
2026-04-09 18:11:56.100 LOG 3: field 0 0
2026-04-09 18:11:56.150 LOG 3: field 20260410 20260410
2026-04-09 18:11:56.200 LOG 3: field 0 0
2026-04-09 18:11:56.250 LOG 3: field 0 0
2026-04-09 18:11:56.300 LOG 3: float_fields 
2026-04-09 18:11:56.350 LOG 3: field 1.0 1.0
2026-04-09 18:11:56.400 LOG 3: field 98.67 98.67
2026-04-09 18:11:56.450 LOG 3: field 986.7 986.7
2026-04-09 18:11:56.500 LOG 3: field 0.0 0.0
2026-04-09 18:11:56.550 LOG 3: field 14.95 14.95
2026-04-09 18:11:56.600 LOG 3: field 14.47 14.47
2026-04-09 18:11:56.650 LOG 3: field 0.0 0.0
2026-04-09 18:11:56.700 LOG 3: field 0.0 0.0
2026-04-09 18:11:56.750 LOG 3: field 0.0 0.0
2026-04-09 18:11:56.800 LOG 3: field 0.0 0.0
2026-04-09 18:11:56.850 LOG 3: field 0.0 0.0
2026-04-09 18:11:56.900 LOG 3: field 0.0 0.0
2026-04-09 18:11:56.950 LOG 3: field 0 0
2026-04-09 18:11:56.000 LOG 3: field 0.0 0.0
2026-04-09 18:11:56.050 LOG 3: field 0.0 0.0
2026-04-09 18:11:56.100 LOG 3: field 0 0
2026-04-09 18:11:56.150 LOG 3: field -1 -1
2026-04-09 18:11:56.200 LOG 3: field -1 -1
2026-04-09 18:11:56.250 LOG 3: field 0 0
2026-04-09 18:11:56.300 LOG 3: field 0.0 0.0
2026-04-09 18:11:56.350 LOG 3: field 0.0 0.0
2026-04-09 18:11:56.400 LOG 3: int_fields 
2026-04-09 18:11:56.450 LOG 3: field 77924527921 77924527921
2026-04-09 18:11:56.500 LOG 3: field 77924527921 77924527921
2026-04-09 18:11:56.550 LOG 3: field 1162788 1162788
2026-04-09 18:11:56.600 LOG 3: field 0 0
2026-04-09 18:11:56.650 LOG 3: field 0 0
2026-04-09 18:11:56.700 LOG 3: field 0 0
2026-04-09 18:11:56.750 LOG 3: field 25 25
2026-04-09 18:11:56.800 LOG 3: field 0 0
2026-04-09 18:11:56.850 LOG 3: field 1 1
2026-04-09 18:11:56.900 LOG 3: field 0 0
2026-04-09 18:11:56.950 LOG 3: field 0 0
2026-04-09 18:11:56.000 LOG 3: field 0 0
2026-04-09 18:11:56.050 LOG 3: field 0 0
2026-04-09 18:11:56.100 LOG 3: field 0 0
2026-04-09 18:11:56.150 LOG 3: field 1 1
2026-04-09 18:11:56.200 LOG 3: field 1 1
2026-04-09 18:11:56.250 LOG 3: field 1 1
2026-04-09 18:11:56.300 LOG 3: field 0 0
2026-04-09 18:11:56.350 LOG 3: field -1 -1
2026-04-09 18:11:56.400 LOG 3: field 0 0
2026-04-09 18:11:56.450 LOG 3: field 0 0
2026-04-09 18:11:56.500 LOG 3: field 0 0
2026-04-09 18:11:56.550 LOG 3: field 0 0
2026-04-09 18:11:56.600 LOG 3: field 0 0
2026-04-09 18:11:56.650 LOG 3: field 0 0
2026-04-09 18:11:56.700 LOG 3: field 0 0
2026-04-09 18:11:56.750 LOG 3: field 0 0
2026-04-09 18:11:56.800 LOG 3: field 0 0
2026-04-09 18:11:56.850 LOG 3: field 0 0
2026-04-09 18:11:56.900 LOG 3: field 0 0
2026-04-09 18:11:56.950 LOG 3: field 0 0
2026-04-09 18:11:56.000 LOG 3: field 20260410 20260410
2026-04-09 18:11:56.050 LOG 3: field 0 0
2026-04-09 18:11:56.100 LOG 3: field 0 0
2026-04-09 18:11:56.150 LOG 3: float_fields 
2026-04-09 18:11:56.200 LOG 3: field 1.0 1.0
2026-04-09 18:11:56.250 LOG 3: field 98.67 98.67
2026-04-09 18:11:56.300 LOG 3: field 986.7 986.7
2026-04-09 18:11:56.350 LOG 3: field 0.0 0.0
2026-04-09 18:11:56.400 LOG 3: field 14.95 14.95
2026-04-09 18:11:56.450 LOG 3: field 14.47 14.47
2026-04-09 18:11:56.500 LOG 3: field 0.0 0.0
2026-04-09 18:11:56.550 LOG 3: field 0.0 0.0
2026-04-09 18:11:56.600 LOG 3: field 0.0 0.0
2026-04-09 18:11:56.650 LOG 3: field 0.0 0.0
2026-04-09 18:11:56.700 LOG 3: field 0.0 0.0
2026-04-09 18:11:56.750 LOG 3: field 0.0 0.0
2026-04-09 18:11:56.800 LOG 3: field 0 0
2026-04-09 18:11:56.850 LOG 3: field 0.0 0.0
2026-04-09 18:11:56.900 LOG 3: field 0.0 0.0
2026-04-09 18:11:56.950 LOG 3: field 0 0
2026-04-09 18:11:56.000 LOG 3: field -1 -1
2026-04-09 18:11:56.050 LOG 3: field -1 -1
2026-04-09 18:11:56.100 LOG 3: field 0 0
2026-04-09 18:11:56.150 LOG 3: field 0.0 0.0
2026-04-09 18:11:56.200 LOG 3: field 0.0 0.0
2026-04-09 18:11:56.250 LOG 3: int_fields 
2026-04-09 18:11:56.300 LOG 3: field 77947783631 77947783631
2026-04-09 18:11:56.350 LOG 3: field 77947783631 77947783631
2026-04-09 18:11:56.400 LOG 3: field 1162788 1162788
2026-04-09 18:11:56.450 LOG 3: field 0 0
2026-04-09 18:11:56.500 LOG 3: field 0 0
2026-04-09 18:11:56.550 LOG 3: field 9180729 9180729
2026-04-09 18:11:56.600 LOG 3: field 25 25
2026-04-09 18:11:56.650 LOG 3: field 0 0
2026-04-09 18:11:56.700 LOG 3: field 1 1
2026-04-09 18:11:56.750 LOG 3: field 0 0
2026-04-09 18:11:56.800 LOG 3: field 0 0
2026-04-09 18:11:56.850 LOG 3: field 0 0
2026-04-09 18:11:56.900 LOG 3: field 0 0
2026-04-09 18:11:56.950 LOG 3: field 0 0
2026-04-09 18:11:56.000 LOG 3: field 1 1
2026-04-09 18:11:56.050 LOG 3: field 1 1
2026-04-09 18:11:56.100 LOG 3: field 1 1
2026-04-09 18:11:56.150 LOG 3: field 0 0
2026-04-09 18:11:56.200 LOG 3: field -1 -1
2026-04-09 18:11:56.250 LOG 3: field 0 0
2026-04-09 18:11:56.300 LOG 3: field 0 0
2026-04-09 18:11:56.350 LOG 3: field 0 0
2026-04-09 18:11:56.400 LOG 3: field 0 0
2026-04-09 18:11:56.450 LOG 3: field 0 0
2026-04-09 18:11:56.500 LOG 3: field 0 0
2026-04-09 18:11:56.550 LOG 3: field 0 0
2026-04-09 18:11:56.600 LOG 3: field 0 0
2026-04-09 18:11:56.650 LOG 3: field 0 0
2026-04-09 18:11:56.700 LOG 3: field 0 0
2026-04-09 18:11:56.750 LOG 3: field 0 0
2026-04-09 18:11:56.800 LOG 3: field 0 0
2026-04-09 18:11:56.850 LOG 3: field 20260410 20260410
2026-04-09 18:11:56.900 LOG 3: field 0 0
2026-04-09 18:11:56.950 LOG 3: field 0 0
2026-04-09 18:11:56.000 LOG 3: float_fields 
2026-04-09 18:11:56.050 LOG 3: field 1.0 1.0
2026-04-09 18:11:56.100 LOG 3: field 100.99 100.99
2026-04-09 18:11:56.150 LOG 3: field 1009.9 1009.9
2026-04-09 18:11:56.200 LOG 3: field 0.0 0.0
2026-04-09 18:11:56.250 LOG 3: field 12.44 12.44
2026-04-09 18:11:56.300 LOG 3: field 28.88 28.88
2026-04-09 18:11:56.350 LOG 3: field 0.0 0.0
2026-04-09 18:11:56.400 LOG 3: field 0.0 0.0
2026-04-09 18:11:56.450 LOG 3: field 0.0 0.0
2026-04-09 18:11:56.500 LOG 3: field 0.0 0.0
2026-04-09 18:11:56.550 LOG 3: field 0.0 0.0
2026-04-09 18:11:56.600 LOG 3: field 0.0 0.0
2026-04-09 18:11:56.650 LOG 3: field 0 0
2026-04-09 18:11:56.700 LOG 3: field 0.0 0.0
2026-04-09 18:11:56.750 LOG 3: field 0.0 0.0
2026-04-09 18:11:56.800 LOG 3: field 0 0
2026-04-09 18:11:56.850 LOG 3: field -1 -1
2026-04-09 18:11:56.900 LOG 3: field -1 -1
2026-04-09 18:11:56.950 LOG 3: field 0 0
2026-04-09 18:11:56.000 LOG 3: field 0.0 0.0
2026-04-09 18:11:56.050 LOG 3: field 0.0 0.0
2026-04-09 18:11:56.100 LOG 3: int_fields 
2026-04-09 18:11:56.150 LOG 3: field 77947788055 77947788055
2026-04-09 18:11:56.200 LOG 3: field 77947788055 77947788055
2026-04-09 18:11:56.250 LOG 3: field 1162788 1162788
2026-04-09 18:11:56.300 LOG 3: field 0 0
2026-04-09 18:11:56.350 LOG 3: field 0 0
2026-04-09 18:11:56.400 LOG 3: field 9180730 9180730
2026-04-09 18:11:56.450 LOG 3: field 25 25
2026-04-09 18:11:56.500 LOG 3: field 0 0
2026-04-09 18:11:56.550 LOG 3: field 1 1
2026-04-09 18:11:56.600 LOG 3: field 0 0
2026-04-09 18:11:56.650 LOG 3: field 0 0
2026-04-09 18:11:56.700 LOG 3: field 0 0
2026-04-09 18:11:56.750 LOG 3: field 0 0
2026-04-09 18:11:56.800 LOG 3: field 0 0
2026-04-09 18:11:56.850 LOG 3: field 1 1
2026-04-09 18:11:56.900 LOG 3: field 1 1
2026-04-09 18:11:56.950 LOG 3: field 1 1
2026-04-09 18:11:56.000 LOG 3: field 0 0
2026-04-09 18:11:56.050 LOG 3: field -1 -1
2026-04-09 18:11:56.100 LOG 3: field 0 0
2026-04-09 18:11:56.150 LOG 3: field 0 0
2026-04-09 18:11:56.200 LOG 3: field 0 0
2026-04-09 18:11:56.250 LOG 3: field 0 0
2026-04-09 18:11:56.300 LOG 3: field 0 0
2026-04-09 18:11:56.350 LOG 3: field 0 0
2026-04-09 18:11:56.400 LOG 3: field 0 0
2026-04-09 18:11:56.450 LOG 3: field 0 0
2026-04-09 18:11:56.500 LOG 3: field 0 0
2026-04-09 18:11:56.550 LOG 3: field 0 0
2026-04-09 18:11:56.600 LOG 3: field 0 0
2026-04-09 18:11:56.650 LOG 3: field 0 0
2026-04-09 18:11:56.700 LOG 3: field 20260410 20260410
2026-04-09 18:11:56.750 LOG 3: field 0 0
2026-04-09 18:11:56.800 LOG 3: field 0 0
2026-04-09 18:11:56.850 LOG 3: float_fields 
2026-04-09 18:11:56.900 LOG 3: field 1.0 1.0
2026-04-09 18:11:56.950 LOG 3: field 102.9 102.9
2026-04-09 18:11:56.000 LOG 3: field 1029.0 1029.0
2026-04-09 18:11:56.050 LOG 3: field 0.0 0.0
2026-04-09 18:11:56.100 LOG 3: field 15.1 15.1
2026-04-09 18:11:56.150 LOG 3: field 65.67 65.67
2026-04-09 18:11:56.200 LOG 3: field 0.0 0.0
2026-04-09 18:11:56.250 LOG 3: field 0.0 0.0
2026-04-09 18:11:56.300 LOG 3: field 0.0 0.0
2026-04-09 18:11:56.350 LOG 3: field 0.0 0.0
2026-04-09 18:11:56.400 LOG 3: field 0.0 0.0
2026-04-09 18:11:56.450 LOG 3: field 0.0 0.0
2026-04-09 18:11:56.500 LOG 3: field 0 0
2026-04-09 18:11:56.550 LOG 3: field 0.0 0.0
2026-04-09 18:11:56.600 LOG 3: field 0.0 0.0
2026-04-09 18:11:56.650 LOG 3: field 0 0
2026-04-09 18:11:56.700 LOG 3: field -1 -1
2026-04-09 18:11:56.750 LOG 3: field -1 -1
2026-04-09 18:11:56.800 LOG 3: field 0 0
2026-04-09 18:11:56.850 LOG 3: field 0.0 0.0
2026-04-09 18:11:56.900 LOG 3: field 0.0 0.0
2026-04-09 18:11:56.950 LOG 3: int_fields 
2026-04-09 18:11:56.000 LOG 3: field 77947793758 77947793758
2026-04-09 18:11:56.050 LOG 3: field 77947793758 77947793758
2026-04-09 18:11:56.100 LOG 3: field 1162788 1162788
2026-04-09 18:11:56.150 LOG 3: field 0 0
2026-04-09 18:11:56.200 LOG 3: field 0 0
2026-04-09 18:11:56.250 LOG 3: field 9180731 9180731
2026-04-09 18:11:56.300 LOG 3: field 25 25
2026-04-09 18:11:56.350 LOG 3: field 0 0
2026-04-09 18:11:56.400 LOG 3: field 1 1
2026-04-09 18:11:56.450 LOG 3: field 0 0
2026-04-09 18:11:56.500 LOG 3: field 0 0
2026-04-09 18:11:56.550 LOG 3: field 0 0
2026-04-09 18:11:56.600 LOG 3: field 0 0
2026-04-09 18:11:56.650 LOG 3: field 0 0
2026-04-09 18:11:56.700 LOG 3: field 1 1
2026-04-09 18:11:56.750 LOG 3: field 1 1
2026-04-09 18:11:56.800 LOG 3: field 1 1
2026-04-09 18:11:56.850 LOG 3: field 0 0
2026-04-09 18:11:56.900 LOG 3: field -1 -1
2026-04-09 18:11:56.950 LOG 3: field 0 0
2026-04-09 18:11:56.000 LOG 3: field 0 0
2026-04-09 18:11:56.050 LOG 3: field 0 0
2026-04-09 18:11:56.100 LOG 3: field 0 0
2026-04-09 18:11:56.150 LOG 3: field 0 0
2026-04-09 18:11:56.200 LOG 3: field 0 0
2026-04-09 18:11:56.250 LOG 3: field 0 0
2026-04-09 18:11:56.300 LOG 3: field 0 0
2026-04-09 18:11:56.350 LOG 3: field 0 0
2026-04-09 18:11:56.400 LOG 3: field 0 0
2026-04-09 18:11:56.450 LOG 3: field 0 0
2026-04-09 18:11:56.500 LOG 3: field 0 0
2026-04-09 18:11:56.550 LOG 3: field 20260410 20260410
2026-04-09 18:11:56.600 LOG 3: field 0 0
2026-04-09 18:11:56.650 LOG 3: field 0 0
2026-04-09 18:11:56.700 LOG 3: float_fields 
2026-04-09 18:11:56.750 LOG 3: field 1.0 1.0
2026-04-09 18:11:56.800 LOG 3: field 105.89 105.89
2026-04-09 18:11:56.850 LOG 3: field 1058.9 1058.9
2026-04-09 18:11:56.900 LOG 3: field 0.0 0.0
2026-04-09 18:11:56.950 LOG 3: field 15.03 15.03
2026-04-09 18:11:56.000 LOG 3: field 8.43 8.43
2026-04-09 18:11:56.050 LOG 3: field 0.0 0.0
2026-04-09 18:11:56.100 LOG 3: field 0.0 0.0
2026-04-09 18:11:56.150 LOG 3: field 0.0 0.0
2026-04-09 18:11:56.200 LOG 3: field 0.0 0.0
2026-04-09 18:11:56.250 LOG 3: field 0.0 0.0
2026-04-09 18:11:56.300 LOG 3: field 0.0 0.0
2026-04-09 18:11:56.350 LOG 3: field 0 0
2026-04-09 18:11:56.400 LOG 3: field 0.0 0.0
2026-04-09 18:11:56.450 LOG 3: field 0.0 0.0
2026-04-09 18:11:56.500 LOG 3: field 0 0
2026-04-09 18:11:56.550 LOG 3: field -1 -1
2026-04-09 18:11:56.600 LOG 3: field -1 -1
2026-04-09 18:11:56.650 LOG 3: field 0 0
2026-04-09 18:11:56.700 LOG 3: field 0.0 0.0
2026-04-09 18:11:56.750 LOG 3: field 0.0 0.0
2026-04-09 18:11:56.000 LOG 3: int_fields 
2026-04-09 18:11:56.050 LOG 3: field 77924509061 77924509061
2026-04-09 18:11:56.100 LOG 3: field 77924509061 77924509061
2026-04-09 18:11:56.150 LOG 3: field 1162788 1162788
2026-04-09 18:11:56.200 LOG 3: field 1162788 1162788
2026-04-09 18:11:56.250 LOG 3: field 0 0
2026-04-09 18:11:56.300 LOG 3: field 0 0
2026-04-09 18:11:56.350 LOG 3: field 26 26
2026-04-09 18:11:56.400 LOG 3: field 0 0
2026-04-09 18:11:56.450 LOG 3: field 1 1
2026-04-09 18:11:56.500 LOG 3: field 0 0
2026-04-09 18:11:56.550 LOG 3: field 0 0
2026-04-09 18:11:56.600 LOG 3: field 0 0
2026-04-09 18:11:56.650 LOG 3: field 0 0
2026-04-09 18:11:56.700 LOG 3: field 0 0
2026-04-09 18:11:56.750 LOG 3: field 1 1
2026-04-09 18:11:56.800 LOG 3: field 1 1
2026-04-09 18:11:56.850 LOG 3: field 1 1
2026-04-09 18:11:56.900 LOG 3: field 0 0
2026-04-09 18:11:56.950 LOG 3: field -1 -1
2026-04-09 18:11:56.000 LOG 3: field 0 0
2026-04-09 18:11:56.050 LOG 3: field 0 0
2026-04-09 18:11:56.100 LOG 3: field 0 0
2026-04-09 18:11:56.150 LOG 3: field 0 0
2026-04-09 18:11:56.200 LOG 3: field 0 0
2026-04-09 18:11:56.250 LOG 3: field 0 0
2026-04-09 18:11:56.300 LOG 3: field 0 0
2026-04-09 18:11:56.350 LOG 3: field 0 0
2026-04-09 18:11:56.400 LOG 3: field 0 0
2026-04-09 18:11:56.450 LOG 3: field 0 0
2026-04-09 18:11:56.500 LOG 3: field 0 0
2026-04-09 18:11:56.550 LOG 3: field 0 0
2026-04-09 18:11:56.600 LOG 3: field 20260410 20260410
2026-04-09 18:11:56.650 LOG 3: field 0 0
2026-04-09 18:11:56.700 LOG 3: field 0 0
2026-04-09 18:11:56.750 LOG 3: float_fields 
2026-04-09 18:11:56.800 LOG 3: field 1.0 1.0
2026-04-09 18:11:56.850 LOG 3: field 98.67 98.67
2026-04-09 18:11:56.900 LOG 3: field 986.7 986.7
2026-04-09 18:11:56.950 LOG 3: field 0.0 0.0
2026-04-09 18:11:56.000 LOG 3: field 14.95 14.95
2026-04-09 18:11:56.050 LOG 3: field 14.47 14.47
2026-04-09 18:11:56.100 LOG 3: field 0.0 0.0
2026-04-09 18:11:56.150 LOG 3: field 0.0 0.0
2026-04-09 18:11:56.200 LOG 3: field 0.0 0.0
2026-04-09 18:11:56.250 LOG 3: field 0.0 0.0
2026-04-09 18:11:56.300 LOG 3: field 0.0 0.0
2026-04-09 18:11:56.350 LOG 3: field 0.0 0.0
2026-04-09 18:11:56.400 LOG 3: field 0 0
2026-04-09 18:11:56.450 LOG 3: field 0.0 0.0
2026-04-09 18:11:56.500 LOG 3: field 0.0 0.0
2026-04-09 18:11:56.550 LOG 3: field 0 0
2026-04-09 18:11:56.600 LOG 3: field -1 -1
2026-04-09 18:11:56.650 LOG 3: field -1 -1
2026-04-09 18:11:56.700 LOG 3: field 0 0
2026-04-09 18:11:56.750 LOG 3: field 0.0 0.0
2026-04-09 18:11:56.800 LOG 3: field 0.0 0.0
2026-04-09 18:11:56.850 LOG 3: int_fields 
2026-04-09 18:11:56.900 LOG 3: field 77924527921 77924527921
2026-04-09 18:11:56.950 LOG 3: field 77924527921 77924527921
2026-04-09 18:11:56.000 LOG 3: field 1162788 1162788
2026-04-09 18:11:56.050 LOG 3: field 0 0
2026-04-09 18:11:56.100 LOG 3: field 0 0
2026-04-09 18:11:56.150 LOG 3: field 0 0
2026-04-09 18:11:56.200 LOG 3: field 25 25
2026-04-09 18:11:56.250 LOG 3: field 0 0
2026-04-09 18:11:56.300 LOG 3: field 1 1
2026-04-09 18:11:56.350 LOG 3: field 0 0
2026-04-09 18:11:56.400 LOG 3: field 0 0
2026-04-09 18:11:56.450 LOG 3: field 0 0
2026-04-09 18:11:56.500 LOG 3: field 0 0
2026-04-09 18:11:56.550 LOG 3: field 0 0
2026-04-09 18:11:56.600 LOG 3: field 1 1
2026-04-09 18:11:56.650 LOG 3: field 1 1
2026-04-09 18:11:56.700 LOG 3: field 1 1
2026-04-09 18:11:56.750 LOG 3: field 0 0
2026-04-09 18:11:56.800 LOG 3: field -1 -1
2026-04-09 18:11:56.850 LOG 3: field 0 0
2026-04-09 18:11:56.900 LOG 3: field 0 0
2026-04-09 18:11:56.950 LOG 3: field 0 0
2026-04-09 18:11:56.000 LOG 3: field 0 0
2026-04-09 18:11:56.050 LOG 3: field 0 0
2026-04-09 18:11:56.100 LOG 3: field 0 0
2026-04-09 18:11:56.150 LOG 3: field 0 0
2026-04-09 18:11:56.200 LOG 3: field 0 0
2026-04-09 18:11:56.250 LOG 3: field 0 0
2026-04-09 18:11:56.300 LOG 3: field 0 0
2026-04-09 18:11:56.350 LOG 3: field 0 0
2026-04-09 18:11:56.400 LOG 3: field 0 0
2026-04-09 18:11:56.450 LOG 3: field 20260410 20260410
2026-04-09 18:11:56.500 LOG 3: field 0 0
2026-04-09 18:11:56.550 LOG 3: field 0 0
2026-04-09 18:11:56.600 LOG 3: float_fields 
2026-04-09 18:11:56.650 LOG 3: field 1.0 1.0
2026-04-09 18:11:56.700 LOG 3: field 98.67 98.67
2026-04-09 18:11:56.750 LOG 3: field 986.7 986.7
2026-04-09 18:11:56.800 LOG 3: field 0.0 0.0
2026-04-09 18:11:56.850 LOG 3: field 14.95 14.95
2026-04-09 18:11:56.900 LOG 3: field 14.47 14.47
2026-04-09 18:11:56.950 LOG 3: field 0.0 0.0
2026-04-09 18:11:56.000 LOG 3: field 0.0 0.0
2026-04-09 18:11:56.050 LOG 3: field 0.0 0.0
2026-04-09 18:11:56.100 LOG 3: field 0.0 0.0
2026-04-09 18:11:56.150 LOG 3: field 0.0 0.0
2026-04-09 18:11:56.200 LOG 3: field 0.0 0.0
2026-04-09 18:11:56.250 LOG 3: field 0 0
2026-04-09 18:11:56.300 LOG 3: field 0.0 0.0
2026-04-09 18:11:56.350 LOG 3: field 0.0 0.0
2026-04-09 18:11:56.400 LOG 3: field 0 0
2026-04-09 18:11:56.450 LOG 3: field -1 -1
2026-04-09 18:11:56.500 LOG 3: field -1 -1
2026-04-09 18:11:56.550 LOG 3: field 0 0
2026-04-09 18:11:56.600 LOG 3: field 0.0 0.0
2026-04-09 18:11:56.650 LOG 3: field 0.0 0.0
2026-04-09 18:11:56.700 LOG 3: int_fields 
2026-04-09 18:11:56.750 LOG 3: field 77947783631 77947783631
2026-04-09 18:11:56.800 LOG 3: field 77947783631 77947783631
2026-04-09 18:11:56.850 LOG 3: field 1162788 1162788
2026-04-09 18:11:56.900 LOG 3: field 0 0
2026-04-09 18:11:56.950 LOG 3: field 0 0
2026-04-09 18:11:56.000 LOG 3: field 9180729 9180729
2026-04-09 18:11:56.050 LOG 3: field 25 25
2026-04-09 18:11:56.100 LOG 3: field 0 0
2026-04-09 18:11:56.150 LOG 3: field 1 1
2026-04-09 18:11:56.200 LOG 3: field 0 0
2026-04-09 18:11:56.250 LOG 3: field 0 0
2026-04-09 18:11:56.300 LOG 3: field 0 0
2026-04-09 18:11:56.350 LOG 3: field 0 0
2026-04-09 18:11:56.400 LOG 3: field 0 0
2026-04-09 18:11:56.450 LOG 3: field 1 1
2026-04-09 18:11:56.500 LOG 3: field 1 1
2026-04-09 18:11:56.550 LOG 3: field 1 1
2026-04-09 18:11:56.600 LOG 3: field 0 0
2026-04-09 18:11:56.650 LOG 3: field -1 -1
2026-04-09 18:11:56.700 LOG 3: field 0 0
2026-04-09 18:11:56.750 LOG 3: field 0 0
2026-04-09 18:11:56.800 LOG 3: field 0 0
2026-04-09 18:11:56.850 LOG 3: field 0 0
2026-04-09 18:11:56.900 LOG 3: field 0 0
2026-04-09 18:11:56.950 LOG 3: field 0 0
2026-04-09 18:11:56.000 LOG 3: field 0 0
2026-04-09 18:11:56.050 LOG 3: field 0 0
2026-04-09 18:11:56.100 LOG 3: field 0 0
2026-04-09 18:11:56.150 LOG 3: field 0 0
2026-04-09 18:11:56.200 LOG 3: field 0 0
2026-04-09 18:11:56.250 LOG 3: field 0 0
2026-04-09 18:11:56.300 LOG 3: field 20260410 20260410
2026-04-09 18:11:56.350 LOG 3: field 0 0
2026-04-09 18:11:56.400 LOG 3: field 0 0
2026-04-09 18:11:56.450 LOG 3: float_fields 
2026-04-09 18:11:56.500 LOG 3: field 1.0 1.0
2026-04-09 18:11:56.550 LOG 3: field 100.99 100.99
2026-04-09 18:11:56.600 LOG 3: field 1009.9 1009.9
2026-04-09 18:11:56.650 LOG 3: field 0.0 0.0
2026-04-09 18:11:56.700 LOG 3: field 12.44 12.44
2026-04-09 18:11:56.750 LOG 3: field 28.88 28.88
2026-04-09 18:11:56.800 LOG 3: field 0.0 0.0
2026-04-09 18:11:56.850 LOG 3: field 0.0 0.0
2026-04-09 18:11:56.900 LOG 3: field 0.0 0.0
2026-04-09 18:11:56.950 LOG 3: field 0.0 0.0
2026-04-09 18:11:56.000 LOG 3: field 0.0 0.0
2026-04-09 18:11:56.050 LOG 3: field 0.0 0.0
2026-04-09 18:11:56.100 LOG 3: field 0 0
2026-04-09 18:11:56.150 LOG 3: field 0.0 0.0
2026-04-09 18:11:56.200 LOG 3: field 0.0 0.0
2026-04-09 18:11:56.250 LOG 3: field 0 0
2026-04-09 18:11:56.300 LOG 3: field -1 -1
2026-04-09 18:11:56.350 LOG 3: field -1 -1
2026-04-09 18:11:56.400 LOG 3: field 0 0
2026-04-09 18:11:56.450 LOG 3: field 0.0 0.0
2026-04-09 18:11:56.500 LOG 3: field 0.0 0.0
2026-04-09 18:11:56.550 LOG 3: int_fields 
2026-04-09 18:11:56.600 LOG 3: field 77947788055 77947788055
2026-04-09 18:11:56.650 LOG 3: field 77947788055 77947788055
2026-04-09 18:11:56.700 LOG 3: field 1162788 1162788
2026-04-09 18:11:56.750 LOG 3: field 0 0
2026-04-09 18:11:56.800 LOG 3: field 0 0
2026-04-09 18:11:56.850 LOG 3: field 9180730 9180730
2026-04-09 18:11:56.900 LOG 3: field 25 25
2026-04-09 18:11:56.950 LOG 3: field 0 0
2026-04-09 18:11:56.000 LOG 3: field 1 1
2026-04-09 18:11:56.050 LOG 3: field 0 0
2026-04-09 18:11:56.100 LOG 3: field 0 0
2026-04-09 18:11:56.150 LOG 3: field 0 0
2026-04-09 18:11:56.200 LOG 3: field 0 0
2026-04-09 18:11:56.250 LOG 3: field 0 0
2026-04-09 18:11:56.300 LOG 3: field 1 1
2026-04-09 18:11:56.350 LOG 3: field 1 1
2026-04-09 18:11:56.400 LOG 3: field 1 1
2026-04-09 18:11:56.450 LOG 3: field 0 0
2026-04-09 18:11:56.500 LOG 3: field -1 -1
2026-04-09 18:11:56.550 LOG 3: field 0 0
2026-04-09 18:11:56.600 LOG 3: field 0 0
2026-04-09 18:11:56.650 LOG 3: field 0 0
2026-04-09 18:11:56.700 LOG 3: field 0 0
2026-04-09 18:11:56.750 LOG 3: field 0 0
2026-04-09 18:11:56.800 LOG 3: field 0 0
2026-04-09 18:11:56.850 LOG 3: field 0 0
2026-04-09 18:11:56.900 LOG 3: field 0 0
2026-04-09 18:11:56.950 LOG 3: field 0 0
2026-04-09 18:11:56.000 LOG 3: field 0 0
2026-04-09 18:11:56.050 LOG 3: field 0 0
2026-04-09 18:11:56.100 LOG 3: field 0 0
2026-04-09 18:11:56.150 LOG 3: field 20260410 20260410
2026-04-09 18:11:56.200 LOG 3: field 0 0
2026-04-09 18:11:56.250 LOG 3: field 0 0
2026-04-09 18:11:56.300 LOG 3: float_fields 
2026-04-09 18:11:56.350 LOG 3: field 1.0 1.0
2026-04-09 18:11:56.400 LOG 3: field 102.9 102.9
2026-04-09 18:11:56.450 LOG 3: field 1029.0 1029.0
2026-04-09 18:11:56.500 LOG 3: field 0.0 0.0
2026-04-09 18:11:56.550 LOG 3: field 15.1 15.1
2026-04-09 18:11:56.600 LOG 3: field 65.67 65.67
2026-04-09 18:11:56.650 LOG 3: field 0.0 0.0
2026-04-09 18:11:56.700 LOG 3: field 0.0 0.0
2026-04-09 18:11:56.750 LOG 3: field 0.0 0.0
2026-04-09 18:11:56.800 LOG 3: field 0.0 0.0
2026-04-09 18:11:56.850 LOG 3: field 0.0 0.0
2026-04-09 18:11:56.900 LOG 3: field 0.0 0.0
2026-04-09 18:11:56.950 LOG 3: field 0 0
2026-04-09 18:11:56.000 LOG 3: field 0.0 0.0
2026-04-09 18:11:56.050 LOG 3: field 0.0 0.0
2026-04-09 18:11:56.100 LOG 3: field 0 0
2026-04-09 18:11:56.150 LOG 3: field -1 -1
2026-04-09 18:11:56.200 LOG 3: field -1 -1
2026-04-09 18:11:56.250 LOG 3: field 0 0
2026-04-09 18:11:56.300 LOG 3: field 0.0 0.0
2026-04-09 18:11:56.350 LOG 3: field 0.0 0.0
2026-04-09 18:11:56.400 LOG 3: int_fields 
2026-04-09 18:11:56.450 LOG 3: field 77947793758 77947793758
2026-04-09 18:11:56.500 LOG 3: field 77947793758 77947793758
2026-04-09 18:11:56.550 LOG 3: field 1162788 1162788
2026-04-09 18:11:56.600 LOG 3: field 0 0
2026-04-09 18:11:56.650 LOG 3: field 0 0
2026-04-09 18:11:56.700 LOG 3: field 9180731 9180731
2026-04-09 18:11:56.750 LOG 3: field 25 25
2026-04-09 18:11:56.800 LOG 3: field 0 0
2026-04-09 18:11:56.850 LOG 3: field 1 1
2026-04-09 18:11:56.900 LOG 3: field 0 0
2026-04-09 18:11:56.950 LOG 3: field 0 0
2026-04-09 18:11:56.000 LOG 3: field 0 0
2026-04-09 18:11:56.050 LOG 3: field 0 0
2026-04-09 18:11:56.100 LOG 3: field 0 0
2026-04-09 18:11:56.150 LOG 3: field 1 1
2026-04-09 18:11:56.200 LOG 3: field 1 1
2026-04-09 18:11:56.250 LOG 3: field 1 1
2026-04-09 18:11:56.300 LOG 3: field 0 0
2026-04-09 18:11:56.350 LOG 3: field -1 -1
2026-04-09 18:11:56.400 LOG 3: field 0 0
2026-04-09 18:11:56.450 LOG 3: field 0 0
2026-04-09 18:11:56.500 LOG 3: field 0 0
2026-04-09 18:11:56.550 LOG 3: field 0 0
2026-04-09 18:11:56.600 LOG 3: field 0 0
2026-04-09 18:11:56.650 LOG 3: field 0 0
2026-04-09 18:11:56.700 LOG 3: field 0 0
2026-04-09 18:11:56.750 LOG 3: field 0 0
2026-04-09 18:11:56.800 LOG 3: field 0 0
2026-04-09 18:11:56.850 LOG 3: field 0 0
2026-04-09 18:11:56.900 LOG 3: field 0 0
2026-04-09 18:11:56.950 LOG 3: field 0 0
2026-04-09 18:11:56.000 LOG 3: field 20260410 20260410
2026-04-09 18:11:56.050 LOG 3: field 0 0
2026-04-09 18:11:56.100 LOG 3: field 0 0
2026-04-09 18:11:56.150 LOG 3: float_fields 
2026-04-09 18:11:56.200 LOG 3: field 1.0 1.0
2026-04-09 18:11:56.250 LOG 3: field 105.89 105.89
2026-04-09 18:11:56.300 LOG 3: field 1058.9 1058.9
2026-04-09 18:11:56.350 LOG 3: field 0.0 0.0
2026-04-09 18:11:56.400 LOG 3: field 15.03 15.03
2026-04-09 18:11:56.450 LOG 3: field 8.43 8.43
2026-04-09 18:11:56.500 LOG 3: field 0.0 0.0
2026-04-09 18:11:56.550 LOG 3: field 0.0 0.0
2026-04-09 18:11:56.600 LOG 3: field 0.0 0.0
2026-04-09 18:11:56.650 LOG 3: field 0.0 0.0
2026-04-09 18:11:56.700 LOG 3: field 0.0 0.0
2026-04-09 18:11:56.750 LOG 3: field 0.0 0.0
2026-04-09 18:11:56.800 LOG 3: field 0 0
2026-04-09 18:11:56.850 LOG 3: field 0.0 0.0
2026-04-09 18:11:56.900 LOG 3: field 0.0 0.0
2026-04-09 18:11:56.950 LOG 3: field 0 0
2026-04-09 18:11:56.000 LOG 3: field -1 -1
2026-04-09 18:11:56.050 LOG 3: field -1 -1
2026-04-09 18:11:56.100 LOG 3: field 0 0
2026-04-09 18:11:56.150 LOG 3: field 0.0 0.0
2026-04-09 18:11:56.200 LOG 3: field 0.0 0.0
2026-04-09 18:12:06.650 LOG 3: int_fields 
2026-04-09 18:12:06.700 LOG 3: field 77924509061 77924509061
2026-04-09 18:12:06.750 LOG 3: field 77924509061 77924509061
2026-04-09 18:12:06.800 LOG 3: field 1162788 1162788
2026-04-09 18:12:06.850 LOG 3: field 1162788 1162788
2026-04-09 18:12:06.900 LOG 3: field 0 0
2026-04-09 18:12:06.950 LOG 3: field 0 0
2026-04-09 18:12:06.000 LOG 3: field 26 26
2026-04-09 18:12:06.050 LOG 3: field 0 0
2026-04-09 18:12:06.100 LOG 3: field 1 1
2026-04-09 18:12:06.200 LOG 3: field 0 0
2026-04-09 18:12:06.250 LOG 3: field 0 0
2026-04-09 18:12:06.300 LOG 3: field 0 0
2026-04-09 18:12:06.350 LOG 3: field 0 0
2026-04-09 18:12:06.400 LOG 3: field 0 0
2026-04-09 18:12:06.450 LOG 3: field 1 1
2026-04-09 18:12:06.500 LOG 3: field 1 1
2026-04-09 18:12:06.550 LOG 3: field 1 1
2026-04-09 18:12:06.600 LOG 3: field 0 0
2026-04-09 18:12:06.650 LOG 3: field -1 -1
2026-04-09 18:12:06.700 LOG 3: field 0 0
2026-04-09 18:12:06.750 LOG 3: field 0 0
2026-04-09 18:12:06.800 LOG 3: field 0 0
2026-04-09 18:12:06.850 LOG 3: field 0 0
2026-04-09 18:12:06.900 LOG 3: field 0 0
2026-04-09 18:12:06.950 LOG 3: field 0 0
2026-04-09 18:12:06.000 LOG 3: field 0 0
2026-04-09 18:12:06.050 LOG 3: field 0 0
2026-04-09 18:12:06.100 LOG 3: field 0 0
2026-04-09 18:12:06.150 LOG 3: field 0 0
2026-04-09 18:12:06.200 LOG 3: field 0 0
2026-04-09 18:12:06.250 LOG 3: field 0 0
2026-04-09 18:12:06.300 LOG 3: field 20260410 20260410
2026-04-09 18:12:06.350 LOG 3: field 0 0
2026-04-09 18:12:06.400 LOG 3: field 0 0
2026-04-09 18:12:06.450 LOG 3: float_fields 
2026-04-09 18:12:06.500 LOG 3: field 1.0 1.0
2026-04-09 18:12:06.550 LOG 3: field 98.67 98.67
2026-04-09 18:12:06.600 LOG 3: field 986.7 986.7
2026-04-09 18:12:06.650 LOG 3: field 0.0 0.0
2026-04-09 18:12:06.700 LOG 3: field 14.95 14.95
2026-04-09 18:12:06.750 LOG 3: field 14.47 14.47
2026-04-09 18:12:06.800 LOG 3: field 0.0 0.0
2026-04-09 18:12:06.850 LOG 3: field 0.0 0.0
2026-04-09 18:12:06.900 LOG 3: field 0.0 0.0
2026-04-09 18:12:06.950 LOG 3: field 0.0 0.0
2026-04-09 18:12:06.000 LOG 3: field 0.0 0.0
2026-04-09 18:12:06.050 LOG 3: field 0.0 0.0
2026-04-09 18:12:06.100 LOG 3: field 0 0
2026-04-09 18:12:06.150 LOG 3: field 0.0 0.0
2026-04-09 18:12:06.200 LOG 3: field 0.0 0.0
2026-04-09 18:12:06.250 LOG 3: field 0 0
2026-04-09 18:12:06.300 LOG 3: field -1 -1
2026-04-09 18:12:06.350 LOG 3: field -1 -1
2026-04-09 18:12:06.400 LOG 3: field 0 0
2026-04-09 18:12:06.450 LOG 3: field 0.0 0.0
2026-04-09 18:12:06.500 LOG 3: field 0.0 0.0
2026-04-09 18:12:06.550 LOG 3: int_fields 
2026-04-09 18:12:06.600 LOG 3: field 77924527921 77924527921
2026-04-09 18:12:06.650 LOG 3: field 77924527921 77924527921
2026-04-09 18:12:06.700 LOG 3: field 1162788 1162788
2026-04-09 18:12:06.750 LOG 3: field 0 0
2026-04-09 18:12:06.800 LOG 3: field 0 0
2026-04-09 18:12:06.850 LOG 3: field 0 0
2026-04-09 18:12:06.900 LOG 3: field 25 25
2026-04-09 18:12:06.950 LOG 3: field 0 0
2026-04-09 18:12:06.000 LOG 3: field 1 1
2026-04-09 18:12:06.050 LOG 3: field 0 0
2026-04-09 18:12:06.100 LOG 3: field 0 0
2026-04-09 18:12:06.150 LOG 3: field 0 0
2026-04-09 18:12:06.200 LOG 3: field 0 0
2026-04-09 18:12:06.250 LOG 3: field 0 0
2026-04-09 18:12:06.300 LOG 3: field 1 1
2026-04-09 18:12:06.350 LOG 3: field 1 1
2026-04-09 18:12:06.400 LOG 3: field 1 1
2026-04-09 18:12:06.450 LOG 3: field 0 0
2026-04-09 18:12:06.500 LOG 3: field -1 -1
2026-04-09 18:12:06.550 LOG 3: field 0 0
2026-04-09 18:12:06.600 LOG 3: field 0 0
2026-04-09 18:12:06.650 LOG 3: field 0 0
2026-04-09 18:12:06.700 LOG 3: field 0 0
2026-04-09 18:12:06.750 LOG 3: field 0 0
2026-04-09 18:12:06.800 LOG 3: field 0 0
2026-04-09 18:12:06.850 LOG 3: field 0 0
2026-04-09 18:12:06.900 LOG 3: field 0 0
2026-04-09 18:12:06.950 LOG 3: field 0 0
2026-04-09 18:12:06.000 LOG 3: field 0 0
2026-04-09 18:12:06.050 LOG 3: field 0 0
2026-04-09 18:12:06.100 LOG 3: field 0 0
2026-04-09 18:12:06.150 LOG 3: field 20260410 20260410
2026-04-09 18:12:06.200 LOG 3: field 0 0
2026-04-09 18:12:06.250 LOG 3: field 0 0
2026-04-09 18:12:06.300 LOG 3: float_fields 
2026-04-09 18:12:06.350 LOG 3: field 1.0 1.0
2026-04-09 18:12:06.400 LOG 3: field 98.67 98.67
2026-04-09 18:12:06.450 LOG 3: field 986.7 986.7
2026-04-09 18:12:06.500 LOG 3: field 0.0 0.0
2026-04-09 18:12:06.550 LOG 3: field 14.95 14.95
2026-04-09 18:12:06.600 LOG 3: field 14.47 14.47
2026-04-09 18:12:06.650 LOG 3: field 0.0 0.0
2026-04-09 18:12:06.700 LOG 3: field 0.0 0.0
2026-04-09 18:12:06.750 LOG 3: field 0.0 0.0
2026-04-09 18:12:06.800 LOG 3: field 0.0 0.0
2026-04-09 18:12:06.850 LOG 3: field 0.0 0.0
2026-04-09 18:12:06.900 LOG 3: field 0.0 0.0
2026-04-09 18:12:06.950 LOG 3: field 0 0
2026-04-09 18:12:06.000 LOG 3: field 0.0 0.0
2026-04-09 18:12:06.050 LOG 3: field 0.0 0.0
2026-04-09 18:12:06.100 LOG 3: field 0 0
2026-04-09 18:12:06.150 LOG 3: field -1 -1
2026-04-09 18:12:06.200 LOG 3: field -1 -1
2026-04-09 18:12:06.250 LOG 3: field 0 0
2026-04-09 18:12:06.300 LOG 3: field 0.0 0.0
2026-04-09 18:12:06.350 LOG 3: field 0.0 0.0
2026-04-09 18:12:06.400 LOG 3: int_fields 
2026-04-09 18:12:06.450 LOG 3: field 77947783631 77947783631
2026-04-09 18:12:06.500 LOG 3: field 77947783631 77947783631
2026-04-09 18:12:06.550 LOG 3: field 1162788 1162788
2026-04-09 18:12:06.600 LOG 3: field 0 0
2026-04-09 18:12:06.650 LOG 3: field 0 0
2026-04-09 18:12:06.700 LOG 3: field 9180729 9180729
2026-04-09 18:12:06.750 LOG 3: field 25 25
2026-04-09 18:12:06.800 LOG 3: field 0 0
2026-04-09 18:12:06.850 LOG 3: field 1 1
2026-04-09 18:12:06.900 LOG 3: field 0 0
2026-04-09 18:12:06.950 LOG 3: field 0 0
2026-04-09 18:12:06.000 LOG 3: field 0 0
2026-04-09 18:12:06.050 LOG 3: field 0 0
2026-04-09 18:12:06.100 LOG 3: field 0 0
2026-04-09 18:12:06.150 LOG 3: field 1 1
2026-04-09 18:12:06.200 LOG 3: field 1 1
2026-04-09 18:12:06.250 LOG 3: field 1 1
2026-04-09 18:12:06.300 LOG 3: field 0 0
2026-04-09 18:12:06.350 LOG 3: field -1 -1
2026-04-09 18:12:06.400 LOG 3: field 0 0
2026-04-09 18:12:06.450 LOG 3: field 0 0
2026-04-09 18:12:06.500 LOG 3: field 0 0
2026-04-09 18:12:06.550 LOG 3: field 0 0
2026-04-09 18:12:06.600 LOG 3: field 0 0
2026-04-09 18:12:06.650 LOG 3: field 0 0
2026-04-09 18:12:06.700 LOG 3: field 0 0
2026-04-09 18:12:06.750 LOG 3: field 0 0
2026-04-09 18:12:06.800 LOG 3: field 0 0
2026-04-09 18:12:06.850 LOG 3: field 0 0
2026-04-09 18:12:06.900 LOG 3: field 0 0
2026-04-09 18:12:06.950 LOG 3: field 0 0
2026-04-09 18:12:06.000 LOG 3: field 20260410 20260410
2026-04-09 18:12:06.050 LOG 3: field 0 0
2026-04-09 18:12:06.100 LOG 3: field 0 0
2026-04-09 18:12:06.150 LOG 3: float_fields 
2026-04-09 18:12:06.200 LOG 3: field 1.0 1.0
2026-04-09 18:12:06.250 LOG 3: field 100.99 100.99
2026-04-09 18:12:06.300 LOG 3: field 1009.9 1009.9
2026-04-09 18:12:06.350 LOG 3: field 0.0 0.0
2026-04-09 18:12:06.400 LOG 3: field 12.44 12.44
2026-04-09 18:12:06.450 LOG 3: field 28.88 28.88
2026-04-09 18:12:06.500 LOG 3: field 0.0 0.0
2026-04-09 18:12:06.550 LOG 3: field 0.0 0.0
2026-04-09 18:12:06.600 LOG 3: field 0.0 0.0
2026-04-09 18:12:06.650 LOG 3: field 0.0 0.0
2026-04-09 18:12:06.700 LOG 3: field 0.0 0.0
2026-04-09 18:12:06.750 LOG 3: field 0.0 0.0
2026-04-09 18:12:06.800 LOG 3: field 0 0
2026-04-09 18:12:06.850 LOG 3: field 0.0 0.0
2026-04-09 18:12:06.900 LOG 3: field 0.0 0.0
2026-04-09 18:12:06.950 LOG 3: field 0 0
2026-04-09 18:12:06.000 LOG 3: field -1 -1
2026-04-09 18:12:06.050 LOG 3: field -1 -1
2026-04-09 18:12:06.100 LOG 3: field 0 0
2026-04-09 18:12:06.150 LOG 3: field 0.0 0.0
2026-04-09 18:12:06.200 LOG 3: field 0.0 0.0
2026-04-09 18:12:06.250 LOG 3: int_fields 
2026-04-09 18:12:06.300 LOG 3: field 77947788055 77947788055
2026-04-09 18:12:06.350 LOG 3: field 77947788055 77947788055
2026-04-09 18:12:06.400 LOG 3: field 1162788 1162788
2026-04-09 18:12:06.450 LOG 3: field 0 0
2026-04-09 18:12:06.500 LOG 3: field 0 0
2026-04-09 18:12:06.550 LOG 3: field 9180730 9180730
2026-04-09 18:12:06.600 LOG 3: field 25 25
2026-04-09 18:12:06.650 LOG 3: field 0 0
2026-04-09 18:12:06.700 LOG 3: field 1 1
2026-04-09 18:12:06.750 LOG 3: field 0 0
2026-04-09 18:12:06.800 LOG 3: field 0 0
2026-04-09 18:12:06.850 LOG 3: field 0 0
2026-04-09 18:12:06.900 LOG 3: field 0 0
2026-04-09 18:12:06.950 LOG 3: field 0 0
2026-04-09 18:12:06.000 LOG 3: field 1 1
2026-04-09 18:12:06.050 LOG 3: field 1 1
2026-04-09 18:12:06.100 LOG 3: field 1 1
2026-04-09 18:12:06.150 LOG 3: field 0 0
2026-04-09 18:12:06.200 LOG 3: field -1 -1
2026-04-09 18:12:06.250 LOG 3: field 0 0
2026-04-09 18:12:06.300 LOG 3: field 0 0
2026-04-09 18:12:06.350 LOG 3: field 0 0
2026-04-09 18:12:06.400 LOG 3: field 0 0
2026-04-09 18:12:06.450 LOG 3: field 0 0
2026-04-09 18:12:06.500 LOG 3: field 0 0
2026-04-09 18:12:06.550 LOG 3: field 0 0
2026-04-09 18:12:06.600 LOG 3: field 0 0
2026-04-09 18:12:06.650 LOG 3: field 0 0
2026-04-09 18:12:06.700 LOG 3: field 0 0
2026-04-09 18:12:06.750 LOG 3: field 0 0
2026-04-09 18:12:06.800 LOG 3: field 0 0
2026-04-09 18:12:06.850 LOG 3: field 20260410 20260410
2026-04-09 18:12:06.900 LOG 3: field 0 0
2026-04-09 18:12:06.950 LOG 3: field 0 0
2026-04-09 18:12:06.000 LOG 3: float_fields 
2026-04-09 18:12:06.050 LOG 3: field 1.0 1.0
2026-04-09 18:12:06.100 LOG 3: field 102.9 102.9
2026-04-09 18:12:06.150 LOG 3: field 1029.0 1029.0
2026-04-09 18:12:06.200 LOG 3: field 0.0 0.0
2026-04-09 18:12:06.250 LOG 3: field 15.1 15.1
2026-04-09 18:12:06.300 LOG 3: field 65.67 65.67
2026-04-09 18:12:06.350 LOG 3: field 0.0 0.0
2026-04-09 18:12:06.400 LOG 3: field 0.0 0.0
2026-04-09 18:12:06.450 LOG 3: field 0.0 0.0
2026-04-09 18:12:06.500 LOG 3: field 0.0 0.0
2026-04-09 18:12:06.550 LOG 3: field 0.0 0.0
2026-04-09 18:12:06.600 LOG 3: field 0.0 0.0
2026-04-09 18:12:06.650 LOG 3: field 0 0
2026-04-09 18:12:06.700 LOG 3: field 0.0 0.0
2026-04-09 18:12:06.750 LOG 3: field 0.0 0.0
2026-04-09 18:12:06.800 LOG 3: field 0 0
2026-04-09 18:12:06.850 LOG 3: field -1 -1
2026-04-09 18:12:06.900 LOG 3: field -1 -1
2026-04-09 18:12:06.950 LOG 3: field 0 0
2026-04-09 18:12:06.000 LOG 3: field 0.0 0.0
2026-04-09 18:12:06.050 LOG 3: field 0.0 0.0
2026-04-09 18:12:06.100 LOG 3: int_fields 
2026-04-09 18:12:06.150 LOG 3: field 77947793758 77947793758
2026-04-09 18:12:06.200 LOG 3: field 77947793758 77947793758
2026-04-09 18:12:06.250 LOG 3: field 1162788 1162788
2026-04-09 18:12:06.300 LOG 3: field 0 0
2026-04-09 18:12:06.350 LOG 3: field 0 0
2026-04-09 18:12:06.400 LOG 3: field 9180731 9180731
2026-04-09 18:12:06.450 LOG 3: field 25 25
2026-04-09 18:12:06.500 LOG 3: field 0 0
2026-04-09 18:12:06.550 LOG 3: field 1 1
2026-04-09 18:12:06.600 LOG 3: field 0 0
2026-04-09 18:12:06.650 LOG 3: field 0 0
2026-04-09 18:12:06.700 LOG 3: field 0 0
2026-04-09 18:12:06.750 LOG 3: field 0 0
2026-04-09 18:12:06.800 LOG 3: field 0 0
2026-04-09 18:12:06.850 LOG 3: field 1 1
2026-04-09 18:12:06.900 LOG 3: field 1 1
2026-04-09 18:12:06.950 LOG 3: field 1 1
2026-04-09 18:12:06.000 LOG 3: field 0 0
2026-04-09 18:12:06.050 LOG 3: field -1 -1
2026-04-09 18:12:06.100 LOG 3: field 0 0
2026-04-09 18:12:06.150 LOG 3: field 0 0
2026-04-09 18:12:06.200 LOG 3: field 0 0
2026-04-09 18:12:06.250 LOG 3: field 0 0
2026-04-09 18:12:06.300 LOG 3: field 0 0
2026-04-09 18:12:06.350 LOG 3: field 0 0
2026-04-09 18:12:06.400 LOG 3: field 0 0
2026-04-09 18:12:06.450 LOG 3: field 0 0
2026-04-09 18:12:06.500 LOG 3: field 0 0
2026-04-09 18:12:06.550 LOG 3: field 0 0
2026-04-09 18:12:06.600 LOG 3: field 0 0
2026-04-09 18:12:06.650 LOG 3: field 0 0
2026-04-09 18:12:06.700 LOG 3: field 20260410 20260410
2026-04-09 18:12:06.750 LOG 3: field 0 0
2026-04-09 18:12:06.800 LOG 3: field 0 0
2026-04-09 18:12:06.850 LOG 3: float_fields 
2026-04-09 18:12:06.900 LOG 3: field 1.0 1.0
2026-04-09 18:12:06.950 LOG 3: field 105.89 105.89
2026-04-09 18:12:06.000 LOG 3: field 1058.9 1058.9
2026-04-09 18:12:06.050 LOG 3: field 0.0 0.0
2026-04-09 18:12:06.100 LOG 3: field 15.03 15.03
2026-04-09 18:12:06.150 LOG 3: field 8.43 8.43
2026-04-09 18:12:06.200 LOG 3: field 0.0 0.0
2026-04-09 18:12:06.250 LOG 3: field 0.0 0.0
2026-04-09 18:12:06.300 LOG 3: field 0.0 0.0
2026-04-09 18:12:06.350 LOG 3: field 0.0 0.0
2026-04-09 18:12:06.400 LOG 3: field 0.0 0.0
2026-04-09 18:12:06.450 LOG 3: field 0.0 0.0
2026-04-09 18:12:06.500 LOG 3: field 0 0
2026-04-09 18:12:06.550 LOG 3: field 0.0 0.0
2026-04-09 18:12:06.600 LOG 3: field 0.0 0.0
2026-04-09 18:12:06.650 LOG 3: field 0 0
2026-04-09 18:12:06.700 LOG 3: field -1 -1
2026-04-09 18:12:06.750 LOG 3: field -1 -1
2026-04-09 18:12:06.800 LOG 3: field 0 0
2026-04-09 18:12:06.850 LOG 3: field 0.0 0.0
2026-04-09 18:12:06.900 LOG 3: field 0.0 0.0
2026-04-09 18:12:06.400 LOG 3: int_fields 
2026-04-09 18:12:06.450 LOG 3: field 77924509061 77924509061
2026-04-09 18:12:06.500 LOG 3: field 77924509061 77924509061
2026-04-09 18:12:06.550 LOG 3: field 1162788 1162788
2026-04-09 18:12:06.600 LOG 3: field 1162788 1162788
2026-04-09 18:12:06.650 LOG 3: field 0 0
2026-04-09 18:12:06.700 LOG 3: field 0 0
2026-04-09 18:12:06.750 LOG 3: field 26 26
2026-04-09 18:12:06.800 LOG 3: field 0 0
2026-04-09 18:12:06.850 LOG 3: field 1 1
2026-04-09 18:12:06.900 LOG 3: field 0 0
2026-04-09 18:12:06.950 LOG 3: field 0 0
2026-04-09 18:12:06.000 LOG 3: field 0 0
2026-04-09 18:12:06.050 LOG 3: field 0 0
2026-04-09 18:12:06.100 LOG 3: field 0 0
2026-04-09 18:12:06.150 LOG 3: field 1 1
2026-04-09 18:12:06.200 LOG 3: field 1 1
2026-04-09 18:12:06.250 LOG 3: field 1 1
2026-04-09 18:12:06.300 LOG 3: field 0 0
2026-04-09 18:12:06.350 LOG 3: field -1 -1
2026-04-09 18:12:06.400 LOG 3: field 0 0
2026-04-09 18:12:06.450 LOG 3: field 0 0
2026-04-09 18:12:06.500 LOG 3: field 0 0
2026-04-09 18:12:06.550 LOG 3: field 0 0
2026-04-09 18:12:06.600 LOG 3: field 0 0
2026-04-09 18:12:06.650 LOG 3: field 0 0
2026-04-09 18:12:06.700 LOG 3: field 0 0
2026-04-09 18:12:06.750 LOG 3: field 0 0
2026-04-09 18:12:06.800 LOG 3: field 0 0
2026-04-09 18:12:06.850 LOG 3: field 0 0
2026-04-09 18:12:06.900 LOG 3: field 0 0
2026-04-09 18:12:06.950 LOG 3: field 0 0
2026-04-09 18:12:06.000 LOG 3: field 20260410 20260410
2026-04-09 18:12:06.050 LOG 3: field 0 0
2026-04-09 18:12:06.100 LOG 3: field 0 0
2026-04-09 18:12:06.150 LOG 3: float_fields 
2026-04-09 18:12:06.200 LOG 3: field 1.0 1.0
2026-04-09 18:12:06.250 LOG 3: field 98.67 98.67
2026-04-09 18:12:06.300 LOG 3: field 986.7 986.7
2026-04-09 18:12:06.350 LOG 3: field 0.0 0.0
2026-04-09 18:12:06.400 LOG 3: field 14.95 14.95
2026-04-09 18:12:06.450 LOG 3: field 14.47 14.47
2026-04-09 18:12:06.500 LOG 3: field 0.0 0.0
2026-04-09 18:12:06.550 LOG 3: field 0.0 0.0
2026-04-09 18:12:06.600 LOG 3: field 0.0 0.0
2026-04-09 18:12:06.650 LOG 3: field 0.0 0.0
2026-04-09 18:12:06.700 LOG 3: field 0.0 0.0
2026-04-09 18:12:06.750 LOG 3: field 0.0 0.0
2026-04-09 18:12:06.800 LOG 3: field 0 0
2026-04-09 18:12:06.850 LOG 3: field 0.0 0.0
2026-04-09 18:12:06.900 LOG 3: field 0.0 0.0
2026-04-09 18:12:06.950 LOG 3: field 0 0
2026-04-09 18:12:06.000 LOG 3: field -1 -1
2026-04-09 18:12:06.050 LOG 3: field -1 -1
2026-04-09 18:12:06.100 LOG 3: field 0 0
2026-04-09 18:12:06.150 LOG 3: field 0.0 0.0
2026-04-09 18:12:06.200 LOG 3: field 0.0 0.0
2026-04-09 18:12:06.250 LOG 3: int_fields 
2026-04-09 18:12:06.300 LOG 3: field 77924527921 77924527921
2026-04-09 18:12:06.350 LOG 3: field 77924527921 77924527921
2026-04-09 18:12:06.400 LOG 3: field 1162788 1162788
2026-04-09 18:12:06.450 LOG 3: field 0 0
2026-04-09 18:12:06.500 LOG 3: field 0 0
2026-04-09 18:12:06.550 LOG 3: field 0 0
2026-04-09 18:12:06.600 LOG 3: field 25 25
2026-04-09 18:12:06.650 LOG 3: field 0 0
2026-04-09 18:12:06.700 LOG 3: field 1 1
2026-04-09 18:12:06.750 LOG 3: field 0 0
2026-04-09 18:12:06.800 LOG 3: field 0 0
2026-04-09 18:12:06.850 LOG 3: field 0 0
2026-04-09 18:12:06.900 LOG 3: field 0 0
2026-04-09 18:12:06.950 LOG 3: field 0 0
2026-04-09 18:12:06.000 LOG 3: field 1 1
2026-04-09 18:12:06.050 LOG 3: field 1 1
2026-04-09 18:12:06.100 LOG 3: field 1 1
2026-04-09 18:12:06.150 LOG 3: field 0 0
2026-04-09 18:12:06.200 LOG 3: field -1 -1
2026-04-09 18:12:06.250 LOG 3: field 0 0
2026-04-09 18:12:06.300 LOG 3: field 0 0
2026-04-09 18:12:06.350 LOG 3: field 0 0
2026-04-09 18:12:06.400 LOG 3: field 0 0
2026-04-09 18:12:06.450 LOG 3: field 0 0
2026-04-09 18:12:06.500 LOG 3: field 0 0
2026-04-09 18:12:06.550 LOG 3: field 0 0
2026-04-09 18:12:06.600 LOG 3: field 0 0
2026-04-09 18:12:06.650 LOG 3: field 0 0
2026-04-09 18:12:06.700 LOG 3: field 0 0
2026-04-09 18:12:06.750 LOG 3: field 0 0
2026-04-09 18:12:06.800 LOG 3: field 0 0
2026-04-09 18:12:06.850 LOG 3: field 20260410 20260410
2026-04-09 18:12:06.900 LOG 3: field 0 0
2026-04-09 18:12:06.950 LOG 3: field 0 0
2026-04-09 18:12:06.000 LOG 3: float_fields 
2026-04-09 18:12:06.050 LOG 3: field 1.0 1.0
2026-04-09 18:12:06.100 LOG 3: field 98.67 98.67
2026-04-09 18:12:06.150 LOG 3: field 986.7 986.7
2026-04-09 18:12:06.200 LOG 3: field 0.0 0.0
2026-04-09 18:12:06.250 LOG 3: field 14.95 14.95
2026-04-09 18:12:06.300 LOG 3: field 14.47 14.47
2026-04-09 18:12:06.350 LOG 3: field 0.0 0.0
2026-04-09 18:12:06.400 LOG 3: field 0.0 0.0
2026-04-09 18:12:06.450 LOG 3: field 0.0 0.0
2026-04-09 18:12:06.500 LOG 3: field 0.0 0.0
2026-04-09 18:12:06.550 LOG 3: field 0.0 0.0
2026-04-09 18:12:06.600 LOG 3: field 0.0 0.0
2026-04-09 18:12:06.650 LOG 3: field 0 0
2026-04-09 18:12:06.700 LOG 3: field 0.0 0.0
2026-04-09 18:12:06.750 LOG 3: field 0.0 0.0
2026-04-09 18:12:06.800 LOG 3: field 0 0
2026-04-09 18:12:06.850 LOG 3: field -1 -1
2026-04-09 18:12:06.900 LOG 3: field -1 -1
2026-04-09 18:12:06.950 LOG 3: field 0 0
2026-04-09 18:12:06.000 LOG 3: field 0.0 0.0
2026-04-09 18:12:06.050 LOG 3: field 0.0 0.0
2026-04-09 18:12:06.100 LOG 3: int_fields 
2026-04-09 18:12:06.150 LOG 3: field 77947783631 77947783631
2026-04-09 18:12:06.200 LOG 3: field 77947783631 77947783631
2026-04-09 18:12:06.250 LOG 3: field 1162788 1162788
2026-04-09 18:12:06.300 LOG 3: field 0 0
2026-04-09 18:12:06.350 LOG 3: field 0 0
2026-04-09 18:12:06.400 LOG 3: field 9180729 9180729
2026-04-09 18:12:06.450 LOG 3: field 25 25
2026-04-09 18:12:06.500 LOG 3: field 0 0
2026-04-09 18:12:06.550 LOG 3: field 1 1
2026-04-09 18:12:06.600 LOG 3: field 0 0
2026-04-09 18:12:06.650 LOG 3: field 0 0
2026-04-09 18:12:06.700 LOG 3: field 0 0
2026-04-09 18:12:06.750 LOG 3: field 0 0
2026-04-09 18:12:06.800 LOG 3: field 0 0
2026-04-09 18:12:06.850 LOG 3: field 1 1
2026-04-09 18:12:06.900 LOG 3: field 1 1
2026-04-09 18:12:06.950 LOG 3: field 1 1
2026-04-09 18:12:06.000 LOG 3: field 0 0
2026-04-09 18:12:06.050 LOG 3: field -1 -1
2026-04-09 18:12:06.100 LOG 3: field 0 0
2026-04-09 18:12:06.150 LOG 3: field 0 0
2026-04-09 18:12:06.200 LOG 3: field 0 0
2026-04-09 18:12:06.250 LOG 3: field 0 0
2026-04-09 18:12:06.300 LOG 3: field 0 0
2026-04-09 18:12:06.350 LOG 3: field 0 0
2026-04-09 18:12:06.400 LOG 3: field 0 0
2026-04-09 18:12:06.450 LOG 3: field 0 0
2026-04-09 18:12:06.500 LOG 3: field 0 0
2026-04-09 18:12:06.550 LOG 3: field 0 0
2026-04-09 18:12:06.600 LOG 3: field 0 0
2026-04-09 18:12:06.650 LOG 3: field 0 0
2026-04-09 18:12:06.700 LOG 3: field 20260410 20260410
2026-04-09 18:12:06.750 LOG 3: field 0 0
2026-04-09 18:12:06.800 LOG 3: field 0 0
2026-04-09 18:12:06.850 LOG 3: float_fields 
2026-04-09 18:12:06.900 LOG 3: field 1.0 1.0
2026-04-09 18:12:06.950 LOG 3: field 100.99 100.99
2026-04-09 18:12:06.000 LOG 3: field 1009.9 1009.9
2026-04-09 18:12:06.050 LOG 3: field 0.0 0.0
2026-04-09 18:12:06.100 LOG 3: field 12.44 12.44
2026-04-09 18:12:06.150 LOG 3: field 28.88 28.88
2026-04-09 18:12:06.200 LOG 3: field 0.0 0.0
2026-04-09 18:12:06.250 LOG 3: field 0.0 0.0
2026-04-09 18:12:06.300 LOG 3: field 0.0 0.0
2026-04-09 18:12:06.350 LOG 3: field 0.0 0.0
2026-04-09 18:12:06.400 LOG 3: field 0.0 0.0
2026-04-09 18:12:06.450 LOG 3: field 0.0 0.0
2026-04-09 18:12:06.500 LOG 3: field 0 0
2026-04-09 18:12:06.550 LOG 3: field 0.0 0.0
2026-04-09 18:12:06.600 LOG 3: field 0.0 0.0
2026-04-09 18:12:06.650 LOG 3: field 0 0
2026-04-09 18:12:06.700 LOG 3: field -1 -1
2026-04-09 18:12:06.750 LOG 3: field -1 -1
2026-04-09 18:12:06.800 LOG 3: field 0 0
2026-04-09 18:12:06.850 LOG 3: field 0.0 0.0
2026-04-09 18:12:06.900 LOG 3: field 0.0 0.0
2026-04-09 18:12:06.950 LOG 3: int_fields 
2026-04-09 18:12:06.000 LOG 3: field 77947788055 77947788055
2026-04-09 18:12:06.050 LOG 3: field 77947788055 77947788055
2026-04-09 18:12:06.100 LOG 3: field 1162788 1162788
2026-04-09 18:12:06.150 LOG 3: field 0 0
2026-04-09 18:12:06.200 LOG 3: field 0 0
2026-04-09 18:12:06.250 LOG 3: field 9180730 9180730
2026-04-09 18:12:06.300 LOG 3: field 25 25
2026-04-09 18:12:06.350 LOG 3: field 0 0
2026-04-09 18:12:06.400 LOG 3: field 1 1
2026-04-09 18:12:06.450 LOG 3: field 0 0
2026-04-09 18:12:06.500 LOG 3: field 0 0
2026-04-09 18:12:06.550 LOG 3: field 0 0
2026-04-09 18:12:06.600 LOG 3: field 0 0
2026-04-09 18:12:06.650 LOG 3: field 0 0
2026-04-09 18:12:06.700 LOG 3: field 1 1
2026-04-09 18:12:06.750 LOG 3: field 1 1
2026-04-09 18:12:06.800 LOG 3: field 1 1
2026-04-09 18:12:06.850 LOG 3: field 0 0
2026-04-09 18:12:06.900 LOG 3: field -1 -1
2026-04-09 18:12:06.950 LOG 3: field 0 0
2026-04-09 18:12:06.000 LOG 3: field 0 0
2026-04-09 18:12:06.050 LOG 3: field 0 0
2026-04-09 18:12:06.100 LOG 3: field 0 0
2026-04-09 18:12:06.150 LOG 3: field 0 0
2026-04-09 18:12:06.200 LOG 3: field 0 0
2026-04-09 18:12:06.250 LOG 3: field 0 0
2026-04-09 18:12:06.300 LOG 3: field 0 0
2026-04-09 18:12:06.350 LOG 3: field 0 0
2026-04-09 18:12:06.400 LOG 3: field 0 0
2026-04-09 18:12:06.450 LOG 3: field 0 0
2026-04-09 18:12:06.500 LOG 3: field 0 0
2026-04-09 18:12:06.550 LOG 3: field 20260410 20260410
2026-04-09 18:12:06.600 LOG 3: field 0 0
2026-04-09 18:12:06.650 LOG 3: field 0 0
2026-04-09 18:12:06.700 LOG 3: float_fields 
2026-04-09 18:12:06.750 LOG 3: field 1.0 1.0
2026-04-09 18:12:06.800 LOG 3: field 102.9 102.9
2026-04-09 18:12:06.850 LOG 3: field 1029.0 1029.0
2026-04-09 18:12:06.900 LOG 3: field 0.0 0.0
2026-04-09 18:12:06.950 LOG 3: field 15.1 15.1
2026-04-09 18:12:06.000 LOG 3: field 65.67 65.67
2026-04-09 18:12:06.050 LOG 3: field 0.0 0.0
2026-04-09 18:12:06.100 LOG 3: field 0.0 0.0
2026-04-09 18:12:06.150 LOG 3: field 0.0 0.0
2026-04-09 18:12:06.200 LOG 3: field 0.0 0.0
2026-04-09 18:12:06.250 LOG 3: field 0.0 0.0
2026-04-09 18:12:06.300 LOG 3: field 0.0 0.0
2026-04-09 18:12:06.350 LOG 3: field 0 0
2026-04-09 18:12:06.400 LOG 3: field 0.0 0.0
2026-04-09 18:12:06.450 LOG 3: field 0.0 0.0
2026-04-09 18:12:06.500 LOG 3: field 0 0
2026-04-09 18:12:06.550 LOG 3: field -1 -1
2026-04-09 18:12:06.600 LOG 3: field -1 -1
2026-04-09 18:12:06.650 LOG 3: field 0 0
2026-04-09 18:12:06.700 LOG 3: field 0.0 0.0
2026-04-09 18:12:06.750 LOG 3: field 0.0 0.0
2026-04-09 18:12:06.800 LOG 3: int_fields 
2026-04-09 18:12:06.850 LOG 3: field 77947793758 77947793758
2026-04-09 18:12:06.900 LOG 3: field 77947793758 77947793758
2026-04-09 18:12:06.950 LOG 3: field 1162788 1162788
2026-04-09 18:12:06.000 LOG 3: field 0 0
2026-04-09 18:12:06.050 LOG 3: field 0 0
2026-04-09 18:12:06.100 LOG 3: field 9180731 9180731
2026-04-09 18:12:06.150 LOG 3: field 25 25
2026-04-09 18:12:06.200 LOG 3: field 0 0
2026-04-09 18:12:06.250 LOG 3: field 1 1
2026-04-09 18:12:06.300 LOG 3: field 0 0
2026-04-09 18:12:06.350 LOG 3: field 0 0
2026-04-09 18:12:06.400 LOG 3: field 0 0
2026-04-09 18:12:06.450 LOG 3: field 0 0
2026-04-09 18:12:06.500 LOG 3: field 0 0
2026-04-09 18:12:06.550 LOG 3: field 1 1
2026-04-09 18:12:06.600 LOG 3: field 1 1
2026-04-09 18:12:06.650 LOG 3: field 1 1
2026-04-09 18:12:06.700 LOG 3: field 0 0
2026-04-09 18:12:06.750 LOG 3: field -1 -1
2026-04-09 18:12:06.800 LOG 3: field 0 0
2026-04-09 18:12:06.850 LOG 3: field 0 0
2026-04-09 18:12:06.900 LOG 3: field 0 0
2026-04-09 18:12:06.950 LOG 3: field 0 0
2026-04-09 18:12:06.000 LOG 3: field 0 0
2026-04-09 18:12:06.050 LOG 3: field 0 0
2026-04-09 18:12:06.100 LOG 3: field 0 0
2026-04-09 18:12:06.150 LOG 3: field 0 0
2026-04-09 18:12:06.200 LOG 3: field 0 0
2026-04-09 18:12:06.250 LOG 3: field 0 0
2026-04-09 18:12:06.300 LOG 3: field 0 0
2026-04-09 18:12:06.350 LOG 3: field 0 0
2026-04-09 18:12:06.400 LOG 3: field 20260410 20260410
2026-04-09 18:12:06.450 LOG 3: field 0 0
2026-04-09 18:12:06.500 LOG 3: field 0 0
2026-04-09 18:12:06.550 LOG 3: float_fields 
2026-04-09 18:12:06.600 LOG 3: field 1.0 1.0
2026-04-09 18:12:06.650 LOG 3: field 105.89 105.89
2026-04-09 18:12:06.700 LOG 3: field 1058.9 1058.9
2026-04-09 18:12:06.750 LOG 3: field 0.0 0.0
2026-04-09 18:12:06.800 LOG 3: field 15.03 15.03
2026-04-09 18:12:06.850 LOG 3: field 8.43 8.43
2026-04-09 18:12:06.900 LOG 3: field 0.0 0.0
2026-04-09 18:12:06.950 LOG 3: field 0.0 0.0
2026-04-09 18:12:06.000 LOG 3: field 0.0 0.0
2026-04-09 18:12:06.050 LOG 3: field 0.0 0.0
2026-04-09 18:12:06.100 LOG 3: field 0.0 0.0
2026-04-09 18:12:06.150 LOG 3: field 0.0 0.0
2026-04-09 18:12:06.200 LOG 3: field 0 0
2026-04-09 18:12:06.250 LOG 3: field 0.0 0.0
2026-04-09 18:12:06.300 LOG 3: field 0.0 0.0
2026-04-09 18:12:06.350 LOG 3: field 0 0
2026-04-09 18:12:06.400 LOG 3: field -1 -1
2026-04-09 18:12:06.450 LOG 3: field -1 -1
2026-04-09 18:12:06.500 LOG 3: field 0 0
2026-04-09 18:12:06.550 LOG 3: field 0.0 0.0
2026-04-09 18:12:06.600 LOG 3: field 0.0 0.0
2026-04-09 18:12:16.950 LOG 3: int_fields 
2026-04-09 18:12:16.000 LOG 3: field 77924509061 77924509061
2026-04-09 18:12:16.050 LOG 3: field 77924509061 77924509061
2026-04-09 18:12:16.100 LOG 3: field 1162788 1162788
2026-04-09 18:12:16.150 LOG 3: field 1162788 1162788
2026-04-09 18:12:16.200 LOG 3: field 0 0
2026-04-09 18:12:16.250 LOG 3: field 0 0
2026-04-09 18:12:16.300 LOG 3: field 26 26
2026-04-09 18:12:16.350 LOG 3: field 0 0
2026-04-09 18:12:16.400 LOG 3: field 1 1
2026-04-09 18:12:16.450 LOG 3: field 0 0
2026-04-09 18:12:16.500 LOG 3: field 0 0
2026-04-09 18:12:16.550 LOG 3: field 0 0
2026-04-09 18:12:16.600 LOG 3: field 0 0
2026-04-09 18:12:16.650 LOG 3: field 0 0
2026-04-09 18:12:16.700 LOG 3: field 1 1
2026-04-09 18:12:16.750 LOG 3: field 1 1
2026-04-09 18:12:16.800 LOG 3: field 1 1
2026-04-09 18:12:16.850 LOG 3: field 0 0
2026-04-09 18:12:16.900 LOG 3: field -1 -1
2026-04-09 18:12:16.950 LOG 3: field 0 0
2026-04-09 18:12:16.000 LOG 3: field 0 0
2026-04-09 18:12:16.050 LOG 3: field 0 0
2026-04-09 18:12:16.100 LOG 3: field 0 0
2026-04-09 18:12:16.150 LOG 3: field 0 0
2026-04-09 18:12:16.200 LOG 3: field 0 0
2026-04-09 18:12:16.250 LOG 3: field 0 0
2026-04-09 18:12:16.300 LOG 3: field 0 0
2026-04-09 18:12:16.350 LOG 3: field 0 0
2026-04-09 18:12:16.400 LOG 3: field 0 0
2026-04-09 18:12:16.450 LOG 3: field 0 0
2026-04-09 18:12:16.500 LOG 3: field 0 0
2026-04-09 18:12:16.550 LOG 3: field 20260410 20260410
2026-04-09 18:12:16.600 LOG 3: field 0 0
2026-04-09 18:12:16.650 LOG 3: field 0 0
2026-04-09 18:12:16.700 LOG 3: float_fields 
2026-04-09 18:12:16.750 LOG 3: field 1.0 1.0
2026-04-09 18:12:16.800 LOG 3: field 98.67 98.67
2026-04-09 18:12:16.850 LOG 3: field 986.7 986.7
2026-04-09 18:12:16.900 LOG 3: field 0.0 0.0
2026-04-09 18:12:16.950 LOG 3: field 14.95 14.95
2026-04-09 18:12:16.000 LOG 3: field 14.47 14.47
2026-04-09 18:12:16.050 LOG 3: field 0.0 0.0
2026-04-09 18:12:16.100 LOG 3: field 0.0 0.0
2026-04-09 18:12:16.150 LOG 3: field 0.0 0.0
2026-04-09 18:12:16.200 LOG 3: field 0.0 0.0
2026-04-09 18:12:16.250 LOG 3: field 0.0 0.0
2026-04-09 18:12:16.300 LOG 3: field 0.0 0.0
2026-04-09 18:12:16.350 LOG 3: field 0 0
2026-04-09 18:12:16.400 LOG 3: field 0.0 0.0
2026-04-09 18:12:16.450 LOG 3: field 0.0 0.0
2026-04-09 18:12:16.500 LOG 3: field 0 0
2026-04-09 18:12:16.550 LOG 3: field -1 -1
2026-04-09 18:12:16.600 LOG 3: field -1 -1
2026-04-09 18:12:16.650 LOG 3: field 0 0
2026-04-09 18:12:16.700 LOG 3: field 0.0 0.0
2026-04-09 18:12:16.750 LOG 3: field 0.0 0.0
2026-04-09 18:12:16.800 LOG 3: int_fields 
2026-04-09 18:12:16.850 LOG 3: field 77924527921 77924527921
2026-04-09 18:12:16.900 LOG 3: field 77924527921 77924527921
2026-04-09 18:12:16.950 LOG 3: field 1162788 1162788
2026-04-09 18:12:16.000 LOG 3: field 0 0
2026-04-09 18:12:16.050 LOG 3: field 0 0
2026-04-09 18:12:16.100 LOG 3: field 0 0
2026-04-09 18:12:16.150 LOG 3: field 25 25
2026-04-09 18:12:16.200 LOG 3: field 0 0
2026-04-09 18:12:16.250 LOG 3: field 1 1
2026-04-09 18:12:16.300 LOG 3: field 0 0
2026-04-09 18:12:16.350 LOG 3: field 0 0
2026-04-09 18:12:16.400 LOG 3: field 0 0
2026-04-09 18:12:16.450 LOG 3: field 0 0
2026-04-09 18:12:16.500 LOG 3: field 0 0
2026-04-09 18:12:16.550 LOG 3: field 1 1
2026-04-09 18:12:16.600 LOG 3: field 1 1
2026-04-09 18:12:16.650 LOG 3: field 1 1
2026-04-09 18:12:16.700 LOG 3: field 0 0
2026-04-09 18:12:16.750 LOG 3: field -1 -1
2026-04-09 18:12:16.800 LOG 3: field 0 0
2026-04-09 18:12:16.850 LOG 3: field 0 0
2026-04-09 18:12:16.900 LOG 3: field 0 0
2026-04-09 18:12:16.950 LOG 3: field 0 0
2026-04-09 18:12:16.000 LOG 3: field 0 0
2026-04-09 18:12:16.050 LOG 3: field 0 0
2026-04-09 18:12:16.100 LOG 3: field 0 0
2026-04-09 18:12:16.150 LOG 3: field 0 0
2026-04-09 18:12:16.200 LOG 3: field 0 0
2026-04-09 18:12:16.250 LOG 3: field 0 0
2026-04-09 18:12:16.300 LOG 3: field 0 0
2026-04-09 18:12:16.350 LOG 3: field 0 0
2026-04-09 18:12:16.400 LOG 3: field 20260410 20260410
2026-04-09 18:12:16.450 LOG 3: field 0 0
2026-04-09 18:12:16.500 LOG 3: field 0 0
2026-04-09 18:12:16.550 LOG 3: float_fields 
2026-04-09 18:12:16.600 LOG 3: field 1.0 1.0
2026-04-09 18:12:16.650 LOG 3: field 98.67 98.67
2026-04-09 18:12:16.700 LOG 3: field 986.7 986.7
2026-04-09 18:12:16.750 LOG 3: field 0.0 0.0
2026-04-09 18:12:16.800 LOG 3: field 14.95 14.95
2026-04-09 18:12:16.850 LOG 3: field 14.47 14.47
2026-04-09 18:12:16.900 LOG 3: field 0.0 0.0
2026-04-09 18:12:16.950 LOG 3: field 0.0 0.0
2026-04-09 18:12:16.000 LOG 3: field 0.0 0.0
2026-04-09 18:12:16.050 LOG 3: field 0.0 0.0
2026-04-09 18:12:16.100 LOG 3: field 0.0 0.0
2026-04-09 18:12:16.150 LOG 3: field 0.0 0.0
2026-04-09 18:12:16.200 LOG 3: field 0 0
2026-04-09 18:12:16.250 LOG 3: field 0.0 0.0
2026-04-09 18:12:16.300 LOG 3: field 0.0 0.0
2026-04-09 18:12:16.350 LOG 3: field 0 0
2026-04-09 18:12:16.400 LOG 3: field -1 -1
2026-04-09 18:12:16.450 LOG 3: field -1 -1
2026-04-09 18:12:16.500 LOG 3: field 0 0
2026-04-09 18:12:16.550 LOG 3: field 0.0 0.0
2026-04-09 18:12:16.600 LOG 3: field 0.0 0.0
2026-04-09 18:12:16.650 LOG 3: int_fields 
2026-04-09 18:12:16.700 LOG 3: field 77947783631 77947783631
2026-04-09 18:12:16.750 LOG 3: field 77947783631 77947783631
2026-04-09 18:12:16.800 LOG 3: field 1162788 1162788
2026-04-09 18:12:16.850 LOG 3: field 0 0
2026-04-09 18:12:16.900 LOG 3: field 0 0
2026-04-09 18:12:16.950 LOG 3: field 9180729 9180729
2026-04-09 18:12:16.000 LOG 3: field 25 25
2026-04-09 18:12:16.050 LOG 3: field 0 0
2026-04-09 18:12:16.100 LOG 3: field 1 1
2026-04-09 18:12:16.150 LOG 3: field 0 0
2026-04-09 18:12:16.200 LOG 3: field 0 0
2026-04-09 18:12:16.250 LOG 3: field 0 0
2026-04-09 18:12:16.300 LOG 3: field 0 0
2026-04-09 18:12:16.350 LOG 3: field 0 0
2026-04-09 18:12:16.400 LOG 3: field 1 1
2026-04-09 18:12:16.450 LOG 3: field 1 1
2026-04-09 18:12:16.500 LOG 3: field 1 1
2026-04-09 18:12:16.550 LOG 3: field 0 0
2026-04-09 18:12:16.600 LOG 3: field -1 -1
2026-04-09 18:12:16.650 LOG 3: field 0 0
2026-04-09 18:12:16.700 LOG 3: field 0 0
2026-04-09 18:12:16.750 LOG 3: field 0 0
2026-04-09 18:12:16.800 LOG 3: field 0 0
2026-04-09 18:12:16.850 LOG 3: field 0 0
2026-04-09 18:12:16.900 LOG 3: field 0 0
2026-04-09 18:12:16.950 LOG 3: field 0 0
2026-04-09 18:12:16.000 LOG 3: field 0 0
2026-04-09 18:12:16.050 LOG 3: field 0 0
2026-04-09 18:12:16.100 LOG 3: field 0 0
2026-04-09 18:12:16.150 LOG 3: field 0 0
2026-04-09 18:12:16.200 LOG 3: field 0 0
2026-04-09 18:12:16.250 LOG 3: field 20260410 20260410
2026-04-09 18:12:16.300 LOG 3: field 0 0
2026-04-09 18:12:16.350 LOG 3: field 0 0
2026-04-09 18:12:16.400 LOG 3: float_fields 
2026-04-09 18:12:16.450 LOG 3: field 1.0 1.0
2026-04-09 18:12:16.500 LOG 3: field 100.99 100.99
2026-04-09 18:12:16.550 LOG 3: field 1009.9 1009.9
2026-04-09 18:12:16.600 LOG 3: field 0.0 0.0
2026-04-09 18:12:16.650 LOG 3: field 12.44 12.44
2026-04-09 18:12:16.700 LOG 3: field 28.88 28.88
2026-04-09 18:12:16.750 LOG 3: field 0.0 0.0
2026-04-09 18:12:16.800 LOG 3: field 0.0 0.0
2026-04-09 18:12:16.850 LOG 3: field 0.0 0.0
2026-04-09 18:12:16.900 LOG 3: field 0.0 0.0
2026-04-09 18:12:16.950 LOG 3: field 0.0 0.0
2026-04-09 18:12:16.000 LOG 3: field 0.0 0.0
2026-04-09 18:12:16.050 LOG 3: field 0 0
2026-04-09 18:12:16.100 LOG 3: field 0.0 0.0
2026-04-09 18:12:16.150 LOG 3: field 0.0 0.0
2026-04-09 18:12:16.200 LOG 3: field 0 0
2026-04-09 18:12:16.250 LOG 3: field -1 -1
2026-04-09 18:12:16.300 LOG 3: field -1 -1
2026-04-09 18:12:16.350 LOG 3: field 0 0
2026-04-09 18:12:16.400 LOG 3: field 0.0 0.0
2026-04-09 18:12:16.450 LOG 3: field 0.0 0.0
2026-04-09 18:12:16.500 LOG 3: int_fields 
2026-04-09 18:12:16.550 LOG 3: field 77947788055 77947788055
2026-04-09 18:12:16.600 LOG 3: field 77947788055 77947788055
2026-04-09 18:12:16.650 LOG 3: field 1162788 1162788
2026-04-09 18:12:16.700 LOG 3: field 0 0
2026-04-09 18:12:16.750 LOG 3: field 0 0
2026-04-09 18:12:16.800 LOG 3: field 9180730 9180730
2026-04-09 18:12:16.850 LOG 3: field 25 25
2026-04-09 18:12:16.900 LOG 3: field 0 0
2026-04-09 18:12:16.950 LOG 3: field 1 1
2026-04-09 18:12:16.000 LOG 3: field 0 0
2026-04-09 18:12:16.050 LOG 3: field 0 0
2026-04-09 18:12:16.100 LOG 3: field 0 0
2026-04-09 18:12:16.150 LOG 3: field 0 0
2026-04-09 18:12:16.200 LOG 3: field 0 0
2026-04-09 18:12:16.250 LOG 3: field 1 1
2026-04-09 18:12:16.300 LOG 3: field 1 1
2026-04-09 18:12:16.350 LOG 3: field 1 1
2026-04-09 18:12:16.400 LOG 3: field 0 0
2026-04-09 18:12:16.450 LOG 3: field -1 -1
2026-04-09 18:12:16.500 LOG 3: field 0 0
2026-04-09 18:12:16.550 LOG 3: field 0 0
2026-04-09 18:12:16.600 LOG 3: field 0 0
2026-04-09 18:12:16.650 LOG 3: field 0 0
2026-04-09 18:12:16.700 LOG 3: field 0 0
2026-04-09 18:12:16.750 LOG 3: field 0 0
2026-04-09 18:12:16.800 LOG 3: field 0 0
2026-04-09 18:12:16.850 LOG 3: field 0 0
2026-04-09 18:12:16.900 LOG 3: field 0 0
2026-04-09 18:12:16.950 LOG 3: field 0 0
2026-04-09 18:12:16.000 LOG 3: field 0 0
2026-04-09 18:12:16.050 LOG 3: field 0 0
2026-04-09 18:12:16.100 LOG 3: field 20260410 20260410
2026-04-09 18:12:16.150 LOG 3: field 0 0
2026-04-09 18:12:16.200 LOG 3: field 0 0
2026-04-09 18:12:16.250 LOG 3: float_fields 
2026-04-09 18:12:16.300 LOG 3: field 1.0 1.0
2026-04-09 18:12:16.350 LOG 3: field 102.9 102.9
2026-04-09 18:12:16.400 LOG 3: field 1029.0 1029.0
2026-04-09 18:12:16.450 LOG 3: field 0.0 0.0
2026-04-09 18:12:16.500 LOG 3: field 15.1 15.1
2026-04-09 18:12:16.550 LOG 3: field 65.67 65.67
2026-04-09 18:12:16.600 LOG 3: field 0.0 0.0
2026-04-09 18:12:16.650 LOG 3: field 0.0 0.0
2026-04-09 18:12:16.700 LOG 3: field 0.0 0.0
2026-04-09 18:12:16.750 LOG 3: field 0.0 0.0
2026-04-09 18:12:16.800 LOG 3: field 0.0 0.0
2026-04-09 18:12:16.850 LOG 3: field 0.0 0.0
2026-04-09 18:12:16.900 LOG 3: field 0 0
2026-04-09 18:12:16.950 LOG 3: field 0.0 0.0
2026-04-09 18:12:16.000 LOG 3: field 0.0 0.0
2026-04-09 18:12:16.050 LOG 3: field 0 0
2026-04-09 18:12:16.100 LOG 3: field -1 -1
2026-04-09 18:12:16.150 LOG 3: field -1 -1
2026-04-09 18:12:16.200 LOG 3: field 0 0
2026-04-09 18:12:16.250 LOG 3: field 0.0 0.0
2026-04-09 18:12:16.300 LOG 3: field 0.0 0.0
2026-04-09 18:12:16.350 LOG 3: int_fields 
2026-04-09 18:12:16.400 LOG 3: field 77947793758 77947793758
2026-04-09 18:12:16.450 LOG 3: field 77947793758 77947793758
2026-04-09 18:12:16.500 LOG 3: field 1162788 1162788
2026-04-09 18:12:16.550 LOG 3: field 0 0
2026-04-09 18:12:16.600 LOG 3: field 0 0
2026-04-09 18:12:16.650 LOG 3: field 9180731 9180731
2026-04-09 18:12:16.700 LOG 3: field 25 25
2026-04-09 18:12:16.750 LOG 3: field 0 0
2026-04-09 18:12:16.800 LOG 3: field 1 1
2026-04-09 18:12:16.850 LOG 3: field 0 0
2026-04-09 18:12:16.900 LOG 3: field 0 0
2026-04-09 18:12:16.950 LOG 3: field 0 0
2026-04-09 18:12:16.000 LOG 3: field 0 0
2026-04-09 18:12:16.050 LOG 3: field 0 0
2026-04-09 18:12:16.100 LOG 3: field 1 1
2026-04-09 18:12:16.150 LOG 3: field 1 1
2026-04-09 18:12:16.200 LOG 3: field 1 1
2026-04-09 18:12:16.250 LOG 3: field 0 0
2026-04-09 18:12:16.300 LOG 3: field -1 -1
2026-04-09 18:12:16.350 LOG 3: field 0 0
2026-04-09 18:12:16.400 LOG 3: field 0 0
2026-04-09 18:12:16.450 LOG 3: field 0 0
2026-04-09 18:12:16.500 LOG 3: field 0 0
2026-04-09 18:12:16.550 LOG 3: field 0 0
2026-04-09 18:12:16.600 LOG 3: field 0 0
2026-04-09 18:12:16.650 LOG 3: field 0 0
2026-04-09 18:12:16.700 LOG 3: field 0 0
2026-04-09 18:12:16.750 LOG 3: field 0 0
2026-04-09 18:12:16.800 LOG 3: field 0 0
2026-04-09 18:12:16.850 LOG 3: field 0 0
2026-04-09 18:12:16.900 LOG 3: field 0 0
2026-04-09 18:12:16.950 LOG 3: field 20260410 20260410
2026-04-09 18:12:16.000 LOG 3: field 0 0
2026-04-09 18:12:16.050 LOG 3: field 0 0
2026-04-09 18:12:16.100 LOG 3: float_fields 
2026-04-09 18:12:16.150 LOG 3: field 1.0 1.0
2026-04-09 18:12:16.200 LOG 3: field 105.89 105.89
2026-04-09 18:12:16.250 LOG 3: field 1058.9 1058.9
2026-04-09 18:12:16.300 LOG 3: field 0.0 0.0
2026-04-09 18:12:16.350 LOG 3: field 15.03 15.03
2026-04-09 18:12:16.400 LOG 3: field 8.43 8.43
2026-04-09 18:12:16.450 LOG 3: field 0.0 0.0
2026-04-09 18:12:16.500 LOG 3: field 0.0 0.0
2026-04-09 18:12:16.550 LOG 3: field 0.0 0.0
2026-04-09 18:12:16.600 LOG 3: field 0.0 0.0
2026-04-09 18:12:16.650 LOG 3: field 0.0 0.0
2026-04-09 18:12:16.700 LOG 3: field 0.0 0.0
2026-04-09 18:12:16.750 LOG 3: field 0 0
2026-04-09 18:12:16.800 LOG 3: field 0.0 0.0
2026-04-09 18:12:16.850 LOG 3: field 0.0 0.0
2026-04-09 18:12:16.900 LOG 3: field 0 0
2026-04-09 18:12:16.950 LOG 3: field -1 -1
2026-04-09 18:12:16.000 LOG 3: field -1 -1
2026-04-09 18:12:16.050 LOG 3: field 0 0
2026-04-09 18:12:16.100 LOG 3: field 0.0 0.0
2026-04-09 18:12:16.150 LOG 3: field 0.0 0.0
2026-04-09 18:12:16.500 LOG 3: int_fields 
2026-04-09 18:12:16.550 LOG 3: field 77924509061 77924509061
2026-04-09 18:12:16.600 LOG 3: field 77924509061 77924509061
2026-04-09 18:12:16.650 LOG 3: field 1162788 1162788
2026-04-09 18:12:16.700 LOG 3: field 1162788 1162788
2026-04-09 18:12:16.750 LOG 3: field 0 0
2026-04-09 18:12:16.800 LOG 3: field 0 0
2026-04-09 18:12:16.850 LOG 3: field 26 26
2026-04-09 18:12:16.900 LOG 3: field 0 0
2026-04-09 18:12:16.950 LOG 3: field 1 1
2026-04-09 18:12:16.000 LOG 3: field 0 0
2026-04-09 18:12:16.050 LOG 3: field 0 0
2026-04-09 18:12:16.100 LOG 3: field 0 0
2026-04-09 18:12:16.150 LOG 3: field 0 0
2026-04-09 18:12:16.200 LOG 3: field 0 0
2026-04-09 18:12:16.250 LOG 3: field 1 1
2026-04-09 18:12:16.300 LOG 3: field 1 1
2026-04-09 18:12:16.350 LOG 3: field 1 1
2026-04-09 18:12:16.400 LOG 3: field 0 0
2026-04-09 18:12:16.450 LOG 3: field -1 -1
2026-04-09 18:12:16.500 LOG 3: field 0 0
2026-04-09 18:12:16.550 LOG 3: field 0 0
2026-04-09 18:12:16.600 LOG 3: field 0 0
2026-04-09 18:12:16.650 LOG 3: field 0 0
2026-04-09 18:12:16.700 LOG 3: field 0 0
2026-04-09 18:12:16.750 LOG 3: field 0 0
2026-04-09 18:12:16.800 LOG 3: field 0 0
2026-04-09 18:12:16.850 LOG 3: field 0 0
2026-04-09 18:12:16.900 LOG 3: field 0 0
2026-04-09 18:12:16.950 LOG 3: field 0 0
2026-04-09 18:12:16.000 LOG 3: field 0 0
2026-04-09 18:12:16.050 LOG 3: field 0 0
2026-04-09 18:12:16.100 LOG 3: field 20260410 20260410
2026-04-09 18:12:16.150 LOG 3: field 0 0
2026-04-09 18:12:16.200 LOG 3: field 0 0
2026-04-09 18:12:16.250 LOG 3: float_fields 
2026-04-09 18:12:16.300 LOG 3: field 1.0 1.0
2026-04-09 18:12:16.350 LOG 3: field 98.67 98.67
2026-04-09 18:12:16.400 LOG 3: field 986.7 986.7
2026-04-09 18:12:16.450 LOG 3: field 0.0 0.0
2026-04-09 18:12:16.500 LOG 3: field 14.95 14.95
2026-04-09 18:12:16.550 LOG 3: field 14.47 14.47
2026-04-09 18:12:16.600 LOG 3: field 0.0 0.0
2026-04-09 18:12:16.650 LOG 3: field 0.0 0.0
2026-04-09 18:12:16.700 LOG 3: field 0.0 0.0
2026-04-09 18:12:16.750 LOG 3: field 0.0 0.0
2026-04-09 18:12:16.800 LOG 3: field 0.0 0.0
2026-04-09 18:12:16.850 LOG 3: field 0.0 0.0
2026-04-09 18:12:16.900 LOG 3: field 0 0
2026-04-09 18:12:16.950 LOG 3: field 0.0 0.0
2026-04-09 18:12:16.000 LOG 3: field 0.0 0.0
2026-04-09 18:12:16.050 LOG 3: field 0 0
2026-04-09 18:12:16.100 LOG 3: field -1 -1
2026-04-09 18:12:16.150 LOG 3: field -1 -1
2026-04-09 18:12:16.200 LOG 3: field 0 0
2026-04-09 18:12:16.250 LOG 3: field 0.0 0.0
2026-04-09 18:12:16.300 LOG 3: field 0.0 0.0
2026-04-09 18:12:16.350 LOG 3: int_fields 
2026-04-09 18:12:16.400 LOG 3: field 77924527921 77924527921
2026-04-09 18:12:16.450 LOG 3: field 77924527921 77924527921
2026-04-09 18:12:16.500 LOG 3: field 1162788 1162788
2026-04-09 18:12:16.550 LOG 3: field 0 0
2026-04-09 18:12:16.600 LOG 3: field 0 0
2026-04-09 18:12:16.650 LOG 3: field 0 0
2026-04-09 18:12:16.700 LOG 3: field 25 25
2026-04-09 18:12:16.750 LOG 3: field 0 0
2026-04-09 18:12:16.800 LOG 3: field 1 1
2026-04-09 18:12:16.850 LOG 3: field 0 0
2026-04-09 18:12:16.900 LOG 3: field 0 0
2026-04-09 18:12:16.950 LOG 3: field 0 0
2026-04-09 18:12:16.000 LOG 3: field 0 0
2026-04-09 18:12:16.050 LOG 3: field 0 0
2026-04-09 18:12:16.100 LOG 3: field 1 1
2026-04-09 18:12:16.150 LOG 3: field 1 1
2026-04-09 18:12:16.200 LOG 3: field 1 1
2026-04-09 18:12:16.250 LOG 3: field 0 0
2026-04-09 18:12:16.300 LOG 3: field -1 -1
2026-04-09 18:12:16.350 LOG 3: field 0 0
2026-04-09 18:12:16.400 LOG 3: field 0 0
2026-04-09 18:12:16.450 LOG 3: field 0 0
2026-04-09 18:12:16.500 LOG 3: field 0 0
2026-04-09 18:12:16.550 LOG 3: field 0 0
2026-04-09 18:12:16.600 LOG 3: field 0 0
2026-04-09 18:12:16.650 LOG 3: field 0 0
2026-04-09 18:12:16.700 LOG 3: field 0 0
2026-04-09 18:12:16.750 LOG 3: field 0 0
2026-04-09 18:12:16.800 LOG 3: field 0 0
2026-04-09 18:12:16.850 LOG 3: field 0 0
2026-04-09 18:12:16.900 LOG 3: field 0 0
2026-04-09 18:12:16.950 LOG 3: field 20260410 20260410
2026-04-09 18:12:16.000 LOG 3: field 0 0
2026-04-09 18:12:16.050 LOG 3: field 0 0
2026-04-09 18:12:16.100 LOG 3: float_fields 
2026-04-09 18:12:16.150 LOG 3: field 1.0 1.0
2026-04-09 18:12:16.200 LOG 3: field 98.67 98.67
2026-04-09 18:12:16.250 LOG 3: field 986.7 986.7
2026-04-09 18:12:16.300 LOG 3: field 0.0 0.0
2026-04-09 18:12:16.350 LOG 3: field 14.95 14.95
2026-04-09 18:12:16.400 LOG 3: field 14.47 14.47
2026-04-09 18:12:16.450 LOG 3: field 0.0 0.0
2026-04-09 18:12:16.500 LOG 3: field 0.0 0.0
2026-04-09 18:12:16.550 LOG 3: field 0.0 0.0
2026-04-09 18:12:16.600 LOG 3: field 0.0 0.0
2026-04-09 18:12:16.650 LOG 3: field 0.0 0.0
2026-04-09 18:12:16.700 LOG 3: field 0.0 0.0
2026-04-09 18:12:16.750 LOG 3: field 0 0
2026-04-09 18:12:16.800 LOG 3: field 0.0 0.0
2026-04-09 18:12:16.850 LOG 3: field 0.0 0.0
2026-04-09 18:12:16.900 LOG 3: field 0 0
2026-04-09 18:12:16.950 LOG 3: field -1 -1
2026-04-09 18:12:16.000 LOG 3: field -1 -1
2026-04-09 18:12:16.050 LOG 3: field 0 0
2026-04-09 18:12:16.100 LOG 3: field 0.0 0.0
2026-04-09 18:12:16.150 LOG 3: field 0.0 0.0
2026-04-09 18:12:16.200 LOG 3: int_fields 
2026-04-09 18:12:16.250 LOG 3: field 77947783631 77947783631
2026-04-09 18:12:16.300 LOG 3: field 77947783631 77947783631
2026-04-09 18:12:16.350 LOG 3: field 1162788 1162788
2026-04-09 18:12:16.400 LOG 3: field 0 0
2026-04-09 18:12:16.450 LOG 3: field 0 0
2026-04-09 18:12:16.500 LOG 3: field 9180729 9180729
2026-04-09 18:12:16.550 LOG 3: field 25 25
2026-04-09 18:12:16.600 LOG 3: field 0 0
2026-04-09 18:12:16.650 LOG 3: field 1 1
2026-04-09 18:12:16.700 LOG 3: field 0 0
2026-04-09 18:12:16.750 LOG 3: field 0 0
2026-04-09 18:12:16.800 LOG 3: field 0 0
2026-04-09 18:12:16.850 LOG 3: field 0 0
2026-04-09 18:12:16.900 LOG 3: field 0 0
2026-04-09 18:12:16.950 LOG 3: field 1 1
2026-04-09 18:12:16.000 LOG 3: field 1 1
2026-04-09 18:12:16.050 LOG 3: field 1 1
2026-04-09 18:12:16.100 LOG 3: field 0 0
2026-04-09 18:12:16.150 LOG 3: field -1 -1
2026-04-09 18:12:16.200 LOG 3: field 0 0
2026-04-09 18:12:16.250 LOG 3: field 0 0
2026-04-09 18:12:16.300 LOG 3: field 0 0
2026-04-09 18:12:16.350 LOG 3: field 0 0
2026-04-09 18:12:16.400 LOG 3: field 0 0
2026-04-09 18:12:16.450 LOG 3: field 0 0
2026-04-09 18:12:16.500 LOG 3: field 0 0
2026-04-09 18:12:16.550 LOG 3: field 0 0
2026-04-09 18:12:16.600 LOG 3: field 0 0
2026-04-09 18:12:16.650 LOG 3: field 0 0
2026-04-09 18:12:16.700 LOG 3: field 0 0
2026-04-09 18:12:16.750 LOG 3: field 0 0
2026-04-09 18:12:16.800 LOG 3: field 20260410 20260410
2026-04-09 18:12:16.850 LOG 3: field 0 0
2026-04-09 18:12:16.900 LOG 3: field 0 0
2026-04-09 18:12:16.950 LOG 3: float_fields 
2026-04-09 18:12:16.000 LOG 3: field 1.0 1.0
2026-04-09 18:12:16.050 LOG 3: field 100.99 100.99
2026-04-09 18:12:16.100 LOG 3: field 1009.9 1009.9
2026-04-09 18:12:16.150 LOG 3: field 0.0 0.0
2026-04-09 18:12:16.200 LOG 3: field 12.44 12.44
2026-04-09 18:12:16.250 LOG 3: field 28.88 28.88
2026-04-09 18:12:16.300 LOG 3: field 0.0 0.0
2026-04-09 18:12:16.350 LOG 3: field 0.0 0.0
2026-04-09 18:12:16.400 LOG 3: field 0.0 0.0
2026-04-09 18:12:16.450 LOG 3: field 0.0 0.0
2026-04-09 18:12:16.500 LOG 3: field 0.0 0.0
2026-04-09 18:12:16.550 LOG 3: field 0.0 0.0
2026-04-09 18:12:16.600 LOG 3: field 0 0
2026-04-09 18:12:16.650 LOG 3: field 0.0 0.0
2026-04-09 18:12:16.700 LOG 3: field 0.0 0.0
2026-04-09 18:12:16.750 LOG 3: field 0 0
2026-04-09 18:12:16.800 LOG 3: field -1 -1
2026-04-09 18:12:16.850 LOG 3: field -1 -1
2026-04-09 18:12:16.900 LOG 3: field 0 0
2026-04-09 18:12:16.950 LOG 3: field 0.0 0.0
2026-04-09 18:12:16.000 LOG 3: field 0.0 0.0
2026-04-09 18:12:16.050 LOG 3: int_fields 
2026-04-09 18:12:16.100 LOG 3: field 77947788055 77947788055
2026-04-09 18:12:16.150 LOG 3: field 77947788055 77947788055
2026-04-09 18:12:16.200 LOG 3: field 1162788 1162788
2026-04-09 18:12:16.250 LOG 3: field 0 0
2026-04-09 18:12:16.300 LOG 3: field 0 0
2026-04-09 18:12:16.350 LOG 3: field 9180730 9180730
2026-04-09 18:12:16.400 LOG 3: field 25 25
2026-04-09 18:12:16.450 LOG 3: field 0 0
2026-04-09 18:12:16.500 LOG 3: field 1 1
2026-04-09 18:12:16.550 LOG 3: field 0 0
2026-04-09 18:12:16.600 LOG 3: field 0 0
2026-04-09 18:12:16.650 LOG 3: field 0 0
2026-04-09 18:12:16.700 LOG 3: field 0 0
2026-04-09 18:12:16.750 LOG 3: field 0 0
2026-04-09 18:12:16.800 LOG 3: field 1 1
2026-04-09 18:12:16.850 LOG 3: field 1 1
2026-04-09 18:12:16.900 LOG 3: field 1 1
2026-04-09 18:12:16.950 LOG 3: field 0 0
2026-04-09 18:12:16.000 LOG 3: field -1 -1
2026-04-09 18:12:16.050 LOG 3: field 0 0
2026-04-09 18:12:16.100 LOG 3: field 0 0
2026-04-09 18:12:16.150 LOG 3: field 0 0
2026-04-09 18:12:16.200 LOG 3: field 0 0
2026-04-09 18:12:16.250 LOG 3: field 0 0
2026-04-09 18:12:16.300 LOG 3: field 0 0
2026-04-09 18:12:16.350 LOG 3: field 0 0
2026-04-09 18:12:16.400 LOG 3: field 0 0
2026-04-09 18:12:16.450 LOG 3: field 0 0
2026-04-09 18:12:16.500 LOG 3: field 0 0
2026-04-09 18:12:16.550 LOG 3: field 0 0
2026-04-09 18:12:16.600 LOG 3: field 0 0
2026-04-09 18:12:16.650 LOG 3: field 20260410 20260410
2026-04-09 18:12:16.700 LOG 3: field 0 0
2026-04-09 18:12:16.750 LOG 3: field 0 0
2026-04-09 18:12:16.800 LOG 3: float_fields 
2026-04-09 18:12:16.850 LOG 3: field 1.0 1.0
2026-04-09 18:12:16.900 LOG 3: field 102.9 102.9
2026-04-09 18:12:16.950 LOG 3: field 1029.0 1029.0
2026-04-09 18:12:16.000 LOG 3: field 0.0 0.0
2026-04-09 18:12:16.050 LOG 3: field 15.1 15.1
2026-04-09 18:12:16.100 LOG 3: field 65.67 65.67
2026-04-09 18:12:16.150 LOG 3: field 0.0 0.0
2026-04-09 18:12:16.200 LOG 3: field 0.0 0.0
2026-04-09 18:12:16.250 LOG 3: field 0.0 0.0
2026-04-09 18:12:16.300 LOG 3: field 0.0 0.0
2026-04-09 18:12:16.350 LOG 3: field 0.0 0.0
2026-04-09 18:12:16.400 LOG 3: field 0.0 0.0
2026-04-09 18:12:16.450 LOG 3: field 0 0
2026-04-09 18:12:16.500 LOG 3: field 0.0 0.0
2026-04-09 18:12:16.550 LOG 3: field 0.0 0.0
2026-04-09 18:12:16.600 LOG 3: field 0 0
2026-04-09 18:12:16.650 LOG 3: field -1 -1
2026-04-09 18:12:16.700 LOG 3: field -1 -1
2026-04-09 18:12:16.750 LOG 3: field 0 0
2026-04-09 18:12:16.800 LOG 3: field 0.0 0.0
2026-04-09 18:12:16.850 LOG 3: field 0.0 0.0
2026-04-09 18:12:16.900 LOG 3: int_fields 
2026-04-09 18:12:16.950 LOG 3: field 77947793758 77947793758
2026-04-09 18:12:16.000 LOG 3: field 77947793758 77947793758
2026-04-09 18:12:16.050 LOG 3: field 1162788 1162788
2026-04-09 18:12:16.100 LOG 3: field 0 0
2026-04-09 18:12:16.150 LOG 3: field 0 0
2026-04-09 18:12:16.200 LOG 3: field 9180731 9180731
2026-04-09 18:12:16.250 LOG 3: field 25 25
2026-04-09 18:12:16.300 LOG 3: field 0 0
2026-04-09 18:12:16.350 LOG 3: field 1 1
2026-04-09 18:12:16.400 LOG 3: field 0 0
2026-04-09 18:12:16.450 LOG 3: field 0 0
2026-04-09 18:12:16.500 LOG 3: field 0 0
2026-04-09 18:12:16.550 LOG 3: field 0 0
2026-04-09 18:12:16.600 LOG 3: field 0 0
2026-04-09 18:12:16.650 LOG 3: field 1 1
2026-04-09 18:12:16.700 LOG 3: field 1 1
2026-04-09 18:12:16.750 LOG 3: field 1 1
2026-04-09 18:12:16.800 LOG 3: field 0 0
2026-04-09 18:12:16.850 LOG 3: field -1 -1
2026-04-09 18:12:16.900 LOG 3: field 0 0
2026-04-09 18:12:16.950 LOG 3: field 0 0
2026-04-09 18:12:16.000 LOG 3: field 0 0
2026-04-09 18:12:16.050 LOG 3: field 0 0
2026-04-09 18:12:16.100 LOG 3: field 0 0
2026-04-09 18:12:16.150 LOG 3: field 0 0
2026-04-09 18:12:16.200 LOG 3: field 0 0
2026-04-09 18:12:16.250 LOG 3: field 0 0
2026-04-09 18:12:16.300 LOG 3: field 0 0
2026-04-09 18:12:16.350 LOG 3: field 0 0
2026-04-09 18:12:16.400 LOG 3: field 0 0
2026-04-09 18:12:16.450 LOG 3: field 0 0
2026-04-09 18:12:16.500 LOG 3: field 20260410 20260410
2026-04-09 18:12:16.550 LOG 3: field 0 0
2026-04-09 18:12:16.600 LOG 3: field 0 0
2026-04-09 18:12:16.650 LOG 3: float_fields 
2026-04-09 18:12:16.700 LOG 3: field 1.0 1.0
2026-04-09 18:12:16.750 LOG 3: field 105.89 105.89
2026-04-09 18:12:16.800 LOG 3: field 1058.9 1058.9
2026-04-09 18:12:16.850 LOG 3: field 0.0 0.0
2026-04-09 18:12:16.900 LOG 3: field 15.03 15.03
2026-04-09 18:12:16.950 LOG 3: field 8.43 8.43
2026-04-09 18:12:16.000 LOG 3: field 0.0 0.0
2026-04-09 18:12:16.050 LOG 3: field 0.0 0.0
2026-04-09 18:12:16.100 LOG 3: field 0.0 0.0
2026-04-09 18:12:16.150 LOG 3: field 0.0 0.0
2026-04-09 18:12:16.200 LOG 3: field 0.0 0.0
2026-04-09 18:12:16.250 LOG 3: field 0.0 0.0
2026-04-09 18:12:16.300 LOG 3: field 0 0
2026-04-09 18:12:16.350 LOG 3: field 0.0 0.0
2026-04-09 18:12:16.400 LOG 3: field 0.0 0.0
2026-04-09 18:12:16.450 LOG 3: field 0 0
2026-04-09 18:12:16.500 LOG 3: field -1 -1
2026-04-09 18:12:16.550 LOG 3: field -1 -1
2026-04-09 18:12:16.600 LOG 3: field 0 0
2026-04-09 18:12:16.650 LOG 3: field 0.0 0.0
2026-04-09 18:12:16.700 LOG 3: field 0.0 0.0
2026-04-09 18:12:26.800 LOG 3: int_fields 
2026-04-09 18:12:26.850 LOG 3: field 77924509061 77924509061
2026-04-09 18:12:26.900 LOG 3: field 77924509061 77924509061
2026-04-09 18:12:26.950 LOG 3: field 1162788 1162788
2026-04-09 18:12:26.000 LOG 3: field 1162788 1162788
2026-04-09 18:12:26.050 LOG 3: field 0 0
2026-04-09 18:12:26.100 LOG 3: field 0 0
2026-04-09 18:12:26.150 LOG 3: field 26 26
2026-04-09 18:12:26.200 LOG 3: field 0 0
2026-04-09 18:12:26.250 LOG 3: field 1 1
2026-04-09 18:12:26.300 LOG 3: field 0 0
2026-04-09 18:12:26.350 LOG 3: field 0 0
2026-04-09 18:12:26.400 LOG 3: field 0 0
2026-04-09 18:12:26.450 LOG 3: field 0 0
2026-04-09 18:12:26.500 LOG 3: field 0 0
2026-04-09 18:12:26.550 LOG 3: field 1 1
2026-04-09 18:12:26.600 LOG 3: field 1 1
2026-04-09 18:12:26.650 LOG 3: field 1 1
2026-04-09 18:12:26.700 LOG 3: field 0 0
2026-04-09 18:12:26.750 LOG 3: field -1 -1
2026-04-09 18:12:26.800 LOG 3: field 0 0
2026-04-09 18:12:26.850 LOG 3: field 0 0
2026-04-09 18:12:26.900 LOG 3: field 0 0
2026-04-09 18:12:26.950 LOG 3: field 0 0
2026-04-09 18:12:26.000 LOG 3: field 0 0
2026-04-09 18:12:26.050 LOG 3: field 0 0
2026-04-09 18:12:26.100 LOG 3: field 0 0
2026-04-09 18:12:26.150 LOG 3: field 0 0
2026-04-09 18:12:26.200 LOG 3: field 0 0
2026-04-09 18:12:26.250 LOG 3: field 0 0
2026-04-09 18:12:26.300 LOG 3: field 0 0
2026-04-09 18:12:26.350 LOG 3: field 0 0
2026-04-09 18:12:26.400 LOG 3: field 20260410 20260410
2026-04-09 18:12:26.450 LOG 3: field 0 0
2026-04-09 18:12:26.500 LOG 3: field 0 0
2026-04-09 18:12:26.550 LOG 3: float_fields 
2026-04-09 18:12:26.600 LOG 3: field 1.0 1.0
2026-04-09 18:12:26.650 LOG 3: field 98.67 98.67
2026-04-09 18:12:26.700 LOG 3: field 986.7 986.7
2026-04-09 18:12:26.750 LOG 3: field 0.0 0.0
2026-04-09 18:12:26.800 LOG 3: field 14.95 14.95
2026-04-09 18:12:26.850 LOG 3: field 14.47 14.47
2026-04-09 18:12:26.900 LOG 3: field 0.0 0.0
2026-04-09 18:12:26.950 LOG 3: field 0.0 0.0
2026-04-09 18:12:26.000 LOG 3: field 0.0 0.0
2026-04-09 18:12:26.050 LOG 3: field 0.0 0.0
2026-04-09 18:12:26.100 LOG 3: field 0.0 0.0
2026-04-09 18:12:26.150 LOG 3: field 0.0 0.0
2026-04-09 18:12:26.200 LOG 3: field 0 0
2026-04-09 18:12:26.250 LOG 3: field 0.0 0.0
2026-04-09 18:12:26.300 LOG 3: field 0.0 0.0
2026-04-09 18:12:26.350 LOG 3: field 0 0
2026-04-09 18:12:26.400 LOG 3: field -1 -1
2026-04-09 18:12:26.450 LOG 3: field -1 -1
2026-04-09 18:12:26.500 LOG 3: field 0 0
2026-04-09 18:12:26.550 LOG 3: field 0.0 0.0
2026-04-09 18:12:26.600 LOG 3: field 0.0 0.0
2026-04-09 18:12:26.650 LOG 3: int_fields 
2026-04-09 18:12:26.700 LOG 3: field 77924527921 77924527921
2026-04-09 18:12:26.750 LOG 3: field 77924527921 77924527921
2026-04-09 18:12:26.800 LOG 3: field 1162788 1162788
2026-04-09 18:12:26.850 LOG 3: field 0 0
2026-04-09 18:12:26.900 LOG 3: field 0 0
2026-04-09 18:12:26.950 LOG 3: field 0 0
2026-04-09 18:12:26.000 LOG 3: field 25 25
2026-04-09 18:12:26.050 LOG 3: field 0 0
2026-04-09 18:12:26.100 LOG 3: field 1 1
2026-04-09 18:12:26.150 LOG 3: field 0 0
2026-04-09 18:12:26.200 LOG 3: field 0 0
2026-04-09 18:12:26.250 LOG 3: field 0 0
2026-04-09 18:12:26.300 LOG 3: field 0 0
2026-04-09 18:12:26.350 LOG 3: field 0 0
2026-04-09 18:12:26.400 LOG 3: field 1 1
2026-04-09 18:12:26.450 LOG 3: field 1 1
2026-04-09 18:12:26.500 LOG 3: field 1 1
2026-04-09 18:12:26.550 LOG 3: field 0 0
2026-04-09 18:12:26.600 LOG 3: field -1 -1
2026-04-09 18:12:26.650 LOG 3: field 0 0
2026-04-09 18:12:26.700 LOG 3: field 0 0
2026-04-09 18:12:26.750 LOG 3: field 0 0
2026-04-09 18:12:26.800 LOG 3: field 0 0
2026-04-09 18:12:26.850 LOG 3: field 0 0
2026-04-09 18:12:26.900 LOG 3: field 0 0
2026-04-09 18:12:26.950 LOG 3: field 0 0
2026-04-09 18:12:26.000 LOG 3: field 0 0
2026-04-09 18:12:26.050 LOG 3: field 0 0
2026-04-09 18:12:26.100 LOG 3: field 0 0
2026-04-09 18:12:26.150 LOG 3: field 0 0
2026-04-09 18:12:26.200 LOG 3: field 0 0
2026-04-09 18:12:26.250 LOG 3: field 20260410 20260410
2026-04-09 18:12:26.300 LOG 3: field 0 0
2026-04-09 18:12:26.350 LOG 3: field 0 0
2026-04-09 18:12:26.400 LOG 3: float_fields 
2026-04-09 18:12:26.450 LOG 3: field 1.0 1.0
2026-04-09 18:12:26.500 LOG 3: field 98.67 98.67
2026-04-09 18:12:26.550 LOG 3: field 986.7 986.7
2026-04-09 18:12:26.600 LOG 3: field 0.0 0.0
2026-04-09 18:12:26.650 LOG 3: field 14.95 14.95
2026-04-09 18:12:26.700 LOG 3: field 14.47 14.47
2026-04-09 18:12:26.750 LOG 3: field 0.0 0.0
2026-04-09 18:12:26.800 LOG 3: field 0.0 0.0
2026-04-09 18:12:26.850 LOG 3: field 0.0 0.0
2026-04-09 18:12:26.900 LOG 3: field 0.0 0.0
2026-04-09 18:12:26.950 LOG 3: field 0.0 0.0
2026-04-09 18:12:26.000 LOG 3: field 0.0 0.0
2026-04-09 18:12:26.050 LOG 3: field 0 0
2026-04-09 18:12:26.100 LOG 3: field 0.0 0.0
2026-04-09 18:12:26.150 LOG 3: field 0.0 0.0
2026-04-09 18:12:26.200 LOG 3: field 0 0
2026-04-09 18:12:26.250 LOG 3: field -1 -1
2026-04-09 18:12:26.300 LOG 3: field -1 -1
2026-04-09 18:12:26.350 LOG 3: field 0 0
2026-04-09 18:12:26.400 LOG 3: field 0.0 0.0
2026-04-09 18:12:26.450 LOG 3: field 0.0 0.0
2026-04-09 18:12:26.500 LOG 3: int_fields 
2026-04-09 18:12:26.550 LOG 3: field 77947783631 77947783631
2026-04-09 18:12:26.600 LOG 3: field 77947783631 77947783631
2026-04-09 18:12:26.650 LOG 3: field 1162788 1162788
2026-04-09 18:12:26.700 LOG 3: field 0 0
2026-04-09 18:12:26.750 LOG 3: field 0 0
2026-04-09 18:12:26.800 LOG 3: field 9180729 9180729
2026-04-09 18:12:26.850 LOG 3: field 25 25
2026-04-09 18:12:26.900 LOG 3: field 0 0
2026-04-09 18:12:26.950 LOG 3: field 1 1
2026-04-09 18:12:26.000 LOG 3: field 0 0
2026-04-09 18:12:26.050 LOG 3: field 0 0
2026-04-09 18:12:26.100 LOG 3: field 0 0
2026-04-09 18:12:26.150 LOG 3: field 0 0
2026-04-09 18:12:26.200 LOG 3: field 0 0
2026-04-09 18:12:26.250 LOG 3: field 1 1
2026-04-09 18:12:26.300 LOG 3: field 1 1
2026-04-09 18:12:26.350 LOG 3: field 1 1
2026-04-09 18:12:26.400 LOG 3: field 0 0
2026-04-09 18:12:26.450 LOG 3: field -1 -1
2026-04-09 18:12:26.500 LOG 3: field 0 0
2026-04-09 18:12:26.550 LOG 3: field 0 0
2026-04-09 18:12:26.600 LOG 3: field 0 0
2026-04-09 18:12:26.650 LOG 3: field 0 0
2026-04-09 18:12:26.700 LOG 3: field 0 0
2026-04-09 18:12:26.750 LOG 3: field 0 0
2026-04-09 18:12:26.800 LOG 3: field 0 0
2026-04-09 18:12:26.850 LOG 3: field 0 0
2026-04-09 18:12:26.900 LOG 3: field 0 0
2026-04-09 18:12:26.950 LOG 3: field 0 0
2026-04-09 18:12:26.000 LOG 3: field 0 0
2026-04-09 18:12:26.050 LOG 3: field 0 0
2026-04-09 18:12:26.100 LOG 3: field 20260410 20260410
2026-04-09 18:12:26.150 LOG 3: field 0 0
2026-04-09 18:12:26.200 LOG 3: field 0 0
2026-04-09 18:12:26.250 LOG 3: float_fields 
2026-04-09 18:12:26.300 LOG 3: field 1.0 1.0
2026-04-09 18:12:26.350 LOG 3: field 100.99 100.99
2026-04-09 18:12:26.400 LOG 3: field 1009.9 1009.9
2026-04-09 18:12:26.450 LOG 3: field 0.0 0.0
2026-04-09 18:12:26.500 LOG 3: field 12.44 12.44
2026-04-09 18:12:26.550 LOG 3: field 28.88 28.88
2026-04-09 18:12:26.600 LOG 3: field 0.0 0.0
2026-04-09 18:12:26.650 LOG 3: field 0.0 0.0
2026-04-09 18:12:26.700 LOG 3: field 0.0 0.0
2026-04-09 18:12:26.750 LOG 3: field 0.0 0.0
2026-04-09 18:12:26.800 LOG 3: field 0.0 0.0
2026-04-09 18:12:26.850 LOG 3: field 0.0 0.0
2026-04-09 18:12:26.900 LOG 3: field 0 0
2026-04-09 18:12:26.950 LOG 3: field 0.0 0.0
2026-04-09 18:12:26.000 LOG 3: field 0.0 0.0
2026-04-09 18:12:26.050 LOG 3: field 0 0
2026-04-09 18:12:26.100 LOG 3: field -1 -1
2026-04-09 18:12:26.150 LOG 3: field -1 -1
2026-04-09 18:12:26.200 LOG 3: field 0 0
2026-04-09 18:12:26.250 LOG 3: field 0.0 0.0
2026-04-09 18:12:26.300 LOG 3: field 0.0 0.0
2026-04-09 18:12:26.350 LOG 3: int_fields 
2026-04-09 18:12:26.400 LOG 3: field 77947788055 77947788055
2026-04-09 18:12:26.450 LOG 3: field 77947788055 77947788055
2026-04-09 18:12:26.500 LOG 3: field 1162788 1162788
2026-04-09 18:12:26.550 LOG 3: field 0 0
2026-04-09 18:12:26.600 LOG 3: field 0 0
2026-04-09 18:12:26.650 LOG 3: field 9180730 9180730
2026-04-09 18:12:26.700 LOG 3: field 25 25
2026-04-09 18:12:26.750 LOG 3: field 0 0
2026-04-09 18:12:26.800 LOG 3: field 1 1
2026-04-09 18:12:26.850 LOG 3: field 0 0
2026-04-09 18:12:26.900 LOG 3: field 0 0
2026-04-09 18:12:26.950 LOG 3: field 0 0
2026-04-09 18:12:26.000 LOG 3: field 0 0
2026-04-09 18:12:26.050 LOG 3: field 0 0
2026-04-09 18:12:26.100 LOG 3: field 1 1
2026-04-09 18:12:26.150 LOG 3: field 1 1
2026-04-09 18:12:26.200 LOG 3: field 1 1
2026-04-09 18:12:26.250 LOG 3: field 0 0
2026-04-09 18:12:26.300 LOG 3: field -1 -1
2026-04-09 18:12:26.350 LOG 3: field 0 0
2026-04-09 18:12:26.400 LOG 3: field 0 0
2026-04-09 18:12:26.450 LOG 3: field 0 0
2026-04-09 18:12:26.500 LOG 3: field 0 0
2026-04-09 18:12:26.550 LOG 3: field 0 0
2026-04-09 18:12:26.600 LOG 3: field 0 0
2026-04-09 18:12:26.650 LOG 3: field 0 0
2026-04-09 18:12:26.700 LOG 3: field 0 0
2026-04-09 18:12:26.750 LOG 3: field 0 0
2026-04-09 18:12:26.800 LOG 3: field 0 0
2026-04-09 18:12:26.850 LOG 3: field 0 0
2026-04-09 18:12:26.900 LOG 3: field 0 0
2026-04-09 18:12:26.950 LOG 3: field 20260410 20260410
2026-04-09 18:12:26.000 LOG 3: field 0 0
2026-04-09 18:12:26.050 LOG 3: field 0 0
2026-04-09 18:12:26.100 LOG 3: float_fields 
2026-04-09 18:12:26.150 LOG 3: field 1.0 1.0
2026-04-09 18:12:26.200 LOG 3: field 102.9 102.9
2026-04-09 18:12:26.250 LOG 3: field 1029.0 1029.0
2026-04-09 18:12:26.300 LOG 3: field 0.0 0.0
2026-04-09 18:12:26.350 LOG 3: field 15.1 15.1
2026-04-09 18:12:26.400 LOG 3: field 65.67 65.67
2026-04-09 18:12:26.450 LOG 3: field 0.0 0.0
2026-04-09 18:12:26.500 LOG 3: field 0.0 0.0
2026-04-09 18:12:26.550 LOG 3: field 0.0 0.0
2026-04-09 18:12:26.600 LOG 3: field 0.0 0.0
2026-04-09 18:12:26.650 LOG 3: field 0.0 0.0
2026-04-09 18:12:26.700 LOG 3: field 0.0 0.0
2026-04-09 18:12:26.750 LOG 3: field 0 0
2026-04-09 18:12:26.800 LOG 3: field 0.0 0.0
2026-04-09 18:12:26.850 LOG 3: field 0.0 0.0
2026-04-09 18:12:26.900 LOG 3: field 0 0
2026-04-09 18:12:26.950 LOG 3: field -1 -1
2026-04-09 18:12:26.000 LOG 3: field -1 -1
2026-04-09 18:12:26.050 LOG 3: field 0 0
2026-04-09 18:12:26.100 LOG 3: field 0.0 0.0
2026-04-09 18:12:26.150 LOG 3: field 0.0 0.0
2026-04-09 18:12:26.200 LOG 3: int_fields 
2026-04-09 18:12:26.250 LOG 3: field 77947793758 77947793758
2026-04-09 18:12:26.300 LOG 3: field 77947793758 77947793758
2026-04-09 18:12:26.350 LOG 3: field 1162788 1162788
2026-04-09 18:12:26.400 LOG 3: field 0 0
2026-04-09 18:12:26.450 LOG 3: field 0 0
2026-04-09 18:12:26.500 LOG 3: field 9180731 9180731
2026-04-09 18:12:26.550 LOG 3: field 25 25
2026-04-09 18:12:26.600 LOG 3: field 0 0
2026-04-09 18:12:26.650 LOG 3: field 1 1
2026-04-09 18:12:26.700 LOG 3: field 0 0
2026-04-09 18:12:26.750 LOG 3: field 0 0
2026-04-09 18:12:26.800 LOG 3: field 0 0
2026-04-09 18:12:26.850 LOG 3: field 0 0
2026-04-09 18:12:26.900 LOG 3: field 0 0
2026-04-09 18:12:26.950 LOG 3: field 1 1
2026-04-09 18:12:26.000 LOG 3: field 1 1
2026-04-09 18:12:26.050 LOG 3: field 1 1
2026-04-09 18:12:26.100 LOG 3: field 0 0
2026-04-09 18:12:26.150 LOG 3: field -1 -1
2026-04-09 18:12:26.200 LOG 3: field 0 0
2026-04-09 18:12:26.250 LOG 3: field 0 0
2026-04-09 18:12:26.300 LOG 3: field 0 0
2026-04-09 18:12:26.350 LOG 3: field 0 0
2026-04-09 18:12:26.400 LOG 3: field 0 0
2026-04-09 18:12:26.450 LOG 3: field 0 0
2026-04-09 18:12:26.500 LOG 3: field 0 0
2026-04-09 18:12:26.550 LOG 3: field 0 0
2026-04-09 18:12:26.600 LOG 3: field 0 0
2026-04-09 18:12:26.650 LOG 3: field 0 0
2026-04-09 18:12:26.700 LOG 3: field 0 0
2026-04-09 18:12:26.750 LOG 3: field 0 0
2026-04-09 18:12:26.800 LOG 3: field 20260410 20260410
2026-04-09 18:12:26.850 LOG 3: field 0 0
2026-04-09 18:12:26.900 LOG 3: field 0 0
2026-04-09 18:12:26.950 LOG 3: float_fields 
2026-04-09 18:12:26.000 LOG 3: field 1.0 1.0
2026-04-09 18:12:26.050 LOG 3: field 105.89 105.89
2026-04-09 18:12:26.100 LOG 3: field 1058.9 1058.9
2026-04-09 18:12:26.150 LOG 3: field 0.0 0.0
2026-04-09 18:12:26.200 LOG 3: field 15.03 15.03
2026-04-09 18:12:26.250 LOG 3: field 8.43 8.43
2026-04-09 18:12:26.300 LOG 3: field 0.0 0.0
2026-04-09 18:12:26.350 LOG 3: field 0.0 0.0
2026-04-09 18:12:26.400 LOG 3: field 0.0 0.0
2026-04-09 18:12:26.450 LOG 3: field 0.0 0.0
2026-04-09 18:12:26.500 LOG 3: field 0.0 0.0
2026-04-09 18:12:26.550 LOG 3: field 0.0 0.0
2026-04-09 18:12:26.600 LOG 3: field 0 0
2026-04-09 18:12:26.650 LOG 3: field 0.0 0.0
2026-04-09 18:12:26.700 LOG 3: field 0.0 0.0
2026-04-09 18:12:26.750 LOG 3: field 0 0
2026-04-09 18:12:26.800 LOG 3: field -1 -1
2026-04-09 18:12:26.850 LOG 3: field -1 -1
2026-04-09 18:12:26.900 LOG 3: field 0 0
2026-04-09 18:12:26.950 LOG 3: field 0.0 0.0
2026-04-09 18:12:26.000 LOG 3: field 0.0 0.0
2026-04-09 18:12:26.150 LOG 3: int_fields 
2026-04-09 18:12:26.200 LOG 3: field 77924509061 77924509061
2026-04-09 18:12:26.250 LOG 3: field 77924509061 77924509061
2026-04-09 18:12:26.300 LOG 3: field 1162788 1162788
2026-04-09 18:12:26.350 LOG 3: field 1162788 1162788
2026-04-09 18:12:26.400 LOG 3: field 0 0
2026-04-09 18:12:26.450 LOG 3: field 0 0
2026-04-09 18:12:26.500 LOG 3: field 26 26
2026-04-09 18:12:26.550 LOG 3: field 0 0
2026-04-09 18:12:26.600 LOG 3: field 1 1
2026-04-09 18:12:26.650 LOG 3: field 0 0
2026-04-09 18:12:26.700 LOG 3: field 0 0
2026-04-09 18:12:26.750 LOG 3: field 0 0
2026-04-09 18:12:26.800 LOG 3: field 0 0
2026-04-09 18:12:26.850 LOG 3: field 0 0
2026-04-09 18:12:26.900 LOG 3: field 1 1
2026-04-09 18:12:26.950 LOG 3: field 1 1
2026-04-09 18:12:26.000 LOG 3: field 1 1
2026-04-09 18:12:26.050 LOG 3: field 0 0
2026-04-09 18:12:26.100 LOG 3: field -1 -1
2026-04-09 18:12:26.150 LOG 3: field 0 0
2026-04-09 18:12:26.200 LOG 3: field 0 0
2026-04-09 18:12:26.250 LOG 3: field 0 0
2026-04-09 18:12:26.300 LOG 3: field 0 0
2026-04-09 18:12:26.350 LOG 3: field 0 0
2026-04-09 18:12:26.400 LOG 3: field 0 0
2026-04-09 18:12:26.450 LOG 3: field 0 0
2026-04-09 18:12:26.500 LOG 3: field 0 0
2026-04-09 18:12:26.550 LOG 3: field 0 0
2026-04-09 18:12:26.600 LOG 3: field 0 0
2026-04-09 18:12:26.650 LOG 3: field 0 0
2026-04-09 18:12:26.700 LOG 3: field 0 0
2026-04-09 18:12:26.750 LOG 3: field 20260410 20260410
2026-04-09 18:12:26.800 LOG 3: field 0 0
2026-04-09 18:12:26.850 LOG 3: field 0 0
2026-04-09 18:12:26.900 LOG 3: float_fields 
2026-04-09 18:12:26.950 LOG 3: field 1.0 1.0
2026-04-09 18:12:26.000 LOG 3: field 98.67 98.67
2026-04-09 18:12:26.050 LOG 3: field 986.7 986.7
2026-04-09 18:12:26.100 LOG 3: field 0.0 0.0
2026-04-09 18:12:26.150 LOG 3: field 14.95 14.95
2026-04-09 18:12:26.200 LOG 3: field 14.47 14.47
2026-04-09 18:12:26.250 LOG 3: field 0.0 0.0
2026-04-09 18:12:26.300 LOG 3: field 0.0 0.0
2026-04-09 18:12:26.350 LOG 3: field 0.0 0.0
2026-04-09 18:12:26.400 LOG 3: field 0.0 0.0
2026-04-09 18:12:26.450 LOG 3: field 0.0 0.0
2026-04-09 18:12:26.500 LOG 3: field 0.0 0.0
2026-04-09 18:12:26.550 LOG 3: field 0 0
2026-04-09 18:12:26.600 LOG 3: field 0.0 0.0
2026-04-09 18:12:26.650 LOG 3: field 0.0 0.0
2026-04-09 18:12:26.700 LOG 3: field 0 0
2026-04-09 18:12:26.750 LOG 3: field -1 -1
2026-04-09 18:12:26.800 LOG 3: field -1 -1
2026-04-09 18:12:26.850 LOG 3: field 0 0
2026-04-09 18:12:26.900 LOG 3: field 0.0 0.0
2026-04-09 18:12:26.950 LOG 3: field 0.0 0.0
2026-04-09 18:12:26.000 LOG 3: int_fields 
2026-04-09 18:12:26.050 LOG 3: field 77924527921 77924527921
2026-04-09 18:12:26.100 LOG 3: field 77924527921 77924527921
2026-04-09 18:12:26.150 LOG 3: field 1162788 1162788
2026-04-09 18:12:26.200 LOG 3: field 0 0
2026-04-09 18:12:26.250 LOG 3: field 0 0
2026-04-09 18:12:26.300 LOG 3: field 0 0
2026-04-09 18:12:26.350 LOG 3: field 25 25
2026-04-09 18:12:26.400 LOG 3: field 0 0
2026-04-09 18:12:26.450 LOG 3: field 1 1
2026-04-09 18:12:26.500 LOG 3: field 0 0
2026-04-09 18:12:26.550 LOG 3: field 0 0
2026-04-09 18:12:26.600 LOG 3: field 0 0
2026-04-09 18:12:26.650 LOG 3: field 0 0
2026-04-09 18:12:26.700 LOG 3: field 0 0
2026-04-09 18:12:26.750 LOG 3: field 1 1
2026-04-09 18:12:26.800 LOG 3: field 1 1
2026-04-09 18:12:26.850 LOG 3: field 1 1
2026-04-09 18:12:26.900 LOG 3: field 0 0
2026-04-09 18:12:26.950 LOG 3: field -1 -1
2026-04-09 18:12:26.000 LOG 3: field 0 0
2026-04-09 18:12:26.050 LOG 3: field 0 0
2026-04-09 18:12:26.100 LOG 3: field 0 0
2026-04-09 18:12:26.150 LOG 3: field 0 0
2026-04-09 18:12:26.200 LOG 3: field 0 0
2026-04-09 18:12:26.250 LOG 3: field 0 0
2026-04-09 18:12:26.300 LOG 3: field 0 0
2026-04-09 18:12:26.350 LOG 3: field 0 0
2026-04-09 18:12:26.400 LOG 3: field 0 0
2026-04-09 18:12:26.450 LOG 3: field 0 0
2026-04-09 18:12:26.500 LOG 3: field 0 0
2026-04-09 18:12:26.550 LOG 3: field 0 0
2026-04-09 18:12:26.600 LOG 3: field 20260410 20260410
2026-04-09 18:12:26.650 LOG 3: field 0 0
2026-04-09 18:12:26.700 LOG 3: field 0 0
2026-04-09 18:12:26.750 LOG 3: float_fields 
2026-04-09 18:12:26.800 LOG 3: field 1.0 1.0
2026-04-09 18:12:26.850 LOG 3: field 98.67 98.67
2026-04-09 18:12:26.900 LOG 3: field 986.7 986.7
2026-04-09 18:12:26.950 LOG 3: field 0.0 0.0
2026-04-09 18:12:26.000 LOG 3: field 14.95 14.95
2026-04-09 18:12:26.050 LOG 3: field 14.47 14.47
2026-04-09 18:12:26.100 LOG 3: field 0.0 0.0
2026-04-09 18:12:26.150 LOG 3: field 0.0 0.0
2026-04-09 18:12:26.200 LOG 3: field 0.0 0.0
2026-04-09 18:12:26.250 LOG 3: field 0.0 0.0
2026-04-09 18:12:26.300 LOG 3: field 0.0 0.0
2026-04-09 18:12:26.350 LOG 3: field 0.0 0.0
2026-04-09 18:12:26.400 LOG 3: field 0 0
2026-04-09 18:12:26.450 LOG 3: field 0.0 0.0
2026-04-09 18:12:26.500 LOG 3: field 0.0 0.0
2026-04-09 18:12:26.550 LOG 3: field 0 0
2026-04-09 18:12:26.600 LOG 3: field -1 -1
2026-04-09 18:12:26.650 LOG 3: field -1 -1
2026-04-09 18:12:26.700 LOG 3: field 0 0
2026-04-09 18:12:26.750 LOG 3: field 0.0 0.0
2026-04-09 18:12:26.800 LOG 3: field 0.0 0.0
2026-04-09 18:12:26.850 LOG 3: int_fields 
2026-04-09 18:12:26.900 LOG 3: field 77947783631 77947783631
2026-04-09 18:12:26.950 LOG 3: field 77947783631 77947783631
2026-04-09 18:12:26.000 LOG 3: field 1162788 1162788
2026-04-09 18:12:26.050 LOG 3: field 0 0
2026-04-09 18:12:26.100 LOG 3: field 0 0
2026-04-09 18:12:26.150 LOG 3: field 9180729 9180729
2026-04-09 18:12:26.200 LOG 3: field 25 25
2026-04-09 18:12:26.250 LOG 3: field 0 0
2026-04-09 18:12:26.300 LOG 3: field 1 1
2026-04-09 18:12:26.350 LOG 3: field 0 0
2026-04-09 18:12:26.400 LOG 3: field 0 0
2026-04-09 18:12:26.450 LOG 3: field 0 0
2026-04-09 18:12:26.500 LOG 3: field 0 0
2026-04-09 18:12:26.550 LOG 3: field 0 0
2026-04-09 18:12:26.600 LOG 3: field 1 1
2026-04-09 18:12:26.650 LOG 3: field 1 1
2026-04-09 18:12:26.700 LOG 3: field 1 1
2026-04-09 18:12:26.750 LOG 3: field 0 0
2026-04-09 18:12:26.800 LOG 3: field -1 -1
2026-04-09 18:12:26.850 LOG 3: field 0 0
2026-04-09 18:12:26.900 LOG 3: field 0 0
2026-04-09 18:12:26.950 LOG 3: field 0 0
2026-04-09 18:12:26.000 LOG 3: field 0 0
2026-04-09 18:12:26.050 LOG 3: field 0 0
2026-04-09 18:12:26.100 LOG 3: field 0 0
2026-04-09 18:12:26.150 LOG 3: field 0 0
2026-04-09 18:12:26.200 LOG 3: field 0 0
2026-04-09 18:12:26.250 LOG 3: field 0 0
2026-04-09 18:12:26.300 LOG 3: field 0 0
2026-04-09 18:12:26.350 LOG 3: field 0 0
2026-04-09 18:12:26.400 LOG 3: field 0 0
2026-04-09 18:12:26.450 LOG 3: field 20260410 20260410
2026-04-09 18:12:26.500 LOG 3: field 0 0
2026-04-09 18:12:26.550 LOG 3: field 0 0
2026-04-09 18:12:26.600 LOG 3: float_fields 
2026-04-09 18:12:26.650 LOG 3: field 1.0 1.0
2026-04-09 18:12:26.700 LOG 3: field 100.99 100.99
2026-04-09 18:12:26.750 LOG 3: field 1009.9 1009.9
2026-04-09 18:12:26.800 LOG 3: field 0.0 0.0
2026-04-09 18:12:26.850 LOG 3: field 12.44 12.44
2026-04-09 18:12:26.900 LOG 3: field 28.88 28.88
2026-04-09 18:12:26.950 LOG 3: field 0.0 0.0
2026-04-09 18:12:26.000 LOG 3: field 0.0 0.0
2026-04-09 18:12:26.050 LOG 3: field 0.0 0.0
2026-04-09 18:12:26.100 LOG 3: field 0.0 0.0
2026-04-09 18:12:26.150 LOG 3: field 0.0 0.0
2026-04-09 18:12:26.200 LOG 3: field 0.0 0.0
2026-04-09 18:12:26.250 LOG 3: field 0 0
2026-04-09 18:12:26.300 LOG 3: field 0.0 0.0
2026-04-09 18:12:26.350 LOG 3: field 0.0 0.0
2026-04-09 18:12:26.400 LOG 3: field 0 0
2026-04-09 18:12:26.450 LOG 3: field -1 -1
2026-04-09 18:12:26.500 LOG 3: field -1 -1
2026-04-09 18:12:26.550 LOG 3: field 0 0
2026-04-09 18:12:26.600 LOG 3: field 0.0 0.0
2026-04-09 18:12:26.650 LOG 3: field 0.0 0.0
2026-04-09 18:12:26.700 LOG 3: int_fields 
2026-04-09 18:12:26.750 LOG 3: field 77947788055 77947788055
2026-04-09 18:12:26.800 LOG 3: field 77947788055 77947788055
2026-04-09 18:12:26.850 LOG 3: field 1162788 1162788
2026-04-09 18:12:26.900 LOG 3: field 0 0
2026-04-09 18:12:26.950 LOG 3: field 0 0
2026-04-09 18:12:26.000 LOG 3: field 9180730 9180730
2026-04-09 18:12:26.050 LOG 3: field 25 25
2026-04-09 18:12:26.100 LOG 3: field 0 0
2026-04-09 18:12:26.150 LOG 3: field 1 1
2026-04-09 18:12:26.200 LOG 3: field 0 0
2026-04-09 18:12:26.250 LOG 3: field 0 0
2026-04-09 18:12:26.300 LOG 3: field 0 0
2026-04-09 18:12:26.350 LOG 3: field 0 0
2026-04-09 18:12:26.400 LOG 3: field 0 0
2026-04-09 18:12:26.450 LOG 3: field 1 1
2026-04-09 18:12:26.500 LOG 3: field 1 1
2026-04-09 18:12:26.550 LOG 3: field 1 1
2026-04-09 18:12:26.600 LOG 3: field 0 0
2026-04-09 18:12:26.650 LOG 3: field -1 -1
2026-04-09 18:12:26.700 LOG 3: field 0 0
2026-04-09 18:12:26.750 LOG 3: field 0 0
2026-04-09 18:12:26.800 LOG 3: field 0 0
2026-04-09 18:12:26.850 LOG 3: field 0 0
2026-04-09 18:12:26.900 LOG 3: field 0 0
2026-04-09 18:12:26.950 LOG 3: field 0 0
2026-04-09 18:12:26.000 LOG 3: field 0 0
2026-04-09 18:12:26.050 LOG 3: field 0 0
2026-04-09 18:12:26.100 LOG 3: field 0 0
2026-04-09 18:12:26.150 LOG 3: field 0 0
2026-04-09 18:12:26.200 LOG 3: field 0 0
2026-04-09 18:12:26.250 LOG 3: field 0 0
2026-04-09 18:12:26.300 LOG 3: field 20260410 20260410
2026-04-09 18:12:26.350 LOG 3: field 0 0
2026-04-09 18:12:26.400 LOG 3: field 0 0
2026-04-09 18:12:26.450 LOG 3: float_fields 
2026-04-09 18:12:26.500 LOG 3: field 1.0 1.0
2026-04-09 18:12:26.550 LOG 3: field 102.9 102.9
2026-04-09 18:12:26.600 LOG 3: field 1029.0 1029.0
2026-04-09 18:12:26.650 LOG 3: field 0.0 0.0
2026-04-09 18:12:26.700 LOG 3: field 15.1 15.1
2026-04-09 18:12:26.750 LOG 3: field 65.67 65.67
2026-04-09 18:12:26.800 LOG 3: field 0.0 0.0
2026-04-09 18:12:26.850 LOG 3: field 0.0 0.0
2026-04-09 18:12:26.900 LOG 3: field 0.0 0.0
2026-04-09 18:12:26.950 LOG 3: field 0.0 0.0
2026-04-09 18:12:26.000 LOG 3: field 0.0 0.0
2026-04-09 18:12:26.050 LOG 3: field 0.0 0.0
2026-04-09 18:12:26.100 LOG 3: field 0 0
2026-04-09 18:12:26.150 LOG 3: field 0.0 0.0
2026-04-09 18:12:26.200 LOG 3: field 0.0 0.0
2026-04-09 18:12:26.250 LOG 3: field 0 0
2026-04-09 18:12:26.300 LOG 3: field -1 -1
2026-04-09 18:12:26.350 LOG 3: field -1 -1
2026-04-09 18:12:26.400 LOG 3: field 0 0
2026-04-09 18:12:26.450 LOG 3: field 0.0 0.0
2026-04-09 18:12:26.500 LOG 3: field 0.0 0.0
2026-04-09 18:12:26.550 LOG 3: int_fields 
2026-04-09 18:12:26.600 LOG 3: field 77947793758 77947793758
2026-04-09 18:12:26.650 LOG 3: field 77947793758 77947793758
2026-04-09 18:12:26.700 LOG 3: field 1162788 1162788
2026-04-09 18:12:26.750 LOG 3: field 0 0
2026-04-09 18:12:26.800 LOG 3: field 0 0
2026-04-09 18:12:26.850 LOG 3: field 9180731 9180731
2026-04-09 18:12:26.900 LOG 3: field 25 25
2026-04-09 18:12:26.950 LOG 3: field 0 0
2026-04-09 18:12:26.000 LOG 3: field 1 1
2026-04-09 18:12:26.050 LOG 3: field 0 0
2026-04-09 18:12:26.100 LOG 3: field 0 0
2026-04-09 18:12:26.150 LOG 3: field 0 0
2026-04-09 18:12:26.200 LOG 3: field 0 0
2026-04-09 18:12:26.250 LOG 3: field 0 0
2026-04-09 18:12:26.300 LOG 3: field 1 1
2026-04-09 18:12:26.350 LOG 3: field 1 1
2026-04-09 18:12:26.400 LOG 3: field 1 1
2026-04-09 18:12:26.450 LOG 3: field 0 0
2026-04-09 18:12:26.500 LOG 3: field -1 -1
2026-04-09 18:12:26.550 LOG 3: field 0 0
2026-04-09 18:12:26.600 LOG 3: field 0 0
2026-04-09 18:12:26.650 LOG 3: field 0 0
2026-04-09 18:12:26.700 LOG 3: field 0 0
2026-04-09 18:12:26.750 LOG 3: field 0 0
2026-04-09 18:12:26.800 LOG 3: field 0 0
2026-04-09 18:12:26.850 LOG 3: field 0 0
2026-04-09 18:12:26.900 LOG 3: field 0 0
2026-04-09 18:12:26.950 LOG 3: field 0 0
2026-04-09 18:12:26.000 LOG 3: field 0 0
2026-04-09 18:12:26.050 LOG 3: field 0 0
2026-04-09 18:12:26.100 LOG 3: field 0 0
2026-04-09 18:12:26.150 LOG 3: field 20260410 20260410
2026-04-09 18:12:26.200 LOG 3: field 0 0
2026-04-09 18:12:26.250 LOG 3: field 0 0
2026-04-09 18:12:26.300 LOG 3: float_fields 
2026-04-09 18:12:26.350 LOG 3: field 1.0 1.0
2026-04-09 18:12:26.400 LOG 3: field 105.89 105.89
2026-04-09 18:12:26.450 LOG 3: field 1058.9 1058.9
2026-04-09 18:12:26.500 LOG 3: field 0.0 0.0
2026-04-09 18:12:26.550 LOG 3: field 15.03 15.03
2026-04-09 18:12:26.600 LOG 3: field 8.43 8.43
2026-04-09 18:12:26.650 LOG 3: field 0.0 0.0
2026-04-09 18:12:26.700 LOG 3: field 0.0 0.0
2026-04-09 18:12:26.750 LOG 3: field 0.0 0.0
2026-04-09 18:12:26.800 LOG 3: field 0.0 0.0
2026-04-09 18:12:26.850 LOG 3: field 0.0 0.0
2026-04-09 18:12:26.900 LOG 3: field 0.0 0.0
2026-04-09 18:12:26.950 LOG 3: field 0 0
2026-04-09 18:12:26.000 LOG 3: field 0.0 0.0
2026-04-09 18:12:26.050 LOG 3: field 0.0 0.0
2026-04-09 18:12:26.100 LOG 3: field 0 0
2026-04-09 18:12:26.150 LOG 3: field -1 -1
2026-04-09 18:12:26.200 LOG 3: field -1 -1
2026-04-09 18:12:26.250 LOG 3: field 0 0
2026-04-09 18:12:26.300 LOG 3: field 0.0 0.0
2026-04-09 18:12:26.350 LOG 3: field 0.0 0.0
2026-04-09 18:12:36.600 LOG 3: int_fields 
2026-04-09 18:12:36.650 LOG 3: field 77924509061 77924509061
2026-04-09 18:12:36.700 LOG 3: field 77924509061 77924509061
2026-04-09 18:12:36.750 LOG 3: field 1162788 1162788
2026-04-09 18:12:36.800 LOG 3: field 1162788 1162788
2026-04-09 18:12:36.850 LOG 3: field 0 0
2026-04-09 18:12:36.900 LOG 3: field 0 0
2026-04-09 18:12:36.950 LOG 3: field 26 26
2026-04-09 18:12:36.000 LOG 3: field 0 0
2026-04-09 18:12:36.050 LOG 3: field 1 1
2026-04-09 18:12:36.100 LOG 3: field 0 0
2026-04-09 18:12:36.150 LOG 3: field 0 0
2026-04-09 18:12:36.200 LOG 3: field 0 0
2026-04-09 18:12:36.250 LOG 3: field 0 0
2026-04-09 18:12:36.300 LOG 3: field 0 0
2026-04-09 18:12:36.350 LOG 3: field 1 1
2026-04-09 18:12:36.400 LOG 3: field 1 1
2026-04-09 18:12:36.450 LOG 3: field 1 1
2026-04-09 18:12:36.500 LOG 3: field 0 0
2026-04-09 18:12:36.550 LOG 3: field -1 -1
2026-04-09 18:12:36.600 LOG 3: field 0 0
2026-04-09 18:12:36.650 LOG 3: field 0 0
2026-04-09 18:12:36.700 LOG 3: field 0 0
2026-04-09 18:12:36.750 LOG 3: field 0 0
2026-04-09 18:12:36.800 LOG 3: field 0 0
2026-04-09 18:12:36.850 LOG 3: field 0 0
2026-04-09 18:12:36.900 LOG 3: field 0 0
2026-04-09 18:12:36.950 LOG 3: field 0 0
2026-04-09 18:12:36.000 LOG 3: field 0 0
2026-04-09 18:12:36.050 LOG 3: field 0 0
2026-04-09 18:12:36.100 LOG 3: field 0 0
2026-04-09 18:12:36.150 LOG 3: field 0 0
2026-04-09 18:12:36.200 LOG 3: field 20260410 20260410
2026-04-09 18:12:36.250 LOG 3: field 0 0
2026-04-09 18:12:36.300 LOG 3: field 0 0
2026-04-09 18:12:36.350 LOG 3: float_fields 
2026-04-09 18:12:36.400 LOG 3: field 1.0 1.0
2026-04-09 18:12:36.450 LOG 3: field 98.67 98.67
2026-04-09 18:12:36.500 LOG 3: field 986.7 986.7
2026-04-09 18:12:36.550 LOG 3: field 0.0 0.0
2026-04-09 18:12:36.600 LOG 3: field 14.95 14.95
2026-04-09 18:12:36.650 LOG 3: field 14.47 14.47
2026-04-09 18:12:36.700 LOG 3: field 0.0 0.0
2026-04-09 18:12:36.750 LOG 3: field 0.0 0.0
2026-04-09 18:12:36.800 LOG 3: field 0.0 0.0
2026-04-09 18:12:36.850 LOG 3: field 0.0 0.0
2026-04-09 18:12:36.900 LOG 3: field 0.0 0.0
2026-04-09 18:12:36.950 LOG 3: field 0.0 0.0
2026-04-09 18:12:36.000 LOG 3: field 0 0
2026-04-09 18:12:36.050 LOG 3: field 0.0 0.0
2026-04-09 18:12:36.100 LOG 3: field 0.0 0.0
2026-04-09 18:12:36.150 LOG 3: field 0 0
2026-04-09 18:12:36.200 LOG 3: field -1 -1
2026-04-09 18:12:36.250 LOG 3: field -1 -1
2026-04-09 18:12:36.300 LOG 3: field 0 0
2026-04-09 18:12:36.350 LOG 3: field 0.0 0.0
2026-04-09 18:12:36.400 LOG 3: field 0.0 0.0
2026-04-09 18:12:36.450 LOG 3: int_fields 
2026-04-09 18:12:36.500 LOG 3: field 77924527921 77924527921
2026-04-09 18:12:36.550 LOG 3: field 77924527921 77924527921
2026-04-09 18:12:36.600 LOG 3: field 1162788 1162788
2026-04-09 18:12:36.650 LOG 3: field 0 0
2026-04-09 18:12:36.700 LOG 3: field 0 0
2026-04-09 18:12:36.750 LOG 3: field 0 0
2026-04-09 18:12:36.800 LOG 3: field 25 25
2026-04-09 18:12:36.850 LOG 3: field 0 0
2026-04-09 18:12:36.900 LOG 3: field 1 1
2026-04-09 18:12:36.950 LOG 3: field 0 0
2026-04-09 18:12:36.000 LOG 3: field 0 0
2026-04-09 18:12:36.050 LOG 3: field 0 0
2026-04-09 18:12:36.100 LOG 3: field 0 0
2026-04-09 18:12:36.150 LOG 3: field 0 0
2026-04-09 18:12:36.200 LOG 3: field 1 1
2026-04-09 18:12:36.250 LOG 3: field 1 1
2026-04-09 18:12:36.300 LOG 3: field 1 1
2026-04-09 18:12:36.350 LOG 3: field 0 0
2026-04-09 18:12:36.400 LOG 3: field -1 -1
2026-04-09 18:12:36.450 LOG 3: field 0 0
2026-04-09 18:12:36.500 LOG 3: field 0 0
2026-04-09 18:12:36.550 LOG 3: field 0 0
2026-04-09 18:12:36.600 LOG 3: field 0 0
2026-04-09 18:12:36.650 LOG 3: field 0 0
2026-04-09 18:12:36.700 LOG 3: field 0 0
2026-04-09 18:12:36.750 LOG 3: field 0 0
2026-04-09 18:12:36.800 LOG 3: field 0 0
2026-04-09 18:12:36.850 LOG 3: field 0 0
2026-04-09 18:12:36.900 LOG 3: field 0 0
2026-04-09 18:12:36.950 LOG 3: field 0 0
2026-04-09 18:12:36.000 LOG 3: field 0 0
2026-04-09 18:12:36.050 LOG 3: field 20260410 20260410
2026-04-09 18:12:36.100 LOG 3: field 0 0
2026-04-09 18:12:36.150 LOG 3: field 0 0
2026-04-09 18:12:36.200 LOG 3: float_fields 
2026-04-09 18:12:36.250 LOG 3: field 1.0 1.0
2026-04-09 18:12:36.300 LOG 3: field 98.67 98.67
2026-04-09 18:12:36.350 LOG 3: field 986.7 986.7
2026-04-09 18:12:36.400 LOG 3: field 0.0 0.0
2026-04-09 18:12:36.450 LOG 3: field 14.95 14.95
2026-04-09 18:12:36.500 LOG 3: field 14.47 14.47
2026-04-09 18:12:36.550 LOG 3: field 0.0 0.0
2026-04-09 18:12:36.600 LOG 3: field 0.0 0.0
2026-04-09 18:12:36.650 LOG 3: field 0.0 0.0
2026-04-09 18:12:36.700 LOG 3: field 0.0 0.0
2026-04-09 18:12:36.750 LOG 3: field 0.0 0.0
2026-04-09 18:12:36.800 LOG 3: field 0.0 0.0
2026-04-09 18:12:36.850 LOG 3: field 0 0
2026-04-09 18:12:36.900 LOG 3: field 0.0 0.0
2026-04-09 18:12:36.950 LOG 3: field 0.0 0.0
2026-04-09 18:12:36.000 LOG 3: field 0 0
2026-04-09 18:12:36.050 LOG 3: field -1 -1
2026-04-09 18:12:36.100 LOG 3: field -1 -1
2026-04-09 18:12:36.150 LOG 3: field 0 0
2026-04-09 18:12:36.200 LOG 3: field 0.0 0.0
2026-04-09 18:12:36.250 LOG 3: field 0.0 0.0
2026-04-09 18:12:36.300 LOG 3: int_fields 
2026-04-09 18:12:36.350 LOG 3: field 77947783631 77947783631
2026-04-09 18:12:36.400 LOG 3: field 77947783631 77947783631
2026-04-09 18:12:36.450 LOG 3: field 1162788 1162788
2026-04-09 18:12:36.500 LOG 3: field 0 0
2026-04-09 18:12:36.550 LOG 3: field 0 0
2026-04-09 18:12:36.600 LOG 3: field 9180729 9180729
2026-04-09 18:12:36.650 LOG 3: field 25 25
2026-04-09 18:12:36.700 LOG 3: field 0 0
2026-04-09 18:12:36.750 LOG 3: field 1 1
2026-04-09 18:12:36.800 LOG 3: field 0 0
2026-04-09 18:12:36.850 LOG 3: field 0 0
2026-04-09 18:12:36.900 LOG 3: field 0 0
2026-04-09 18:12:36.950 LOG 3: field 0 0
2026-04-09 18:12:36.000 LOG 3: field 0 0
2026-04-09 18:12:36.050 LOG 3: field 1 1
2026-04-09 18:12:36.100 LOG 3: field 1 1
2026-04-09 18:12:36.150 LOG 3: field 1 1
2026-04-09 18:12:36.200 LOG 3: field 0 0
2026-04-09 18:12:36.250 LOG 3: field -1 -1
2026-04-09 18:12:36.300 LOG 3: field 0 0
2026-04-09 18:12:36.350 LOG 3: field 0 0
2026-04-09 18:12:36.400 LOG 3: field 0 0
2026-04-09 18:12:36.450 LOG 3: field 0 0
2026-04-09 18:12:36.500 LOG 3: field 0 0
2026-04-09 18:12:36.550 LOG 3: field 0 0
2026-04-09 18:12:36.600 LOG 3: field 0 0
2026-04-09 18:12:36.650 LOG 3: field 0 0
2026-04-09 18:12:36.700 LOG 3: field 0 0
2026-04-09 18:12:36.750 LOG 3: field 0 0
2026-04-09 18:12:36.800 LOG 3: field 0 0
2026-04-09 18:12:36.850 LOG 3: field 0 0
2026-04-09 18:12:36.900 LOG 3: field 20260410 20260410
2026-04-09 18:12:36.950 LOG 3: field 0 0
2026-04-09 18:12:36.000 LOG 3: field 0 0
2026-04-09 18:12:36.050 LOG 3: float_fields 
2026-04-09 18:12:36.100 LOG 3: field 1.0 1.0
2026-04-09 18:12:36.150 LOG 3: field 100.99 100.99
2026-04-09 18:12:36.200 LOG 3: field 1009.9 1009.9
2026-04-09 18:12:36.250 LOG 3: field 0.0 0.0
2026-04-09 18:12:36.300 LOG 3: field 12.44 12.44
2026-04-09 18:12:36.350 LOG 3: field 28.88 28.88
2026-04-09 18:12:36.400 LOG 3: field 0.0 0.0
2026-04-09 18:12:36.450 LOG 3: field 0.0 0.0
2026-04-09 18:12:36.500 LOG 3: field 0.0 0.0
2026-04-09 18:12:36.550 LOG 3: field 0.0 0.0
2026-04-09 18:12:36.600 LOG 3: field 0.0 0.0
2026-04-09 18:12:36.650 LOG 3: field 0.0 0.0
2026-04-09 18:12:36.700 LOG 3: field 0 0
2026-04-09 18:12:36.750 LOG 3: field 0.0 0.0
2026-04-09 18:12:36.800 LOG 3: field 0.0 0.0
2026-04-09 18:12:36.850 LOG 3: field 0 0
2026-04-09 18:12:36.900 LOG 3: field -1 -1
2026-04-09 18:12:36.950 LOG 3: field -1 -1
2026-04-09 18:12:36.000 LOG 3: field 0 0
2026-04-09 18:12:36.050 LOG 3: field 0.0 0.0
2026-04-09 18:12:36.100 LOG 3: field 0.0 0.0
2026-04-09 18:12:36.150 LOG 3: int_fields 
2026-04-09 18:12:36.200 LOG 3: field 77947788055 77947788055
2026-04-09 18:12:36.250 LOG 3: field 77947788055 77947788055
2026-04-09 18:12:36.300 LOG 3: field 1162788 1162788
2026-04-09 18:12:36.350 LOG 3: field 0 0
2026-04-09 18:12:36.400 LOG 3: field 0 0
2026-04-09 18:12:36.450 LOG 3: field 9180730 9180730
2026-04-09 18:12:36.500 LOG 3: field 25 25
2026-04-09 18:12:36.550 LOG 3: field 0 0
2026-04-09 18:12:36.600 LOG 3: field 1 1
2026-04-09 18:12:36.650 LOG 3: field 0 0
2026-04-09 18:12:36.700 LOG 3: field 0 0
2026-04-09 18:12:36.750 LOG 3: field 0 0
2026-04-09 18:12:36.800 LOG 3: field 0 0
2026-04-09 18:12:36.850 LOG 3: field 0 0
2026-04-09 18:12:36.900 LOG 3: field 1 1
2026-04-09 18:12:36.950 LOG 3: field 1 1
2026-04-09 18:12:36.000 LOG 3: field 1 1
2026-04-09 18:12:36.050 LOG 3: field 0 0
2026-04-09 18:12:36.100 LOG 3: field -1 -1
2026-04-09 18:12:36.150 LOG 3: field 0 0
2026-04-09 18:12:36.200 LOG 3: field 0 0
2026-04-09 18:12:36.250 LOG 3: field 0 0
2026-04-09 18:12:36.300 LOG 3: field 0 0
2026-04-09 18:12:36.350 LOG 3: field 0 0
2026-04-09 18:12:36.400 LOG 3: field 0 0
2026-04-09 18:12:36.450 LOG 3: field 0 0
2026-04-09 18:12:36.500 LOG 3: field 0 0
2026-04-09 18:12:36.550 LOG 3: field 0 0
2026-04-09 18:12:36.600 LOG 3: field 0 0
2026-04-09 18:12:36.650 LOG 3: field 0 0
2026-04-09 18:12:36.700 LOG 3: field 0 0
2026-04-09 18:12:36.750 LOG 3: field 20260410 20260410
2026-04-09 18:12:36.800 LOG 3: field 0 0
2026-04-09 18:12:36.850 LOG 3: field 0 0
2026-04-09 18:12:36.900 LOG 3: float_fields 
2026-04-09 18:12:36.950 LOG 3: field 1.0 1.0
2026-04-09 18:12:36.000 LOG 3: field 102.9 102.9
2026-04-09 18:12:36.050 LOG 3: field 1029.0 1029.0
2026-04-09 18:12:36.100 LOG 3: field 0.0 0.0
2026-04-09 18:12:36.150 LOG 3: field 15.1 15.1
2026-04-09 18:12:36.200 LOG 3: field 65.67 65.67
2026-04-09 18:12:36.250 LOG 3: field 0.0 0.0
2026-04-09 18:12:36.300 LOG 3: field 0.0 0.0
2026-04-09 18:12:36.350 LOG 3: field 0.0 0.0
2026-04-09 18:12:36.400 LOG 3: field 0.0 0.0
2026-04-09 18:12:36.450 LOG 3: field 0.0 0.0
2026-04-09 18:12:36.500 LOG 3: field 0.0 0.0
2026-04-09 18:12:36.550 LOG 3: field 0 0
2026-04-09 18:12:36.600 LOG 3: field 0.0 0.0
2026-04-09 18:12:36.650 LOG 3: field 0.0 0.0
2026-04-09 18:12:36.700 LOG 3: field 0 0
2026-04-09 18:12:36.750 LOG 3: field -1 -1
2026-04-09 18:12:36.800 LOG 3: field -1 -1
2026-04-09 18:12:36.850 LOG 3: field 0 0
2026-04-09 18:12:36.900 LOG 3: field 0.0 0.0
2026-04-09 18:12:36.950 LOG 3: field 0.0 0.0
2026-04-09 18:12:36.000 LOG 3: int_fields 
2026-04-09 18:12:36.050 LOG 3: field 77947793758 77947793758
2026-04-09 18:12:36.100 LOG 3: field 77947793758 77947793758
2026-04-09 18:12:36.150 LOG 3: field 1162788 1162788
2026-04-09 18:12:36.200 LOG 3: field 0 0
2026-04-09 18:12:36.250 LOG 3: field 0 0
2026-04-09 18:12:36.300 LOG 3: field 9180731 9180731
2026-04-09 18:12:36.350 LOG 3: field 25 25
2026-04-09 18:12:36.400 LOG 3: field 0 0
2026-04-09 18:12:36.450 LOG 3: field 1 1
2026-04-09 18:12:36.500 LOG 3: field 0 0
2026-04-09 18:12:36.550 LOG 3: field 0 0
2026-04-09 18:12:36.600 LOG 3: field 0 0
2026-04-09 18:12:36.650 LOG 3: field 0 0
2026-04-09 18:12:36.700 LOG 3: field 0 0
2026-04-09 18:12:36.750 LOG 3: field 1 1
2026-04-09 18:12:36.800 LOG 3: field 1 1
2026-04-09 18:12:36.850 LOG 3: field 1 1
2026-04-09 18:12:36.900 LOG 3: field 0 0
2026-04-09 18:12:36.950 LOG 3: field -1 -1
2026-04-09 18:12:36.000 LOG 3: field 0 0
2026-04-09 18:12:36.050 LOG 3: field 0 0
2026-04-09 18:12:36.100 LOG 3: field 0 0
2026-04-09 18:12:36.150 LOG 3: field 0 0
2026-04-09 18:12:36.200 LOG 3: field 0 0
2026-04-09 18:12:36.250 LOG 3: field 0 0
2026-04-09 18:12:36.300 LOG 3: field 0 0
2026-04-09 18:12:36.350 LOG 3: field 0 0
2026-04-09 18:12:36.400 LOG 3: field 0 0
2026-04-09 18:12:36.450 LOG 3: field 0 0
2026-04-09 18:12:36.500 LOG 3: field 0 0
2026-04-09 18:12:36.550 LOG 3: field 0 0
2026-04-09 18:12:36.600 LOG 3: field 20260410 20260410
2026-04-09 18:12:36.650 LOG 3: field 0 0
2026-04-09 18:12:36.700 LOG 3: field 0 0
2026-04-09 18:12:36.750 LOG 3: float_fields 
2026-04-09 18:12:36.800 LOG 3: field 1.0 1.0
2026-04-09 18:12:36.850 LOG 3: field 105.89 105.89
2026-04-09 18:12:36.900 LOG 3: field 1058.9 1058.9
2026-04-09 18:12:36.950 LOG 3: field 0.0 0.0
2026-04-09 18:12:36.000 LOG 3: field 15.03 15.03
2026-04-09 18:12:36.050 LOG 3: field 8.43 8.43
2026-04-09 18:12:36.100 LOG 3: field 0.0 0.0
2026-04-09 18:12:36.150 LOG 3: field 0.0 0.0
2026-04-09 18:12:36.200 LOG 3: field 0.0 0.0
2026-04-09 18:12:36.250 LOG 3: field 0.0 0.0
2026-04-09 18:12:36.300 LOG 3: field 0.0 0.0
2026-04-09 18:12:36.350 LOG 3: field 0.0 0.0
2026-04-09 18:12:36.400 LOG 3: field 0 0
2026-04-09 18:12:36.450 LOG 3: field 0.0 0.0
2026-04-09 18:12:36.500 LOG 3: field 0.0 0.0
2026-04-09 18:12:36.550 LOG 3: field 0 0
2026-04-09 18:12:36.600 LOG 3: field -1 -1
2026-04-09 18:12:36.650 LOG 3: field -1 -1
2026-04-09 18:12:36.700 LOG 3: field 0 0
2026-04-09 18:12:36.750 LOG 3: field 0.0 0.0
2026-04-09 18:12:36.800 LOG 3: field 0.0 0.0
2026-04-09 18:12:36.000 LOG 3: int_fields 
2026-04-09 18:12:36.050 LOG 3: field 77924509061 77924509061
2026-04-09 18:12:36.100 LOG 3: field 77924509061 77924509061
2026-04-09 18:12:36.150 LOG 3: field 1162788 1162788
2026-04-09 18:12:36.200 LOG 3: field 1162788 1162788
2026-04-09 18:12:36.250 LOG 3: field 0 0
2026-04-09 18:12:36.300 LOG 3: field 0 0
2026-04-09 18:12:36.350 LOG 3: field 26 26
2026-04-09 18:12:36.400 LOG 3: field 0 0
2026-04-09 18:12:36.450 LOG 3: field 1 1
2026-04-09 18:12:36.500 LOG 3: field 0 0
2026-04-09 18:12:36.550 LOG 3: field 0 0
2026-04-09 18:12:36.600 LOG 3: field 0 0
2026-04-09 18:12:36.650 LOG 3: field 0 0
2026-04-09 18:12:36.700 LOG 3: field 0 0
2026-04-09 18:12:36.750 LOG 3: field 1 1
2026-04-09 18:12:36.800 LOG 3: field 1 1
2026-04-09 18:12:36.850 LOG 3: field 1 1
2026-04-09 18:12:36.900 LOG 3: field 0 0
2026-04-09 18:12:36.950 LOG 3: field -1 -1
2026-04-09 18:12:36.000 LOG 3: field 0 0
2026-04-09 18:12:36.050 LOG 3: field 0 0
2026-04-09 18:12:36.100 LOG 3: field 0 0
2026-04-09 18:12:36.150 LOG 3: field 0 0
2026-04-09 18:12:36.200 LOG 3: field 0 0
2026-04-09 18:12:36.250 LOG 3: field 0 0
2026-04-09 18:12:36.300 LOG 3: field 0 0
2026-04-09 18:12:36.350 LOG 3: field 0 0
2026-04-09 18:12:36.400 LOG 3: field 0 0
2026-04-09 18:12:36.450 LOG 3: field 0 0
2026-04-09 18:12:36.500 LOG 3: field 0 0
2026-04-09 18:12:36.550 LOG 3: field 0 0
2026-04-09 18:12:36.650 LOG 3: field 20260410 20260410
2026-04-09 18:12:36.700 LOG 3: field 0 0
2026-04-09 18:12:36.750 LOG 3: field 0 0
2026-04-09 18:12:36.800 LOG 3: float_fields 
2026-04-09 18:12:36.850 LOG 3: field 1.0 1.0
2026-04-09 18:12:36.900 LOG 3: field 98.67 98.67
2026-04-09 18:12:36.950 LOG 3: field 986.7 986.7
2026-04-09 18:12:36.000 LOG 3: field 0.0 0.0
2026-04-09 18:12:36.050 LOG 3: field 14.95 14.95
2026-04-09 18:12:36.100 LOG 3: field 14.47 14.47
2026-04-09 18:12:36.150 LOG 3: field 0.0 0.0
2026-04-09 18:12:36.200 LOG 3: field 0.0 0.0
2026-04-09 18:12:36.250 LOG 3: field 0.0 0.0
2026-04-09 18:12:36.300 LOG 3: field 0.0 0.0
2026-04-09 18:12:36.350 LOG 3: field 0.0 0.0
2026-04-09 18:12:36.400 LOG 3: field 0.0 0.0
2026-04-09 18:12:36.450 LOG 3: field 0 0
2026-04-09 18:12:36.500 LOG 3: field 0.0 0.0
2026-04-09 18:12:36.550 LOG 3: field 0.0 0.0
2026-04-09 18:12:36.600 LOG 3: field 0 0
2026-04-09 18:12:36.650 LOG 3: field -1 -1
2026-04-09 18:12:36.700 LOG 3: field -1 -1
2026-04-09 18:12:36.750 LOG 3: field 0 0
2026-04-09 18:12:36.800 LOG 3: field 0.0 0.0
2026-04-09 18:12:36.850 LOG 3: field 0.0 0.0
2026-04-09 18:12:36.900 LOG 3: int_fields 
2026-04-09 18:12:36.950 LOG 3: field 77924527921 77924527921
2026-04-09 18:12:36.000 LOG 3: field 77924527921 77924527921
2026-04-09 18:12:36.050 LOG 3: field 1162788 1162788
2026-04-09 18:12:36.100 LOG 3: field 0 0
2026-04-09 18:12:36.150 LOG 3: field 0 0
2026-04-09 18:12:36.200 LOG 3: field 0 0
2026-04-09 18:12:36.250 LOG 3: field 25 25
2026-04-09 18:12:36.300 LOG 3: field 0 0
2026-04-09 18:12:36.350 LOG 3: field 1 1
2026-04-09 18:12:36.400 LOG 3: field 0 0
2026-04-09 18:12:36.450 LOG 3: field 0 0
2026-04-09 18:12:36.500 LOG 3: field 0 0
2026-04-09 18:12:36.550 LOG 3: field 0 0
2026-04-09 18:12:36.600 LOG 3: field 0 0
2026-04-09 18:12:36.650 LOG 3: field 1 1
2026-04-09 18:12:36.700 LOG 3: field 1 1
2026-04-09 18:12:36.750 LOG 3: field 1 1
2026-04-09 18:12:36.800 LOG 3: field 0 0
2026-04-09 18:12:36.850 LOG 3: field -1 -1
2026-04-09 18:12:36.900 LOG 3: field 0 0
2026-04-09 18:12:36.950 LOG 3: field 0 0
2026-04-09 18:12:36.000 LOG 3: field 0 0
2026-04-09 18:12:36.050 LOG 3: field 0 0
2026-04-09 18:12:36.100 LOG 3: field 0 0
2026-04-09 18:12:36.150 LOG 3: field 0 0
2026-04-09 18:12:36.200 LOG 3: field 0 0
2026-04-09 18:12:36.250 LOG 3: field 0 0
2026-04-09 18:12:36.300 LOG 3: field 0 0
2026-04-09 18:12:36.350 LOG 3: field 0 0
2026-04-09 18:12:36.400 LOG 3: field 0 0
2026-04-09 18:12:36.450 LOG 3: field 0 0
2026-04-09 18:12:36.500 LOG 3: field 20260410 20260410
2026-04-09 18:12:36.550 LOG 3: field 0 0
2026-04-09 18:12:36.600 LOG 3: field 0 0
2026-04-09 18:12:36.650 LOG 3: float_fields 
2026-04-09 18:12:36.700 LOG 3: field 1.0 1.0
2026-04-09 18:12:36.750 LOG 3: field 98.67 98.67
2026-04-09 18:12:36.800 LOG 3: field 986.7 986.7
2026-04-09 18:12:36.850 LOG 3: field 0.0 0.0
2026-04-09 18:12:36.900 LOG 3: field 14.95 14.95
2026-04-09 18:12:36.950 LOG 3: field 14.47 14.47
2026-04-09 18:12:36.000 LOG 3: field 0.0 0.0
2026-04-09 18:12:36.050 LOG 3: field 0.0 0.0
2026-04-09 18:12:36.100 LOG 3: field 0.0 0.0
2026-04-09 18:12:36.150 LOG 3: field 0.0 0.0
2026-04-09 18:12:36.200 LOG 3: field 0.0 0.0
2026-04-09 18:12:36.250 LOG 3: field 0.0 0.0
2026-04-09 18:12:36.300 LOG 3: field 0 0
2026-04-09 18:12:36.350 LOG 3: field 0.0 0.0
2026-04-09 18:12:36.400 LOG 3: field 0.0 0.0
2026-04-09 18:12:36.450 LOG 3: field 0 0
2026-04-09 18:12:36.500 LOG 3: field -1 -1
2026-04-09 18:12:36.550 LOG 3: field -1 -1
2026-04-09 18:12:36.600 LOG 3: field 0 0
2026-04-09 18:12:36.650 LOG 3: field 0.0 0.0
2026-04-09 18:12:36.700 LOG 3: field 0.0 0.0
2026-04-09 18:12:36.750 LOG 3: int_fields 
2026-04-09 18:12:36.800 LOG 3: field 77947783631 77947783631
2026-04-09 18:12:36.850 LOG 3: field 77947783631 77947783631
2026-04-09 18:12:36.900 LOG 3: field 1162788 1162788
2026-04-09 18:12:36.950 LOG 3: field 0 0
2026-04-09 18:12:36.000 LOG 3: field 0 0
2026-04-09 18:12:36.050 LOG 3: field 9180729 9180729
2026-04-09 18:12:36.100 LOG 3: field 25 25
2026-04-09 18:12:36.150 LOG 3: field 0 0
2026-04-09 18:12:36.200 LOG 3: field 1 1
2026-04-09 18:12:36.250 LOG 3: field 0 0
2026-04-09 18:12:36.300 LOG 3: field 0 0
2026-04-09 18:12:36.350 LOG 3: field 0 0
2026-04-09 18:12:36.400 LOG 3: field 0 0
2026-04-09 18:12:36.450 LOG 3: field 0 0
2026-04-09 18:12:36.500 LOG 3: field 1 1
2026-04-09 18:12:36.550 LOG 3: field 1 1
2026-04-09 18:12:36.600 LOG 3: field 1 1
2026-04-09 18:12:36.650 LOG 3: field 0 0
2026-04-09 18:12:36.700 LOG 3: field -1 -1
2026-04-09 18:12:36.750 LOG 3: field 0 0
2026-04-09 18:12:36.800 LOG 3: field 0 0
2026-04-09 18:12:36.850 LOG 3: field 0 0
2026-04-09 18:12:36.900 LOG 3: field 0 0
2026-04-09 18:12:36.950 LOG 3: field 0 0
2026-04-09 18:12:36.000 LOG 3: field 0 0
2026-04-09 18:12:36.050 LOG 3: field 0 0
2026-04-09 18:12:36.100 LOG 3: field 0 0
2026-04-09 18:12:36.150 LOG 3: field 0 0
2026-04-09 18:12:36.200 LOG 3: field 0 0
2026-04-09 18:12:36.250 LOG 3: field 0 0
2026-04-09 18:12:36.300 LOG 3: field 0 0
2026-04-09 18:12:36.350 LOG 3: field 20260410 20260410
2026-04-09 18:12:36.400 LOG 3: field 0 0
2026-04-09 18:12:36.450 LOG 3: field 0 0
2026-04-09 18:12:36.500 LOG 3: float_fields 
2026-04-09 18:12:36.550 LOG 3: field 1.0 1.0
2026-04-09 18:12:36.600 LOG 3: field 100.99 100.99
2026-04-09 18:12:36.650 LOG 3: field 1009.9 1009.9
2026-04-09 18:12:36.700 LOG 3: field 0.0 0.0
2026-04-09 18:12:36.750 LOG 3: field 12.44 12.44
2026-04-09 18:12:36.800 LOG 3: field 28.88 28.88
2026-04-09 18:12:36.850 LOG 3: field 0.0 0.0
2026-04-09 18:12:36.900 LOG 3: field 0.0 0.0
2026-04-09 18:12:36.950 LOG 3: field 0.0 0.0
2026-04-09 18:12:36.000 LOG 3: field 0.0 0.0
2026-04-09 18:12:36.050 LOG 3: field 0.0 0.0
2026-04-09 18:12:36.100 LOG 3: field 0.0 0.0
2026-04-09 18:12:36.150 LOG 3: field 0 0
2026-04-09 18:12:36.200 LOG 3: field 0.0 0.0
2026-04-09 18:12:36.250 LOG 3: field 0.0 0.0
2026-04-09 18:12:36.300 LOG 3: field 0 0
2026-04-09 18:12:36.350 LOG 3: field -1 -1
2026-04-09 18:12:36.400 LOG 3: field -1 -1
2026-04-09 18:12:36.450 LOG 3: field 0 0
2026-04-09 18:12:36.500 LOG 3: field 0.0 0.0
2026-04-09 18:12:36.550 LOG 3: field 0.0 0.0
2026-04-09 18:12:36.600 LOG 3: int_fields 
2026-04-09 18:12:36.650 LOG 3: field 77947788055 77947788055
2026-04-09 18:12:36.700 LOG 3: field 77947788055 77947788055
2026-04-09 18:12:36.750 LOG 3: field 1162788 1162788
2026-04-09 18:12:36.800 LOG 3: field 0 0
2026-04-09 18:12:36.850 LOG 3: field 0 0
2026-04-09 18:12:36.900 LOG 3: field 9180730 9180730
2026-04-09 18:12:36.950 LOG 3: field 25 25
2026-04-09 18:12:36.000 LOG 3: field 0 0
2026-04-09 18:12:36.050 LOG 3: field 1 1
2026-04-09 18:12:36.100 LOG 3: field 0 0
2026-04-09 18:12:36.150 LOG 3: field 0 0
2026-04-09 18:12:36.200 LOG 3: field 0 0
2026-04-09 18:12:36.250 LOG 3: field 0 0
2026-04-09 18:12:36.300 LOG 3: field 0 0
2026-04-09 18:12:36.350 LOG 3: field 1 1
2026-04-09 18:12:36.400 LOG 3: field 1 1
2026-04-09 18:12:36.450 LOG 3: field 1 1
2026-04-09 18:12:36.500 LOG 3: field 0 0
2026-04-09 18:12:36.550 LOG 3: field -1 -1
2026-04-09 18:12:36.600 LOG 3: field 0 0
2026-04-09 18:12:36.650 LOG 3: field 0 0
2026-04-09 18:12:36.700 LOG 3: field 0 0
2026-04-09 18:12:36.750 LOG 3: field 0 0
2026-04-09 18:12:36.800 LOG 3: field 0 0
2026-04-09 18:12:36.850 LOG 3: field 0 0
2026-04-09 18:12:36.900 LOG 3: field 0 0
2026-04-09 18:12:36.950 LOG 3: field 0 0
2026-04-09 18:12:36.000 LOG 3: field 0 0
2026-04-09 18:12:36.050 LOG 3: field 0 0
2026-04-09 18:12:36.100 LOG 3: field 0 0
2026-04-09 18:12:36.150 LOG 3: field 0 0
2026-04-09 18:12:36.200 LOG 3: field 20260410 20260410
2026-04-09 18:12:36.250 LOG 3: field 0 0
2026-04-09 18:12:36.300 LOG 3: field 0 0
2026-04-09 18:12:36.350 LOG 3: float_fields 
2026-04-09 18:12:36.400 LOG 3: field 1.0 1.0
2026-04-09 18:12:36.450 LOG 3: field 102.9 102.9
2026-04-09 18:12:36.500 LOG 3: field 1029.0 1029.0
2026-04-09 18:12:36.550 LOG 3: field 0.0 0.0
2026-04-09 18:12:36.600 LOG 3: field 15.1 15.1
2026-04-09 18:12:36.650 LOG 3: field 65.67 65.67
2026-04-09 18:12:36.700 LOG 3: field 0.0 0.0
2026-04-09 18:12:36.750 LOG 3: field 0.0 0.0
2026-04-09 18:12:36.800 LOG 3: field 0.0 0.0
2026-04-09 18:12:36.850 LOG 3: field 0.0 0.0
2026-04-09 18:12:36.900 LOG 3: field 0.0 0.0
2026-04-09 18:12:36.950 LOG 3: field 0.0 0.0
2026-04-09 18:12:36.000 LOG 3: field 0 0
2026-04-09 18:12:36.050 LOG 3: field 0.0 0.0
2026-04-09 18:12:36.100 LOG 3: field 0.0 0.0
2026-04-09 18:12:36.150 LOG 3: field 0 0
2026-04-09 18:12:36.200 LOG 3: field -1 -1
2026-04-09 18:12:36.250 LOG 3: field -1 -1
2026-04-09 18:12:36.300 LOG 3: field 0 0
2026-04-09 18:12:36.350 LOG 3: field 0.0 0.0
2026-04-09 18:12:36.400 LOG 3: field 0.0 0.0
2026-04-09 18:12:36.450 LOG 3: int_fields 
2026-04-09 18:12:36.500 LOG 3: field 77947793758 77947793758
2026-04-09 18:12:36.550 LOG 3: field 77947793758 77947793758
2026-04-09 18:12:36.600 LOG 3: field 1162788 1162788
2026-04-09 18:12:36.650 LOG 3: field 0 0
2026-04-09 18:12:36.700 LOG 3: field 0 0
2026-04-09 18:12:36.750 LOG 3: field 9180731 9180731
2026-04-09 18:12:36.800 LOG 3: field 25 25
2026-04-09 18:12:36.850 LOG 3: field 0 0
2026-04-09 18:12:36.900 LOG 3: field 1 1
2026-04-09 18:12:36.950 LOG 3: field 0 0
2026-04-09 18:12:36.000 LOG 3: field 0 0
2026-04-09 18:12:36.050 LOG 3: field 0 0
2026-04-09 18:12:36.100 LOG 3: field 0 0
2026-04-09 18:12:36.150 LOG 3: field 0 0
2026-04-09 18:12:36.200 LOG 3: field 1 1
2026-04-09 18:12:36.250 LOG 3: field 1 1
2026-04-09 18:12:36.300 LOG 3: field 1 1
2026-04-09 18:12:36.350 LOG 3: field 0 0
2026-04-09 18:12:36.400 LOG 3: field -1 -1
2026-04-09 18:12:36.450 LOG 3: field 0 0
2026-04-09 18:12:36.500 LOG 3: field 0 0
2026-04-09 18:12:36.550 LOG 3: field 0 0
2026-04-09 18:12:36.600 LOG 3: field 0 0
2026-04-09 18:12:36.650 LOG 3: field 0 0
2026-04-09 18:12:36.700 LOG 3: field 0 0
2026-04-09 18:12:36.750 LOG 3: field 0 0
2026-04-09 18:12:36.800 LOG 3: field 0 0
2026-04-09 18:12:36.850 LOG 3: field 0 0
2026-04-09 18:12:36.900 LOG 3: field 0 0
2026-04-09 18:12:36.950 LOG 3: field 0 0
2026-04-09 18:12:36.000 LOG 3: field 0 0
2026-04-09 18:12:36.050 LOG 3: field 20260410 20260410
2026-04-09 18:12:36.100 LOG 3: field 0 0
2026-04-09 18:12:36.150 LOG 3: field 0 0
2026-04-09 18:12:36.200 LOG 3: float_fields 
2026-04-09 18:12:36.250 LOG 3: field 1.0 1.0
2026-04-09 18:12:36.300 LOG 3: field 105.89 105.89
2026-04-09 18:12:36.350 LOG 3: field 1058.9 1058.9
2026-04-09 18:12:36.400 LOG 3: field 0.0 0.0
2026-04-09 18:12:36.450 LOG 3: field 15.03 15.03
2026-04-09 18:12:36.500 LOG 3: field 8.43 8.43
2026-04-09 18:12:36.550 LOG 3: field 0.0 0.0
2026-04-09 18:12:36.600 LOG 3: field 0.0 0.0
2026-04-09 18:12:36.650 LOG 3: field 0.0 0.0
2026-04-09 18:12:36.700 LOG 3: field 0.0 0.0
2026-04-09 18:12:36.750 LOG 3: field 0.0 0.0
2026-04-09 18:12:36.800 LOG 3: field 0.0 0.0
2026-04-09 18:12:36.850 LOG 3: field 0 0
2026-04-09 18:12:36.900 LOG 3: field 0.0 0.0
2026-04-09 18:12:36.950 LOG 3: field 0.0 0.0
2026-04-09 18:12:36.000 LOG 3: field 0 0
2026-04-09 18:12:36.050 LOG 3: field -1 -1
2026-04-09 18:12:36.100 LOG 3: field -1 -1
2026-04-09 18:12:36.150 LOG 3: field 0 0
2026-04-09 18:12:36.200 LOG 3: field 0.0 0.0
2026-04-09 18:12:36.250 LOG 3: field 0.0 0.0
2026-04-09 18:12:46.450 LOG 3: int_fields 
2026-04-09 18:12:46.500 LOG 3: field 77924509061 77924509061
2026-04-09 18:12:46.550 LOG 3: field 77924509061 77924509061
2026-04-09 18:12:46.600 LOG 3: field 1162788 1162788
2026-04-09 18:12:46.650 LOG 3: field 1162788 1162788
2026-04-09 18:12:46.700 LOG 3: field 0 0
2026-04-09 18:12:46.750 LOG 3: field 0 0
2026-04-09 18:12:46.800 LOG 3: field 26 26
2026-04-09 18:12:46.850 LOG 3: field 0 0
2026-04-09 18:12:46.900 LOG 3: field 1 1
2026-04-09 18:12:46.950 LOG 3: field 0 0
2026-04-09 18:12:46.000 LOG 3: field 0 0
2026-04-09 18:12:46.050 LOG 3: field 0 0
2026-04-09 18:12:46.100 LOG 3: field 0 0
2026-04-09 18:12:46.150 LOG 3: field 0 0
2026-04-09 18:12:46.200 LOG 3: field 1 1
2026-04-09 18:12:46.250 LOG 3: field 1 1
2026-04-09 18:12:46.300 LOG 3: field 1 1
2026-04-09 18:12:46.350 LOG 3: field 0 0
2026-04-09 18:12:46.400 LOG 3: field -1 -1
2026-04-09 18:12:46.450 LOG 3: field 0 0
2026-04-09 18:12:46.500 LOG 3: field 0 0
2026-04-09 18:12:46.550 LOG 3: field 0 0
2026-04-09 18:12:46.600 LOG 3: field 0 0
2026-04-09 18:12:46.650 LOG 3: field 0 0
2026-04-09 18:12:46.700 LOG 3: field 0 0
2026-04-09 18:12:46.750 LOG 3: field 0 0
2026-04-09 18:12:46.800 LOG 3: field 0 0
2026-04-09 18:12:46.850 LOG 3: field 0 0
2026-04-09 18:12:46.900 LOG 3: field 0 0
2026-04-09 18:12:46.950 LOG 3: field 0 0
2026-04-09 18:12:46.000 LOG 3: field 0 0
2026-04-09 18:12:46.050 LOG 3: field 20260410 20260410
2026-04-09 18:12:46.100 LOG 3: field 0 0
2026-04-09 18:12:46.150 LOG 3: field 0 0
2026-04-09 18:12:46.200 LOG 3: float_fields 
2026-04-09 18:12:46.250 LOG 3: field 1.0 1.0
2026-04-09 18:12:46.300 LOG 3: field 98.67 98.67
2026-04-09 18:12:46.350 LOG 3: field 986.7 986.7
2026-04-09 18:12:46.400 LOG 3: field 0.0 0.0
2026-04-09 18:12:46.450 LOG 3: field 14.95 14.95
2026-04-09 18:12:46.500 LOG 3: field 14.47 14.47
2026-04-09 18:12:46.550 LOG 3: field 0.0 0.0
2026-04-09 18:12:46.600 LOG 3: field 0.0 0.0
2026-04-09 18:12:46.650 LOG 3: field 0.0 0.0
2026-04-09 18:12:46.700 LOG 3: field 0.0 0.0
2026-04-09 18:12:46.750 LOG 3: field 0.0 0.0
2026-04-09 18:12:46.800 LOG 3: field 0.0 0.0
2026-04-09 18:12:46.850 LOG 3: field 0 0
2026-04-09 18:12:46.900 LOG 3: field 0.0 0.0
2026-04-09 18:12:46.950 LOG 3: field 0.0 0.0
2026-04-09 18:12:46.000 LOG 3: field 0 0
2026-04-09 18:12:46.050 LOG 3: field -1 -1
2026-04-09 18:12:46.100 LOG 3: field -1 -1
2026-04-09 18:12:46.150 LOG 3: field 0 0
2026-04-09 18:12:46.200 LOG 3: field 0.0 0.0
2026-04-09 18:12:46.250 LOG 3: field 0.0 0.0
2026-04-09 18:12:46.300 LOG 3: int_fields 
2026-04-09 18:12:46.350 LOG 3: field 77924527921 77924527921
2026-04-09 18:12:46.400 LOG 3: field 77924527921 77924527921
2026-04-09 18:12:46.450 LOG 3: field 1162788 1162788
2026-04-09 18:12:46.500 LOG 3: field 0 0
2026-04-09 18:12:46.550 LOG 3: field 0 0
2026-04-09 18:12:46.600 LOG 3: field 0 0
2026-04-09 18:12:46.650 LOG 3: field 25 25
2026-04-09 18:12:46.700 LOG 3: field 0 0
2026-04-09 18:12:46.750 LOG 3: field 1 1
2026-04-09 18:12:46.800 LOG 3: field 0 0
2026-04-09 18:12:46.850 LOG 3: field 0 0
2026-04-09 18:12:46.900 LOG 3: field 0 0
2026-04-09 18:12:46.950 LOG 3: field 0 0
2026-04-09 18:12:46.000 LOG 3: field 0 0
2026-04-09 18:12:46.050 LOG 3: field 1 1
2026-04-09 18:12:46.100 LOG 3: field 1 1
2026-04-09 18:12:46.150 LOG 3: field 1 1
2026-04-09 18:12:46.200 LOG 3: field 0 0
2026-04-09 18:12:46.250 LOG 3: field -1 -1
2026-04-09 18:12:46.300 LOG 3: field 0 0
2026-04-09 18:12:46.350 LOG 3: field 0 0
2026-04-09 18:12:46.400 LOG 3: field 0 0
2026-04-09 18:12:46.450 LOG 3: field 0 0
2026-04-09 18:12:46.500 LOG 3: field 0 0
2026-04-09 18:12:46.550 LOG 3: field 0 0
2026-04-09 18:12:46.600 LOG 3: field 0 0
2026-04-09 18:12:46.650 LOG 3: field 0 0
2026-04-09 18:12:46.700 LOG 3: field 0 0
2026-04-09 18:12:46.750 LOG 3: field 0 0
2026-04-09 18:12:46.800 LOG 3: field 0 0
2026-04-09 18:12:46.850 LOG 3: field 0 0
2026-04-09 18:12:46.900 LOG 3: field 20260410 20260410
2026-04-09 18:12:46.950 LOG 3: field 0 0
2026-04-09 18:12:46.000 LOG 3: field 0 0
2026-04-09 18:12:46.050 LOG 3: float_fields 
2026-04-09 18:12:46.100 LOG 3: field 1.0 1.0
2026-04-09 18:12:46.150 LOG 3: field 98.67 98.67
2026-04-09 18:12:46.200 LOG 3: field 986.7 986.7
2026-04-09 18:12:46.250 LOG 3: field 0.0 0.0
2026-04-09 18:12:46.300 LOG 3: field 14.95 14.95
2026-04-09 18:12:46.350 LOG 3: field 14.47 14.47
2026-04-09 18:12:46.400 LOG 3: field 0.0 0.0
2026-04-09 18:12:46.450 LOG 3: field 0.0 0.0
2026-04-09 18:12:46.500 LOG 3: field 0.0 0.0
2026-04-09 18:12:46.550 LOG 3: field 0.0 0.0
2026-04-09 18:12:46.600 LOG 3: field 0.0 0.0
2026-04-09 18:12:46.650 LOG 3: field 0.0 0.0
2026-04-09 18:12:46.700 LOG 3: field 0 0
2026-04-09 18:12:46.750 LOG 3: field 0.0 0.0
2026-04-09 18:12:46.800 LOG 3: field 0.0 0.0
2026-04-09 18:12:46.850 LOG 3: field 0 0
2026-04-09 18:12:46.900 LOG 3: field -1 -1
2026-04-09 18:12:46.950 LOG 3: field -1 -1
2026-04-09 18:12:46.000 LOG 3: field 0 0
2026-04-09 18:12:46.050 LOG 3: field 0.0 0.0
2026-04-09 18:12:46.100 LOG 3: field 0.0 0.0
2026-04-09 18:12:46.150 LOG 3: int_fields 
2026-04-09 18:12:46.200 LOG 3: field 77947783631 77947783631
2026-04-09 18:12:46.250 LOG 3: field 77947783631 77947783631
2026-04-09 18:12:46.300 LOG 3: field 1162788 1162788
2026-04-09 18:12:46.350 LOG 3: field 0 0
2026-04-09 18:12:46.400 LOG 3: field 0 0
2026-04-09 18:12:46.450 LOG 3: field 9180729 9180729
2026-04-09 18:12:46.500 LOG 3: field 25 25
2026-04-09 18:12:46.550 LOG 3: field 0 0
2026-04-09 18:12:46.600 LOG 3: field 1 1
2026-04-09 18:12:46.650 LOG 3: field 0 0
2026-04-09 18:12:46.700 LOG 3: field 0 0
2026-04-09 18:12:46.750 LOG 3: field 0 0
2026-04-09 18:12:46.800 LOG 3: field 0 0
2026-04-09 18:12:46.850 LOG 3: field 0 0
2026-04-09 18:12:46.900 LOG 3: field 1 1
2026-04-09 18:12:46.950 LOG 3: field 1 1
2026-04-09 18:12:46.000 LOG 3: field 1 1
2026-04-09 18:12:46.050 LOG 3: field 0 0
2026-04-09 18:12:46.100 LOG 3: field -1 -1
2026-04-09 18:12:46.150 LOG 3: field 0 0
2026-04-09 18:12:46.200 LOG 3: field 0 0
2026-04-09 18:12:46.250 LOG 3: field 0 0
2026-04-09 18:12:46.300 LOG 3: field 0 0
2026-04-09 18:12:46.350 LOG 3: field 0 0
2026-04-09 18:12:46.400 LOG 3: field 0 0
2026-04-09 18:12:46.450 LOG 3: field 0 0
2026-04-09 18:12:46.500 LOG 3: field 0 0
2026-04-09 18:12:46.550 LOG 3: field 0 0
2026-04-09 18:12:46.600 LOG 3: field 0 0
2026-04-09 18:12:46.650 LOG 3: field 0 0
2026-04-09 18:12:46.700 LOG 3: field 0 0
2026-04-09 18:12:46.750 LOG 3: field 20260410 20260410
2026-04-09 18:12:46.800 LOG 3: field 0 0
2026-04-09 18:12:46.850 LOG 3: field 0 0
2026-04-09 18:12:46.900 LOG 3: float_fields 
2026-04-09 18:12:46.950 LOG 3: field 1.0 1.0
2026-04-09 18:12:46.000 LOG 3: field 100.99 100.99
2026-04-09 18:12:46.050 LOG 3: field 1009.9 1009.9
2026-04-09 18:12:46.100 LOG 3: field 0.0 0.0
2026-04-09 18:12:46.150 LOG 3: field 12.44 12.44
2026-04-09 18:12:46.200 LOG 3: field 28.88 28.88
2026-04-09 18:12:46.250 LOG 3: field 0.0 0.0
2026-04-09 18:12:46.300 LOG 3: field 0.0 0.0
2026-04-09 18:12:46.350 LOG 3: field 0.0 0.0
2026-04-09 18:12:46.400 LOG 3: field 0.0 0.0
2026-04-09 18:12:46.450 LOG 3: field 0.0 0.0
2026-04-09 18:12:46.500 LOG 3: field 0.0 0.0
2026-04-09 18:12:46.550 LOG 3: field 0 0
2026-04-09 18:12:46.600 LOG 3: field 0.0 0.0
2026-04-09 18:12:46.650 LOG 3: field 0.0 0.0
2026-04-09 18:12:46.700 LOG 3: field 0 0
2026-04-09 18:12:46.750 LOG 3: field -1 -1
2026-04-09 18:12:46.800 LOG 3: field -1 -1
2026-04-09 18:12:46.850 LOG 3: field 0 0
2026-04-09 18:12:46.900 LOG 3: field 0.0 0.0
2026-04-09 18:12:46.950 LOG 3: field 0.0 0.0
2026-04-09 18:12:46.000 LOG 3: int_fields 
2026-04-09 18:12:46.050 LOG 3: field 77947788055 77947788055
2026-04-09 18:12:46.100 LOG 3: field 77947788055 77947788055
2026-04-09 18:12:46.150 LOG 3: field 1162788 1162788
2026-04-09 18:12:46.200 LOG 3: field 0 0
2026-04-09 18:12:46.250 LOG 3: field 0 0
2026-04-09 18:12:46.300 LOG 3: field 9180730 9180730
2026-04-09 18:12:46.350 LOG 3: field 25 25
2026-04-09 18:12:46.400 LOG 3: field 0 0
2026-04-09 18:12:46.450 LOG 3: field 1 1
2026-04-09 18:12:46.500 LOG 3: field 0 0
2026-04-09 18:12:46.550 LOG 3: field 0 0
2026-04-09 18:12:46.600 LOG 3: field 0 0
2026-04-09 18:12:46.650 LOG 3: field 0 0
2026-04-09 18:12:46.700 LOG 3: field 0 0
2026-04-09 18:12:46.750 LOG 3: field 1 1
2026-04-09 18:12:46.800 LOG 3: field 1 1
2026-04-09 18:12:46.850 LOG 3: field 1 1
2026-04-09 18:12:46.900 LOG 3: field 0 0
2026-04-09 18:12:46.950 LOG 3: field -1 -1
2026-04-09 18:12:46.000 LOG 3: field 0 0
2026-04-09 18:12:46.050 LOG 3: field 0 0
2026-04-09 18:12:46.100 LOG 3: field 0 0
2026-04-09 18:12:46.150 LOG 3: field 0 0
2026-04-09 18:12:46.200 LOG 3: field 0 0
2026-04-09 18:12:46.250 LOG 3: field 0 0
2026-04-09 18:12:46.300 LOG 3: field 0 0
2026-04-09 18:12:46.350 LOG 3: field 0 0
2026-04-09 18:12:46.400 LOG 3: field 0 0
2026-04-09 18:12:46.450 LOG 3: field 0 0
2026-04-09 18:12:46.500 LOG 3: field 0 0
2026-04-09 18:12:46.550 LOG 3: field 0 0
2026-04-09 18:12:46.600 LOG 3: field 20260410 20260410
2026-04-09 18:12:46.650 LOG 3: field 0 0
2026-04-09 18:12:46.700 LOG 3: field 0 0
2026-04-09 18:12:46.750 LOG 3: float_fields 
2026-04-09 18:12:46.800 LOG 3: field 1.0 1.0
2026-04-09 18:12:46.850 LOG 3: field 102.9 102.9
2026-04-09 18:12:46.900 LOG 3: field 1029.0 1029.0
2026-04-09 18:12:46.950 LOG 3: field 0.0 0.0
2026-04-09 18:12:46.000 LOG 3: field 15.1 15.1
2026-04-09 18:12:46.050 LOG 3: field 65.67 65.67
2026-04-09 18:12:46.100 LOG 3: field 0.0 0.0
2026-04-09 18:12:46.150 LOG 3: field 0.0 0.0
2026-04-09 18:12:46.200 LOG 3: field 0.0 0.0
2026-04-09 18:12:46.250 LOG 3: field 0.0 0.0
2026-04-09 18:12:46.300 LOG 3: field 0.0 0.0
2026-04-09 18:12:46.350 LOG 3: field 0.0 0.0
2026-04-09 18:12:46.400 LOG 3: field 0 0
2026-04-09 18:12:46.450 LOG 3: field 0.0 0.0
2026-04-09 18:12:46.500 LOG 3: field 0.0 0.0
2026-04-09 18:12:46.550 LOG 3: field 0 0
2026-04-09 18:12:46.600 LOG 3: field -1 -1
2026-04-09 18:12:46.650 LOG 3: field -1 -1
2026-04-09 18:12:46.700 LOG 3: field 0 0
2026-04-09 18:12:46.750 LOG 3: field 0.0 0.0
2026-04-09 18:12:46.800 LOG 3: field 0.0 0.0
2026-04-09 18:12:46.850 LOG 3: int_fields 
2026-04-09 18:12:46.900 LOG 3: field 77947793758 77947793758
2026-04-09 18:12:46.950 LOG 3: field 77947793758 77947793758
2026-04-09 18:12:46.000 LOG 3: field 1162788 1162788
2026-04-09 18:12:46.050 LOG 3: field 0 0
2026-04-09 18:12:46.100 LOG 3: field 0 0
2026-04-09 18:12:46.150 LOG 3: field 9180731 9180731
2026-04-09 18:12:46.200 LOG 3: field 25 25
2026-04-09 18:12:46.250 LOG 3: field 0 0
2026-04-09 18:12:46.300 LOG 3: field 1 1
2026-04-09 18:12:46.350 LOG 3: field 0 0
2026-04-09 18:12:46.400 LOG 3: field 0 0
2026-04-09 18:12:46.450 LOG 3: field 0 0
2026-04-09 18:12:46.500 LOG 3: field 0 0
2026-04-09 18:12:46.550 LOG 3: field 0 0
2026-04-09 18:12:46.600 LOG 3: field 1 1
2026-04-09 18:12:46.650 LOG 3: field 1 1
2026-04-09 18:12:46.700 LOG 3: field 1 1
2026-04-09 18:12:46.750 LOG 3: field 0 0
2026-04-09 18:12:46.800 LOG 3: field -1 -1
2026-04-09 18:12:46.850 LOG 3: field 0 0
2026-04-09 18:12:46.900 LOG 3: field 0 0
2026-04-09 18:12:46.950 LOG 3: field 0 0
2026-04-09 18:12:46.000 LOG 3: field 0 0
2026-04-09 18:12:46.050 LOG 3: field 0 0
2026-04-09 18:12:46.100 LOG 3: field 0 0
2026-04-09 18:12:46.150 LOG 3: field 0 0
2026-04-09 18:12:46.200 LOG 3: field 0 0
2026-04-09 18:12:46.250 LOG 3: field 0 0
2026-04-09 18:12:46.300 LOG 3: field 0 0
2026-04-09 18:12:46.350 LOG 3: field 0 0
2026-04-09 18:12:46.400 LOG 3: field 0 0
2026-04-09 18:12:46.450 LOG 3: field 20260410 20260410
2026-04-09 18:12:46.500 LOG 3: field 0 0
2026-04-09 18:12:46.550 LOG 3: field 0 0
2026-04-09 18:12:46.600 LOG 3: float_fields 
2026-04-09 18:12:46.650 LOG 3: field 1.0 1.0
2026-04-09 18:12:46.700 LOG 3: field 105.89 105.89
2026-04-09 18:12:46.750 LOG 3: field 1058.9 1058.9
2026-04-09 18:12:46.800 LOG 3: field 0.0 0.0
2026-04-09 18:12:46.850 LOG 3: field 15.03 15.03
2026-04-09 18:12:46.900 LOG 3: field 8.43 8.43
2026-04-09 18:12:46.950 LOG 3: field 0.0 0.0
2026-04-09 18:12:46.000 LOG 3: field 0.0 0.0
2026-04-09 18:12:46.050 LOG 3: field 0.0 0.0
2026-04-09 18:12:46.100 LOG 3: field 0.0 0.0
2026-04-09 18:12:46.150 LOG 3: field 0.0 0.0
2026-04-09 18:12:46.200 LOG 3: field 0.0 0.0
2026-04-09 18:12:46.250 LOG 3: field 0 0
2026-04-09 18:12:46.300 LOG 3: field 0.0 0.0
2026-04-09 18:12:46.350 LOG 3: field 0.0 0.0
2026-04-09 18:12:46.400 LOG 3: field 0 0
2026-04-09 18:12:46.450 LOG 3: field -1 -1
2026-04-09 18:12:46.500 LOG 3: field -1 -1
2026-04-09 18:12:46.550 LOG 3: field 0 0
2026-04-09 18:12:46.600 LOG 3: field 0.0 0.0
2026-04-09 18:12:46.650 LOG 3: field 0.0 0.0
2026-04-09 18:12:46.700 LOG 3: int_fields 
2026-04-09 18:12:46.750 LOG 3: field 77924509061 77924509061
2026-04-09 18:12:46.800 LOG 3: field 77924509061 77924509061
2026-04-09 18:12:46.850 LOG 3: field 1162788 1162788
2026-04-09 18:12:46.900 LOG 3: field 1162788 1162788
2026-04-09 18:12:46.950 LOG 3: field 0 0
2026-04-09 18:12:46.000 LOG 3: field 0 0
2026-04-09 18:12:46.050 LOG 3: field 26 26
2026-04-09 18:12:46.100 LOG 3: field 0 0
2026-04-09 18:12:46.150 LOG 3: field 1 1
2026-04-09 18:12:46.200 LOG 3: field 0 0
2026-04-09 18:12:46.250 LOG 3: field 0 0
2026-04-09 18:12:46.300 LOG 3: field 0 0
2026-04-09 18:12:46.350 LOG 3: field 0 0
2026-04-09 18:12:46.400 LOG 3: field 0 0
2026-04-09 18:12:46.450 LOG 3: field 1 1
2026-04-09 18:12:46.500 LOG 3: field 1 1
2026-04-09 18:12:46.550 LOG 3: field 1 1
2026-04-09 18:12:46.600 LOG 3: field 0 0
2026-04-09 18:12:46.650 LOG 3: field -1 -1
2026-04-09 18:12:46.700 LOG 3: field 0 0
2026-04-09 18:12:46.750 LOG 3: field 0 0
2026-04-09 18:12:46.800 LOG 3: field 0 0
2026-04-09 18:12:46.850 LOG 3: field 0 0
2026-04-09 18:12:46.900 LOG 3: field 0 0
2026-04-09 18:12:46.950 LOG 3: field 0 0
2026-04-09 18:12:46.000 LOG 3: field 0 0
2026-04-09 18:12:46.050 LOG 3: field 0 0
2026-04-09 18:12:46.100 LOG 3: field 0 0
2026-04-09 18:12:46.150 LOG 3: field 0 0
2026-04-09 18:12:46.200 LOG 3: field 0 0
2026-04-09 18:12:46.250 LOG 3: field 0 0
2026-04-09 18:12:46.300 LOG 3: field 20260410 20260410
2026-04-09 18:12:46.350 LOG 3: field 0 0
2026-04-09 18:12:46.400 LOG 3: field 0 0
2026-04-09 18:12:46.450 LOG 3: float_fields 
2026-04-09 18:12:46.500 LOG 3: field 1.0 1.0
2026-04-09 18:12:46.550 LOG 3: field 98.67 98.67
2026-04-09 18:12:46.600 LOG 3: field 986.7 986.7
2026-04-09 18:12:46.650 LOG 3: field 0.0 0.0
2026-04-09 18:12:46.700 LOG 3: field 14.95 14.95
2026-04-09 18:12:46.750 LOG 3: field 14.47 14.47
2026-04-09 18:12:46.800 LOG 3: field 0.0 0.0
2026-04-09 18:12:46.850 LOG 3: field 0.0 0.0
2026-04-09 18:12:46.900 LOG 3: field 0.0 0.0
2026-04-09 18:12:46.950 LOG 3: field 0.0 0.0
2026-04-09 18:12:46.000 LOG 3: field 0.0 0.0
2026-04-09 18:12:46.050 LOG 3: field 0.0 0.0
2026-04-09 18:12:46.100 LOG 3: field 0 0
2026-04-09 18:12:46.150 LOG 3: field 0.0 0.0
2026-04-09 18:12:46.200 LOG 3: field 0.0 0.0
2026-04-09 18:12:46.250 LOG 3: field 0 0
2026-04-09 18:12:46.300 LOG 3: field -1 -1
2026-04-09 18:12:46.350 LOG 3: field -1 -1
2026-04-09 18:12:46.400 LOG 3: field 0 0
2026-04-09 18:12:46.450 LOG 3: field 0.0 0.0
2026-04-09 18:12:46.500 LOG 3: field 0.0 0.0
2026-04-09 18:12:46.550 LOG 3: int_fields 
2026-04-09 18:12:46.600 LOG 3: field 77924527921 77924527921
2026-04-09 18:12:46.650 LOG 3: field 77924527921 77924527921
2026-04-09 18:12:46.700 LOG 3: field 1162788 1162788
2026-04-09 18:12:46.750 LOG 3: field 0 0
2026-04-09 18:12:46.800 LOG 3: field 0 0
2026-04-09 18:12:46.850 LOG 3: field 0 0
2026-04-09 18:12:46.900 LOG 3: field 25 25
2026-04-09 18:12:46.950 LOG 3: field 0 0
2026-04-09 18:12:46.000 LOG 3: field 1 1
2026-04-09 18:12:46.050 LOG 3: field 0 0
2026-04-09 18:12:46.100 LOG 3: field 0 0
2026-04-09 18:12:46.150 LOG 3: field 0 0
2026-04-09 18:12:46.200 LOG 3: field 0 0
2026-04-09 18:12:46.250 LOG 3: field 0 0
2026-04-09 18:12:46.300 LOG 3: field 1 1
2026-04-09 18:12:46.350 LOG 3: field 1 1
2026-04-09 18:12:46.400 LOG 3: field 1 1
2026-04-09 18:12:46.450 LOG 3: field 0 0
2026-04-09 18:12:46.500 LOG 3: field -1 -1
2026-04-09 18:12:46.550 LOG 3: field 0 0
2026-04-09 18:12:46.600 LOG 3: field 0 0
2026-04-09 18:12:46.650 LOG 3: field 0 0
2026-04-09 18:12:46.700 LOG 3: field 0 0
2026-04-09 18:12:46.750 LOG 3: field 0 0
2026-04-09 18:12:46.800 LOG 3: field 0 0
2026-04-09 18:12:46.850 LOG 3: field 0 0
2026-04-09 18:12:46.900 LOG 3: field 0 0
2026-04-09 18:12:46.950 LOG 3: field 0 0
2026-04-09 18:12:46.000 LOG 3: field 0 0
2026-04-09 18:12:46.050 LOG 3: field 0 0
2026-04-09 18:12:46.100 LOG 3: field 0 0
2026-04-09 18:12:46.150 LOG 3: field 20260410 20260410
2026-04-09 18:12:46.200 LOG 3: field 0 0
2026-04-09 18:12:46.250 LOG 3: field 0 0
2026-04-09 18:12:46.300 LOG 3: float_fields 
2026-04-09 18:12:46.350 LOG 3: field 1.0 1.0
2026-04-09 18:12:46.400 LOG 3: field 98.67 98.67
2026-04-09 18:12:46.450 LOG 3: field 986.7 986.7
2026-04-09 18:12:46.500 LOG 3: field 0.0 0.0
2026-04-09 18:12:46.550 LOG 3: field 14.95 14.95
2026-04-09 18:12:46.600 LOG 3: field 14.47 14.47
2026-04-09 18:12:46.650 LOG 3: field 0.0 0.0
2026-04-09 18:12:46.700 LOG 3: field 0.0 0.0
2026-04-09 18:12:46.750 LOG 3: field 0.0 0.0
2026-04-09 18:12:46.800 LOG 3: field 0.0 0.0
2026-04-09 18:12:46.850 LOG 3: field 0.0 0.0
2026-04-09 18:12:46.900 LOG 3: field 0.0 0.0
2026-04-09 18:12:46.950 LOG 3: field 0 0
2026-04-09 18:12:46.000 LOG 3: field 0.0 0.0
2026-04-09 18:12:46.050 LOG 3: field 0.0 0.0
2026-04-09 18:12:46.100 LOG 3: field 0 0
2026-04-09 18:12:46.150 LOG 3: field -1 -1
2026-04-09 18:12:46.200 LOG 3: field -1 -1
2026-04-09 18:12:46.250 LOG 3: field 0 0
2026-04-09 18:12:46.300 LOG 3: field 0.0 0.0
2026-04-09 18:12:46.350 LOG 3: field 0.0 0.0
2026-04-09 18:12:46.400 LOG 3: int_fields 
2026-04-09 18:12:46.450 LOG 3: field 77947783631 77947783631
2026-04-09 18:12:46.500 LOG 3: field 77947783631 77947783631
2026-04-09 18:12:46.550 LOG 3: field 1162788 1162788
2026-04-09 18:12:46.600 LOG 3: field 0 0
2026-04-09 18:12:46.650 LOG 3: field 0 0
2026-04-09 18:12:46.700 LOG 3: field 9180729 9180729
2026-04-09 18:12:46.750 LOG 3: field 25 25
2026-04-09 18:12:46.800 LOG 3: field 0 0
2026-04-09 18:12:46.850 LOG 3: field 1 1
2026-04-09 18:12:46.900 LOG 3: field 0 0
2026-04-09 18:12:46.950 LOG 3: field 0 0
2026-04-09 18:12:46.000 LOG 3: field 0 0
2026-04-09 18:12:46.050 LOG 3: field 0 0
2026-04-09 18:12:46.100 LOG 3: field 0 0
2026-04-09 18:12:46.150 LOG 3: field 1 1
2026-04-09 18:12:46.200 LOG 3: field 1 1
2026-04-09 18:12:46.250 LOG 3: field 1 1
2026-04-09 18:12:46.300 LOG 3: field 0 0
2026-04-09 18:12:46.350 LOG 3: field -1 -1
2026-04-09 18:12:46.400 LOG 3: field 0 0
2026-04-09 18:12:46.450 LOG 3: field 0 0
2026-04-09 18:12:46.500 LOG 3: field 0 0
2026-04-09 18:12:46.550 LOG 3: field 0 0
2026-04-09 18:12:46.600 LOG 3: field 0 0
2026-04-09 18:12:46.650 LOG 3: field 0 0
2026-04-09 18:12:46.700 LOG 3: field 0 0
2026-04-09 18:12:46.750 LOG 3: field 0 0
2026-04-09 18:12:46.800 LOG 3: field 0 0
2026-04-09 18:12:46.850 LOG 3: field 0 0
2026-04-09 18:12:46.900 LOG 3: field 0 0
2026-04-09 18:12:46.950 LOG 3: field 0 0
2026-04-09 18:12:46.000 LOG 3: field 20260410 20260410
2026-04-09 18:12:46.050 LOG 3: field 0 0
2026-04-09 18:12:46.100 LOG 3: field 0 0
2026-04-09 18:12:46.150 LOG 3: float_fields 
2026-04-09 18:12:46.200 LOG 3: field 1.0 1.0
2026-04-09 18:12:46.250 LOG 3: field 100.99 100.99
2026-04-09 18:12:46.300 LOG 3: field 1009.9 1009.9
2026-04-09 18:12:46.350 LOG 3: field 0.0 0.0
2026-04-09 18:12:46.400 LOG 3: field 12.44 12.44
2026-04-09 18:12:46.450 LOG 3: field 28.88 28.88
2026-04-09 18:12:46.500 LOG 3: field 0.0 0.0
2026-04-09 18:12:46.550 LOG 3: field 0.0 0.0
2026-04-09 18:12:46.600 LOG 3: field 0.0 0.0
2026-04-09 18:12:46.650 LOG 3: field 0.0 0.0
2026-04-09 18:12:46.700 LOG 3: field 0.0 0.0
2026-04-09 18:12:46.750 LOG 3: field 0.0 0.0
2026-04-09 18:12:46.800 LOG 3: field 0 0
2026-04-09 18:12:46.850 LOG 3: field 0.0 0.0
2026-04-09 18:12:46.900 LOG 3: field 0.0 0.0
2026-04-09 18:12:46.950 LOG 3: field 0 0
2026-04-09 18:12:46.000 LOG 3: field -1 -1
2026-04-09 18:12:46.050 LOG 3: field -1 -1
2026-04-09 18:12:46.100 LOG 3: field 0 0
2026-04-09 18:12:46.150 LOG 3: field 0.0 0.0
2026-04-09 18:12:46.200 LOG 3: field 0.0 0.0
2026-04-09 18:12:46.250 LOG 3: int_fields 
2026-04-09 18:12:46.300 LOG 3: field 77947788055 77947788055
2026-04-09 18:12:46.350 LOG 3: field 77947788055 77947788055
2026-04-09 18:12:46.400 LOG 3: field 1162788 1162788
2026-04-09 18:12:46.450 LOG 3: field 0 0
2026-04-09 18:12:46.500 LOG 3: field 0 0
2026-04-09 18:12:46.550 LOG 3: field 9180730 9180730
2026-04-09 18:12:46.600 LOG 3: field 25 25
2026-04-09 18:12:46.650 LOG 3: field 0 0
2026-04-09 18:12:46.700 LOG 3: field 1 1
2026-04-09 18:12:46.750 LOG 3: field 0 0
2026-04-09 18:12:46.800 LOG 3: field 0 0
2026-04-09 18:12:46.850 LOG 3: field 0 0
2026-04-09 18:12:46.900 LOG 3: field 0 0
2026-04-09 18:12:46.950 LOG 3: field 0 0
2026-04-09 18:12:46.000 LOG 3: field 1 1
2026-04-09 18:12:46.050 LOG 3: field 1 1
2026-04-09 18:12:46.100 LOG 3: field 1 1
2026-04-09 18:12:46.150 LOG 3: field 0 0
2026-04-09 18:12:46.200 LOG 3: field -1 -1
2026-04-09 18:12:46.250 LOG 3: field 0 0
2026-04-09 18:12:46.300 LOG 3: field 0 0
2026-04-09 18:12:46.350 LOG 3: field 0 0
2026-04-09 18:12:46.400 LOG 3: field 0 0
2026-04-09 18:12:46.450 LOG 3: field 0 0
2026-04-09 18:12:46.500 LOG 3: field 0 0
2026-04-09 18:12:46.550 LOG 3: field 0 0
2026-04-09 18:12:46.600 LOG 3: field 0 0
2026-04-09 18:12:46.650 LOG 3: field 0 0
2026-04-09 18:12:46.700 LOG 3: field 0 0
2026-04-09 18:12:46.750 LOG 3: field 0 0
2026-04-09 18:12:46.800 LOG 3: field 0 0
2026-04-09 18:12:46.850 LOG 3: field 20260410 20260410
2026-04-09 18:12:46.900 LOG 3: field 0 0
2026-04-09 18:12:46.950 LOG 3: field 0 0
2026-04-09 18:12:46.000 LOG 3: float_fields 
2026-04-09 18:12:46.050 LOG 3: field 1.0 1.0
2026-04-09 18:12:46.100 LOG 3: field 102.9 102.9
2026-04-09 18:12:46.150 LOG 3: field 1029.0 1029.0
2026-04-09 18:12:46.200 LOG 3: field 0.0 0.0
2026-04-09 18:12:46.250 LOG 3: field 15.1 15.1
2026-04-09 18:12:46.300 LOG 3: field 65.67 65.67
2026-04-09 18:12:46.350 LOG 3: field 0.0 0.0
2026-04-09 18:12:46.400 LOG 3: field 0.0 0.0
2026-04-09 18:12:46.450 LOG 3: field 0.0 0.0
2026-04-09 18:12:46.500 LOG 3: field 0.0 0.0
2026-04-09 18:12:46.550 LOG 3: field 0.0 0.0
2026-04-09 18:12:46.600 LOG 3: field 0.0 0.0
2026-04-09 18:12:46.650 LOG 3: field 0 0
2026-04-09 18:12:46.700 LOG 3: field 0.0 0.0
2026-04-09 18:12:46.750 LOG 3: field 0.0 0.0
2026-04-09 18:12:46.800 LOG 3: field 0 0
2026-04-09 18:12:46.850 LOG 3: field -1 -1
2026-04-09 18:12:46.900 LOG 3: field -1 -1
2026-04-09 18:12:46.950 LOG 3: field 0 0
2026-04-09 18:12:46.000 LOG 3: field 0.0 0.0
2026-04-09 18:12:46.050 LOG 3: field 0.0 0.0
2026-04-09 18:12:46.100 LOG 3: int_fields 
2026-04-09 18:12:46.150 LOG 3: field 77947793758 77947793758
2026-04-09 18:12:46.200 LOG 3: field 77947793758 77947793758
2026-04-09 18:12:46.250 LOG 3: field 1162788 1162788
2026-04-09 18:12:46.300 LOG 3: field 0 0
2026-04-09 18:12:46.350 LOG 3: field 0 0
2026-04-09 18:12:46.400 LOG 3: field 9180731 9180731
2026-04-09 18:12:46.450 LOG 3: field 25 25
2026-04-09 18:12:46.500 LOG 3: field 0 0
2026-04-09 18:12:46.550 LOG 3: field 1 1
2026-04-09 18:12:46.600 LOG 3: field 0 0
2026-04-09 18:12:46.650 LOG 3: field 0 0
2026-04-09 18:12:46.700 LOG 3: field 0 0
2026-04-09 18:12:46.750 LOG 3: field 0 0
2026-04-09 18:12:46.800 LOG 3: field 0 0
2026-04-09 18:12:46.850 LOG 3: field 1 1
2026-04-09 18:12:46.900 LOG 3: field 1 1
2026-04-09 18:12:46.950 LOG 3: field 1 1
2026-04-09 18:12:46.000 LOG 3: field 0 0
2026-04-09 18:12:46.050 LOG 3: field -1 -1
2026-04-09 18:12:46.100 LOG 3: field 0 0
2026-04-09 18:12:46.150 LOG 3: field 0 0
2026-04-09 18:12:46.200 LOG 3: field 0 0
2026-04-09 18:12:46.250 LOG 3: field 0 0
2026-04-09 18:12:46.300 LOG 3: field 0 0
2026-04-09 18:12:46.350 LOG 3: field 0 0
2026-04-09 18:12:46.400 LOG 3: field 0 0
2026-04-09 18:12:46.450 LOG 3: field 0 0
2026-04-09 18:12:46.500 LOG 3: field 0 0
2026-04-09 18:12:46.550 LOG 3: field 0 0
2026-04-09 18:12:46.600 LOG 3: field 0 0
2026-04-09 18:12:46.650 LOG 3: field 0 0
2026-04-09 18:12:46.700 LOG 3: field 20260410 20260410
2026-04-09 18:12:46.750 LOG 3: field 0 0
2026-04-09 18:12:46.800 LOG 3: field 0 0
2026-04-09 18:12:46.850 LOG 3: float_fields 
2026-04-09 18:12:46.900 LOG 3: field 1.0 1.0
2026-04-09 18:12:46.950 LOG 3: field 105.89 105.89
2026-04-09 18:12:46.000 LOG 3: field 1058.9 1058.9
2026-04-09 18:12:46.050 LOG 3: field 0.0 0.0
2026-04-09 18:12:46.100 LOG 3: field 15.03 15.03
2026-04-09 18:12:46.150 LOG 3: field 8.43 8.43
2026-04-09 18:12:46.200 LOG 3: field 0.0 0.0
2026-04-09 18:12:46.250 LOG 3: field 0.0 0.0
2026-04-09 18:12:46.300 LOG 3: field 0.0 0.0
2026-04-09 18:12:46.350 LOG 3: field 0.0 0.0
2026-04-09 18:12:46.400 LOG 3: field 0.0 0.0
2026-04-09 18:12:46.450 LOG 3: field 0.0 0.0
2026-04-09 18:12:46.500 LOG 3: field 0 0
2026-04-09 18:12:46.550 LOG 3: field 0.0 0.0
2026-04-09 18:12:46.600 LOG 3: field 0.0 0.0
2026-04-09 18:12:46.650 LOG 3: field 0 0
2026-04-09 18:12:46.700 LOG 3: field -1 -1
2026-04-09 18:12:46.750 LOG 3: field -1 -1
2026-04-09 18:12:46.800 LOG 3: field 0 0
2026-04-09 18:12:46.850 LOG 3: field 0.0 0.0
2026-04-09 18:12:46.900 LOG 3: field 0.0 0.0
