2026-04-06 21:33:41.050 LOG 0: Detected Quik version: 1208, script path: C:\Programming\QuikSharp\lua
2026-04-06 21:33:41.100 LOG 1: Shared memory IPC (variant 2) initialized
2026-04-06 21:33:41.150 LOG 1: QUIK# connected via shared memory (variant 2)
2026-04-06 21:33:55.500 LOG 0: Запрос от C# 1 (req_id=1): {"t":1775500435448,"cmd":"getClientCode","data":{"t":1775500435445,"cmd":"getClientCode","data":""},"id":1}
2026-04-06 21:33:55.550 LOG 1: После dispatch: cmd=getClientCode, data тип=string
2026-04-06 21:34:40.250 LOG 0: Запрос от C# 1 (req_id=1): {"t":1775500479666,"cmd":"getClientCode","data":{"t":1775500479663,"cmd":"getClientCode","data":""},"id":1}
2026-04-06 21:34:40.300 LOG 1: После dispatch: cmd=getClientCode, data тип=string
2026-04-06 21:35:32.050 LOG 0: Detected Quik version: 1208, script path: C:\Programming\QuikSharp\lua
2026-04-06 21:35:32.100 LOG 1: Shared memory IPC (variant 2) initialized
2026-04-06 21:35:32.150 LOG 1: QUIK# connected via shared memory (variant 2)
2026-04-06 21:35:40.300 LOG 0: Запрос от C# 1 (req_id=1): {"data":{"data":"","t":1775500539734,"cmd":"getClientCode"},"cmd":"getClientCode","t":1775500539744,"id":1}
2026-04-06 21:35:40.350 LOG 1: После dispatch: cmd=getClientCode, data тип=string
2026-04-06 21:36:30.350 LOG 0: Запрос от C# 1 (req_id=2): {"data":{"data":"TQOB","t":1775500590953,"cmd":"getClassSecurities"},"cmd":"getClassSecurities","t":1775500590953,"id":2}
2026-04-06 21:36:30.400 LOG 1: После dispatch: cmd=getClassSecurities, data тип=string
2026-04-06 21:36:30.450 LOG 0: Запрос от C# 1 (req_id=3): {"data":{"data":"TQOB|RU000A10DQA8|ISINCODE","t":1775500590957,"cmd":"getParamEx"},"cmd":"getParamEx","t":1775500590958,"id":3}
2026-04-06 21:36:30.500 LOG 1: После dispatch: cmd=getParamEx, data тип=table
2026-04-06 21:36:30.550 LOG 0: Запрос от C# 1 (req_id=4): {"data":{"data":"TQOB|RU000A10DQA8|SEC_FACE_VALUE","t":1775500590963,"cmd":"getParamEx"},"cmd":"getParamEx","t":1775500590963,"id":4}
2026-04-06 21:36:30.600 LOG 1: После dispatch: cmd=getParamEx, data тип=table
2026-04-06 21:36:30.650 LOG 0: Запрос от C# 1 (req_id=5): {"data":{"data":"TQOB|RU000A10DQA8|COUPONPERIOD","t":1775500590966,"cmd":"getParamEx"},"cmd":"getParamEx","t":1775500590966,"id":5}
2026-04-06 21:36:30.700 LOG 1: После dispatch: cmd=getParamEx, data тип=table
2026-04-06 21:36:30.750 LOG 0: Запрос от C# 1 (req_id=6): {"data":{"data":"TQOB|RU000A10DQA8|COUPONVALUE","t":1775500590968,"cmd":"getParamEx"},"cmd":"getParamEx","t":1775500590968,"id":6}
2026-04-06 21:36:30.800 LOG 1: После dispatch: cmd=getParamEx, data тип=table
2026-04-06 21:36:30.850 LOG 0: Запрос от C# 1 (req_id=7): {"data":{"data":"TQOB|RU000A10DQA8|MAT_DATE","t":1775500590968,"cmd":"getParamEx"},"cmd":"getParamEx","t":1775500590968,"id":7}
2026-04-06 21:36:30.900 LOG 1: После dispatch: cmd=getParamEx, data тип=table
2026-04-06 21:36:30.950 LOG 0: Запрос от C# 1 (req_id=8): {"data":{"data":"TQOB|RU000A10DQA8|LAST","t":1775500590969,"cmd":"getParamEx"},"cmd":"getParamEx","t":1775500590969,"id":8}
2026-04-06 21:36:30.000 LOG 1: После dispatch: cmd=getParamEx, data тип=table
2026-04-06 21:36:30.050 LOG 0: Запрос от C# 1 (req_id=9): {"data":{"data":"TQOB|RU000A10DQA8|ACCRUEDINT","t":1775500590970,"cmd":"getParamEx"},"cmd":"getParamEx","t":1775500590970,"id":9}
2026-04-06 21:36:30.100 LOG 1: После dispatch: cmd=getParamEx, data тип=table
2026-04-06 21:36:30.150 LOG 0: Запрос от C# 1 (req_id=10): {"data":{"data":"","t":1775500590973,"cmd":"get_depo_limits"},"cmd":"get_depo_limits","t":1775500590973,"id":10}
2026-04-06 21:36:30.200 LOG 1: После dispatch: cmd=get_depo_limits, data тип=table
2026-04-06 21:36:31.050 LOG 0: Запрос от C# 1 (req_id=11): {"data":{"data":"TQOB|RU000A10DQB6|ISINCODE","t":1775500591023,"cmd":"getParamEx"},"cmd":"getParamEx","t":1775500591023,"id":11}
2026-04-06 21:36:31.100 LOG 1: После dispatch: cmd=getParamEx, data тип=table
2026-04-06 21:36:31.150 LOG 0: Запрос от C# 1 (req_id=12): {"data":{"data":"TQOB|RU000A10DQB6|SEC_FACE_VALUE","t":1775500591024,"cmd":"getParamEx"},"cmd":"getParamEx","t":1775500591024,"id":12}
2026-04-06 21:36:31.200 LOG 1: После dispatch: cmd=getParamEx, data тип=table
2026-04-06 21:36:31.250 LOG 0: Запрос от C# 1 (req_id=13): {"data":{"data":"TQOB|RU000A10DQB6|COUPONPERIOD","t":1775500591025,"cmd":"getParamEx"},"cmd":"getParamEx","t":1775500591025,"id":13}
2026-04-06 21:36:31.300 LOG 1: После dispatch: cmd=getParamEx, data тип=table
2026-04-06 21:36:31.350 LOG 0: Запрос от C# 1 (req_id=14): {"data":{"data":"TQOB|RU000A10DQB6|COUPONVALUE","t":1775500591025,"cmd":"getParamEx"},"cmd":"getParamEx","t":1775500591025,"id":14}
2026-04-06 21:36:31.400 LOG 1: После dispatch: cmd=getParamEx, data тип=table
2026-04-06 21:36:31.450 LOG 0: Запрос от C# 1 (req_id=15): {"data":{"data":"TQOB|RU000A10DQB6|MAT_DATE","t":1775500591026,"cmd":"getParamEx"},"cmd":"getParamEx","t":1775500591026,"id":15}
2026-04-06 21:36:31.500 LOG 1: После dispatch: cmd=getParamEx, data тип=table
2026-04-06 21:36:31.550 LOG 0: Запрос от C# 1 (req_id=16): {"data":{"data":"TQOB|RU000A10DQB6|LAST","t":1775500591027,"cmd":"getParamEx"},"cmd":"getParamEx","t":1775500591027,"id":16}
2026-04-06 21:36:31.600 LOG 1: После dispatch: cmd=getParamEx, data тип=table
2026-04-06 21:36:31.650 LOG 0: Запрос от C# 1 (req_id=17): {"data":{"data":"TQOB|RU000A10DQB6|ACCRUEDINT","t":1775500591028,"cmd":"getParamEx"},"cmd":"getParamEx","t":1775500591028,"id":17}
2026-04-06 21:36:31.700 LOG 1: После dispatch: cmd=getParamEx, data тип=table
2026-04-06 21:36:31.750 LOG 0: Запрос от C# 1 (req_id=18): {"data":{"data":"","t":1775500591028,"cmd":"get_depo_limits"},"cmd":"get_depo_limits","t":1775500591028,"id":18}
2026-04-06 21:36:31.800 LOG 1: После dispatch: cmd=get_depo_limits, data тип=table
2026-04-06 21:36:31.850 LOG 0: Запрос от C# 1 (req_id=19): {"data":{"data":"TQOB|SU26207RMFS9|ISINCODE","t":1775500591068,"cmd":"getParamEx"},"cmd":"getParamEx","t":1775500591068,"id":19}
2026-04-06 21:36:31.900 LOG 1: После dispatch: cmd=getParamEx, data тип=table
2026-04-06 21:36:31.950 LOG 0: Запрос от C# 1 (req_id=20): {"data":{"data":"TQOB|SU26207RMFS9|SEC_FACE_VALUE","t":1775500591069,"cmd":"getParamEx"},"cmd":"getParamEx","t":1775500591069,"id":20}
2026-04-06 21:36:31.000 LOG 1: После dispatch: cmd=getParamEx, data тип=table
2026-04-06 21:36:31.050 LOG 0: Запрос от C# 1 (req_id=21): {"data":{"data":"TQOB|SU26207RMFS9|COUPONPERIOD","t":1775500591070,"cmd":"getParamEx"},"cmd":"getParamEx","t":1775500591070,"id":21}
2026-04-06 21:36:31.100 LOG 1: После dispatch: cmd=getParamEx, data тип=table
2026-04-06 21:36:31.150 LOG 0: Запрос от C# 1 (req_id=22): {"data":{"data":"TQOB|SU26207RMFS9|COUPONVALUE","t":1775500591071,"cmd":"getParamEx"},"cmd":"getParamEx","t":1775500591071,"id":22}
2026-04-06 21:36:31.200 LOG 1: После dispatch: cmd=getParamEx, data тип=table
2026-04-06 21:36:31.250 LOG 0: Запрос от C# 1 (req_id=23): {"data":{"data":"TQOB|SU26207RMFS9|MAT_DATE","t":1775500591072,"cmd":"getParamEx"},"cmd":"getParamEx","t":1775500591072,"id":23}
2026-04-06 21:36:31.300 LOG 1: После dispatch: cmd=getParamEx, data тип=table
2026-04-06 21:36:31.350 LOG 0: Запрос от C# 1 (req_id=24): {"data":{"data":"TQOB|SU26207RMFS9|LAST","t":1775500591072,"cmd":"getParamEx"},"cmd":"getParamEx","t":1775500591072,"id":24}
2026-04-06 21:36:31.400 LOG 1: После dispatch: cmd=getParamEx, data тип=table
2026-04-06 21:36:31.450 LOG 0: Запрос от C# 1 (req_id=25): {"data":{"data":"TQOB|SU26207RMFS9|ACCRUEDINT","t":1775500591073,"cmd":"getParamEx"},"cmd":"getParamEx","t":1775500591073,"id":25}
2026-04-06 21:36:31.500 LOG 1: После dispatch: cmd=getParamEx, data тип=table
2026-04-06 21:36:31.550 LOG 0: Запрос от C# 1 (req_id=26): {"data":{"data":"","t":1775500591074,"cmd":"get_depo_limits"},"cmd":"get_depo_limits","t":1775500591074,"id":26}
2026-04-06 21:36:31.600 LOG 1: После dispatch: cmd=get_depo_limits, data тип=table
2026-04-06 21:36:31.650 LOG 0: Запрос от C# 1 (req_id=27): {"data":{"data":"TQOB|SU26207RMFS9","t":1775500591116,"cmd":"Subscribe_Level_II_Quotes"},"cmd":"Subscribe_Level_II_Quotes","t":1775500591117,"id":27}
2026-04-06 21:36:31.700 LOG 1: Subscribe_Level_II_Quotes called | raw data: TQOB|SU26207RMFS9
2026-04-06 21:36:31.750 LOG 1: Subscribe Level II: class=TQOB, sec=SU26207RMFS9
2026-04-06 21:36:31.800 LOG 1: После dispatch: cmd=Subscribe_Level_II_Quotes, data тип=boolean
2026-04-06 21:36:31.900 LOG 0: Запрос от C# 1 (req_id=28): {"data":{"data":"TQOB|SU26212RMFS9|ISINCODE","t":1775500591121,"cmd":"getParamEx"},"cmd":"getParamEx","t":1775500591121,"id":28}
2026-04-06 21:36:31.950 LOG 1: После dispatch: cmd=getParamEx, data тип=table
2026-04-06 21:36:31.000 LOG 0: Запрос от C# 1 (req_id=29): {"data":{"data":"TQOB|SU26212RMFS9|SEC_FACE_VALUE","t":1775500591123,"cmd":"getParamEx"},"cmd":"getParamEx","t":1775500591123,"id":29}
2026-04-06 21:36:31.050 LOG 1: После dispatch: cmd=getParamEx, data тип=table
2026-04-06 21:36:31.150 LOG 0: Запрос от C# 1 (req_id=30): {"data":{"data":"TQOB|SU26212RMFS9|COUPONPERIOD","t":1775500591124,"cmd":"getParamEx"},"cmd":"getParamEx","t":1775500591124,"id":30}
2026-04-06 21:36:31.200 LOG 1: После dispatch: cmd=getParamEx, data тип=table
2026-04-06 21:36:31.300 LOG 0: Запрос от C# 1 (req_id=31): {"data":{"data":"TQOB|SU26212RMFS9|COUPONVALUE","t":1775500591125,"cmd":"getParamEx"},"cmd":"getParamEx","t":1775500591125,"id":31}
2026-04-06 21:36:31.350 LOG 1: После dispatch: cmd=getParamEx, data тип=table
2026-04-06 21:36:31.450 LOG 0: Запрос от C# 1 (req_id=32): {"data":{"data":"TQOB|SU26212RMFS9|MAT_DATE","t":1775500591126,"cmd":"getParamEx"},"cmd":"getParamEx","t":1775500591126,"id":32}
2026-04-06 21:36:31.500 LOG 1: После dispatch: cmd=getParamEx, data тип=table
2026-04-06 21:36:31.550 LOG 0: Запрос от C# 1 (req_id=33): {"data":{"data":"TQOB|SU26212RMFS9|LAST","t":1775500591127,"cmd":"getParamEx"},"cmd":"getParamEx","t":1775500591127,"id":33}
2026-04-06 21:36:31.600 LOG 1: После dispatch: cmd=getParamEx, data тип=table
2026-04-06 21:36:31.700 LOG 0: Запрос от C# 1 (req_id=34): {"data":{"data":"TQOB|SU26212RMFS9|ACCRUEDINT","t":1775500591127,"cmd":"getParamEx"},"cmd":"getParamEx","t":1775500591127,"id":34}
2026-04-06 21:36:31.750 LOG 1: После dispatch: cmd=getParamEx, data тип=table
2026-04-06 21:36:31.800 LOG 0: Запрос от C# 1 (req_id=35): {"data":{"data":"","t":1775500591129,"cmd":"get_depo_limits"},"cmd":"get_depo_limits","t":1775500591129,"id":35}
2026-04-06 21:36:31.850 LOG 1: После dispatch: cmd=get_depo_limits, data тип=table
2026-04-06 21:36:31.900 LOG 0: Запрос от C# 1 (req_id=36): {"data":{"data":"TQOB|SU26218RMFS6|ISINCODE","t":1775500591170,"cmd":"getParamEx"},"cmd":"getParamEx","t":1775500591170,"id":36}
2026-04-06 21:36:31.950 LOG 1: После dispatch: cmd=getParamEx, data тип=table
2026-04-06 21:36:31.000 LOG 0: Запрос от C# 1 (req_id=37): {"data":{"data":"TQOB|SU26218RMFS6|SEC_FACE_VALUE","t":1775500591171,"cmd":"getParamEx"},"cmd":"getParamEx","t":1775500591171,"id":37}
2026-04-06 21:36:31.050 LOG 1: После dispatch: cmd=getParamEx, data тип=table
2026-04-06 21:36:31.100 LOG 0: Запрос от C# 1 (req_id=38): {"data":{"data":"TQOB|SU26218RMFS6|COUPONPERIOD","t":1775500591172,"cmd":"getParamEx"},"cmd":"getParamEx","t":1775500591172,"id":38}
2026-04-06 21:36:31.150 LOG 1: После dispatch: cmd=getParamEx, data тип=table
2026-04-06 21:36:31.200 LOG 0: Запрос от C# 1 (req_id=39): {"data":{"data":"TQOB|SU26218RMFS6|COUPONVALUE","t":1775500591172,"cmd":"getParamEx"},"cmd":"getParamEx","t":1775500591172,"id":39}
2026-04-06 21:36:31.250 LOG 1: После dispatch: cmd=getParamEx, data тип=table
2026-04-06 21:36:31.300 LOG 0: Запрос от C# 1 (req_id=40): {"data":{"data":"TQOB|SU26218RMFS6|MAT_DATE","t":1775500591173,"cmd":"getParamEx"},"cmd":"getParamEx","t":1775500591173,"id":40}
2026-04-06 21:36:31.350 LOG 1: После dispatch: cmd=getParamEx, data тип=table
2026-04-06 21:36:31.400 LOG 0: Запрос от C# 1 (req_id=41): {"data":{"data":"TQOB|SU26218RMFS6|LAST","t":1775500591174,"cmd":"getParamEx"},"cmd":"getParamEx","t":1775500591174,"id":41}
2026-04-06 21:36:31.450 LOG 1: После dispatch: cmd=getParamEx, data тип=table
2026-04-06 21:36:31.500 LOG 0: Запрос от C# 1 (req_id=42): {"data":{"data":"TQOB|SU26218RMFS6|ACCRUEDINT","t":1775500591174,"cmd":"getParamEx"},"cmd":"getParamEx","t":1775500591174,"id":42}
2026-04-06 21:36:31.550 LOG 1: После dispatch: cmd=getParamEx, data тип=table
2026-04-06 21:36:31.600 LOG 0: Запрос от C# 1 (req_id=43): {"data":{"data":"","t":1775500591175,"cmd":"get_depo_limits"},"cmd":"get_depo_limits","t":1775500591175,"id":43}
2026-04-06 21:36:31.650 LOG 1: После dispatch: cmd=get_depo_limits, data тип=table
2026-04-06 21:36:31.700 LOG 0: Запрос от C# 1 (req_id=44): {"data":{"data":"TQOB|SU26219RMFS4|ISINCODE","t":1775500591212,"cmd":"getParamEx"},"cmd":"getParamEx","t":1775500591212,"id":44}
2026-04-06 21:36:31.750 LOG 1: После dispatch: cmd=getParamEx, data тип=table
2026-04-06 21:36:31.800 LOG 0: Запрос от C# 1 (req_id=45): {"data":{"data":"TQOB|SU26219RMFS4|SEC_FACE_VALUE","t":1775500591213,"cmd":"getParamEx"},"cmd":"getParamEx","t":1775500591213,"id":45}
2026-04-06 21:36:31.850 LOG 1: После dispatch: cmd=getParamEx, data тип=table
2026-04-06 21:36:31.900 LOG 0: Запрос от C# 1 (req_id=46): {"data":{"data":"TQOB|SU26219RMFS4|COUPONPERIOD","t":1775500591214,"cmd":"getParamEx"},"cmd":"getParamEx","t":1775500591214,"id":46}
2026-04-06 21:36:31.950 LOG 1: После dispatch: cmd=getParamEx, data тип=table
2026-04-06 21:36:31.000 LOG 0: Запрос от C# 1 (req_id=47): {"data":{"data":"TQOB|SU26219RMFS4|COUPONVALUE","t":1775500591214,"cmd":"getParamEx"},"cmd":"getParamEx","t":1775500591214,"id":47}
2026-04-06 21:36:31.050 LOG 1: После dispatch: cmd=getParamEx, data тип=table
2026-04-06 21:36:31.100 LOG 0: Запрос от C# 1 (req_id=48): {"data":{"data":"TQOB|SU26219RMFS4|MAT_DATE","t":1775500591215,"cmd":"getParamEx"},"cmd":"getParamEx","t":1775500591215,"id":48}
2026-04-06 21:36:31.150 LOG 1: После dispatch: cmd=getParamEx, data тип=table
2026-04-06 21:36:31.200 LOG 0: Запрос от C# 1 (req_id=49): {"data":{"data":"TQOB|SU26219RMFS4|LAST","t":1775500591216,"cmd":"getParamEx"},"cmd":"getParamEx","t":1775500591216,"id":49}
2026-04-06 21:36:31.250 LOG 1: После dispatch: cmd=getParamEx, data тип=table
2026-04-06 21:36:31.300 LOG 0: Запрос от C# 1 (req_id=50): {"data":{"data":"TQOB|SU26219RMFS4|ACCRUEDINT","t":1775500591216,"cmd":"getParamEx"},"cmd":"getParamEx","t":1775500591216,"id":50}
2026-04-06 21:36:31.350 LOG 1: После dispatch: cmd=getParamEx, data тип=table
2026-04-06 21:36:31.400 LOG 0: Запрос от C# 1 (req_id=51): {"data":{"data":"","t":1775500591217,"cmd":"get_depo_limits"},"cmd":"get_depo_limits","t":1775500591217,"id":51}
2026-04-06 21:36:31.450 LOG 1: После dispatch: cmd=get_depo_limits, data тип=table
2026-04-06 21:36:31.500 LOG 0: Запрос от C# 1 (req_id=52): {"data":{"data":"TQOB|SU26221RMFS0|ISINCODE","t":1775500591254,"cmd":"getParamEx"},"cmd":"getParamEx","t":1775500591254,"id":52}
2026-04-06 21:36:31.550 LOG 1: После dispatch: cmd=getParamEx, data тип=table
2026-04-06 21:36:31.600 LOG 0: Запрос от C# 1 (req_id=53): {"data":{"data":"TQOB|SU26221RMFS0|SEC_FACE_VALUE","t":1775500591255,"cmd":"getParamEx"},"cmd":"getParamEx","t":1775500591255,"id":53}
2026-04-06 21:36:31.650 LOG 1: После dispatch: cmd=getParamEx, data тип=table
2026-04-06 21:36:31.700 LOG 0: Запрос от C# 1 (req_id=54): {"data":{"data":"TQOB|SU26221RMFS0|COUPONPERIOD","t":1775500591256,"cmd":"getParamEx"},"cmd":"getParamEx","t":1775500591256,"id":54}
2026-04-06 21:36:31.750 LOG 1: После dispatch: cmd=getParamEx, data тип=table
2026-04-06 21:36:31.800 LOG 0: Запрос от C# 1 (req_id=55): {"data":{"data":"TQOB|SU26221RMFS0|COUPONVALUE","t":1775500591256,"cmd":"getParamEx"},"cmd":"getParamEx","t":1775500591256,"id":55}
2026-04-06 21:36:31.850 LOG 1: После dispatch: cmd=getParamEx, data тип=table
2026-04-06 21:36:31.900 LOG 0: Запрос от C# 1 (req_id=56): {"data":{"data":"TQOB|SU26221RMFS0|MAT_DATE","t":1775500591257,"cmd":"getParamEx"},"cmd":"getParamEx","t":1775500591257,"id":56}
2026-04-06 21:36:31.950 LOG 1: После dispatch: cmd=getParamEx, data тип=table
2026-04-06 21:36:31.000 LOG 0: Запрос от C# 1 (req_id=57): {"data":{"data":"TQOB|SU26221RMFS0|LAST","t":1775500591258,"cmd":"getParamEx"},"cmd":"getParamEx","t":1775500591258,"id":57}
2026-04-06 21:36:31.050 LOG 1: После dispatch: cmd=getParamEx, data тип=table
2026-04-06 21:36:31.100 LOG 0: Запрос от C# 1 (req_id=58): {"data":{"data":"TQOB|SU26221RMFS0|ACCRUEDINT","t":1775500591259,"cmd":"getParamEx"},"cmd":"getParamEx","t":1775500591259,"id":58}
2026-04-06 21:36:31.150 LOG 1: После dispatch: cmd=getParamEx, data тип=table
2026-04-06 21:36:31.200 LOG 0: Запрос от C# 1 (req_id=59): {"data":{"data":"","t":1775500591259,"cmd":"get_depo_limits"},"cmd":"get_depo_limits","t":1775500591259,"id":59}
2026-04-06 21:36:31.250 LOG 1: После dispatch: cmd=get_depo_limits, data тип=table
2026-04-06 21:36:31.300 LOG 0: Запрос от C# 1 (req_id=60): {"data":{"data":"TQOB|SU26224RMFS4|ISINCODE","t":1775500591315,"cmd":"getParamEx"},"cmd":"getParamEx","t":1775500591315,"id":60}
2026-04-06 21:36:31.350 LOG 1: После dispatch: cmd=getParamEx, data тип=table
2026-04-06 21:36:31.400 LOG 0: Запрос от C# 1 (req_id=61): {"data":{"data":"TQOB|SU26224RMFS4|SEC_FACE_VALUE","t":1775500591316,"cmd":"getParamEx"},"cmd":"getParamEx","t":1775500591316,"id":61}
2026-04-06 21:36:31.450 LOG 1: После dispatch: cmd=getParamEx, data тип=table
2026-04-06 21:36:31.500 LOG 0: Запрос от C# 1 (req_id=62): {"data":{"data":"TQOB|SU26224RMFS4|COUPONPERIOD","t":1775500591320,"cmd":"getParamEx"},"cmd":"getParamEx","t":1775500591320,"id":62}
2026-04-06 21:36:31.550 LOG 1: После dispatch: cmd=getParamEx, data тип=table
2026-04-06 21:36:31.600 LOG 0: Запрос от C# 1 (req_id=63): {"data":{"data":"TQOB|SU26224RMFS4|COUPONVALUE","t":1775500591320,"cmd":"getParamEx"},"cmd":"getParamEx","t":1775500591320,"id":63}
2026-04-06 21:36:31.650 LOG 1: После dispatch: cmd=getParamEx, data тип=table
2026-04-06 21:36:31.700 LOG 0: Запрос от C# 1 (req_id=64): {"data":{"data":"TQOB|SU26224RMFS4|MAT_DATE","t":1775500591321,"cmd":"getParamEx"},"cmd":"getParamEx","t":1775500591321,"id":64}
2026-04-06 21:36:31.750 LOG 1: После dispatch: cmd=getParamEx, data тип=table
2026-04-06 21:36:31.800 LOG 0: Запрос от C# 1 (req_id=65): {"data":{"data":"TQOB|SU26224RMFS4|LAST","t":1775500591322,"cmd":"getParamEx"},"cmd":"getParamEx","t":1775500591322,"id":65}
2026-04-06 21:36:31.850 LOG 1: После dispatch: cmd=getParamEx, data тип=table
2026-04-06 21:36:31.900 LOG 0: Запрос от C# 1 (req_id=66): {"data":{"data":"TQOB|SU26224RMFS4|ACCRUEDINT","t":1775500591323,"cmd":"getParamEx"},"cmd":"getParamEx","t":1775500591323,"id":66}
2026-04-06 21:36:31.950 LOG 1: После dispatch: cmd=getParamEx, data тип=table
2026-04-06 21:36:31.000 LOG 0: Запрос от C# 1 (req_id=67): {"data":{"data":"","t":1775500591323,"cmd":"get_depo_limits"},"cmd":"get_depo_limits","t":1775500591323,"id":67}
2026-04-06 21:36:31.050 LOG 1: После dispatch: cmd=get_depo_limits, data тип=table
2026-04-06 21:36:31.100 LOG 0: Запрос от C# 1 (req_id=68): {"data":{"data":"TQOB|SU26225RMFS1|ISINCODE","t":1775500591363,"cmd":"getParamEx"},"cmd":"getParamEx","t":1775500591363,"id":68}
2026-04-06 21:36:31.150 LOG 1: После dispatch: cmd=getParamEx, data тип=table
2026-04-06 21:36:31.200 LOG 0: Запрос от C# 1 (req_id=69): {"data":{"data":"TQOB|SU26225RMFS1|SEC_FACE_VALUE","t":1775500591364,"cmd":"getParamEx"},"cmd":"getParamEx","t":1775500591364,"id":69}
2026-04-06 21:36:31.250 LOG 1: После dispatch: cmd=getParamEx, data тип=table
2026-04-06 21:36:31.300 LOG 0: Запрос от C# 1 (req_id=70): {"data":{"data":"TQOB|SU26225RMFS1|COUPONPERIOD","t":1775500591365,"cmd":"getParamEx"},"cmd":"getParamEx","t":1775500591365,"id":70}
2026-04-06 21:36:31.350 LOG 1: После dispatch: cmd=getParamEx, data тип=table
2026-04-06 21:36:31.400 LOG 0: Запрос от C# 1 (req_id=71): {"data":{"data":"TQOB|SU26225RMFS1|COUPONVALUE","t":1775500591365,"cmd":"getParamEx"},"cmd":"getParamEx","t":1775500591365,"id":71}
2026-04-06 21:36:31.450 LOG 1: После dispatch: cmd=getParamEx, data тип=table
2026-04-06 21:36:31.500 LOG 0: Запрос от C# 1 (req_id=72): {"data":{"data":"TQOB|SU26225RMFS1|MAT_DATE","t":1775500591366,"cmd":"getParamEx"},"cmd":"getParamEx","t":1775500591366,"id":72}
2026-04-06 21:36:31.550 LOG 1: После dispatch: cmd=getParamEx, data тип=table
2026-04-06 21:36:31.600 LOG 0: Запрос от C# 1 (req_id=73): {"data":{"data":"TQOB|SU26225RMFS1|LAST","t":1775500591367,"cmd":"getParamEx"},"cmd":"getParamEx","t":1775500591367,"id":73}
2026-04-06 21:36:31.650 LOG 1: После dispatch: cmd=getParamEx, data тип=table
2026-04-06 21:36:31.700 LOG 0: Запрос от C# 1 (req_id=74): {"data":{"data":"TQOB|SU26225RMFS1|ACCRUEDINT","t":1775500591367,"cmd":"getParamEx"},"cmd":"getParamEx","t":1775500591367,"id":74}
2026-04-06 21:36:31.750 LOG 1: После dispatch: cmd=getParamEx, data тип=table
2026-04-06 21:36:31.800 LOG 0: Запрос от C# 1 (req_id=75): {"data":{"data":"","t":1775500591368,"cmd":"get_depo_limits"},"cmd":"get_depo_limits","t":1775500591368,"id":75}
2026-04-06 21:36:31.850 LOG 1: После dispatch: cmd=get_depo_limits, data тип=table
2026-04-06 21:36:31.900 LOG 0: Запрос от C# 1 (req_id=76): {"data":{"data":"TQOB|SU26226RMFS9|ISINCODE","t":1775500591419,"cmd":"getParamEx"},"cmd":"getParamEx","t":1775500591419,"id":76}
2026-04-06 21:36:31.950 LOG 1: После dispatch: cmd=getParamEx, data тип=table
2026-04-06 21:36:31.000 LOG 0: Запрос от C# 1 (req_id=77): {"data":{"data":"TQOB|SU26226RMFS9|SEC_FACE_VALUE","t":1775500591420,"cmd":"getParamEx"},"cmd":"getParamEx","t":1775500591420,"id":77}
2026-04-06 21:36:31.050 LOG 1: После dispatch: cmd=getParamEx, data тип=table
2026-04-06 21:36:31.100 LOG 0: Запрос от C# 1 (req_id=78): {"data":{"data":"TQOB|SU26226RMFS9|COUPONPERIOD","t":1775500591421,"cmd":"getParamEx"},"cmd":"getParamEx","t":1775500591421,"id":78}
2026-04-06 21:36:31.150 LOG 1: После dispatch: cmd=getParamEx, data тип=table
2026-04-06 21:36:31.200 LOG 0: Запрос от C# 1 (req_id=79): {"data":{"data":"TQOB|SU26226RMFS9|COUPONVALUE","t":1775500591422,"cmd":"getParamEx"},"cmd":"getParamEx","t":1775500591422,"id":79}
2026-04-06 21:36:31.250 LOG 1: После dispatch: cmd=getParamEx, data тип=table
2026-04-06 21:36:31.300 LOG 0: Запрос от C# 1 (req_id=80): {"data":{"data":"TQOB|SU26226RMFS9|MAT_DATE","t":1775500591423,"cmd":"getParamEx"},"cmd":"getParamEx","t":1775500591423,"id":80}
2026-04-06 21:36:31.350 LOG 1: После dispatch: cmd=getParamEx, data тип=table
2026-04-06 21:36:31.400 LOG 0: Запрос от C# 1 (req_id=81): {"data":{"data":"TQOB|SU26226RMFS9|LAST","t":1775500591424,"cmd":"getParamEx"},"cmd":"getParamEx","t":1775500591424,"id":81}
2026-04-06 21:36:31.450 LOG 1: После dispatch: cmd=getParamEx, data тип=table
2026-04-06 21:36:31.500 LOG 0: Запрос от C# 1 (req_id=82): {"data":{"data":"TQOB|SU26226RMFS9|ACCRUEDINT","t":1775500591424,"cmd":"getParamEx"},"cmd":"getParamEx","t":1775500591424,"id":82}
2026-04-06 21:36:31.550 LOG 1: После dispatch: cmd=getParamEx, data тип=table
2026-04-06 21:36:31.600 LOG 0: Запрос от C# 1 (req_id=83): {"data":{"data":"","t":1775500591425,"cmd":"get_depo_limits"},"cmd":"get_depo_limits","t":1775500591425,"id":83}
2026-04-06 21:36:31.650 LOG 1: После dispatch: cmd=get_depo_limits, data тип=table
2026-04-06 21:36:31.750 LOG 0: Запрос от C# 1 (req_id=84): {"data":{"data":"TQOB|SU26226RMFS9","t":1775500591472,"cmd":"Subscribe_Level_II_Quotes"},"cmd":"Subscribe_Level_II_Quotes","t":1775500591472,"id":84}
2026-04-06 21:36:31.800 LOG 1: Subscribe_Level_II_Quotes called | raw data: TQOB|SU26226RMFS9
2026-04-06 21:36:31.850 LOG 1: Subscribe Level II: class=TQOB, sec=SU26226RMFS9
2026-04-06 21:36:31.900 LOG 1: После dispatch: cmd=Subscribe_Level_II_Quotes, data тип=boolean
2026-04-06 21:36:31.950 LOG 0: Запрос от C# 1 (req_id=85): {"data":{"data":"TQOB|SU26228RMFS5|ISINCODE","t":1775500591473,"cmd":"getParamEx"},"cmd":"getParamEx","t":1775500591473,"id":85}
2026-04-06 21:36:31.000 LOG 1: После dispatch: cmd=getParamEx, data тип=table
2026-04-06 21:36:31.050 LOG 0: Запрос от C# 1 (req_id=86): {"data":{"data":"TQOB|SU26228RMFS5|SEC_FACE_VALUE","t":1775500591474,"cmd":"getParamEx"},"cmd":"getParamEx","t":1775500591474,"id":86}
2026-04-06 21:36:31.100 LOG 1: После dispatch: cmd=getParamEx, data тип=table
2026-04-06 21:36:31.150 LOG 0: Запрос от C# 1 (req_id=87): {"data":{"data":"TQOB|SU26228RMFS5|COUPONPERIOD","t":1775500591475,"cmd":"getParamEx"},"cmd":"getParamEx","t":1775500591475,"id":87}
2026-04-06 21:36:31.200 LOG 1: После dispatch: cmd=getParamEx, data тип=table
2026-04-06 21:36:31.250 LOG 0: Запрос от C# 1 (req_id=88): {"data":{"data":"TQOB|SU26228RMFS5|COUPONVALUE","t":1775500591475,"cmd":"getParamEx"},"cmd":"getParamEx","t":1775500591475,"id":88}
2026-04-06 21:36:31.300 LOG 1: После dispatch: cmd=getParamEx, data тип=table
2026-04-06 21:36:31.350 LOG 0: Запрос от C# 1 (req_id=89): {"data":{"data":"TQOB|SU26228RMFS5|MAT_DATE","t":1775500591476,"cmd":"getParamEx"},"cmd":"getParamEx","t":1775500591476,"id":89}
2026-04-06 21:36:31.400 LOG 1: После dispatch: cmd=getParamEx, data тип=table
2026-04-06 21:36:31.450 LOG 0: Запрос от C# 1 (req_id=90): {"data":{"data":"TQOB|SU26228RMFS5|LAST","t":1775500591477,"cmd":"getParamEx"},"cmd":"getParamEx","t":1775500591477,"id":90}
2026-04-06 21:36:31.500 LOG 1: После dispatch: cmd=getParamEx, data тип=table
2026-04-06 21:36:31.550 LOG 0: Запрос от C# 1 (req_id=91): {"data":{"data":"TQOB|SU26228RMFS5|ACCRUEDINT","t":1775500591478,"cmd":"getParamEx"},"cmd":"getParamEx","t":1775500591478,"id":91}
2026-04-06 21:36:31.600 LOG 1: После dispatch: cmd=getParamEx, data тип=table
2026-04-06 21:36:31.650 LOG 0: Запрос от C# 1 (req_id=92): {"data":{"data":"","t":1775500591479,"cmd":"get_depo_limits"},"cmd":"get_depo_limits","t":1775500591479,"id":92}
2026-04-06 21:36:31.700 LOG 1: После dispatch: cmd=get_depo_limits, data тип=table
2026-04-06 21:36:31.750 LOG 0: Запрос от C# 1 (req_id=93): {"data":{"data":"TQOB|SU26230RMFS1|ISINCODE","t":1775500591537,"cmd":"getParamEx"},"cmd":"getParamEx","t":1775500591537,"id":93}
2026-04-06 21:36:31.800 LOG 1: После dispatch: cmd=getParamEx, data тип=table
2026-04-06 21:36:31.850 LOG 0: Запрос от C# 1 (req_id=94): {"data":{"data":"TQOB|SU26230RMFS1|SEC_FACE_VALUE","t":1775500591538,"cmd":"getParamEx"},"cmd":"getParamEx","t":1775500591538,"id":94}
2026-04-06 21:36:31.900 LOG 1: После dispatch: cmd=getParamEx, data тип=table
2026-04-06 21:36:31.950 LOG 0: Запрос от C# 1 (req_id=95): {"data":{"data":"TQOB|SU26230RMFS1|COUPONPERIOD","t":1775500591539,"cmd":"getParamEx"},"cmd":"getParamEx","t":1775500591539,"id":95}
2026-04-06 21:36:31.000 LOG 1: После dispatch: cmd=getParamEx, data тип=table
2026-04-06 21:36:31.050 LOG 0: Запрос от C# 1 (req_id=96): {"data":{"data":"TQOB|SU26230RMFS1|COUPONVALUE","t":1775500591539,"cmd":"getParamEx"},"cmd":"getParamEx","t":1775500591539,"id":96}
2026-04-06 21:36:31.100 LOG 1: После dispatch: cmd=getParamEx, data тип=table
2026-04-06 21:36:31.150 LOG 0: Запрос от C# 1 (req_id=97): {"data":{"data":"TQOB|SU26230RMFS1|MAT_DATE","t":1775500591540,"cmd":"getParamEx"},"cmd":"getParamEx","t":1775500591540,"id":97}
2026-04-06 21:36:31.200 LOG 1: После dispatch: cmd=getParamEx, data тип=table
2026-04-06 21:36:31.250 LOG 0: Запрос от C# 1 (req_id=98): {"data":{"data":"TQOB|SU26230RMFS1|LAST","t":1775500591541,"cmd":"getParamEx"},"cmd":"getParamEx","t":1775500591541,"id":98}
2026-04-06 21:36:31.300 LOG 1: После dispatch: cmd=getParamEx, data тип=table
2026-04-06 21:36:31.350 LOG 0: Запрос от C# 1 (req_id=99): {"data":{"data":"TQOB|SU26230RMFS1|ACCRUEDINT","t":1775500591541,"cmd":"getParamEx"},"cmd":"getParamEx","t":1775500591541,"id":99}
2026-04-06 21:36:31.400 LOG 1: После dispatch: cmd=getParamEx, data тип=table
2026-04-06 21:36:31.450 LOG 0: Запрос от C# 1 (req_id=100): {"data":{"data":"","t":1775500591542,"cmd":"get_depo_limits"},"cmd":"get_depo_limits","t":1775500591542,"id":100}
2026-04-06 21:36:31.500 LOG 1: После dispatch: cmd=get_depo_limits, data тип=table
2026-04-06 21:36:31.650 LOG 0: Запрос от C# 1 (req_id=101): {"data":{"data":"TQOB|SU26231RMFS9|ISINCODE","t":1775500591582,"cmd":"getParamEx"},"cmd":"getParamEx","t":1775500591582,"id":101}
2026-04-06 21:36:31.700 LOG 1: После dispatch: cmd=getParamEx, data тип=table
2026-04-06 21:36:31.750 LOG 0: Запрос от C# 1 (req_id=102): {"data":{"data":"TQOB|SU26231RMFS9|SEC_FACE_VALUE","t":1775500591583,"cmd":"getParamEx"},"cmd":"getParamEx","t":1775500591583,"id":102}
2026-04-06 21:36:31.800 LOG 1: После dispatch: cmd=getParamEx, data тип=table
2026-04-06 21:36:31.850 LOG 0: Запрос от C# 1 (req_id=103): {"data":{"data":"TQOB|SU26231RMFS9|COUPONPERIOD","t":1775500591584,"cmd":"getParamEx"},"cmd":"getParamEx","t":1775500591584,"id":103}
2026-04-06 21:36:31.900 LOG 1: После dispatch: cmd=getParamEx, data тип=table
2026-04-06 21:36:31.950 LOG 0: Запрос от C# 1 (req_id=104): {"data":{"data":"TQOB|SU26231RMFS9|COUPONVALUE","t":1775500591584,"cmd":"getParamEx"},"cmd":"getParamEx","t":1775500591584,"id":104}
2026-04-06 21:36:31.000 LOG 1: После dispatch: cmd=getParamEx, data тип=table
2026-04-06 21:36:31.050 LOG 0: Запрос от C# 1 (req_id=105): {"data":{"data":"TQOB|SU26231RMFS9|MAT_DATE","t":1775500591585,"cmd":"getParamEx"},"cmd":"getParamEx","t":1775500591585,"id":105}
2026-04-06 21:36:31.100 LOG 1: После dispatch: cmd=getParamEx, data тип=table
2026-04-06 21:36:31.150 LOG 0: Запрос от C# 1 (req_id=106): {"data":{"data":"TQOB|SU26231RMFS9|LAST","t":1775500591585,"cmd":"getParamEx"},"cmd":"getParamEx","t":1775500591585,"id":106}
2026-04-06 21:36:31.200 LOG 1: После dispatch: cmd=getParamEx, data тип=table
2026-04-06 21:36:31.250 LOG 0: Запрос от C# 1 (req_id=107): {"data":{"data":"TQOB|SU26231RMFS9|ACCRUEDINT","t":1775500591586,"cmd":"getParamEx"},"cmd":"getParamEx","t":1775500591586,"id":107}
2026-04-06 21:36:31.300 LOG 1: После dispatch: cmd=getParamEx, data тип=table
2026-04-06 21:36:31.350 LOG 0: Запрос от C# 1 (req_id=108): {"data":{"data":"","t":1775500591586,"cmd":"get_depo_limits"},"cmd":"get_depo_limits","t":1775500591586,"id":108}
2026-04-06 21:36:31.400 LOG 1: После dispatch: cmd=get_depo_limits, data тип=table
2026-04-06 21:36:31.450 LOG 0: Запрос от C# 1 (req_id=109): {"data":{"data":"TQOB|SU26232RMFS7|ISINCODE","t":1775500591630,"cmd":"getParamEx"},"cmd":"getParamEx","t":1775500591630,"id":109}
2026-04-06 21:36:31.500 LOG 1: После dispatch: cmd=getParamEx, data тип=table
2026-04-06 21:36:31.550 LOG 0: Запрос от C# 1 (req_id=110): {"data":{"data":"TQOB|SU26232RMFS7|SEC_FACE_VALUE","t":1775500591631,"cmd":"getParamEx"},"cmd":"getParamEx","t":1775500591631,"id":110}
2026-04-06 21:36:31.600 LOG 1: После dispatch: cmd=getParamEx, data тип=table
2026-04-06 21:36:31.650 LOG 0: Запрос от C# 1 (req_id=111): {"data":{"data":"TQOB|SU26232RMFS7|COUPONPERIOD","t":1775500591632,"cmd":"getParamEx"},"cmd":"getParamEx","t":1775500591632,"id":111}
2026-04-06 21:36:31.700 LOG 1: После dispatch: cmd=getParamEx, data тип=table
2026-04-06 21:36:31.750 LOG 0: Запрос от C# 1 (req_id=112): {"data":{"data":"TQOB|SU26232RMFS7|COUPONVALUE","t":1775500591633,"cmd":"getParamEx"},"cmd":"getParamEx","t":1775500591633,"id":112}
2026-04-06 21:36:31.800 LOG 1: После dispatch: cmd=getParamEx, data тип=table
2026-04-06 21:36:31.850 LOG 0: Запрос от C# 1 (req_id=113): {"data":{"data":"TQOB|SU26232RMFS7|MAT_DATE","t":1775500591634,"cmd":"getParamEx"},"cmd":"getParamEx","t":1775500591634,"id":113}
2026-04-06 21:36:31.900 LOG 1: После dispatch: cmd=getParamEx, data тип=table
2026-04-06 21:36:31.950 LOG 0: Запрос от C# 1 (req_id=114): {"data":{"data":"TQOB|SU26232RMFS7|LAST","t":1775500591634,"cmd":"getParamEx"},"cmd":"getParamEx","t":1775500591634,"id":114}
2026-04-06 21:36:31.000 LOG 1: После dispatch: cmd=getParamEx, data тип=table
2026-04-06 21:36:31.050 LOG 0: Запрос от C# 1 (req_id=115): {"data":{"data":"TQOB|SU26232RMFS7|ACCRUEDINT","t":1775500591635,"cmd":"getParamEx"},"cmd":"getParamEx","t":1775500591635,"id":115}
2026-04-06 21:36:31.100 LOG 1: После dispatch: cmd=getParamEx, data тип=table
2026-04-06 21:36:31.150 LOG 0: Запрос от C# 1 (req_id=116): {"data":{"data":"","t":1775500591636,"cmd":"get_depo_limits"},"cmd":"get_depo_limits","t":1775500591636,"id":116}
2026-04-06 21:36:31.200 LOG 1: После dispatch: cmd=get_depo_limits, data тип=table
2026-04-06 21:36:31.250 LOG 0: Запрос от C# 1 (req_id=117): {"data":{"data":"TQOB|SU26233RMFS5|ISINCODE","t":1775500591684,"cmd":"getParamEx"},"cmd":"getParamEx","t":1775500591684,"id":117}
2026-04-06 21:36:31.300 LOG 1: После dispatch: cmd=getParamEx, data тип=table
2026-04-06 21:36:31.350 LOG 0: Запрос от C# 1 (req_id=118): {"data":{"data":"TQOB|SU26233RMFS5|SEC_FACE_VALUE","t":1775500591686,"cmd":"getParamEx"},"cmd":"getParamEx","t":1775500591686,"id":118}
2026-04-06 21:36:31.400 LOG 1: После dispatch: cmd=getParamEx, data тип=table
2026-04-06 21:36:31.450 LOG 0: Запрос от C# 1 (req_id=119): {"data":{"data":"TQOB|SU26233RMFS5|COUPONPERIOD","t":1775500591689,"cmd":"getParamEx"},"cmd":"getParamEx","t":1775500591689,"id":119}
2026-04-06 21:36:31.500 LOG 1: После dispatch: cmd=getParamEx, data тип=table
2026-04-06 21:36:31.550 LOG 0: Запрос от C# 1 (req_id=120): {"data":{"data":"TQOB|SU26233RMFS5|COUPONVALUE","t":1775500591690,"cmd":"getParamEx"},"cmd":"getParamEx","t":1775500591690,"id":120}
2026-04-06 21:36:31.600 LOG 1: После dispatch: cmd=getParamEx, data тип=table
2026-04-06 21:36:31.650 LOG 0: Запрос от C# 1 (req_id=121): {"data":{"data":"TQOB|SU26233RMFS5|MAT_DATE","t":1775500591692,"cmd":"getParamEx"},"cmd":"getParamEx","t":1775500591692,"id":121}
2026-04-06 21:36:31.700 LOG 1: После dispatch: cmd=getParamEx, data тип=table
2026-04-06 21:36:31.750 LOG 0: Запрос от C# 1 (req_id=122): {"data":{"data":"TQOB|SU26233RMFS5|LAST","t":1775500591698,"cmd":"getParamEx"},"cmd":"getParamEx","t":1775500591698,"id":122}
2026-04-06 21:36:31.800 LOG 1: После dispatch: cmd=getParamEx, data тип=table
2026-04-06 21:36:31.850 LOG 0: Запрос от C# 1 (req_id=123): {"data":{"data":"TQOB|SU26233RMFS5|ACCRUEDINT","t":1775500591699,"cmd":"getParamEx"},"cmd":"getParamEx","t":1775500591699,"id":123}
2026-04-06 21:36:31.900 LOG 1: После dispatch: cmd=getParamEx, data тип=table
2026-04-06 21:36:31.950 LOG 0: Запрос от C# 1 (req_id=124): {"data":{"data":"","t":1775500591700,"cmd":"get_depo_limits"},"cmd":"get_depo_limits","t":1775500591700,"id":124}
2026-04-06 21:36:31.150 LOG 1: После dispatch: cmd=get_depo_limits, data тип=table
2026-04-06 21:36:31.200 LOG 0: Запрос от C# 1 (req_id=125): {"data":{"data":"TQOB|SU26235RMFS0|ISINCODE","t":1775500591747,"cmd":"getParamEx"},"cmd":"getParamEx","t":1775500591747,"id":125}
2026-04-06 21:36:31.250 LOG 1: После dispatch: cmd=getParamEx, data тип=table
2026-04-06 21:36:31.300 LOG 0: Запрос от C# 1 (req_id=126): {"data":{"data":"TQOB|SU26235RMFS0|SEC_FACE_VALUE","t":1775500591748,"cmd":"getParamEx"},"cmd":"getParamEx","t":1775500591748,"id":126}
2026-04-06 21:36:31.350 LOG 1: После dispatch: cmd=getParamEx, data тип=table
2026-04-06 21:36:31.400 LOG 0: Запрос от C# 1 (req_id=127): {"data":{"data":"TQOB|SU26235RMFS0|COUPONPERIOD","t":1775500591749,"cmd":"getParamEx"},"cmd":"getParamEx","t":1775500591749,"id":127}
2026-04-06 21:36:31.450 LOG 1: После dispatch: cmd=getParamEx, data тип=table
2026-04-06 21:36:31.500 LOG 0: Запрос от C# 1 (req_id=128): {"data":{"data":"TQOB|SU26235RMFS0|COUPONVALUE","t":1775500591750,"cmd":"getParamEx"},"cmd":"getParamEx","t":1775500591750,"id":128}
2026-04-06 21:36:31.550 LOG 1: После dispatch: cmd=getParamEx, data тип=table
2026-04-06 21:36:31.600 LOG 0: Запрос от C# 1 (req_id=129): {"data":{"data":"TQOB|SU26235RMFS0|MAT_DATE","t":1775500591750,"cmd":"getParamEx"},"cmd":"getParamEx","t":1775500591750,"id":129}
2026-04-06 21:36:31.650 LOG 1: После dispatch: cmd=getParamEx, data тип=table
2026-04-06 21:36:31.700 LOG 0: Запрос от C# 1 (req_id=130): {"data":{"data":"TQOB|SU26235RMFS0|LAST","t":1775500591751,"cmd":"getParamEx"},"cmd":"getParamEx","t":1775500591751,"id":130}
2026-04-06 21:36:31.750 LOG 1: После dispatch: cmd=getParamEx, data тип=table
2026-04-06 21:36:31.800 LOG 0: Запрос от C# 1 (req_id=131): {"data":{"data":"TQOB|SU26235RMFS0|ACCRUEDINT","t":1775500591752,"cmd":"getParamEx"},"cmd":"getParamEx","t":1775500591752,"id":131}
2026-04-06 21:36:31.850 LOG 1: После dispatch: cmd=getParamEx, data тип=table
2026-04-06 21:36:31.900 LOG 0: Запрос от C# 1 (req_id=132): {"data":{"data":"","t":1775500591752,"cmd":"get_depo_limits"},"cmd":"get_depo_limits","t":1775500591752,"id":132}
2026-04-06 21:36:31.950 LOG 1: После dispatch: cmd=get_depo_limits, data тип=table
2026-04-06 21:36:31.100 LOG 0: Запрос от C# 1 (req_id=133): {"data":{"data":"TQOB|SU26236RMFS8|ISINCODE","t":1775500591799,"cmd":"getParamEx"},"cmd":"getParamEx","t":1775500591799,"id":133}
2026-04-06 21:36:31.150 LOG 1: После dispatch: cmd=getParamEx, data тип=table
2026-04-06 21:36:31.200 LOG 0: Запрос от C# 1 (req_id=134): {"data":{"data":"TQOB|SU26236RMFS8|SEC_FACE_VALUE","t":1775500591800,"cmd":"getParamEx"},"cmd":"getParamEx","t":1775500591800,"id":134}
2026-04-06 21:36:31.250 LOG 1: После dispatch: cmd=getParamEx, data тип=table
2026-04-06 21:36:31.300 LOG 0: Запрос от C# 1 (req_id=135): {"data":{"data":"TQOB|SU26236RMFS8|COUPONPERIOD","t":1775500591801,"cmd":"getParamEx"},"cmd":"getParamEx","t":1775500591801,"id":135}
2026-04-06 21:36:31.350 LOG 1: После dispatch: cmd=getParamEx, data тип=table
2026-04-06 21:36:31.400 LOG 0: Запрос от C# 1 (req_id=136): {"data":{"data":"TQOB|SU26236RMFS8|COUPONVALUE","t":1775500591801,"cmd":"getParamEx"},"cmd":"getParamEx","t":1775500591801,"id":136}
2026-04-06 21:36:31.450 LOG 1: После dispatch: cmd=getParamEx, data тип=table
2026-04-06 21:36:31.500 LOG 0: Запрос от C# 1 (req_id=137): {"data":{"data":"TQOB|SU26236RMFS8|MAT_DATE","t":1775500591802,"cmd":"getParamEx"},"cmd":"getParamEx","t":1775500591802,"id":137}
2026-04-06 21:36:31.550 LOG 1: После dispatch: cmd=getParamEx, data тип=table
2026-04-06 21:36:31.600 LOG 0: Запрос от C# 1 (req_id=138): {"data":{"data":"TQOB|SU26236RMFS8|LAST","t":1775500591803,"cmd":"getParamEx"},"cmd":"getParamEx","t":1775500591803,"id":138}
2026-04-06 21:36:31.650 LOG 1: После dispatch: cmd=getParamEx, data тип=table
2026-04-06 21:36:31.700 LOG 0: Запрос от C# 1 (req_id=139): {"data":{"data":"TQOB|SU26236RMFS8|ACCRUEDINT","t":1775500591803,"cmd":"getParamEx"},"cmd":"getParamEx","t":1775500591803,"id":139}
2026-04-06 21:36:31.750 LOG 1: После dispatch: cmd=getParamEx, data тип=table
2026-04-06 21:36:31.800 LOG 0: Запрос от C# 1 (req_id=140): {"data":{"data":"","t":1775500591804,"cmd":"get_depo_limits"},"cmd":"get_depo_limits","t":1775500591804,"id":140}
2026-04-06 21:36:31.850 LOG 1: После dispatch: cmd=get_depo_limits, data тип=table
2026-04-06 21:36:31.900 LOG 0: Запрос от C# 1 (req_id=141): {"data":{"data":"TQOB|SU26237RMFS6|ISINCODE","t":1775500591843,"cmd":"getParamEx"},"cmd":"getParamEx","t":1775500591843,"id":141}
2026-04-06 21:36:31.950 LOG 1: После dispatch: cmd=getParamEx, data тип=table
2026-04-06 21:36:31.000 LOG 0: Запрос от C# 1 (req_id=142): {"data":{"data":"TQOB|SU26237RMFS6|SEC_FACE_VALUE","t":1775500591843,"cmd":"getParamEx"},"cmd":"getParamEx","t":1775500591843,"id":142}
2026-04-06 21:36:31.050 LOG 1: После dispatch: cmd=getParamEx, data тип=table
2026-04-06 21:36:31.100 LOG 0: Запрос от C# 1 (req_id=143): {"data":{"data":"TQOB|SU26237RMFS6|COUPONPERIOD","t":1775500591844,"cmd":"getParamEx"},"cmd":"getParamEx","t":1775500591844,"id":143}
2026-04-06 21:36:31.150 LOG 1: После dispatch: cmd=getParamEx, data тип=table
2026-04-06 21:36:31.200 LOG 0: Запрос от C# 1 (req_id=144): {"data":{"data":"TQOB|SU26237RMFS6|COUPONVALUE","t":1775500591845,"cmd":"getParamEx"},"cmd":"getParamEx","t":1775500591845,"id":144}
2026-04-06 21:36:31.250 LOG 1: После dispatch: cmd=getParamEx, data тип=table
2026-04-06 21:36:31.300 LOG 0: Запрос от C# 1 (req_id=145): {"data":{"data":"TQOB|SU26237RMFS6|MAT_DATE","t":1775500591846,"cmd":"getParamEx"},"cmd":"getParamEx","t":1775500591846,"id":145}
2026-04-06 21:36:31.350 LOG 1: После dispatch: cmd=getParamEx, data тип=table
2026-04-06 21:36:31.400 LOG 0: Запрос от C# 1 (req_id=146): {"data":{"data":"TQOB|SU26237RMFS6|LAST","t":1775500591847,"cmd":"getParamEx"},"cmd":"getParamEx","t":1775500591847,"id":146}
2026-04-06 21:36:31.450 LOG 1: После dispatch: cmd=getParamEx, data тип=table
2026-04-06 21:36:31.500 LOG 0: Запрос от C# 1 (req_id=147): {"data":{"data":"TQOB|SU26237RMFS6|ACCRUEDINT","t":1775500591848,"cmd":"getParamEx"},"cmd":"getParamEx","t":1775500591848,"id":147}
2026-04-06 21:36:31.550 LOG 1: После dispatch: cmd=getParamEx, data тип=table
2026-04-06 21:36:31.600 LOG 0: Запрос от C# 1 (req_id=148): {"data":{"data":"","t":1775500591848,"cmd":"get_depo_limits"},"cmd":"get_depo_limits","t":1775500591848,"id":148}
2026-04-06 21:36:31.650 LOG 1: После dispatch: cmd=get_depo_limits, data тип=table
2026-04-06 21:36:31.700 LOG 0: Запрос от C# 1 (req_id=149): {"data":{"data":"TQOB|SU26238RMFS4|ISINCODE","t":1775500591887,"cmd":"getParamEx"},"cmd":"getParamEx","t":1775500591887,"id":149}
2026-04-06 21:36:31.750 LOG 1: После dispatch: cmd=getParamEx, data тип=table
2026-04-06 21:36:31.800 LOG 0: Запрос от C# 1 (req_id=150): {"data":{"data":"TQOB|SU26238RMFS4|SEC_FACE_VALUE","t":1775500591888,"cmd":"getParamEx"},"cmd":"getParamEx","t":1775500591888,"id":150}
2026-04-06 21:36:31.850 LOG 1: После dispatch: cmd=getParamEx, data тип=table
2026-04-06 21:36:31.900 LOG 0: Запрос от C# 1 (req_id=151): {"data":{"data":"TQOB|SU26238RMFS4|COUPONPERIOD","t":1775500591888,"cmd":"getParamEx"},"cmd":"getParamEx","t":1775500591888,"id":151}
2026-04-06 21:36:31.950 LOG 1: После dispatch: cmd=getParamEx, data тип=table
2026-04-06 21:36:31.000 LOG 0: Запрос от C# 1 (req_id=152): {"data":{"data":"TQOB|SU26238RMFS4|COUPONVALUE","t":1775500591889,"cmd":"getParamEx"},"cmd":"getParamEx","t":1775500591889,"id":152}
2026-04-06 21:36:31.050 LOG 1: После dispatch: cmd=getParamEx, data тип=table
2026-04-06 21:36:31.100 LOG 0: Запрос от C# 1 (req_id=153): {"data":{"data":"TQOB|SU26238RMFS4|MAT_DATE","t":1775500591890,"cmd":"getParamEx"},"cmd":"getParamEx","t":1775500591890,"id":153}
2026-04-06 21:36:31.150 LOG 1: После dispatch: cmd=getParamEx, data тип=table
2026-04-06 21:36:31.200 LOG 0: Запрос от C# 1 (req_id=154): {"data":{"data":"TQOB|SU26238RMFS4|LAST","t":1775500591890,"cmd":"getParamEx"},"cmd":"getParamEx","t":1775500591890,"id":154}
2026-04-06 21:36:31.250 LOG 1: После dispatch: cmd=getParamEx, data тип=table
2026-04-06 21:36:31.300 LOG 0: Запрос от C# 1 (req_id=155): {"data":{"data":"TQOB|SU26238RMFS4|ACCRUEDINT","t":1775500591891,"cmd":"getParamEx"},"cmd":"getParamEx","t":1775500591891,"id":155}
2026-04-06 21:36:31.350 LOG 1: После dispatch: cmd=getParamEx, data тип=table
2026-04-06 21:36:31.400 LOG 0: Запрос от C# 1 (req_id=156): {"data":{"data":"","t":1775500591891,"cmd":"get_depo_limits"},"cmd":"get_depo_limits","t":1775500591891,"id":156}
2026-04-06 21:36:31.450 LOG 1: После dispatch: cmd=get_depo_limits, data тип=table
2026-04-06 21:36:31.500 LOG 0: Запрос от C# 1 (req_id=157): {"data":{"data":"TQOB|SU26239RMFS2|ISINCODE","t":1775500591936,"cmd":"getParamEx"},"cmd":"getParamEx","t":1775500591936,"id":157}
2026-04-06 21:36:31.550 LOG 1: После dispatch: cmd=getParamEx, data тип=table
2026-04-06 21:36:31.600 LOG 0: Запрос от C# 1 (req_id=158): {"data":{"data":"TQOB|SU26239RMFS2|SEC_FACE_VALUE","t":1775500591937,"cmd":"getParamEx"},"cmd":"getParamEx","t":1775500591937,"id":158}
2026-04-06 21:36:31.650 LOG 1: После dispatch: cmd=getParamEx, data тип=table
2026-04-06 21:36:31.700 LOG 0: Запрос от C# 1 (req_id=159): {"data":{"data":"TQOB|SU26239RMFS2|COUPONPERIOD","t":1775500591938,"cmd":"getParamEx"},"cmd":"getParamEx","t":1775500591938,"id":159}
2026-04-06 21:36:31.750 LOG 1: После dispatch: cmd=getParamEx, data тип=table
2026-04-06 21:36:31.800 LOG 0: Запрос от C# 1 (req_id=160): {"data":{"data":"TQOB|SU26239RMFS2|COUPONVALUE","t":1775500591939,"cmd":"getParamEx"},"cmd":"getParamEx","t":1775500591939,"id":160}
2026-04-06 21:36:31.850 LOG 1: После dispatch: cmd=getParamEx, data тип=table
2026-04-06 21:36:31.900 LOG 0: Запрос от C# 1 (req_id=161): {"data":{"data":"TQOB|SU26239RMFS2|MAT_DATE","t":1775500591940,"cmd":"getParamEx"},"cmd":"getParamEx","t":1775500591940,"id":161}
2026-04-06 21:36:31.950 LOG 1: После dispatch: cmd=getParamEx, data тип=table
2026-04-06 21:36:31.000 LOG 0: Запрос от C# 1 (req_id=162): {"data":{"data":"TQOB|SU26239RMFS2|LAST","t":1775500591940,"cmd":"getParamEx"},"cmd":"getParamEx","t":1775500591940,"id":162}
2026-04-06 21:36:31.050 LOG 1: После dispatch: cmd=getParamEx, data тип=table
2026-04-06 21:36:31.100 LOG 0: Запрос от C# 1 (req_id=163): {"data":{"data":"TQOB|SU26239RMFS2|ACCRUEDINT","t":1775500591941,"cmd":"getParamEx"},"cmd":"getParamEx","t":1775500591941,"id":163}
2026-04-06 21:36:31.150 LOG 1: После dispatch: cmd=getParamEx, data тип=table
2026-04-06 21:36:31.200 LOG 0: Запрос от C# 1 (req_id=164): {"data":{"data":"","t":1775500591942,"cmd":"get_depo_limits"},"cmd":"get_depo_limits","t":1775500591942,"id":164}
2026-04-06 21:36:31.250 LOG 1: После dispatch: cmd=get_depo_limits, data тип=table
2026-04-06 21:36:31.300 LOG 0: Запрос от C# 1 (req_id=165): {"data":{"data":"TQOB|SU26240RMFS0|ISINCODE","t":1775500591982,"cmd":"getParamEx"},"cmd":"getParamEx","t":1775500591982,"id":165}
2026-04-06 21:36:31.350 LOG 1: После dispatch: cmd=getParamEx, data тип=table
2026-04-06 21:36:31.400 LOG 0: Запрос от C# 1 (req_id=166): {"data":{"data":"TQOB|SU26240RMFS0|SEC_FACE_VALUE","t":1775500591983,"cmd":"getParamEx"},"cmd":"getParamEx","t":1775500591983,"id":166}
2026-04-06 21:36:31.450 LOG 1: После dispatch: cmd=getParamEx, data тип=table
2026-04-06 21:36:31.500 LOG 0: Запрос от C# 1 (req_id=167): {"data":{"data":"TQOB|SU26240RMFS0|COUPONPERIOD","t":1775500591984,"cmd":"getParamEx"},"cmd":"getParamEx","t":1775500591984,"id":167}
2026-04-06 21:36:31.550 LOG 1: После dispatch: cmd=getParamEx, data тип=table
2026-04-06 21:36:31.600 LOG 0: Запрос от C# 1 (req_id=168): {"data":{"data":"TQOB|SU26240RMFS0|COUPONVALUE","t":1775500591984,"cmd":"getParamEx"},"cmd":"getParamEx","t":1775500591984,"id":168}
2026-04-06 21:36:31.650 LOG 1: После dispatch: cmd=getParamEx, data тип=table
2026-04-06 21:36:31.700 LOG 0: Запрос от C# 1 (req_id=169): {"data":{"data":"TQOB|SU26240RMFS0|MAT_DATE","t":1775500591985,"cmd":"getParamEx"},"cmd":"getParamEx","t":1775500591985,"id":169}
2026-04-06 21:36:31.750 LOG 1: После dispatch: cmd=getParamEx, data тип=table
2026-04-06 21:36:31.800 LOG 0: Запрос от C# 1 (req_id=170): {"data":{"data":"TQOB|SU26240RMFS0|LAST","t":1775500591986,"cmd":"getParamEx"},"cmd":"getParamEx","t":1775500591986,"id":170}
2026-04-06 21:36:31.850 LOG 1: После dispatch: cmd=getParamEx, data тип=table
2026-04-06 21:36:31.900 LOG 0: Запрос от C# 1 (req_id=171): {"data":{"data":"TQOB|SU26240RMFS0|ACCRUEDINT","t":1775500591987,"cmd":"getParamEx"},"cmd":"getParamEx","t":1775500591987,"id":171}
2026-04-06 21:36:31.950 LOG 1: После dispatch: cmd=getParamEx, data тип=table
2026-04-06 21:36:31.000 LOG 0: Запрос от C# 1 (req_id=172): {"data":{"data":"","t":1775500591987,"cmd":"get_depo_limits"},"cmd":"get_depo_limits","t":1775500591987,"id":172}
2026-04-06 21:36:31.100 LOG 1: После dispatch: cmd=get_depo_limits, data тип=table
2026-04-06 21:36:32.050 LOG 0: Запрос от C# 1 (req_id=173): {"data":{"data":"TQOB|SU26241RMFS8|ISINCODE","t":1775500592033,"cmd":"getParamEx"},"cmd":"getParamEx","t":1775500592033,"id":173}
2026-04-06 21:36:32.100 LOG 1: После dispatch: cmd=getParamEx, data тип=table
2026-04-06 21:36:32.150 LOG 0: Запрос от C# 1 (req_id=174): {"data":{"data":"TQOB|SU26241RMFS8|SEC_FACE_VALUE","t":1775500592034,"cmd":"getParamEx"},"cmd":"getParamEx","t":1775500592034,"id":174}
2026-04-06 21:36:32.200 LOG 1: После dispatch: cmd=getParamEx, data тип=table
2026-04-06 21:36:32.250 LOG 0: Запрос от C# 1 (req_id=175): {"data":{"data":"TQOB|SU26241RMFS8|COUPONPERIOD","t":1775500592035,"cmd":"getParamEx"},"cmd":"getParamEx","t":1775500592035,"id":175}
2026-04-06 21:36:32.300 LOG 1: После dispatch: cmd=getParamEx, data тип=table
2026-04-06 21:36:32.350 LOG 0: Запрос от C# 1 (req_id=176): {"data":{"data":"TQOB|SU26241RMFS8|COUPONVALUE","t":1775500592035,"cmd":"getParamEx"},"cmd":"getParamEx","t":1775500592035,"id":176}
2026-04-06 21:36:32.400 LOG 1: После dispatch: cmd=getParamEx, data тип=table
2026-04-06 21:36:32.450 LOG 0: Запрос от C# 1 (req_id=177): {"data":{"data":"TQOB|SU26241RMFS8|MAT_DATE","t":1775500592036,"cmd":"getParamEx"},"cmd":"getParamEx","t":1775500592036,"id":177}
2026-04-06 21:36:32.500 LOG 1: После dispatch: cmd=getParamEx, data тип=table
2026-04-06 21:36:32.550 LOG 0: Запрос от C# 1 (req_id=178): {"data":{"data":"TQOB|SU26241RMFS8|LAST","t":1775500592037,"cmd":"getParamEx"},"cmd":"getParamEx","t":1775500592037,"id":178}
2026-04-06 21:36:32.600 LOG 1: После dispatch: cmd=getParamEx, data тип=table
2026-04-06 21:36:32.650 LOG 0: Запрос от C# 1 (req_id=179): {"data":{"data":"TQOB|SU26241RMFS8|ACCRUEDINT","t":1775500592037,"cmd":"getParamEx"},"cmd":"getParamEx","t":1775500592037,"id":179}
2026-04-06 21:36:32.700 LOG 1: После dispatch: cmd=getParamEx, data тип=table
2026-04-06 21:36:32.750 LOG 0: Запрос от C# 1 (req_id=180): {"data":{"data":"","t":1775500592038,"cmd":"get_depo_limits"},"cmd":"get_depo_limits","t":1775500592038,"id":180}
2026-04-06 21:36:32.800 LOG 1: После dispatch: cmd=get_depo_limits, data тип=table
2026-04-06 21:36:32.850 LOG 0: Запрос от C# 1 (req_id=181): {"data":{"data":"TQOB|SU26242RMFS6|ISINCODE","t":1775500592074,"cmd":"getParamEx"},"cmd":"getParamEx","t":1775500592074,"id":181}
2026-04-06 21:36:32.900 LOG 1: После dispatch: cmd=getParamEx, data тип=table
2026-04-06 21:36:32.950 LOG 0: Запрос от C# 1 (req_id=182): {"data":{"data":"TQOB|SU26242RMFS6|SEC_FACE_VALUE","t":1775500592075,"cmd":"getParamEx"},"cmd":"getParamEx","t":1775500592075,"id":182}
2026-04-06 21:36:32.000 LOG 1: После dispatch: cmd=getParamEx, data тип=table
2026-04-06 21:36:32.050 LOG 0: Запрос от C# 1 (req_id=183): {"data":{"data":"TQOB|SU26242RMFS6|COUPONPERIOD","t":1775500592076,"cmd":"getParamEx"},"cmd":"getParamEx","t":1775500592076,"id":183}
2026-04-06 21:36:32.100 LOG 1: После dispatch: cmd=getParamEx, data тип=table
2026-04-06 21:36:32.150 LOG 0: Запрос от C# 1 (req_id=184): {"data":{"data":"TQOB|SU26242RMFS6|COUPONVALUE","t":1775500592077,"cmd":"getParamEx"},"cmd":"getParamEx","t":1775500592077,"id":184}
2026-04-06 21:36:32.200 LOG 1: После dispatch: cmd=getParamEx, data тип=table
2026-04-06 21:36:32.250 LOG 0: Запрос от C# 1 (req_id=185): {"data":{"data":"TQOB|SU26242RMFS6|MAT_DATE","t":1775500592078,"cmd":"getParamEx"},"cmd":"getParamEx","t":1775500592078,"id":185}
2026-04-06 21:36:32.300 LOG 1: После dispatch: cmd=getParamEx, data тип=table
2026-04-06 21:36:32.350 LOG 0: Запрос от C# 1 (req_id=186): {"data":{"data":"TQOB|SU26242RMFS6|LAST","t":1775500592079,"cmd":"getParamEx"},"cmd":"getParamEx","t":1775500592079,"id":186}
2026-04-06 21:36:32.400 LOG 1: После dispatch: cmd=getParamEx, data тип=table
2026-04-06 21:36:32.450 LOG 0: Запрос от C# 1 (req_id=187): {"data":{"data":"TQOB|SU26242RMFS6|ACCRUEDINT","t":1775500592080,"cmd":"getParamEx"},"cmd":"getParamEx","t":1775500592080,"id":187}
2026-04-06 21:36:32.500 LOG 1: После dispatch: cmd=getParamEx, data тип=table
2026-04-06 21:36:32.550 LOG 0: Запрос от C# 1 (req_id=188): {"data":{"data":"","t":1775500592081,"cmd":"get_depo_limits"},"cmd":"get_depo_limits","t":1775500592081,"id":188}
2026-04-06 21:36:32.600 LOG 1: После dispatch: cmd=get_depo_limits, data тип=table
2026-04-06 21:36:32.700 LOG 0: Запрос от C# 1 (req_id=189): {"data":{"data":"TQOB|SU26243RMFS4|ISINCODE","t":1775500592136,"cmd":"getParamEx"},"cmd":"getParamEx","t":1775500592136,"id":189}
2026-04-06 21:36:32.750 LOG 1: После dispatch: cmd=getParamEx, data тип=table
2026-04-06 21:36:32.800 LOG 0: Запрос от C# 1 (req_id=190): {"data":{"data":"TQOB|SU26243RMFS4|SEC_FACE_VALUE","t":1775500592137,"cmd":"getParamEx"},"cmd":"getParamEx","t":1775500592137,"id":190}
2026-04-06 21:36:32.850 LOG 1: После dispatch: cmd=getParamEx, data тип=table
2026-04-06 21:36:32.900 LOG 0: Запрос от C# 1 (req_id=191): {"data":{"data":"TQOB|SU26243RMFS4|COUPONPERIOD","t":1775500592137,"cmd":"getParamEx"},"cmd":"getParamEx","t":1775500592137,"id":191}
2026-04-06 21:36:32.950 LOG 1: После dispatch: cmd=getParamEx, data тип=table
2026-04-06 21:36:32.000 LOG 0: Запрос от C# 1 (req_id=192): {"data":{"data":"TQOB|SU26243RMFS4|COUPONVALUE","t":1775500592139,"cmd":"getParamEx"},"cmd":"getParamEx","t":1775500592139,"id":192}
2026-04-06 21:36:32.050 LOG 1: После dispatch: cmd=getParamEx, data тип=table
2026-04-06 21:36:32.100 LOG 0: Запрос от C# 1 (req_id=193): {"data":{"data":"TQOB|SU26243RMFS4|MAT_DATE","t":1775500592139,"cmd":"getParamEx"},"cmd":"getParamEx","t":1775500592139,"id":193}
2026-04-06 21:36:32.150 LOG 1: После dispatch: cmd=getParamEx, data тип=table
2026-04-06 21:36:32.200 LOG 0: Запрос от C# 1 (req_id=194): {"data":{"data":"TQOB|SU26243RMFS4|LAST","t":1775500592140,"cmd":"getParamEx"},"cmd":"getParamEx","t":1775500592140,"id":194}
2026-04-06 21:36:32.250 LOG 1: После dispatch: cmd=getParamEx, data тип=table
2026-04-06 21:36:32.300 LOG 0: Запрос от C# 1 (req_id=195): {"data":{"data":"TQOB|SU26243RMFS4|ACCRUEDINT","t":1775500592141,"cmd":"getParamEx"},"cmd":"getParamEx","t":1775500592141,"id":195}
2026-04-06 21:36:32.350 LOG 1: После dispatch: cmd=getParamEx, data тип=table
2026-04-06 21:36:32.400 LOG 0: Запрос от C# 1 (req_id=196): {"data":{"data":"","t":1775500592142,"cmd":"get_depo_limits"},"cmd":"get_depo_limits","t":1775500592142,"id":196}
2026-04-06 21:36:32.450 LOG 1: После dispatch: cmd=get_depo_limits, data тип=table
2026-04-06 21:36:32.550 LOG 0: Запрос от C# 1 (req_id=197): {"data":{"data":"TQOB|SU26244RMFS2|ISINCODE","t":1775500592181,"cmd":"getParamEx"},"cmd":"getParamEx","t":1775500592181,"id":197}
2026-04-06 21:36:32.600 LOG 1: После dispatch: cmd=getParamEx, data тип=table
2026-04-06 21:36:32.650 LOG 0: Запрос от C# 1 (req_id=198): {"data":{"data":"TQOB|SU26244RMFS2|SEC_FACE_VALUE","t":1775500592181,"cmd":"getParamEx"},"cmd":"getParamEx","t":1775500592181,"id":198}
2026-04-06 21:36:32.700 LOG 1: После dispatch: cmd=getParamEx, data тип=table
2026-04-06 21:36:32.750 LOG 0: Запрос от C# 1 (req_id=199): {"data":{"data":"TQOB|SU26244RMFS2|COUPONPERIOD","t":1775500592182,"cmd":"getParamEx"},"cmd":"getParamEx","t":1775500592182,"id":199}
2026-04-06 21:36:32.800 LOG 1: После dispatch: cmd=getParamEx, data тип=table
2026-04-06 21:36:32.850 LOG 0: Запрос от C# 1 (req_id=200): {"data":{"data":"TQOB|SU26244RMFS2|COUPONVALUE","t":1775500592183,"cmd":"getParamEx"},"cmd":"getParamEx","t":1775500592183,"id":200}
2026-04-06 21:36:32.900 LOG 1: После dispatch: cmd=getParamEx, data тип=table
2026-04-06 21:36:32.950 LOG 0: Запрос от C# 1 (req_id=201): {"data":{"data":"TQOB|SU26244RMFS2|MAT_DATE","t":1775500592184,"cmd":"getParamEx"},"cmd":"getParamEx","t":1775500592184,"id":201}
2026-04-06 21:36:32.000 LOG 1: После dispatch: cmd=getParamEx, data тип=table
2026-04-06 21:36:32.050 LOG 0: Запрос от C# 1 (req_id=202): {"data":{"data":"TQOB|SU26244RMFS2|LAST","t":1775500592184,"cmd":"getParamEx"},"cmd":"getParamEx","t":1775500592184,"id":202}
2026-04-06 21:36:32.100 LOG 1: После dispatch: cmd=getParamEx, data тип=table
2026-04-06 21:36:32.150 LOG 0: Запрос от C# 1 (req_id=203): {"data":{"data":"TQOB|SU26244RMFS2|ACCRUEDINT","t":1775500592185,"cmd":"getParamEx"},"cmd":"getParamEx","t":1775500592185,"id":203}
2026-04-06 21:36:32.200 LOG 1: После dispatch: cmd=getParamEx, data тип=table
2026-04-06 21:36:32.250 LOG 0: Запрос от C# 1 (req_id=204): {"data":{"data":"","t":1775500592185,"cmd":"get_depo_limits"},"cmd":"get_depo_limits","t":1775500592185,"id":204}
2026-04-06 21:36:32.300 LOG 1: После dispatch: cmd=get_depo_limits, data тип=table
2026-04-06 21:36:32.350 LOG 0: Запрос от C# 1 (req_id=205): {"data":{"data":"TQOB|SU26245RMFS9|ISINCODE","t":1775500592230,"cmd":"getParamEx"},"cmd":"getParamEx","t":1775500592230,"id":205}
2026-04-06 21:36:32.400 LOG 1: После dispatch: cmd=getParamEx, data тип=table
2026-04-06 21:36:32.450 LOG 0: Запрос от C# 1 (req_id=206): {"data":{"data":"TQOB|SU26245RMFS9|SEC_FACE_VALUE","t":1775500592231,"cmd":"getParamEx"},"cmd":"getParamEx","t":1775500592231,"id":206}
2026-04-06 21:36:32.500 LOG 1: После dispatch: cmd=getParamEx, data тип=table
2026-04-06 21:36:32.550 LOG 0: Запрос от C# 1 (req_id=207): {"data":{"data":"TQOB|SU26245RMFS9|COUPONPERIOD","t":1775500592232,"cmd":"getParamEx"},"cmd":"getParamEx","t":1775500592232,"id":207}
2026-04-06 21:36:32.600 LOG 1: После dispatch: cmd=getParamEx, data тип=table
2026-04-06 21:36:32.650 LOG 0: Запрос от C# 1 (req_id=208): {"data":{"data":"TQOB|SU26245RMFS9|COUPONVALUE","t":1775500592233,"cmd":"getParamEx"},"cmd":"getParamEx","t":1775500592233,"id":208}
2026-04-06 21:36:32.700 LOG 1: После dispatch: cmd=getParamEx, data тип=table
2026-04-06 21:36:32.750 LOG 0: Запрос от C# 1 (req_id=209): {"data":{"data":"TQOB|SU26245RMFS9|MAT_DATE","t":1775500592234,"cmd":"getParamEx"},"cmd":"getParamEx","t":1775500592234,"id":209}
2026-04-06 21:36:32.800 LOG 1: После dispatch: cmd=getParamEx, data тип=table
2026-04-06 21:36:32.850 LOG 0: Запрос от C# 1 (req_id=210): {"data":{"data":"TQOB|SU26245RMFS9|LAST","t":1775500592234,"cmd":"getParamEx"},"cmd":"getParamEx","t":1775500592234,"id":210}
2026-04-06 21:36:32.900 LOG 1: После dispatch: cmd=getParamEx, data тип=table
2026-04-06 21:36:32.950 LOG 0: Запрос от C# 1 (req_id=211): {"data":{"data":"TQOB|SU26245RMFS9|ACCRUEDINT","t":1775500592235,"cmd":"getParamEx"},"cmd":"getParamEx","t":1775500592235,"id":211}
2026-04-06 21:36:32.000 LOG 1: После dispatch: cmd=getParamEx, data тип=table
2026-04-06 21:36:32.050 LOG 0: Запрос от C# 1 (req_id=212): {"data":{"data":"","t":1775500592236,"cmd":"get_depo_limits"},"cmd":"get_depo_limits","t":1775500592236,"id":212}
2026-04-06 21:36:32.100 LOG 1: После dispatch: cmd=get_depo_limits, data тип=table
2026-04-06 21:36:32.200 LOG 0: Запрос от C# 1 (req_id=213): {"data":{"data":"TQOB|SU26246RMFS7|ISINCODE","t":1775500592274,"cmd":"getParamEx"},"cmd":"getParamEx","t":1775500592274,"id":213}
2026-04-06 21:36:32.250 LOG 1: После dispatch: cmd=getParamEx, data тип=table
2026-04-06 21:36:32.300 LOG 0: Запрос от C# 1 (req_id=214): {"data":{"data":"TQOB|SU26246RMFS7|SEC_FACE_VALUE","t":1775500592275,"cmd":"getParamEx"},"cmd":"getParamEx","t":1775500592275,"id":214}
2026-04-06 21:36:32.350 LOG 1: После dispatch: cmd=getParamEx, data тип=table
2026-04-06 21:36:32.400 LOG 0: Запрос от C# 1 (req_id=215): {"data":{"data":"TQOB|SU26246RMFS7|COUPONPERIOD","t":1775500592276,"cmd":"getParamEx"},"cmd":"getParamEx","t":1775500592276,"id":215}
2026-04-06 21:36:32.450 LOG 1: После dispatch: cmd=getParamEx, data тип=table
2026-04-06 21:36:32.500 LOG 0: Запрос от C# 1 (req_id=216): {"data":{"data":"TQOB|SU26246RMFS7|COUPONVALUE","t":1775500592277,"cmd":"getParamEx"},"cmd":"getParamEx","t":1775500592277,"id":216}
2026-04-06 21:36:32.550 LOG 1: После dispatch: cmd=getParamEx, data тип=table
2026-04-06 21:36:32.600 LOG 0: Запрос от C# 1 (req_id=217): {"data":{"data":"TQOB|SU26246RMFS7|MAT_DATE","t":1775500592278,"cmd":"getParamEx"},"cmd":"getParamEx","t":1775500592278,"id":217}
2026-04-06 21:36:32.650 LOG 1: После dispatch: cmd=getParamEx, data тип=table
2026-04-06 21:36:32.700 LOG 0: Запрос от C# 1 (req_id=218): {"data":{"data":"TQOB|SU26246RMFS7|LAST","t":1775500592278,"cmd":"getParamEx"},"cmd":"getParamEx","t":1775500592278,"id":218}
2026-04-06 21:36:32.750 LOG 1: После dispatch: cmd=getParamEx, data тип=table
2026-04-06 21:36:32.800 LOG 0: Запрос от C# 1 (req_id=219): {"data":{"data":"TQOB|SU26246RMFS7|ACCRUEDINT","t":1775500592279,"cmd":"getParamEx"},"cmd":"getParamEx","t":1775500592279,"id":219}
2026-04-06 21:36:32.850 LOG 1: После dispatch: cmd=getParamEx, data тип=table
2026-04-06 21:36:32.900 LOG 0: Запрос от C# 1 (req_id=220): {"data":{"data":"","t":1775500592280,"cmd":"get_depo_limits"},"cmd":"get_depo_limits","t":1775500592280,"id":220}
2026-04-06 21:36:32.950 LOG 1: После dispatch: cmd=get_depo_limits, data тип=table
2026-04-06 21:36:32.100 LOG 0: Запрос от C# 1 (req_id=221): {"data":{"data":"TQOB|SU26247RMFS5|ISINCODE","t":1775500592334,"cmd":"getParamEx"},"cmd":"getParamEx","t":1775500592334,"id":221}
2026-04-06 21:36:32.150 LOG 1: После dispatch: cmd=getParamEx, data тип=table
2026-04-06 21:36:32.200 LOG 0: Запрос от C# 1 (req_id=222): {"data":{"data":"TQOB|SU26247RMFS5|SEC_FACE_VALUE","t":1775500592335,"cmd":"getParamEx"},"cmd":"getParamEx","t":1775500592335,"id":222}
2026-04-06 21:36:32.250 LOG 1: После dispatch: cmd=getParamEx, data тип=table
2026-04-06 21:36:32.300 LOG 0: Запрос от C# 1 (req_id=223): {"data":{"data":"TQOB|SU26247RMFS5|COUPONPERIOD","t":1775500592336,"cmd":"getParamEx"},"cmd":"getParamEx","t":1775500592336,"id":223}
2026-04-06 21:36:32.350 LOG 1: После dispatch: cmd=getParamEx, data тип=table
2026-04-06 21:36:32.400 LOG 0: Запрос от C# 1 (req_id=224): {"data":{"data":"TQOB|SU26247RMFS5|COUPONVALUE","t":1775500592337,"cmd":"getParamEx"},"cmd":"getParamEx","t":1775500592337,"id":224}
2026-04-06 21:36:32.450 LOG 1: После dispatch: cmd=getParamEx, data тип=table
2026-04-06 21:36:32.500 LOG 0: Запрос от C# 1 (req_id=225): {"data":{"data":"TQOB|SU26247RMFS5|MAT_DATE","t":1775500592337,"cmd":"getParamEx"},"cmd":"getParamEx","t":1775500592337,"id":225}
2026-04-06 21:36:32.550 LOG 1: После dispatch: cmd=getParamEx, data тип=table
2026-04-06 21:36:32.600 LOG 0: Запрос от C# 1 (req_id=226): {"data":{"data":"TQOB|SU26247RMFS5|LAST","t":1775500592338,"cmd":"getParamEx"},"cmd":"getParamEx","t":1775500592338,"id":226}
2026-04-06 21:36:32.650 LOG 1: После dispatch: cmd=getParamEx, data тип=table
2026-04-06 21:36:32.700 LOG 0: Запрос от C# 1 (req_id=227): {"data":{"data":"TQOB|SU26247RMFS5|ACCRUEDINT","t":1775500592339,"cmd":"getParamEx"},"cmd":"getParamEx","t":1775500592339,"id":227}
2026-04-06 21:36:32.750 LOG 1: После dispatch: cmd=getParamEx, data тип=table
2026-04-06 21:36:32.800 LOG 0: Запрос от C# 1 (req_id=228): {"data":{"data":"","t":1775500592339,"cmd":"get_depo_limits"},"cmd":"get_depo_limits","t":1775500592339,"id":228}
2026-04-06 21:36:32.850 LOG 1: После dispatch: cmd=get_depo_limits, data тип=table
2026-04-06 21:36:32.900 LOG 0: Запрос от C# 1 (req_id=229): {"data":{"data":"TQOB|SU26248RMFS3|ISINCODE","t":1775500592389,"cmd":"getParamEx"},"cmd":"getParamEx","t":1775500592389,"id":229}
2026-04-06 21:36:32.950 LOG 1: После dispatch: cmd=getParamEx, data тип=table
2026-04-06 21:36:32.000 LOG 0: Запрос от C# 1 (req_id=230): {"data":{"data":"TQOB|SU26248RMFS3|SEC_FACE_VALUE","t":1775500592391,"cmd":"getParamEx"},"cmd":"getParamEx","t":1775500592391,"id":230}
2026-04-06 21:36:32.050 LOG 1: После dispatch: cmd=getParamEx, data тип=table
2026-04-06 21:36:32.100 LOG 0: Запрос от C# 1 (req_id=231): {"data":{"data":"TQOB|SU26248RMFS3|COUPONPERIOD","t":1775500592391,"cmd":"getParamEx"},"cmd":"getParamEx","t":1775500592391,"id":231}
2026-04-06 21:36:32.150 LOG 1: После dispatch: cmd=getParamEx, data тип=table
2026-04-06 21:36:32.200 LOG 0: Запрос от C# 1 (req_id=232): {"data":{"data":"TQOB|SU26248RMFS3|COUPONVALUE","t":1775500592392,"cmd":"getParamEx"},"cmd":"getParamEx","t":1775500592392,"id":232}
2026-04-06 21:36:32.250 LOG 1: После dispatch: cmd=getParamEx, data тип=table
2026-04-06 21:36:32.300 LOG 0: Запрос от C# 1 (req_id=233): {"data":{"data":"TQOB|SU26248RMFS3|MAT_DATE","t":1775500592393,"cmd":"getParamEx"},"cmd":"getParamEx","t":1775500592393,"id":233}
2026-04-06 21:36:32.350 LOG 1: После dispatch: cmd=getParamEx, data тип=table
2026-04-06 21:36:32.400 LOG 0: Запрос от C# 1 (req_id=234): {"data":{"data":"TQOB|SU26248RMFS3|LAST","t":1775500592393,"cmd":"getParamEx"},"cmd":"getParamEx","t":1775500592393,"id":234}
2026-04-06 21:36:32.450 LOG 1: После dispatch: cmd=getParamEx, data тип=table
2026-04-06 21:36:32.500 LOG 0: Запрос от C# 1 (req_id=235): {"data":{"data":"TQOB|SU26248RMFS3|ACCRUEDINT","t":1775500592394,"cmd":"getParamEx"},"cmd":"getParamEx","t":1775500592394,"id":235}
2026-04-06 21:36:32.550 LOG 1: После dispatch: cmd=getParamEx, data тип=table
2026-04-06 21:36:32.600 LOG 0: Запрос от C# 1 (req_id=236): {"data":{"data":"","t":1775500592395,"cmd":"get_depo_limits"},"cmd":"get_depo_limits","t":1775500592395,"id":236}
2026-04-06 21:36:32.650 LOG 1: После dispatch: cmd=get_depo_limits, data тип=table
2026-04-06 21:36:32.700 LOG 0: Запрос от C# 1 (req_id=237): {"data":{"data":"TQOB|SU26249RMFS1|ISINCODE","t":1775500592435,"cmd":"getParamEx"},"cmd":"getParamEx","t":1775500592435,"id":237}
2026-04-06 21:36:32.750 LOG 1: После dispatch: cmd=getParamEx, data тип=table
2026-04-06 21:36:32.800 LOG 0: Запрос от C# 1 (req_id=238): {"data":{"data":"TQOB|SU26249RMFS1|SEC_FACE_VALUE","t":1775500592436,"cmd":"getParamEx"},"cmd":"getParamEx","t":1775500592436,"id":238}
2026-04-06 21:36:32.850 LOG 1: После dispatch: cmd=getParamEx, data тип=table
2026-04-06 21:36:32.900 LOG 0: Запрос от C# 1 (req_id=239): {"data":{"data":"TQOB|SU26249RMFS1|COUPONPERIOD","t":1775500592437,"cmd":"getParamEx"},"cmd":"getParamEx","t":1775500592437,"id":239}
2026-04-06 21:36:32.950 LOG 1: После dispatch: cmd=getParamEx, data тип=table
2026-04-06 21:36:32.000 LOG 0: Запрос от C# 1 (req_id=240): {"data":{"data":"TQOB|SU26249RMFS1|COUPONVALUE","t":1775500592438,"cmd":"getParamEx"},"cmd":"getParamEx","t":1775500592438,"id":240}
2026-04-06 21:36:32.050 LOG 1: После dispatch: cmd=getParamEx, data тип=table
2026-04-06 21:36:32.100 LOG 0: Запрос от C# 1 (req_id=241): {"data":{"data":"TQOB|SU26249RMFS1|MAT_DATE","t":1775500592439,"cmd":"getParamEx"},"cmd":"getParamEx","t":1775500592439,"id":241}
2026-04-06 21:36:32.150 LOG 1: После dispatch: cmd=getParamEx, data тип=table
2026-04-06 21:36:32.200 LOG 0: Запрос от C# 1 (req_id=242): {"data":{"data":"TQOB|SU26249RMFS1|LAST","t":1775500592440,"cmd":"getParamEx"},"cmd":"getParamEx","t":1775500592440,"id":242}
2026-04-06 21:36:32.250 LOG 1: После dispatch: cmd=getParamEx, data тип=table
2026-04-06 21:36:32.300 LOG 0: Запрос от C# 1 (req_id=243): {"data":{"data":"TQOB|SU26249RMFS1|ACCRUEDINT","t":1775500592441,"cmd":"getParamEx"},"cmd":"getParamEx","t":1775500592441,"id":243}
2026-04-06 21:36:32.350 LOG 1: После dispatch: cmd=getParamEx, data тип=table
2026-04-06 21:36:32.400 LOG 0: Запрос от C# 1 (req_id=244): {"data":{"data":"","t":1775500592441,"cmd":"get_depo_limits"},"cmd":"get_depo_limits","t":1775500592441,"id":244}
2026-04-06 21:36:32.500 LOG 1: После dispatch: cmd=get_depo_limits, data тип=table
2026-04-06 21:36:32.650 LOG 0: Запрос от C# 1 (req_id=245): {"data":{"data":"TQOB|SU26250RMFS9|ISINCODE","t":1775500592481,"cmd":"getParamEx"},"cmd":"getParamEx","t":1775500592481,"id":245}
2026-04-06 21:36:32.700 LOG 1: После dispatch: cmd=getParamEx, data тип=table
2026-04-06 21:36:32.750 LOG 0: Запрос от C# 1 (req_id=246): {"data":{"data":"TQOB|SU26250RMFS9|SEC_FACE_VALUE","t":1775500592482,"cmd":"getParamEx"},"cmd":"getParamEx","t":1775500592482,"id":246}
2026-04-06 21:36:32.800 LOG 1: После dispatch: cmd=getParamEx, data тип=table
2026-04-06 21:36:32.850 LOG 0: Запрос от C# 1 (req_id=247): {"data":{"data":"TQOB|SU26250RMFS9|COUPONPERIOD","t":1775500592482,"cmd":"getParamEx"},"cmd":"getParamEx","t":1775500592482,"id":247}
2026-04-06 21:36:32.900 LOG 1: После dispatch: cmd=getParamEx, data тип=table
2026-04-06 21:36:32.950 LOG 0: Запрос от C# 1 (req_id=248): {"data":{"data":"TQOB|SU26250RMFS9|COUPONVALUE","t":1775500592483,"cmd":"getParamEx"},"cmd":"getParamEx","t":1775500592483,"id":248}
2026-04-06 21:36:32.000 LOG 1: После dispatch: cmd=getParamEx, data тип=table
2026-04-06 21:36:32.050 LOG 0: Запрос от C# 1 (req_id=249): {"data":{"data":"TQOB|SU26250RMFS9|MAT_DATE","t":1775500592484,"cmd":"getParamEx"},"cmd":"getParamEx","t":1775500592484,"id":249}
2026-04-06 21:36:32.100 LOG 1: После dispatch: cmd=getParamEx, data тип=table
2026-04-06 21:36:32.150 LOG 0: Запрос от C# 1 (req_id=250): {"data":{"data":"TQOB|SU26250RMFS9|LAST","t":1775500592484,"cmd":"getParamEx"},"cmd":"getParamEx","t":1775500592484,"id":250}
2026-04-06 21:36:32.200 LOG 1: После dispatch: cmd=getParamEx, data тип=table
2026-04-06 21:36:32.250 LOG 0: Запрос от C# 1 (req_id=251): {"data":{"data":"TQOB|SU26250RMFS9|ACCRUEDINT","t":1775500592485,"cmd":"getParamEx"},"cmd":"getParamEx","t":1775500592485,"id":251}
2026-04-06 21:36:32.300 LOG 1: После dispatch: cmd=getParamEx, data тип=table
2026-04-06 21:36:32.350 LOG 0: Запрос от C# 1 (req_id=252): {"data":{"data":"","t":1775500592486,"cmd":"get_depo_limits"},"cmd":"get_depo_limits","t":1775500592486,"id":252}
2026-04-06 21:36:32.400 LOG 1: После dispatch: cmd=get_depo_limits, data тип=table
2026-04-06 21:36:32.450 LOG 0: Запрос от C# 1 (req_id=253): {"data":{"data":"TQOB|SU26251RMFS7|ISINCODE","t":1775500592532,"cmd":"getParamEx"},"cmd":"getParamEx","t":1775500592532,"id":253}
2026-04-06 21:36:32.500 LOG 1: После dispatch: cmd=getParamEx, data тип=table
2026-04-06 21:36:32.550 LOG 0: Запрос от C# 1 (req_id=254): {"data":{"data":"TQOB|SU26251RMFS7|SEC_FACE_VALUE","t":1775500592532,"cmd":"getParamEx"},"cmd":"getParamEx","t":1775500592532,"id":254}
2026-04-06 21:36:32.600 LOG 1: После dispatch: cmd=getParamEx, data тип=table
2026-04-06 21:36:32.650 LOG 0: Запрос от C# 1 (req_id=255): {"data":{"data":"TQOB|SU26251RMFS7|COUPONPERIOD","t":1775500592533,"cmd":"getParamEx"},"cmd":"getParamEx","t":1775500592533,"id":255}
2026-04-06 21:36:32.700 LOG 1: После dispatch: cmd=getParamEx, data тип=table
2026-04-06 21:36:32.750 LOG 0: Запрос от C# 1 (req_id=256): {"data":{"data":"TQOB|SU26251RMFS7|COUPONVALUE","t":1775500592534,"cmd":"getParamEx"},"cmd":"getParamEx","t":1775500592534,"id":256}
2026-04-06 21:36:32.800 LOG 1: После dispatch: cmd=getParamEx, data тип=table
2026-04-06 21:36:32.850 LOG 0: Запрос от C# 1 (req_id=257): {"data":{"data":"TQOB|SU26251RMFS7|MAT_DATE","t":1775500592535,"cmd":"getParamEx"},"cmd":"getParamEx","t":1775500592535,"id":257}
2026-04-06 21:36:32.900 LOG 1: После dispatch: cmd=getParamEx, data тип=table
2026-04-06 21:36:32.950 LOG 0: Запрос от C# 1 (req_id=258): {"data":{"data":"TQOB|SU26251RMFS7|LAST","t":1775500592535,"cmd":"getParamEx"},"cmd":"getParamEx","t":1775500592535,"id":258}
2026-04-06 21:36:32.000 LOG 1: После dispatch: cmd=getParamEx, data тип=table
2026-04-06 21:36:32.050 LOG 0: Запрос от C# 1 (req_id=259): {"data":{"data":"TQOB|SU26251RMFS7|ACCRUEDINT","t":1775500592536,"cmd":"getParamEx"},"cmd":"getParamEx","t":1775500592536,"id":259}
2026-04-06 21:36:32.100 LOG 1: После dispatch: cmd=getParamEx, data тип=table
2026-04-06 21:36:32.150 LOG 0: Запрос от C# 1 (req_id=260): {"data":{"data":"","t":1775500592537,"cmd":"get_depo_limits"},"cmd":"get_depo_limits","t":1775500592537,"id":260}
2026-04-06 21:36:32.200 LOG 1: После dispatch: cmd=get_depo_limits, data тип=table
2026-04-06 21:36:32.350 LOG 0: Запрос от C# 1 (req_id=261): {"data":{"data":"TQOB|SU26252RMFS5|ISINCODE","t":1775500592587,"cmd":"getParamEx"},"cmd":"getParamEx","t":1775500592587,"id":261}
2026-04-06 21:36:32.400 LOG 1: После dispatch: cmd=getParamEx, data тип=table
2026-04-06 21:36:32.450 LOG 0: Запрос от C# 1 (req_id=262): {"data":{"data":"TQOB|SU26252RMFS5|SEC_FACE_VALUE","t":1775500592588,"cmd":"getParamEx"},"cmd":"getParamEx","t":1775500592588,"id":262}
2026-04-06 21:36:32.500 LOG 1: После dispatch: cmd=getParamEx, data тип=table
2026-04-06 21:36:32.550 LOG 0: Запрос от C# 1 (req_id=263): {"data":{"data":"TQOB|SU26252RMFS5|COUPONPERIOD","t":1775500592589,"cmd":"getParamEx"},"cmd":"getParamEx","t":1775500592589,"id":263}
2026-04-06 21:36:32.600 LOG 1: После dispatch: cmd=getParamEx, data тип=table
2026-04-06 21:36:32.650 LOG 0: Запрос от C# 1 (req_id=264): {"data":{"data":"TQOB|SU26252RMFS5|COUPONVALUE","t":1775500592590,"cmd":"getParamEx"},"cmd":"getParamEx","t":1775500592590,"id":264}
2026-04-06 21:36:32.700 LOG 1: После dispatch: cmd=getParamEx, data тип=table
2026-04-06 21:36:32.750 LOG 0: Запрос от C# 1 (req_id=265): {"data":{"data":"TQOB|SU26252RMFS5|MAT_DATE","t":1775500592591,"cmd":"getParamEx"},"cmd":"getParamEx","t":1775500592591,"id":265}
2026-04-06 21:36:32.800 LOG 1: После dispatch: cmd=getParamEx, data тип=table
2026-04-06 21:36:32.850 LOG 0: Запрос от C# 1 (req_id=266): {"data":{"data":"TQOB|SU26252RMFS5|LAST","t":1775500592591,"cmd":"getParamEx"},"cmd":"getParamEx","t":1775500592591,"id":266}
2026-04-06 21:36:32.900 LOG 1: После dispatch: cmd=getParamEx, data тип=table
2026-04-06 21:36:32.950 LOG 0: Запрос от C# 1 (req_id=267): {"data":{"data":"TQOB|SU26252RMFS5|ACCRUEDINT","t":1775500592592,"cmd":"getParamEx"},"cmd":"getParamEx","t":1775500592592,"id":267}
2026-04-06 21:36:32.000 LOG 1: После dispatch: cmd=getParamEx, data тип=table
2026-04-06 21:36:32.050 LOG 0: Запрос от C# 1 (req_id=268): {"data":{"data":"","t":1775500592593,"cmd":"get_depo_limits"},"cmd":"get_depo_limits","t":1775500592593,"id":268}
2026-04-06 21:36:32.100 LOG 1: После dispatch: cmd=get_depo_limits, data тип=table
2026-04-06 21:36:32.150 LOG 0: Запрос от C# 1 (req_id=269): {"data":{"data":"TQOB|SU26253RMFS3|ISINCODE","t":1775500592632,"cmd":"getParamEx"},"cmd":"getParamEx","t":1775500592632,"id":269}
2026-04-06 21:36:32.200 LOG 1: После dispatch: cmd=getParamEx, data тип=table
2026-04-06 21:36:32.250 LOG 0: Запрос от C# 1 (req_id=270): {"data":{"data":"TQOB|SU26253RMFS3|SEC_FACE_VALUE","t":1775500592633,"cmd":"getParamEx"},"cmd":"getParamEx","t":1775500592633,"id":270}
2026-04-06 21:36:32.300 LOG 1: После dispatch: cmd=getParamEx, data тип=table
2026-04-06 21:36:32.350 LOG 0: Запрос от C# 1 (req_id=271): {"data":{"data":"TQOB|SU26253RMFS3|COUPONPERIOD","t":1775500592634,"cmd":"getParamEx"},"cmd":"getParamEx","t":1775500592634,"id":271}
2026-04-06 21:36:32.400 LOG 1: После dispatch: cmd=getParamEx, data тип=table
2026-04-06 21:36:32.450 LOG 0: Запрос от C# 1 (req_id=272): {"data":{"data":"TQOB|SU26253RMFS3|COUPONVALUE","t":1775500592634,"cmd":"getParamEx"},"cmd":"getParamEx","t":1775500592634,"id":272}
2026-04-06 21:36:32.500 LOG 1: После dispatch: cmd=getParamEx, data тип=table
2026-04-06 21:36:32.550 LOG 0: Запрос от C# 1 (req_id=273): {"data":{"data":"TQOB|SU26253RMFS3|MAT_DATE","t":1775500592635,"cmd":"getParamEx"},"cmd":"getParamEx","t":1775500592635,"id":273}
2026-04-06 21:36:32.600 LOG 1: После dispatch: cmd=getParamEx, data тип=table
2026-04-06 21:36:32.650 LOG 0: Запрос от C# 1 (req_id=274): {"data":{"data":"TQOB|SU26253RMFS3|LAST","t":1775500592635,"cmd":"getParamEx"},"cmd":"getParamEx","t":1775500592635,"id":274}
2026-04-06 21:36:32.700 LOG 1: После dispatch: cmd=getParamEx, data тип=table
2026-04-06 21:36:32.750 LOG 0: Запрос от C# 1 (req_id=275): {"data":{"data":"TQOB|SU26253RMFS3|ACCRUEDINT","t":1775500592636,"cmd":"getParamEx"},"cmd":"getParamEx","t":1775500592636,"id":275}
2026-04-06 21:36:32.800 LOG 1: После dispatch: cmd=getParamEx, data тип=table
2026-04-06 21:36:32.850 LOG 0: Запрос от C# 1 (req_id=276): {"data":{"data":"","t":1775500592636,"cmd":"get_depo_limits"},"cmd":"get_depo_limits","t":1775500592636,"id":276}
2026-04-06 21:36:32.900 LOG 1: После dispatch: cmd=get_depo_limits, data тип=table
2026-04-06 21:36:32.950 LOG 0: Запрос от C# 1 (req_id=277): {"data":{"data":"TQOB|SU26254RMFS1|ISINCODE","t":1775500592684,"cmd":"getParamEx"},"cmd":"getParamEx","t":1775500592684,"id":277}
2026-04-06 21:36:32.000 LOG 1: После dispatch: cmd=getParamEx, data тип=table
2026-04-06 21:36:32.050 LOG 0: Запрос от C# 1 (req_id=278): {"data":{"data":"TQOB|SU26254RMFS1|SEC_FACE_VALUE","t":1775500592685,"cmd":"getParamEx"},"cmd":"getParamEx","t":1775500592685,"id":278}
2026-04-06 21:36:32.100 LOG 1: После dispatch: cmd=getParamEx, data тип=table
2026-04-06 21:36:32.150 LOG 0: Запрос от C# 1 (req_id=279): {"data":{"data":"TQOB|SU26254RMFS1|COUPONPERIOD","t":1775500592685,"cmd":"getParamEx"},"cmd":"getParamEx","t":1775500592685,"id":279}
2026-04-06 21:36:32.200 LOG 1: После dispatch: cmd=getParamEx, data тип=table
2026-04-06 21:36:32.250 LOG 0: Запрос от C# 1 (req_id=280): {"data":{"data":"TQOB|SU26254RMFS1|COUPONVALUE","t":1775500592686,"cmd":"getParamEx"},"cmd":"getParamEx","t":1775500592686,"id":280}
2026-04-06 21:36:32.300 LOG 1: После dispatch: cmd=getParamEx, data тип=table
2026-04-06 21:36:32.350 LOG 0: Запрос от C# 1 (req_id=281): {"data":{"data":"TQOB|SU26254RMFS1|MAT_DATE","t":1775500592686,"cmd":"getParamEx"},"cmd":"getParamEx","t":1775500592686,"id":281}
2026-04-06 21:36:32.400 LOG 1: После dispatch: cmd=getParamEx, data тип=table
2026-04-06 21:36:32.450 LOG 0: Запрос от C# 1 (req_id=282): {"data":{"data":"TQOB|SU26254RMFS1|LAST","t":1775500592687,"cmd":"getParamEx"},"cmd":"getParamEx","t":1775500592687,"id":282}
2026-04-06 21:36:32.500 LOG 1: После dispatch: cmd=getParamEx, data тип=table
2026-04-06 21:36:32.550 LOG 0: Запрос от C# 1 (req_id=283): {"data":{"data":"TQOB|SU26254RMFS1|ACCRUEDINT","t":1775500592688,"cmd":"getParamEx"},"cmd":"getParamEx","t":1775500592688,"id":283}
2026-04-06 21:36:32.600 LOG 1: После dispatch: cmd=getParamEx, data тип=table
2026-04-06 21:36:32.650 LOG 0: Запрос от C# 1 (req_id=284): {"data":{"data":"","t":1775500592690,"cmd":"get_depo_limits"},"cmd":"get_depo_limits","t":1775500592690,"id":284}
2026-04-06 21:36:32.750 LOG 1: После dispatch: cmd=get_depo_limits, data тип=table
2026-04-06 21:36:32.800 LOG 0: Запрос от C# 1 (req_id=285): {"data":{"data":"TQOB|SU29007RMFS0|ISINCODE","t":1775500592733,"cmd":"getParamEx"},"cmd":"getParamEx","t":1775500592733,"id":285}
2026-04-06 21:36:32.850 LOG 1: После dispatch: cmd=getParamEx, data тип=table
2026-04-06 21:36:32.900 LOG 0: Запрос от C# 1 (req_id=286): {"data":{"data":"TQOB|SU29007RMFS0|SEC_FACE_VALUE","t":1775500592734,"cmd":"getParamEx"},"cmd":"getParamEx","t":1775500592734,"id":286}
2026-04-06 21:36:32.950 LOG 1: После dispatch: cmd=getParamEx, data тип=table
2026-04-06 21:36:32.000 LOG 0: Запрос от C# 1 (req_id=287): {"data":{"data":"TQOB|SU29007RMFS0|COUPONPERIOD","t":1775500592734,"cmd":"getParamEx"},"cmd":"getParamEx","t":1775500592734,"id":287}
2026-04-06 21:36:32.050 LOG 1: После dispatch: cmd=getParamEx, data тип=table
2026-04-06 21:36:32.100 LOG 0: Запрос от C# 1 (req_id=288): {"data":{"data":"TQOB|SU29007RMFS0|COUPONVALUE","t":1775500592735,"cmd":"getParamEx"},"cmd":"getParamEx","t":1775500592735,"id":288}
2026-04-06 21:36:32.150 LOG 1: После dispatch: cmd=getParamEx, data тип=table
2026-04-06 21:36:32.200 LOG 0: Запрос от C# 1 (req_id=289): {"data":{"data":"TQOB|SU29007RMFS0|MAT_DATE","t":1775500592736,"cmd":"getParamEx"},"cmd":"getParamEx","t":1775500592736,"id":289}
2026-04-06 21:36:32.250 LOG 1: После dispatch: cmd=getParamEx, data тип=table
2026-04-06 21:36:32.300 LOG 0: Запрос от C# 1 (req_id=290): {"data":{"data":"TQOB|SU29007RMFS0|LAST","t":1775500592736,"cmd":"getParamEx"},"cmd":"getParamEx","t":1775500592736,"id":290}
2026-04-06 21:36:32.350 LOG 1: После dispatch: cmd=getParamEx, data тип=table
2026-04-06 21:36:32.400 LOG 0: Запрос от C# 1 (req_id=291): {"data":{"data":"TQOB|SU29007RMFS0|ACCRUEDINT","t":1775500592737,"cmd":"getParamEx"},"cmd":"getParamEx","t":1775500592737,"id":291}
2026-04-06 21:36:32.450 LOG 1: После dispatch: cmd=getParamEx, data тип=table
2026-04-06 21:36:32.500 LOG 0: Запрос от C# 1 (req_id=292): {"data":{"data":"","t":1775500592738,"cmd":"get_depo_limits"},"cmd":"get_depo_limits","t":1775500592738,"id":292}
2026-04-06 21:36:32.550 LOG 1: После dispatch: cmd=get_depo_limits, data тип=table
2026-04-06 21:36:32.750 LOG 0: Запрос от C# 1 (req_id=293): {"data":{"data":"TQOB|SU29008RMFS8|ISINCODE","t":1775500592792,"cmd":"getParamEx"},"cmd":"getParamEx","t":1775500592792,"id":293}
2026-04-06 21:36:32.800 LOG 1: После dispatch: cmd=getParamEx, data тип=table
2026-04-06 21:36:32.850 LOG 0: Запрос от C# 1 (req_id=294): {"data":{"data":"TQOB|SU29008RMFS8|SEC_FACE_VALUE","t":1775500592793,"cmd":"getParamEx"},"cmd":"getParamEx","t":1775500592793,"id":294}
2026-04-06 21:36:32.900 LOG 1: После dispatch: cmd=getParamEx, data тип=table
2026-04-06 21:36:32.950 LOG 0: Запрос от C# 1 (req_id=295): {"data":{"data":"TQOB|SU29008RMFS8|COUPONPERIOD","t":1775500592793,"cmd":"getParamEx"},"cmd":"getParamEx","t":1775500592793,"id":295}
2026-04-06 21:36:32.000 LOG 1: После dispatch: cmd=getParamEx, data тип=table
2026-04-06 21:36:32.050 LOG 0: Запрос от C# 1 (req_id=296): {"data":{"data":"TQOB|SU29008RMFS8|COUPONVALUE","t":1775500592794,"cmd":"getParamEx"},"cmd":"getParamEx","t":1775500592794,"id":296}
2026-04-06 21:36:32.100 LOG 1: После dispatch: cmd=getParamEx, data тип=table
2026-04-06 21:36:32.150 LOG 0: Запрос от C# 1 (req_id=297): {"data":{"data":"TQOB|SU29008RMFS8|MAT_DATE","t":1775500592795,"cmd":"getParamEx"},"cmd":"getParamEx","t":1775500592795,"id":297}
2026-04-06 21:36:32.200 LOG 1: После dispatch: cmd=getParamEx, data тип=table
2026-04-06 21:36:32.250 LOG 0: Запрос от C# 1 (req_id=298): {"data":{"data":"TQOB|SU29008RMFS8|LAST","t":1775500592795,"cmd":"getParamEx"},"cmd":"getParamEx","t":1775500592795,"id":298}
2026-04-06 21:36:32.300 LOG 1: После dispatch: cmd=getParamEx, data тип=table
2026-04-06 21:36:32.350 LOG 0: Запрос от C# 1 (req_id=299): {"data":{"data":"TQOB|SU29008RMFS8|ACCRUEDINT","t":1775500592796,"cmd":"getParamEx"},"cmd":"getParamEx","t":1775500592796,"id":299}
2026-04-06 21:36:32.400 LOG 1: После dispatch: cmd=getParamEx, data тип=table
2026-04-06 21:36:32.450 LOG 0: Запрос от C# 1 (req_id=300): {"data":{"data":"","t":1775500592797,"cmd":"get_depo_limits"},"cmd":"get_depo_limits","t":1775500592797,"id":300}
2026-04-06 21:36:32.500 LOG 1: После dispatch: cmd=get_depo_limits, data тип=table
2026-04-06 21:36:32.550 LOG 0: Запрос от C# 1 (req_id=301): {"data":{"data":"TQOB|SU29009RMFS6|ISINCODE","t":1775500592836,"cmd":"getParamEx"},"cmd":"getParamEx","t":1775500592836,"id":301}
2026-04-06 21:36:32.600 LOG 1: После dispatch: cmd=getParamEx, data тип=table
2026-04-06 21:36:32.650 LOG 0: Запрос от C# 1 (req_id=302): {"data":{"data":"TQOB|SU29009RMFS6|SEC_FACE_VALUE","t":1775500592836,"cmd":"getParamEx"},"cmd":"getParamEx","t":1775500592836,"id":302}
2026-04-06 21:36:32.700 LOG 1: После dispatch: cmd=getParamEx, data тип=table
2026-04-06 21:36:32.750 LOG 0: Запрос от C# 1 (req_id=303): {"data":{"data":"TQOB|SU29009RMFS6|COUPONPERIOD","t":1775500592837,"cmd":"getParamEx"},"cmd":"getParamEx","t":1775500592837,"id":303}
2026-04-06 21:36:32.800 LOG 1: После dispatch: cmd=getParamEx, data тип=table
2026-04-06 21:36:32.850 LOG 0: Запрос от C# 1 (req_id=304): {"data":{"data":"TQOB|SU29009RMFS6|COUPONVALUE","t":1775500592838,"cmd":"getParamEx"},"cmd":"getParamEx","t":1775500592838,"id":304}
2026-04-06 21:36:32.900 LOG 1: После dispatch: cmd=getParamEx, data тип=table
2026-04-06 21:36:32.950 LOG 0: Запрос от C# 1 (req_id=305): {"data":{"data":"TQOB|SU29009RMFS6|MAT_DATE","t":1775500592838,"cmd":"getParamEx"},"cmd":"getParamEx","t":1775500592838,"id":305}
2026-04-06 21:36:32.000 LOG 1: После dispatch: cmd=getParamEx, data тип=table
2026-04-06 21:36:32.050 LOG 0: Запрос от C# 1 (req_id=306): {"data":{"data":"TQOB|SU29009RMFS6|LAST","t":1775500592839,"cmd":"getParamEx"},"cmd":"getParamEx","t":1775500592839,"id":306}
2026-04-06 21:36:32.100 LOG 1: После dispatch: cmd=getParamEx, data тип=table
2026-04-06 21:36:32.150 LOG 0: Запрос от C# 1 (req_id=307): {"data":{"data":"TQOB|SU29009RMFS6|ACCRUEDINT","t":1775500592840,"cmd":"getParamEx"},"cmd":"getParamEx","t":1775500592840,"id":307}
2026-04-06 21:36:32.200 LOG 1: После dispatch: cmd=getParamEx, data тип=table
2026-04-06 21:36:32.250 LOG 0: Запрос от C# 1 (req_id=308): {"data":{"data":"","t":1775500592840,"cmd":"get_depo_limits"},"cmd":"get_depo_limits","t":1775500592840,"id":308}
2026-04-06 21:36:32.300 LOG 1: После dispatch: cmd=get_depo_limits, data тип=table
2026-04-06 21:36:32.350 LOG 0: Запрос от C# 1 (req_id=309): {"data":{"data":"TQOB|SU29010RMFS4|ISINCODE","t":1775500592882,"cmd":"getParamEx"},"cmd":"getParamEx","t":1775500592882,"id":309}
2026-04-06 21:36:32.400 LOG 1: После dispatch: cmd=getParamEx, data тип=table
2026-04-06 21:36:32.450 LOG 0: Запрос от C# 1 (req_id=310): {"data":{"data":"TQOB|SU29010RMFS4|SEC_FACE_VALUE","t":1775500592883,"cmd":"getParamEx"},"cmd":"getParamEx","t":1775500592883,"id":310}
2026-04-06 21:36:32.500 LOG 1: После dispatch: cmd=getParamEx, data тип=table
2026-04-06 21:36:32.550 LOG 0: Запрос от C# 1 (req_id=311): {"data":{"data":"TQOB|SU29010RMFS4|COUPONPERIOD","t":1775500592883,"cmd":"getParamEx"},"cmd":"getParamEx","t":1775500592883,"id":311}
2026-04-06 21:36:32.600 LOG 1: После dispatch: cmd=getParamEx, data тип=table
2026-04-06 21:36:32.650 LOG 0: Запрос от C# 1 (req_id=312): {"data":{"data":"TQOB|SU29010RMFS4|COUPONVALUE","t":1775500592884,"cmd":"getParamEx"},"cmd":"getParamEx","t":1775500592884,"id":312}
2026-04-06 21:36:32.700 LOG 1: После dispatch: cmd=getParamEx, data тип=table
2026-04-06 21:36:32.750 LOG 0: Запрос от C# 1 (req_id=313): {"data":{"data":"TQOB|SU29010RMFS4|MAT_DATE","t":1775500592885,"cmd":"getParamEx"},"cmd":"getParamEx","t":1775500592885,"id":313}
2026-04-06 21:36:32.800 LOG 1: После dispatch: cmd=getParamEx, data тип=table
2026-04-06 21:36:32.850 LOG 0: Запрос от C# 1 (req_id=314): {"data":{"data":"TQOB|SU29010RMFS4|LAST","t":1775500592885,"cmd":"getParamEx"},"cmd":"getParamEx","t":1775500592885,"id":314}
2026-04-06 21:36:32.900 LOG 1: После dispatch: cmd=getParamEx, data тип=table
2026-04-06 21:36:32.950 LOG 0: Запрос от C# 1 (req_id=315): {"data":{"data":"TQOB|SU29010RMFS4|ACCRUEDINT","t":1775500592886,"cmd":"getParamEx"},"cmd":"getParamEx","t":1775500592886,"id":315}
2026-04-06 21:36:32.000 LOG 1: После dispatch: cmd=getParamEx, data тип=table
2026-04-06 21:36:32.050 LOG 0: Запрос от C# 1 (req_id=316): {"data":{"data":"","t":1775500592887,"cmd":"get_depo_limits"},"cmd":"get_depo_limits","t":1775500592887,"id":316}
2026-04-06 21:36:32.150 LOG 1: После dispatch: cmd=get_depo_limits, data тип=table
2026-04-06 21:36:32.200 LOG 0: Запрос от C# 1 (req_id=317): {"data":{"data":"TQOB|SU29013RMFS8|ISINCODE","t":1775500592929,"cmd":"getParamEx"},"cmd":"getParamEx","t":1775500592929,"id":317}
2026-04-06 21:36:32.250 LOG 1: После dispatch: cmd=getParamEx, data тип=table
2026-04-06 21:36:32.300 LOG 0: Запрос от C# 1 (req_id=318): {"data":{"data":"TQOB|SU29013RMFS8|SEC_FACE_VALUE","t":1775500592930,"cmd":"getParamEx"},"cmd":"getParamEx","t":1775500592930,"id":318}
2026-04-06 21:36:32.350 LOG 1: После dispatch: cmd=getParamEx, data тип=table
2026-04-06 21:36:32.400 LOG 0: Запрос от C# 1 (req_id=319): {"data":{"data":"TQOB|SU29013RMFS8|COUPONPERIOD","t":1775500592931,"cmd":"getParamEx"},"cmd":"getParamEx","t":1775500592931,"id":319}
2026-04-06 21:36:32.450 LOG 1: После dispatch: cmd=getParamEx, data тип=table
2026-04-06 21:36:32.500 LOG 0: Запрос от C# 1 (req_id=320): {"data":{"data":"TQOB|SU29013RMFS8|COUPONVALUE","t":1775500592932,"cmd":"getParamEx"},"cmd":"getParamEx","t":1775500592932,"id":320}
2026-04-06 21:36:32.550 LOG 1: После dispatch: cmd=getParamEx, data тип=table
2026-04-06 21:36:32.600 LOG 0: Запрос от C# 1 (req_id=321): {"data":{"data":"TQOB|SU29013RMFS8|MAT_DATE","t":1775500592932,"cmd":"getParamEx"},"cmd":"getParamEx","t":1775500592932,"id":321}
2026-04-06 21:36:32.650 LOG 1: После dispatch: cmd=getParamEx, data тип=table
2026-04-06 21:36:32.700 LOG 0: Запрос от C# 1 (req_id=322): {"data":{"data":"TQOB|SU29013RMFS8|LAST","t":1775500592933,"cmd":"getParamEx"},"cmd":"getParamEx","t":1775500592933,"id":322}
2026-04-06 21:36:32.750 LOG 1: После dispatch: cmd=getParamEx, data тип=table
2026-04-06 21:36:32.800 LOG 0: Запрос от C# 1 (req_id=323): {"data":{"data":"TQOB|SU29013RMFS8|ACCRUEDINT","t":1775500592934,"cmd":"getParamEx"},"cmd":"getParamEx","t":1775500592934,"id":323}
2026-04-06 21:36:32.850 LOG 1: После dispatch: cmd=getParamEx, data тип=table
2026-04-06 21:36:32.900 LOG 0: Запрос от C# 1 (req_id=324): {"data":{"data":"","t":1775500592934,"cmd":"get_depo_limits"},"cmd":"get_depo_limits","t":1775500592934,"id":324}
2026-04-06 21:36:32.950 LOG 1: После dispatch: cmd=get_depo_limits, data тип=table
2026-04-06 21:36:32.000 LOG 0: Запрос от C# 1 (req_id=325): {"data":{"data":"TQOB|SU29015RMFS3|ISINCODE","t":1775500592978,"cmd":"getParamEx"},"cmd":"getParamEx","t":1775500592978,"id":325}
2026-04-06 21:36:32.050 LOG 1: После dispatch: cmd=getParamEx, data тип=table
2026-04-06 21:36:32.100 LOG 0: Запрос от C# 1 (req_id=326): {"data":{"data":"TQOB|SU29015RMFS3|SEC_FACE_VALUE","t":1775500592979,"cmd":"getParamEx"},"cmd":"getParamEx","t":1775500592979,"id":326}
2026-04-06 21:36:32.150 LOG 1: После dispatch: cmd=getParamEx, data тип=table
2026-04-06 21:36:32.200 LOG 0: Запрос от C# 1 (req_id=327): {"data":{"data":"TQOB|SU29015RMFS3|COUPONPERIOD","t":1775500592979,"cmd":"getParamEx"},"cmd":"getParamEx","t":1775500592979,"id":327}
2026-04-06 21:36:32.250 LOG 1: После dispatch: cmd=getParamEx, data тип=table
2026-04-06 21:36:32.300 LOG 0: Запрос от C# 1 (req_id=328): {"data":{"data":"TQOB|SU29015RMFS3|COUPONVALUE","t":1775500592980,"cmd":"getParamEx"},"cmd":"getParamEx","t":1775500592980,"id":328}
2026-04-06 21:36:32.350 LOG 1: После dispatch: cmd=getParamEx, data тип=table
2026-04-06 21:36:32.400 LOG 0: Запрос от C# 1 (req_id=329): {"data":{"data":"TQOB|SU29015RMFS3|MAT_DATE","t":1775500592981,"cmd":"getParamEx"},"cmd":"getParamEx","t":1775500592981,"id":329}
2026-04-06 21:36:32.450 LOG 1: После dispatch: cmd=getParamEx, data тип=table
2026-04-06 21:36:32.500 LOG 0: Запрос от C# 1 (req_id=330): {"data":{"data":"TQOB|SU29015RMFS3|LAST","t":1775500592982,"cmd":"getParamEx"},"cmd":"getParamEx","t":1775500592982,"id":330}
2026-04-06 21:36:32.550 LOG 1: После dispatch: cmd=getParamEx, data тип=table
2026-04-06 21:36:32.600 LOG 0: Запрос от C# 1 (req_id=331): {"data":{"data":"TQOB|SU29015RMFS3|ACCRUEDINT","t":1775500592983,"cmd":"getParamEx"},"cmd":"getParamEx","t":1775500592983,"id":331}
2026-04-06 21:36:32.650 LOG 1: После dispatch: cmd=getParamEx, data тип=table
2026-04-06 21:36:32.700 LOG 0: Запрос от C# 1 (req_id=332): {"data":{"data":"","t":1775500592983,"cmd":"get_depo_limits"},"cmd":"get_depo_limits","t":1775500592983,"id":332}
2026-04-06 21:36:32.750 LOG 1: После dispatch: cmd=get_depo_limits, data тип=table
2026-04-06 21:36:33.050 LOG 0: Запрос от C# 1 (req_id=333): {"data":{"data":"TQOB|SU29016RMFS1|ISINCODE","t":1775500593022,"cmd":"getParamEx"},"cmd":"getParamEx","t":1775500593022,"id":333}
2026-04-06 21:36:33.100 LOG 1: После dispatch: cmd=getParamEx, data тип=table
2026-04-06 21:36:33.150 LOG 0: Запрос от C# 1 (req_id=334): {"data":{"data":"TQOB|SU29016RMFS1|SEC_FACE_VALUE","t":1775500593023,"cmd":"getParamEx"},"cmd":"getParamEx","t":1775500593023,"id":334}
2026-04-06 21:36:33.200 LOG 1: После dispatch: cmd=getParamEx, data тип=table
2026-04-06 21:36:33.250 LOG 0: Запрос от C# 1 (req_id=335): {"data":{"data":"TQOB|SU29016RMFS1|COUPONPERIOD","t":1775500593024,"cmd":"getParamEx"},"cmd":"getParamEx","t":1775500593024,"id":335}
2026-04-06 21:36:33.300 LOG 1: После dispatch: cmd=getParamEx, data тип=table
2026-04-06 21:36:33.350 LOG 0: Запрос от C# 1 (req_id=336): {"data":{"data":"TQOB|SU29016RMFS1|COUPONVALUE","t":1775500593025,"cmd":"getParamEx"},"cmd":"getParamEx","t":1775500593025,"id":336}
2026-04-06 21:36:33.400 LOG 1: После dispatch: cmd=getParamEx, data тип=table
2026-04-06 21:36:33.450 LOG 0: Запрос от C# 1 (req_id=337): {"data":{"data":"TQOB|SU29016RMFS1|MAT_DATE","t":1775500593026,"cmd":"getParamEx"},"cmd":"getParamEx","t":1775500593026,"id":337}
2026-04-06 21:36:33.500 LOG 1: После dispatch: cmd=getParamEx, data тип=table
2026-04-06 21:36:33.550 LOG 0: Запрос от C# 1 (req_id=338): {"data":{"data":"TQOB|SU29016RMFS1|LAST","t":1775500593026,"cmd":"getParamEx"},"cmd":"getParamEx","t":1775500593026,"id":338}
2026-04-06 21:36:33.600 LOG 1: После dispatch: cmd=getParamEx, data тип=table
2026-04-06 21:36:33.650 LOG 0: Запрос от C# 1 (req_id=339): {"data":{"data":"TQOB|SU29016RMFS1|ACCRUEDINT","t":1775500593027,"cmd":"getParamEx"},"cmd":"getParamEx","t":1775500593027,"id":339}
2026-04-06 21:36:33.700 LOG 1: После dispatch: cmd=getParamEx, data тип=table
2026-04-06 21:36:33.750 LOG 0: Запрос от C# 1 (req_id=340): {"data":{"data":"","t":1775500593028,"cmd":"get_depo_limits"},"cmd":"get_depo_limits","t":1775500593028,"id":340}
2026-04-06 21:36:33.800 LOG 1: После dispatch: cmd=get_depo_limits, data тип=table
2026-04-06 21:36:33.850 LOG 0: Запрос от C# 1 (req_id=341): {"data":{"data":"TQOB|SU29017RMFS9|ISINCODE","t":1775500593070,"cmd":"getParamEx"},"cmd":"getParamEx","t":1775500593070,"id":341}
2026-04-06 21:36:33.900 LOG 1: После dispatch: cmd=getParamEx, data тип=table
2026-04-06 21:36:33.950 LOG 0: Запрос от C# 1 (req_id=342): {"data":{"data":"TQOB|SU29017RMFS9|SEC_FACE_VALUE","t":1775500593070,"cmd":"getParamEx"},"cmd":"getParamEx","t":1775500593070,"id":342}
2026-04-06 21:36:33.000 LOG 1: После dispatch: cmd=getParamEx, data тип=table
2026-04-06 21:36:33.050 LOG 0: Запрос от C# 1 (req_id=343): {"data":{"data":"TQOB|SU29017RMFS9|COUPONPERIOD","t":1775500593071,"cmd":"getParamEx"},"cmd":"getParamEx","t":1775500593071,"id":343}
2026-04-06 21:36:33.100 LOG 1: После dispatch: cmd=getParamEx, data тип=table
2026-04-06 21:36:33.150 LOG 0: Запрос от C# 1 (req_id=344): {"data":{"data":"TQOB|SU29017RMFS9|COUPONVALUE","t":1775500593072,"cmd":"getParamEx"},"cmd":"getParamEx","t":1775500593072,"id":344}
2026-04-06 21:36:33.200 LOG 1: После dispatch: cmd=getParamEx, data тип=table
2026-04-06 21:36:33.250 LOG 0: Запрос от C# 1 (req_id=345): {"data":{"data":"TQOB|SU29017RMFS9|MAT_DATE","t":1775500593073,"cmd":"getParamEx"},"cmd":"getParamEx","t":1775500593073,"id":345}
2026-04-06 21:36:33.300 LOG 1: После dispatch: cmd=getParamEx, data тип=table
2026-04-06 21:36:33.350 LOG 0: Запрос от C# 1 (req_id=346): {"data":{"data":"TQOB|SU29017RMFS9|LAST","t":1775500593074,"cmd":"getParamEx"},"cmd":"getParamEx","t":1775500593074,"id":346}
2026-04-06 21:36:33.400 LOG 1: После dispatch: cmd=getParamEx, data тип=table
2026-04-06 21:36:33.450 LOG 0: Запрос от C# 1 (req_id=347): {"data":{"data":"TQOB|SU29017RMFS9|ACCRUEDINT","t":1775500593074,"cmd":"getParamEx"},"cmd":"getParamEx","t":1775500593074,"id":347}
2026-04-06 21:36:33.500 LOG 1: После dispatch: cmd=getParamEx, data тип=table
2026-04-06 21:36:33.550 LOG 0: Запрос от C# 1 (req_id=348): {"data":{"data":"","t":1775500593075,"cmd":"get_depo_limits"},"cmd":"get_depo_limits","t":1775500593075,"id":348}
2026-04-06 21:36:33.600 LOG 1: После dispatch: cmd=get_depo_limits, data тип=table
2026-04-06 21:36:33.650 LOG 0: Запрос от C# 1 (req_id=349): {"data":{"data":"TQOB|SU29018RMFS7|ISINCODE","t":1775500593115,"cmd":"getParamEx"},"cmd":"getParamEx","t":1775500593115,"id":349}
2026-04-06 21:36:33.700 LOG 1: После dispatch: cmd=getParamEx, data тип=table
2026-04-06 21:36:33.750 LOG 0: Запрос от C# 1 (req_id=350): {"data":{"data":"TQOB|SU29018RMFS7|SEC_FACE_VALUE","t":1775500593116,"cmd":"getParamEx"},"cmd":"getParamEx","t":1775500593116,"id":350}
2026-04-06 21:36:33.800 LOG 1: После dispatch: cmd=getParamEx, data тип=table
2026-04-06 21:36:33.850 LOG 0: Запрос от C# 1 (req_id=351): {"data":{"data":"TQOB|SU29018RMFS7|COUPONPERIOD","t":1775500593117,"cmd":"getParamEx"},"cmd":"getParamEx","t":1775500593117,"id":351}
2026-04-06 21:36:33.900 LOG 1: После dispatch: cmd=getParamEx, data тип=table
2026-04-06 21:36:33.950 LOG 0: Запрос от C# 1 (req_id=352): {"data":{"data":"TQOB|SU29018RMFS7|COUPONVALUE","t":1775500593118,"cmd":"getParamEx"},"cmd":"getParamEx","t":1775500593118,"id":352}
2026-04-06 21:36:33.000 LOG 1: После dispatch: cmd=getParamEx, data тип=table
2026-04-06 21:36:33.050 LOG 0: Запрос от C# 1 (req_id=353): {"data":{"data":"TQOB|SU29018RMFS7|MAT_DATE","t":1775500593118,"cmd":"getParamEx"},"cmd":"getParamEx","t":1775500593118,"id":353}
2026-04-06 21:36:33.100 LOG 1: После dispatch: cmd=getParamEx, data тип=table
2026-04-06 21:36:33.150 LOG 0: Запрос от C# 1 (req_id=354): {"data":{"data":"TQOB|SU29018RMFS7|LAST","t":1775500593119,"cmd":"getParamEx"},"cmd":"getParamEx","t":1775500593119,"id":354}
2026-04-06 21:36:33.200 LOG 1: После dispatch: cmd=getParamEx, data тип=table
2026-04-06 21:36:33.250 LOG 0: Запрос от C# 1 (req_id=355): {"data":{"data":"TQOB|SU29018RMFS7|ACCRUEDINT","t":1775500593119,"cmd":"getParamEx"},"cmd":"getParamEx","t":1775500593119,"id":355}
2026-04-06 21:36:33.300 LOG 1: После dispatch: cmd=getParamEx, data тип=table
2026-04-06 21:36:33.350 LOG 0: Запрос от C# 1 (req_id=356): {"data":{"data":"","t":1775500593120,"cmd":"get_depo_limits"},"cmd":"get_depo_limits","t":1775500593120,"id":356}
2026-04-06 21:36:33.600 LOG 1: После dispatch: cmd=get_depo_limits, data тип=table
2026-04-06 21:36:33.250 LOG 0: Запрос от C# 1 (req_id=357): {"data":{"data":"TQOB|SU29019RMFS5|ISINCODE","t":1775500593194,"cmd":"getParamEx"},"cmd":"getParamEx","t":1775500593194,"id":357}
2026-04-06 21:36:33.300 LOG 1: После dispatch: cmd=getParamEx, data тип=table
2026-04-06 21:36:33.350 LOG 0: Запрос от C# 1 (req_id=358): {"data":{"data":"TQOB|SU29019RMFS5|SEC_FACE_VALUE","t":1775500593195,"cmd":"getParamEx"},"cmd":"getParamEx","t":1775500593195,"id":358}
2026-04-06 21:36:33.400 LOG 1: После dispatch: cmd=getParamEx, data тип=table
2026-04-06 21:36:33.450 LOG 0: Запрос от C# 1 (req_id=359): {"data":{"data":"TQOB|SU29019RMFS5|COUPONPERIOD","t":1775500593196,"cmd":"getParamEx"},"cmd":"getParamEx","t":1775500593196,"id":359}
2026-04-06 21:36:33.500 LOG 1: После dispatch: cmd=getParamEx, data тип=table
2026-04-06 21:36:33.550 LOG 0: Запрос от C# 1 (req_id=360): {"data":{"data":"TQOB|SU29019RMFS5|COUPONVALUE","t":1775500593197,"cmd":"getParamEx"},"cmd":"getParamEx","t":1775500593197,"id":360}
2026-04-06 21:36:33.600 LOG 1: После dispatch: cmd=getParamEx, data тип=table
2026-04-06 21:36:33.650 LOG 0: Запрос от C# 1 (req_id=361): {"data":{"data":"TQOB|SU29019RMFS5|MAT_DATE","t":1775500593197,"cmd":"getParamEx"},"cmd":"getParamEx","t":1775500593197,"id":361}
2026-04-06 21:36:33.700 LOG 1: После dispatch: cmd=getParamEx, data тип=table
2026-04-06 21:36:33.750 LOG 0: Запрос от C# 1 (req_id=362): {"data":{"data":"TQOB|SU29019RMFS5|LAST","t":1775500593198,"cmd":"getParamEx"},"cmd":"getParamEx","t":1775500593198,"id":362}
2026-04-06 21:36:33.800 LOG 1: После dispatch: cmd=getParamEx, data тип=table
2026-04-06 21:36:33.850 LOG 0: Запрос от C# 1 (req_id=363): {"data":{"data":"TQOB|SU29019RMFS5|ACCRUEDINT","t":1775500593199,"cmd":"getParamEx"},"cmd":"getParamEx","t":1775500593199,"id":363}
2026-04-06 21:36:33.900 LOG 1: После dispatch: cmd=getParamEx, data тип=table
2026-04-06 21:36:33.950 LOG 0: Запрос от C# 1 (req_id=364): {"data":{"data":"","t":1775500593200,"cmd":"get_depo_limits"},"cmd":"get_depo_limits","t":1775500593200,"id":364}
2026-04-06 21:36:33.000 LOG 1: После dispatch: cmd=get_depo_limits, data тип=table
2026-04-06 21:36:33.100 LOG 0: Запрос от C# 1 (req_id=365): {"data":{"data":"TQOB|SU29020RMFS3|ISINCODE","t":1775500593243,"cmd":"getParamEx"},"cmd":"getParamEx","t":1775500593243,"id":365}
2026-04-06 21:36:33.150 LOG 1: После dispatch: cmd=getParamEx, data тип=table
2026-04-06 21:36:33.200 LOG 0: Запрос от C# 1 (req_id=366): {"data":{"data":"TQOB|SU29020RMFS3|SEC_FACE_VALUE","t":1775500593243,"cmd":"getParamEx"},"cmd":"getParamEx","t":1775500593243,"id":366}
2026-04-06 21:36:33.250 LOG 1: После dispatch: cmd=getParamEx, data тип=table
2026-04-06 21:36:33.300 LOG 0: Запрос от C# 1 (req_id=367): {"data":{"data":"TQOB|SU29020RMFS3|COUPONPERIOD","t":1775500593244,"cmd":"getParamEx"},"cmd":"getParamEx","t":1775500593244,"id":367}
2026-04-06 21:36:33.350 LOG 1: После dispatch: cmd=getParamEx, data тип=table
2026-04-06 21:36:33.400 LOG 0: Запрос от C# 1 (req_id=368): {"data":{"data":"TQOB|SU29020RMFS3|COUPONVALUE","t":1775500593244,"cmd":"getParamEx"},"cmd":"getParamEx","t":1775500593244,"id":368}
2026-04-06 21:36:33.450 LOG 1: После dispatch: cmd=getParamEx, data тип=table
2026-04-06 21:36:33.500 LOG 0: Запрос от C# 1 (req_id=369): {"data":{"data":"TQOB|SU29020RMFS3|MAT_DATE","t":1775500593245,"cmd":"getParamEx"},"cmd":"getParamEx","t":1775500593245,"id":369}
2026-04-06 21:36:33.550 LOG 1: После dispatch: cmd=getParamEx, data тип=table
2026-04-06 21:36:33.600 LOG 0: Запрос от C# 1 (req_id=370): {"data":{"data":"TQOB|SU29020RMFS3|LAST","t":1775500593246,"cmd":"getParamEx"},"cmd":"getParamEx","t":1775500593246,"id":370}
2026-04-06 21:36:33.650 LOG 1: После dispatch: cmd=getParamEx, data тип=table
2026-04-06 21:36:33.700 LOG 0: Запрос от C# 1 (req_id=371): {"data":{"data":"TQOB|SU29020RMFS3|ACCRUEDINT","t":1775500593246,"cmd":"getParamEx"},"cmd":"getParamEx","t":1775500593246,"id":371}
2026-04-06 21:36:33.750 LOG 1: После dispatch: cmd=getParamEx, data тип=table
2026-04-06 21:36:33.800 LOG 0: Запрос от C# 1 (req_id=372): {"data":{"data":"","t":1775500593247,"cmd":"get_depo_limits"},"cmd":"get_depo_limits","t":1775500593247,"id":372}
2026-04-06 21:36:33.850 LOG 1: После dispatch: cmd=get_depo_limits, data тип=table
2026-04-06 21:36:33.900 LOG 0: Запрос от C# 1 (req_id=373): {"data":{"data":"TQOB|SU29021RMFS1|ISINCODE","t":1775500593292,"cmd":"getParamEx"},"cmd":"getParamEx","t":1775500593292,"id":373}
2026-04-06 21:36:33.950 LOG 1: После dispatch: cmd=getParamEx, data тип=table
2026-04-06 21:36:33.000 LOG 0: Запрос от C# 1 (req_id=374): {"data":{"data":"TQOB|SU29021RMFS1|SEC_FACE_VALUE","t":1775500593294,"cmd":"getParamEx"},"cmd":"getParamEx","t":1775500593294,"id":374}
2026-04-06 21:36:33.050 LOG 1: После dispatch: cmd=getParamEx, data тип=table
2026-04-06 21:36:33.100 LOG 0: Запрос от C# 1 (req_id=375): {"data":{"data":"TQOB|SU29021RMFS1|COUPONPERIOD","t":1775500593295,"cmd":"getParamEx"},"cmd":"getParamEx","t":1775500593295,"id":375}
2026-04-06 21:36:33.150 LOG 1: После dispatch: cmd=getParamEx, data тип=table
2026-04-06 21:36:33.200 LOG 0: Запрос от C# 1 (req_id=376): {"data":{"data":"TQOB|SU29021RMFS1|COUPONVALUE","t":1775500593295,"cmd":"getParamEx"},"cmd":"getParamEx","t":1775500593295,"id":376}
2026-04-06 21:36:33.250 LOG 1: После dispatch: cmd=getParamEx, data тип=table
2026-04-06 21:36:33.300 LOG 0: Запрос от C# 1 (req_id=377): {"data":{"data":"TQOB|SU29021RMFS1|MAT_DATE","t":1775500593296,"cmd":"getParamEx"},"cmd":"getParamEx","t":1775500593296,"id":377}
2026-04-06 21:36:33.350 LOG 1: После dispatch: cmd=getParamEx, data тип=table
2026-04-06 21:36:33.400 LOG 0: Запрос от C# 1 (req_id=378): {"data":{"data":"TQOB|SU29021RMFS1|LAST","t":1775500593297,"cmd":"getParamEx"},"cmd":"getParamEx","t":1775500593297,"id":378}
2026-04-06 21:36:33.450 LOG 1: После dispatch: cmd=getParamEx, data тип=table
2026-04-06 21:36:33.500 LOG 0: Запрос от C# 1 (req_id=379): {"data":{"data":"TQOB|SU29021RMFS1|ACCRUEDINT","t":1775500593297,"cmd":"getParamEx"},"cmd":"getParamEx","t":1775500593297,"id":379}
2026-04-06 21:36:33.550 LOG 1: После dispatch: cmd=getParamEx, data тип=table
2026-04-06 21:36:33.600 LOG 0: Запрос от C# 1 (req_id=380): {"data":{"data":"","t":1775500593298,"cmd":"get_depo_limits"},"cmd":"get_depo_limits","t":1775500593298,"id":380}
2026-04-06 21:36:33.650 LOG 1: После dispatch: cmd=get_depo_limits, data тип=table
2026-04-06 21:36:33.700 LOG 0: Запрос от C# 1 (req_id=381): {"data":{"data":"TQOB|SU29022RMFS9|ISINCODE","t":1775500593341,"cmd":"getParamEx"},"cmd":"getParamEx","t":1775500593341,"id":381}
2026-04-06 21:36:33.750 LOG 1: После dispatch: cmd=getParamEx, data тип=table
2026-04-06 21:36:33.800 LOG 0: Запрос от C# 1 (req_id=382): {"data":{"data":"TQOB|SU29022RMFS9|SEC_FACE_VALUE","t":1775500593342,"cmd":"getParamEx"},"cmd":"getParamEx","t":1775500593342,"id":382}
2026-04-06 21:36:33.850 LOG 1: После dispatch: cmd=getParamEx, data тип=table
2026-04-06 21:36:33.900 LOG 0: Запрос от C# 1 (req_id=383): {"data":{"data":"TQOB|SU29022RMFS9|COUPONPERIOD","t":1775500593342,"cmd":"getParamEx"},"cmd":"getParamEx","t":1775500593342,"id":383}
2026-04-06 21:36:33.950 LOG 1: После dispatch: cmd=getParamEx, data тип=table
2026-04-06 21:36:33.000 LOG 0: Запрос от C# 1 (req_id=384): {"data":{"data":"TQOB|SU29022RMFS9|COUPONVALUE","t":1775500593343,"cmd":"getParamEx"},"cmd":"getParamEx","t":1775500593343,"id":384}
2026-04-06 21:36:33.050 LOG 1: После dispatch: cmd=getParamEx, data тип=table
2026-04-06 21:36:33.100 LOG 0: Запрос от C# 1 (req_id=385): {"data":{"data":"TQOB|SU29022RMFS9|MAT_DATE","t":1775500593343,"cmd":"getParamEx"},"cmd":"getParamEx","t":1775500593343,"id":385}
2026-04-06 21:36:33.150 LOG 1: После dispatch: cmd=getParamEx, data тип=table
2026-04-06 21:36:33.200 LOG 0: Запрос от C# 1 (req_id=386): {"data":{"data":"TQOB|SU29022RMFS9|LAST","t":1775500593344,"cmd":"getParamEx"},"cmd":"getParamEx","t":1775500593344,"id":386}
2026-04-06 21:36:33.250 LOG 1: После dispatch: cmd=getParamEx, data тип=table
2026-04-06 21:36:33.300 LOG 0: Запрос от C# 1 (req_id=387): {"data":{"data":"TQOB|SU29022RMFS9|ACCRUEDINT","t":1775500593344,"cmd":"getParamEx"},"cmd":"getParamEx","t":1775500593344,"id":387}
2026-04-06 21:36:33.350 LOG 1: После dispatch: cmd=getParamEx, data тип=table
2026-04-06 21:36:33.400 LOG 0: Запрос от C# 1 (req_id=388): {"data":{"data":"","t":1775500593345,"cmd":"get_depo_limits"},"cmd":"get_depo_limits","t":1775500593345,"id":388}
2026-04-06 21:36:33.500 LOG 1: После dispatch: cmd=get_depo_limits, data тип=table
2026-04-06 21:36:33.600 LOG 0: Запрос от C# 1 (req_id=389): {"data":{"data":"TQOB|SU29023RMFS7|ISINCODE","t":1775500593387,"cmd":"getParamEx"},"cmd":"getParamEx","t":1775500593387,"id":389}
2026-04-06 21:36:33.650 LOG 1: После dispatch: cmd=getParamEx, data тип=table
2026-04-06 21:36:33.700 LOG 0: Запрос от C# 1 (req_id=390): {"data":{"data":"TQOB|SU29023RMFS7|SEC_FACE_VALUE","t":1775500593388,"cmd":"getParamEx"},"cmd":"getParamEx","t":1775500593388,"id":390}
2026-04-06 21:36:33.750 LOG 1: После dispatch: cmd=getParamEx, data тип=table
2026-04-06 21:36:33.800 LOG 0: Запрос от C# 1 (req_id=391): {"data":{"data":"TQOB|SU29023RMFS7|COUPONPERIOD","t":1775500593389,"cmd":"getParamEx"},"cmd":"getParamEx","t":1775500593389,"id":391}
2026-04-06 21:36:33.850 LOG 1: После dispatch: cmd=getParamEx, data тип=table
2026-04-06 21:36:33.900 LOG 0: Запрос от C# 1 (req_id=392): {"data":{"data":"TQOB|SU29023RMFS7|COUPONVALUE","t":1775500593390,"cmd":"getParamEx"},"cmd":"getParamEx","t":1775500593390,"id":392}
2026-04-06 21:36:33.950 LOG 1: После dispatch: cmd=getParamEx, data тип=table
2026-04-06 21:36:33.000 LOG 0: Запрос от C# 1 (req_id=393): {"data":{"data":"TQOB|SU29023RMFS7|MAT_DATE","t":1775500593391,"cmd":"getParamEx"},"cmd":"getParamEx","t":1775500593391,"id":393}
2026-04-06 21:36:33.050 LOG 1: После dispatch: cmd=getParamEx, data тип=table
2026-04-06 21:36:33.100 LOG 0: Запрос от C# 1 (req_id=394): {"data":{"data":"TQOB|SU29023RMFS7|LAST","t":1775500593392,"cmd":"getParamEx"},"cmd":"getParamEx","t":1775500593392,"id":394}
2026-04-06 21:36:33.150 LOG 1: После dispatch: cmd=getParamEx, data тип=table
2026-04-06 21:36:33.200 LOG 0: Запрос от C# 1 (req_id=395): {"data":{"data":"TQOB|SU29023RMFS7|ACCRUEDINT","t":1775500593392,"cmd":"getParamEx"},"cmd":"getParamEx","t":1775500593392,"id":395}
2026-04-06 21:36:33.250 LOG 1: После dispatch: cmd=getParamEx, data тип=table
2026-04-06 21:36:33.300 LOG 0: Запрос от C# 1 (req_id=396): {"data":{"data":"","t":1775500593393,"cmd":"get_depo_limits"},"cmd":"get_depo_limits","t":1775500593393,"id":396}
2026-04-06 21:36:33.350 LOG 1: После dispatch: cmd=get_depo_limits, data тип=table
2026-04-06 21:36:33.400 LOG 0: Запрос от C# 1 (req_id=397): {"data":{"data":"TQOB|SU29024RMFS5|ISINCODE","t":1775500593437,"cmd":"getParamEx"},"cmd":"getParamEx","t":1775500593437,"id":397}
2026-04-06 21:36:33.450 LOG 1: После dispatch: cmd=getParamEx, data тип=table
2026-04-06 21:36:33.500 LOG 0: Запрос от C# 1 (req_id=398): {"data":{"data":"TQOB|SU29024RMFS5|SEC_FACE_VALUE","t":1775500593438,"cmd":"getParamEx"},"cmd":"getParamEx","t":1775500593438,"id":398}
2026-04-06 21:36:33.550 LOG 1: После dispatch: cmd=getParamEx, data тип=table
2026-04-06 21:36:33.600 LOG 0: Запрос от C# 1 (req_id=399): {"data":{"data":"TQOB|SU29024RMFS5|COUPONPERIOD","t":1775500593439,"cmd":"getParamEx"},"cmd":"getParamEx","t":1775500593439,"id":399}
2026-04-06 21:36:33.650 LOG 1: После dispatch: cmd=getParamEx, data тип=table
2026-04-06 21:36:33.700 LOG 0: Запрос от C# 1 (req_id=400): {"data":{"data":"TQOB|SU29024RMFS5|COUPONVALUE","t":1775500593439,"cmd":"getParamEx"},"cmd":"getParamEx","t":1775500593439,"id":400}
2026-04-06 21:36:33.750 LOG 1: После dispatch: cmd=getParamEx, data тип=table
2026-04-06 21:36:33.800 LOG 0: Запрос от C# 1 (req_id=401): {"data":{"data":"TQOB|SU29024RMFS5|MAT_DATE","t":1775500593440,"cmd":"getParamEx"},"cmd":"getParamEx","t":1775500593440,"id":401}
2026-04-06 21:36:33.850 LOG 1: После dispatch: cmd=getParamEx, data тип=table
2026-04-06 21:36:33.900 LOG 0: Запрос от C# 1 (req_id=402): {"data":{"data":"TQOB|SU29024RMFS5|LAST","t":1775500593441,"cmd":"getParamEx"},"cmd":"getParamEx","t":1775500593441,"id":402}
2026-04-06 21:36:33.950 LOG 1: После dispatch: cmd=getParamEx, data тип=table
2026-04-06 21:36:33.000 LOG 0: Запрос от C# 1 (req_id=403): {"data":{"data":"TQOB|SU29024RMFS5|ACCRUEDINT","t":1775500593442,"cmd":"getParamEx"},"cmd":"getParamEx","t":1775500593442,"id":403}
2026-04-06 21:36:33.050 LOG 1: После dispatch: cmd=getParamEx, data тип=table
2026-04-06 21:36:33.100 LOG 0: Запрос от C# 1 (req_id=404): {"data":{"data":"","t":1775500593443,"cmd":"get_depo_limits"},"cmd":"get_depo_limits","t":1775500593443,"id":404}
2026-04-06 21:36:33.150 LOG 1: После dispatch: cmd=get_depo_limits, data тип=table
2026-04-06 21:36:33.200 LOG 0: Запрос от C# 1 (req_id=405): {"data":{"data":"TQOB|SU29025RMFS2|ISINCODE","t":1775500593485,"cmd":"getParamEx"},"cmd":"getParamEx","t":1775500593485,"id":405}
2026-04-06 21:36:33.250 LOG 1: После dispatch: cmd=getParamEx, data тип=table
2026-04-06 21:36:33.300 LOG 0: Запрос от C# 1 (req_id=406): {"data":{"data":"TQOB|SU29025RMFS2|SEC_FACE_VALUE","t":1775500593486,"cmd":"getParamEx"},"cmd":"getParamEx","t":1775500593486,"id":406}
2026-04-06 21:36:33.350 LOG 1: После dispatch: cmd=getParamEx, data тип=table
2026-04-06 21:36:33.400 LOG 0: Запрос от C# 1 (req_id=407): {"data":{"data":"TQOB|SU29025RMFS2|COUPONPERIOD","t":1775500593487,"cmd":"getParamEx"},"cmd":"getParamEx","t":1775500593487,"id":407}
2026-04-06 21:36:33.450 LOG 1: После dispatch: cmd=getParamEx, data тип=table
2026-04-06 21:36:33.500 LOG 0: Запрос от C# 1 (req_id=408): {"data":{"data":"TQOB|SU29025RMFS2|COUPONVALUE","t":1775500593487,"cmd":"getParamEx"},"cmd":"getParamEx","t":1775500593487,"id":408}
2026-04-06 21:36:33.550 LOG 1: После dispatch: cmd=getParamEx, data тип=table
2026-04-06 21:36:33.600 LOG 0: Запрос от C# 1 (req_id=409): {"data":{"data":"TQOB|SU29025RMFS2|MAT_DATE","t":1775500593489,"cmd":"getParamEx"},"cmd":"getParamEx","t":1775500593489,"id":409}
2026-04-06 21:36:33.650 LOG 1: После dispatch: cmd=getParamEx, data тип=table
2026-04-06 21:36:33.700 LOG 0: Запрос от C# 1 (req_id=410): {"data":{"data":"TQOB|SU29025RMFS2|LAST","t":1775500593490,"cmd":"getParamEx"},"cmd":"getParamEx","t":1775500593490,"id":410}
2026-04-06 21:36:33.750 LOG 1: После dispatch: cmd=getParamEx, data тип=table
2026-04-06 21:36:33.800 LOG 0: Запрос от C# 1 (req_id=411): {"data":{"data":"TQOB|SU29025RMFS2|ACCRUEDINT","t":1775500593490,"cmd":"getParamEx"},"cmd":"getParamEx","t":1775500593490,"id":411}
2026-04-06 21:36:33.850 LOG 1: После dispatch: cmd=getParamEx, data тип=table
2026-04-06 21:36:33.900 LOG 0: Запрос от C# 1 (req_id=412): {"data":{"data":"","t":1775500593491,"cmd":"get_depo_limits"},"cmd":"get_depo_limits","t":1775500593491,"id":412}
2026-04-06 21:36:33.950 LOG 1: После dispatch: cmd=get_depo_limits, data тип=table
2026-04-06 21:36:33.000 LOG 0: Запрос от C# 1 (req_id=413): {"data":{"data":"TQOB|SU29026RMFS0|ISINCODE","t":1775500593535,"cmd":"getParamEx"},"cmd":"getParamEx","t":1775500593535,"id":413}
2026-04-06 21:36:33.050 LOG 1: После dispatch: cmd=getParamEx, data тип=table
2026-04-06 21:36:33.100 LOG 0: Запрос от C# 1 (req_id=414): {"data":{"data":"TQOB|SU29026RMFS0|SEC_FACE_VALUE","t":1775500593536,"cmd":"getParamEx"},"cmd":"getParamEx","t":1775500593536,"id":414}
2026-04-06 21:36:33.150 LOG 1: После dispatch: cmd=getParamEx, data тип=table
2026-04-06 21:36:33.200 LOG 0: Запрос от C# 1 (req_id=415): {"data":{"data":"TQOB|SU29026RMFS0|COUPONPERIOD","t":1775500593537,"cmd":"getParamEx"},"cmd":"getParamEx","t":1775500593537,"id":415}
2026-04-06 21:36:33.250 LOG 1: После dispatch: cmd=getParamEx, data тип=table
2026-04-06 21:36:33.300 LOG 0: Запрос от C# 1 (req_id=416): {"data":{"data":"TQOB|SU29026RMFS0|COUPONVALUE","t":1775500593537,"cmd":"getParamEx"},"cmd":"getParamEx","t":1775500593537,"id":416}
2026-04-06 21:36:33.350 LOG 1: После dispatch: cmd=getParamEx, data тип=table
2026-04-06 21:36:33.400 LOG 0: Запрос от C# 1 (req_id=417): {"data":{"data":"TQOB|SU29026RMFS0|MAT_DATE","t":1775500593538,"cmd":"getParamEx"},"cmd":"getParamEx","t":1775500593538,"id":417}
2026-04-06 21:36:33.450 LOG 1: После dispatch: cmd=getParamEx, data тип=table
2026-04-06 21:36:33.500 LOG 0: Запрос от C# 1 (req_id=418): {"data":{"data":"TQOB|SU29026RMFS0|LAST","t":1775500593538,"cmd":"getParamEx"},"cmd":"getParamEx","t":1775500593538,"id":418}
2026-04-06 21:36:33.550 LOG 1: После dispatch: cmd=getParamEx, data тип=table
2026-04-06 21:36:33.600 LOG 0: Запрос от C# 1 (req_id=419): {"data":{"data":"TQOB|SU29026RMFS0|ACCRUEDINT","t":1775500593539,"cmd":"getParamEx"},"cmd":"getParamEx","t":1775500593539,"id":419}
2026-04-06 21:36:33.650 LOG 1: После dispatch: cmd=getParamEx, data тип=table
2026-04-06 21:36:33.700 LOG 0: Запрос от C# 1 (req_id=420): {"data":{"data":"","t":1775500593539,"cmd":"get_depo_limits"},"cmd":"get_depo_limits","t":1775500593539,"id":420}
2026-04-06 21:36:33.800 LOG 1: После dispatch: cmd=get_depo_limits, data тип=table
2026-04-06 21:36:33.950 LOG 0: Запрос от C# 1 (req_id=421): {"data":{"data":"TQOB|SU29027RMFS8|ISINCODE","t":1775500593580,"cmd":"getParamEx"},"cmd":"getParamEx","t":1775500593580,"id":421}
2026-04-06 21:36:33.000 LOG 1: После dispatch: cmd=getParamEx, data тип=table
2026-04-06 21:36:33.050 LOG 0: Запрос от C# 1 (req_id=422): {"data":{"data":"TQOB|SU29027RMFS8|SEC_FACE_VALUE","t":1775500593581,"cmd":"getParamEx"},"cmd":"getParamEx","t":1775500593581,"id":422}
2026-04-06 21:36:33.100 LOG 1: После dispatch: cmd=getParamEx, data тип=table
2026-04-06 21:36:33.150 LOG 0: Запрос от C# 1 (req_id=423): {"data":{"data":"TQOB|SU29027RMFS8|COUPONPERIOD","t":1775500593582,"cmd":"getParamEx"},"cmd":"getParamEx","t":1775500593582,"id":423}
2026-04-06 21:36:33.200 LOG 1: После dispatch: cmd=getParamEx, data тип=table
2026-04-06 21:36:33.250 LOG 0: Запрос от C# 1 (req_id=424): {"data":{"data":"TQOB|SU29027RMFS8|COUPONVALUE","t":1775500593583,"cmd":"getParamEx"},"cmd":"getParamEx","t":1775500593583,"id":424}
2026-04-06 21:36:33.300 LOG 1: После dispatch: cmd=getParamEx, data тип=table
2026-04-06 21:36:33.350 LOG 0: Запрос от C# 1 (req_id=425): {"data":{"data":"TQOB|SU29027RMFS8|MAT_DATE","t":1775500593583,"cmd":"getParamEx"},"cmd":"getParamEx","t":1775500593583,"id":425}
2026-04-06 21:36:33.400 LOG 1: После dispatch: cmd=getParamEx, data тип=table
2026-04-06 21:36:33.450 LOG 0: Запрос от C# 1 (req_id=426): {"data":{"data":"TQOB|SU29027RMFS8|LAST","t":1775500593584,"cmd":"getParamEx"},"cmd":"getParamEx","t":1775500593584,"id":426}
2026-04-06 21:36:33.500 LOG 1: После dispatch: cmd=getParamEx, data тип=table
2026-04-06 21:36:33.550 LOG 0: Запрос от C# 1 (req_id=427): {"data":{"data":"TQOB|SU29027RMFS8|ACCRUEDINT","t":1775500593584,"cmd":"getParamEx"},"cmd":"getParamEx","t":1775500593584,"id":427}
2026-04-06 21:36:33.600 LOG 1: После dispatch: cmd=getParamEx, data тип=table
2026-04-06 21:36:33.650 LOG 0: Запрос от C# 1 (req_id=428): {"data":{"data":"","t":1775500593585,"cmd":"get_depo_limits"},"cmd":"get_depo_limits","t":1775500593585,"id":428}
2026-04-06 21:36:33.700 LOG 1: После dispatch: cmd=get_depo_limits, data тип=table
2026-04-06 21:37:19.050 LOG 0: Detected Quik version: 1208, script path: C:\Programming\QuikSharp\lua
2026-04-06 21:37:19.100 LOG 1: Shared memory IPC (variant 2) initialized
2026-04-06 21:37:19.150 LOG 1: QUIK# connected via shared memory (variant 2)
2026-04-06 21:37:34.050 LOG 0: Detected Quik version: 1208, script path: C:\Programming\QuikSharp\lua
2026-04-06 21:37:34.100 LOG 1: Shared memory IPC (variant 2) initialized
2026-04-06 21:37:34.150 LOG 1: QUIK# connected via shared memory (variant 2)
2026-04-06 21:40:25.050 LOG 0: Detected Quik version: 1208, script path: C:\Programming\QuikSharp\lua
2026-04-06 21:40:25.100 LOG 1: Shared memory IPC (variant 2) initialized
2026-04-06 21:40:25.150 LOG 1: QUIK# connected via shared memory (variant 2)
2026-04-06 21:40:35.450 LOG 1: Subscribe_Level_II_Quotes called | raw data: TQOB|SU26207RMFS9
2026-04-06 21:40:35.500 LOG 1: Subscribe Level II: class=TQOB, sec=SU26207RMFS9
2026-04-06 21:40:35.000 LOG 1: Subscribe_Level_II_Quotes called | raw data: TQOB|SU26226RMFS9
2026-04-06 21:40:35.050 LOG 1: Subscribe Level II: class=TQOB, sec=SU26226RMFS9
2026-04-06 21:40:38.050 LOG 1: Subscribe_Level_II_Quotes called | raw data: TQCB|RU000A0JRJB8
2026-04-06 21:40:38.100 LOG 1: Subscribe Level II: class=TQCB, sec=RU000A0JRJB8
2026-04-06 21:40:38.250 LOG 1: Subscribe_Level_II_Quotes called | raw data: TQCB|RU000A0JRU20
2026-04-06 21:40:38.300 LOG 1: Subscribe Level II: class=TQCB, sec=RU000A0JRU20
2026-04-06 21:40:38.950 LOG 1: Subscribe_Level_II_Quotes called | raw data: TQCB|RU000A0JSGV0
2026-04-06 21:40:38.000 LOG 1: Subscribe Level II: class=TQCB, sec=RU000A0JSGV0
2026-04-06 21:40:38.150 LOG 1: Subscribe_Level_II_Quotes called | raw data: TQCB|RU000A0JSQ58
2026-04-06 21:40:38.200 LOG 1: Subscribe Level II: class=TQCB, sec=RU000A0JSQ58
2026-04-06 21:40:38.350 LOG 1: Subscribe_Level_II_Quotes called | raw data: TQCB|RU000A0JTU85
2026-04-06 21:40:38.400 LOG 1: Subscribe Level II: class=TQCB, sec=RU000A0JTU85
2026-04-06 21:40:39.050 LOG 1: Subscribe_Level_II_Quotes called | raw data: TQCB|RU000A0JUAH8
2026-04-06 21:40:39.100 LOG 1: Subscribe Level II: class=TQCB, sec=RU000A0JUAH8
2026-04-06 21:40:39.450 LOG 1: Subscribe_Level_II_Quotes called | raw data: TQCB|RU000A0JV4R9
2026-04-06 21:40:39.500 LOG 1: Subscribe Level II: class=TQCB, sec=RU000A0JV4R9
2026-04-06 21:40:40.500 LOG 1: Subscribe_Level_II_Quotes called | raw data: TQCB|RU000A0JWGS8
2026-04-06 21:40:40.550 LOG 1: Subscribe Level II: class=TQCB, sec=RU000A0JWGS8
2026-04-06 21:40:40.750 LOG 1: Subscribe_Level_II_Quotes called | raw data: TQCB|RU000A0JWHU2
2026-04-06 21:40:40.800 LOG 1: Subscribe Level II: class=TQCB, sec=RU000A0JWHU2
2026-04-06 21:40:40.950 LOG 1: Subscribe_Level_II_Quotes called | raw data: TQCB|RU000A0JWHW8
2026-04-06 21:40:40.000 LOG 1: Subscribe Level II: class=TQCB, sec=RU000A0JWHW8
2026-04-06 21:40:40.050 LOG 1: Subscribe_Level_II_Quotes called | raw data: TQCB|RU000A0JWK74
2026-04-06 21:40:40.100 LOG 1: Subscribe Level II: class=TQCB, sec=RU000A0JWK74
2026-04-06 21:40:40.550 LOG 1: Subscribe_Level_II_Quotes called | raw data: TQCB|RU000A0JWN63
2026-04-06 21:40:40.600 LOG 1: Subscribe Level II: class=TQCB, sec=RU000A0JWN63
2026-04-06 21:40:40.750 LOG 1: Subscribe_Level_II_Quotes called | raw data: TQCB|RU000A0JWRV9
2026-04-06 21:40:40.800 LOG 1: Subscribe Level II: class=TQCB, sec=RU000A0JWRV9
2026-04-06 21:40:40.050 LOG 1: Subscribe_Level_II_Quotes called | raw data: TQCB|RU000A0JWST1
2026-04-06 21:40:40.100 LOG 1: Subscribe Level II: class=TQCB, sec=RU000A0JWST1
2026-04-06 21:40:41.050 LOG 1: Subscribe_Level_II_Quotes called | raw data: TQCB|RU000A0JWT91
2026-04-06 21:40:41.100 LOG 1: Subscribe Level II: class=TQCB, sec=RU000A0JWT91
2026-04-06 21:40:41.200 LOG 1: Subscribe_Level_II_Quotes called | raw data: TQCB|RU000A0JWTN2
2026-04-06 21:40:41.250 LOG 1: Subscribe Level II: class=TQCB, sec=RU000A0JWTN2
2026-04-06 21:40:41.600 LOG 1: Subscribe_Level_II_Quotes called | raw data: TQCB|RU000A0JWV89
2026-04-06 21:40:41.650 LOG 1: Subscribe Level II: class=TQCB, sec=RU000A0JWV89
2026-04-06 21:40:41.750 LOG 1: Subscribe_Level_II_Quotes called | raw data: TQCB|RU000A0JWVL2
2026-04-06 21:40:41.800 LOG 1: Subscribe Level II: class=TQCB, sec=RU000A0JWVL2
2026-04-06 21:40:41.850 LOG 1: Subscribe_Level_II_Quotes called | raw data: TQCB|RU000A0JWVT5
2026-04-06 21:40:41.900 LOG 1: Subscribe Level II: class=TQCB, sec=RU000A0JWVT5
2026-04-06 21:40:41.350 LOG 1: Subscribe_Level_II_Quotes called | raw data: TQCB|RU000A0JWYQ5
2026-04-06 21:40:41.400 LOG 1: Subscribe Level II: class=TQCB, sec=RU000A0JWYQ5
2026-04-06 21:40:41.450 LOG 1: Subscribe_Level_II_Quotes called | raw data: TQCB|RU000A0JWZY6
2026-04-06 21:40:41.500 LOG 1: Subscribe Level II: class=TQCB, sec=RU000A0JWZY6
2026-04-06 21:40:41.800 LOG 1: Subscribe_Level_II_Quotes called | raw data: TQCB|RU000A0JX1S1
2026-04-06 21:40:41.850 LOG 1: Subscribe Level II: class=TQCB, sec=RU000A0JX1S1
2026-04-06 21:40:42.100 LOG 1: Subscribe_Level_II_Quotes called | raw data: TQCB|RU000A0JX2F6
2026-04-06 21:40:42.150 LOG 1: Subscribe Level II: class=TQCB, sec=RU000A0JX2F6
2026-04-06 21:40:42.400 LOG 1: Subscribe_Level_II_Quotes called | raw data: TQCB|RU000A0JX2R1
2026-04-06 21:40:42.450 LOG 1: Subscribe Level II: class=TQCB, sec=RU000A0JX2R1
2026-04-06 21:40:42.700 LOG 1: Subscribe_Level_II_Quotes called | raw data: TQCB|RU000A0JX3M0
2026-04-06 21:40:42.750 LOG 1: Subscribe Level II: class=TQCB, sec=RU000A0JX3M0
2026-04-06 21:40:42.000 LOG 1: Subscribe_Level_II_Quotes called | raw data: TQCB|RU000A0JX5W4
2026-04-06 21:40:42.050 LOG 1: Subscribe Level II: class=TQCB, sec=RU000A0JX5W4
2026-04-06 21:40:42.300 LOG 1: Subscribe_Level_II_Quotes called | raw data: TQCB|RU000A0JXE06
2026-04-06 21:40:42.350 LOG 1: Subscribe Level II: class=TQCB, sec=RU000A0JXE06
2026-04-06 21:40:42.900 LOG 1: Subscribe_Level_II_Quotes called | raw data: TQCB|RU000A0JXN05
2026-04-06 21:40:42.950 LOG 1: Subscribe Level II: class=TQCB, sec=RU000A0JXN05
2026-04-06 21:40:42.000 LOG 1: Subscribe_Level_II_Quotes called | raw data: TQCB|RU000A0JXN21
2026-04-06 21:40:42.050 LOG 1: Subscribe Level II: class=TQCB, sec=RU000A0JXN21
2026-04-06 21:40:42.300 LOG 1: Subscribe_Level_II_Quotes called | raw data: TQCB|RU000A0JXPG2
2026-04-06 21:40:42.350 LOG 1: Subscribe Level II: class=TQCB, sec=RU000A0JXPG2
2026-04-06 21:40:42.400 LOG 1: Subscribe_Level_II_Quotes called | raw data: TQCB|RU000A0JXPN8
2026-04-06 21:40:42.450 LOG 1: Subscribe Level II: class=TQCB, sec=RU000A0JXPN8
2026-04-06 21:40:42.600 LOG 1: Subscribe_Level_II_Quotes called | raw data: TQCB|RU000A0JXQ44
2026-04-06 21:40:42.650 LOG 1: Subscribe Level II: class=TQCB, sec=RU000A0JXQ44
2026-04-06 21:40:42.700 LOG 1: Subscribe_Level_II_Quotes called | raw data: TQCB|RU000A0JXQK2
2026-04-06 21:40:42.750 LOG 1: Subscribe Level II: class=TQCB, sec=RU000A0JXQK2
2026-04-06 21:40:43.150 LOG 1: Subscribe_Level_II_Quotes called | raw data: TQCB|RU000A0JXR84
2026-04-06 21:40:43.200 LOG 1: Subscribe Level II: class=TQCB, sec=RU000A0JXR84
2026-04-06 21:40:43.450 LOG 1: Subscribe_Level_II_Quotes called | raw data: TQCB|RU000A0JXS83
2026-04-06 21:40:43.500 LOG 1: Subscribe Level II: class=TQCB, sec=RU000A0JXS83
2026-04-06 21:40:43.150 LOG 1: Subscribe_Level_II_Quotes called | raw data: TQCB|RU000A0JXSS1
2026-04-06 21:40:43.200 LOG 1: Subscribe Level II: class=TQCB, sec=RU000A0JXSS1
2026-04-06 21:40:43.650 LOG 1: Subscribe_Level_II_Quotes called | raw data: TQCB|RU000A0JXXD3
2026-04-06 21:40:43.700 LOG 1: Subscribe Level II: class=TQCB, sec=RU000A0JXXD3
2026-04-06 21:40:43.800 LOG 1: Subscribe_Level_II_Quotes called | raw data: TQCB|RU000A0JXZB2
2026-04-06 21:40:43.850 LOG 1: Subscribe Level II: class=TQCB, sec=RU000A0JXZB2
2026-04-06 21:40:45.050 LOG 1: Subscribe_Level_II_Quotes called | raw data: TQCB|RU000A0ZYAP9
2026-04-06 21:40:45.100 LOG 1: Subscribe Level II: class=TQCB, sec=RU000A0ZYAP9
2026-04-06 21:40:45.450 LOG 1: Subscribe_Level_II_Quotes called | raw data: TQCB|RU000A0ZYEB1
2026-04-06 21:40:45.500 LOG 1: Subscribe Level II: class=TQCB, sec=RU000A0ZYEB1
2026-04-06 21:40:45.550 LOG 1: Subscribe_Level_II_Quotes called | raw data: TQCB|RU000A0ZYF20
2026-04-06 21:40:45.600 LOG 1: Subscribe Level II: class=TQCB, sec=RU000A0ZYF20
2026-04-06 21:40:45.700 LOG 1: Subscribe_Level_II_Quotes called | raw data: TQCB|RU000A0ZYFM5
2026-04-06 21:40:45.750 LOG 1: Subscribe Level II: class=TQCB, sec=RU000A0ZYFM5
2026-04-06 21:40:45.000 LOG 1: Subscribe_Level_II_Quotes called | raw data: TQCB|RU000A0ZYG52
2026-04-06 21:40:45.050 LOG 1: Subscribe Level II: class=TQCB, sec=RU000A0ZYG52
2026-04-06 21:40:45.200 LOG 1: Subscribe_Level_II_Quotes called | raw data: TQCB|RU000A0ZYJ91
2026-04-06 21:40:45.250 LOG 1: Subscribe Level II: class=TQCB, sec=RU000A0ZYJ91
2026-04-06 21:40:45.400 LOG 1: Subscribe_Level_II_Quotes called | raw data: TQCB|RU000A0ZYKH5
2026-04-06 21:40:45.450 LOG 1: Subscribe Level II: class=TQCB, sec=RU000A0ZYKH5
2026-04-06 21:40:45.650 LOG 1: Subscribe_Level_II_Quotes called | raw data: TQCB|RU000A0ZYKJ1
2026-04-06 21:40:45.700 LOG 1: Subscribe Level II: class=TQCB, sec=RU000A0ZYKJ1
2026-04-06 21:40:46.050 LOG 1: Subscribe_Level_II_Quotes called | raw data: TQCB|RU000A0ZYL89
2026-04-06 21:40:46.100 LOG 1: Subscribe Level II: class=TQCB, sec=RU000A0ZYL89
2026-04-06 21:40:46.200 LOG 1: Subscribe_Level_II_Quotes called | raw data: TQCB|RU000A0ZYLG5
2026-04-06 21:40:46.250 LOG 1: Subscribe Level II: class=TQCB, sec=RU000A0ZYLG5
2026-04-06 21:40:46.550 LOG 1: Subscribe_Level_II_Quotes called | raw data: TQCB|RU000A0ZYLU6
2026-04-06 21:40:46.600 LOG 1: Subscribe Level II: class=TQCB, sec=RU000A0ZYLU6
2026-04-06 21:40:46.650 LOG 1: Subscribe_Level_II_Quotes called | raw data: TQCB|RU000A0ZYLX0
2026-04-06 21:40:46.700 LOG 1: Subscribe Level II: class=TQCB, sec=RU000A0ZYLX0
2026-04-06 21:40:46.350 LOG 1: Subscribe_Level_II_Quotes called | raw data: TQCB|RU000A0ZYNY4
2026-04-06 21:40:46.400 LOG 1: Subscribe Level II: class=TQCB, sec=RU000A0ZYNY4
2026-04-06 21:40:46.450 LOG 1: Subscribe_Level_II_Quotes called | raw data: TQCB|RU000A0ZYQU5
2026-04-06 21:40:46.500 LOG 1: Subscribe Level II: class=TQCB, sec=RU000A0ZYQU5
2026-04-06 21:40:46.950 LOG 1: Subscribe_Level_II_Quotes called | raw data: TQCB|RU000A0ZYQY7
2026-04-06 21:40:46.000 LOG 1: Subscribe Level II: class=TQCB, sec=RU000A0ZYQY7
2026-04-06 21:40:46.050 LOG 1: Subscribe_Level_II_Quotes called | raw data: TQCB|RU000A0ZYR91
2026-04-06 21:40:46.100 LOG 1: Subscribe Level II: class=TQCB, sec=RU000A0ZYR91
2026-04-06 21:40:46.500 LOG 1: Subscribe_Level_II_Quotes called | raw data: TQCB|RU000A0ZYT40
2026-04-06 21:40:46.550 LOG 1: Subscribe Level II: class=TQCB, sec=RU000A0ZYT40
2026-04-06 21:40:46.700 LOG 1: Subscribe_Level_II_Quotes called | raw data: TQCB|RU000A0ZYU05
2026-04-06 21:40:46.750 LOG 1: Subscribe Level II: class=TQCB, sec=RU000A0ZYU05
2026-04-06 21:40:46.150 LOG 1: Subscribe_Level_II_Quotes called | raw data: TQCB|RU000A0ZYVU5
2026-04-06 21:40:46.200 LOG 1: Subscribe Level II: class=TQCB, sec=RU000A0ZYVU5
2026-04-06 21:40:46.900 LOG 1: Subscribe_Level_II_Quotes called | raw data: TQCB|RU000A0ZYYE3
2026-04-06 21:40:46.950 LOG 1: Subscribe Level II: class=TQCB, sec=RU000A0ZYYE3
2026-04-06 21:40:46.000 LOG 1: Subscribe_Level_II_Quotes called | raw data: TQCB|RU000A0ZZ1J8
2026-04-06 21:40:46.050 LOG 1: Subscribe Level II: class=TQCB, sec=RU000A0ZZ1J8
2026-04-06 21:40:47.100 LOG 1: Subscribe_Level_II_Quotes called | raw data: TQCB|RU000A0ZZ1N0
2026-04-06 21:40:47.150 LOG 1: Subscribe Level II: class=TQCB, sec=RU000A0ZZ1N0
2026-04-06 21:40:47.400 LOG 1: Subscribe_Level_II_Quotes called | raw data: TQCB|RU000A0ZZ4P9
2026-04-06 21:40:47.450 LOG 1: Subscribe Level II: class=TQCB, sec=RU000A0ZZ4P9
2026-04-06 21:40:47.000 LOG 1: Subscribe_Level_II_Quotes called | raw data: TQCB|RU000A0ZZ7C0
2026-04-06 21:40:47.050 LOG 1: Subscribe Level II: class=TQCB, sec=RU000A0ZZ7C0
2026-04-06 21:40:47.300 LOG 1: Subscribe_Level_II_Quotes called | raw data: TQCB|RU000A0ZZ877
2026-04-06 21:40:47.350 LOG 1: Subscribe Level II: class=TQCB, sec=RU000A0ZZ877
2026-04-06 21:40:47.400 LOG 1: Subscribe_Level_II_Quotes called | raw data: TQCB|RU000A0ZZ885
2026-04-06 21:40:47.450 LOG 1: Subscribe Level II: class=TQCB, sec=RU000A0ZZ885
2026-04-06 21:40:47.750 LOG 1: Subscribe_Level_II_Quotes called | raw data: TQCB|RU000A0ZZ893
2026-04-06 21:40:47.800 LOG 1: Subscribe Level II: class=TQCB, sec=RU000A0ZZ893
2026-04-06 21:40:47.850 LOG 1: Subscribe_Level_II_Quotes called | raw data: TQCB|RU000A0ZZ984
2026-04-06 21:40:47.900 LOG 1: Subscribe Level II: class=TQCB, sec=RU000A0ZZ984
2026-04-06 21:40:47.100 LOG 1: Subscribe_Level_II_Quotes called | raw data: TQCB|RU000A0ZZ9P8
2026-04-06 21:40:47.150 LOG 1: Subscribe Level II: class=TQCB, sec=RU000A0ZZ9P8
2026-04-06 21:40:47.300 LOG 1: Subscribe_Level_II_Quotes called | raw data: TQCB|RU000A0ZZ9R4
2026-04-06 21:40:47.350 LOG 1: Subscribe Level II: class=TQCB, sec=RU000A0ZZ9R4
2026-04-06 21:40:47.400 LOG 1: Subscribe_Level_II_Quotes called | raw data: TQCB|RU000A0ZZBV2
2026-04-06 21:40:47.450 LOG 1: Subscribe Level II: class=TQCB, sec=RU000A0ZZBV2
2026-04-06 21:40:47.850 LOG 1: Subscribe_Level_II_Quotes called | raw data: TQCB|RU000A0ZZCH9
2026-04-06 21:40:47.900 LOG 1: Subscribe Level II: class=TQCB, sec=RU000A0ZZCH9
2026-04-06 21:40:48.400 LOG 1: Subscribe_Level_II_Quotes called | raw data: TQCB|RU000A0ZZGT5
2026-04-06 21:40:48.450 LOG 1: Subscribe Level II: class=TQCB, sec=RU000A0ZZGT5
2026-04-06 21:40:48.500 LOG 1: Subscribe_Level_II_Quotes called | raw data: TQCB|RU000A0ZZNW5
2026-04-06 21:40:48.550 LOG 1: Subscribe Level II: class=TQCB, sec=RU000A0ZZNW5
2026-04-06 21:40:48.700 LOG 1: Subscribe_Level_II_Quotes called | raw data: TQCB|RU000A0ZZQH9
2026-04-06 21:40:48.750 LOG 1: Subscribe Level II: class=TQCB, sec=RU000A0ZZQH9
2026-04-06 21:40:48.050 LOG 1: Subscribe_Level_II_Quotes called | raw data: TQCB|RU000A0ZZV11
2026-04-06 21:40:48.100 LOG 1: Subscribe Level II: class=TQCB, sec=RU000A0ZZV11
2026-04-06 21:40:48.150 LOG 1: Subscribe_Level_II_Quotes called | raw data: TQCB|RU000A0ZZV86
2026-04-06 21:40:48.200 LOG 1: Subscribe Level II: class=TQCB, sec=RU000A0ZZV86
2026-04-06 21:40:48.300 LOG 1: Subscribe_Level_II_Quotes called | raw data: TQCB|RU000A0ZZZ09
2026-04-06 21:40:48.350 LOG 1: Subscribe Level II: class=TQCB, sec=RU000A0ZZZ09
2026-04-06 21:40:48.450 LOG 1: Subscribe_Level_II_Quotes called | raw data: TQCB|RU000A0ZZZ17
2026-04-06 21:40:48.500 LOG 1: Subscribe Level II: class=TQCB, sec=RU000A0ZZZ17
2026-04-06 21:40:48.650 LOG 1: Subscribe_Level_II_Quotes called | raw data: TQCB|RU000A0ZZZ58
2026-04-06 21:40:48.700 LOG 1: Subscribe Level II: class=TQCB, sec=RU000A0ZZZ58
2026-04-06 21:40:48.950 LOG 1: Subscribe_Level_II_Quotes called | raw data: TQCB|RU000A100030
2026-04-06 21:40:48.000 LOG 1: Subscribe Level II: class=TQCB, sec=RU000A100030
2026-04-06 21:40:48.300 LOG 1: Subscribe_Level_II_Quotes called | raw data: TQCB|RU000A1003A4
2026-04-06 21:40:48.350 LOG 1: Subscribe Level II: class=TQCB, sec=RU000A1003A4
2026-04-06 21:40:48.600 LOG 1: Subscribe_Level_II_Quotes called | raw data: TQCB|RU000A1004W6
2026-04-06 21:40:48.650 LOG 1: Subscribe Level II: class=TQCB, sec=RU000A1004W6
2026-04-06 21:40:49.050 LOG 1: Subscribe_Level_II_Quotes called | raw data: TQCB|RU000A1005L6
2026-04-06 21:40:49.100 LOG 1: Subscribe Level II: class=TQCB, sec=RU000A1005L6
2026-04-06 21:40:49.300 LOG 1: Subscribe_Level_II_Quotes called | raw data: TQCB|RU000A1007H0
2026-04-06 21:40:49.350 LOG 1: Subscribe Level II: class=TQCB, sec=RU000A1007H0
2026-04-06 21:40:49.400 LOG 1: Subscribe_Level_II_Quotes called | raw data: TQCB|RU000A1007Z2
2026-04-06 21:40:49.450 LOG 1: Subscribe Level II: class=TQCB, sec=RU000A1007Z2
2026-04-06 21:40:49.600 LOG 1: Subscribe_Level_II_Quotes called | raw data: TQCB|RU000A100881
2026-04-06 21:40:49.650 LOG 1: Subscribe Level II: class=TQCB, sec=RU000A100881
2026-04-06 21:40:49.700 LOG 1: Subscribe_Level_II_Quotes called | raw data: TQCB|RU000A1008D7
2026-04-06 21:40:49.750 LOG 1: Subscribe Level II: class=TQCB, sec=RU000A1008D7
2026-04-06 21:40:49.800 LOG 1: Subscribe_Level_II_Quotes called | raw data: TQCB|RU000A1008J4
2026-04-06 21:40:49.850 LOG 1: Subscribe Level II: class=TQCB, sec=RU000A1008J4
2026-04-06 21:40:49.000 LOG 1: Subscribe_Level_II_Quotes called | raw data: TQCB|RU000A1008P1
2026-04-06 21:40:49.050 LOG 1: Subscribe Level II: class=TQCB, sec=RU000A1008P1
2026-04-06 21:40:49.300 LOG 1: Subscribe_Level_II_Quotes called | raw data: TQCB|RU000A1008Y3
2026-04-06 21:40:49.350 LOG 1: Subscribe Level II: class=TQCB, sec=RU000A1008Y3
2026-04-06 21:40:49.450 LOG 1: Subscribe_Level_II_Quotes called | raw data: TQCB|RU000A1009L8
2026-04-06 21:40:49.500 LOG 1: Subscribe Level II: class=TQCB, sec=RU000A1009L8
2026-04-06 21:40:49.750 LOG 1: Subscribe_Level_II_Quotes called | raw data: TQCB|RU000A100CN3
2026-04-06 21:40:49.800 LOG 1: Subscribe Level II: class=TQCB, sec=RU000A100CN3
2026-04-06 21:40:49.850 LOG 1: Subscribe_Level_II_Quotes called | raw data: TQCB|RU000A100DG5
2026-04-06 21:40:49.900 LOG 1: Subscribe Level II: class=TQCB, sec=RU000A100DG5
2026-04-06 21:40:49.000 LOG 1: Subscribe_Level_II_Quotes called | raw data: TQCB|RU000A100DQ4
2026-04-06 21:40:49.050 LOG 1: Subscribe Level II: class=TQCB, sec=RU000A100DQ4
2026-04-06 21:40:50.050 LOG 1: Subscribe_Level_II_Quotes called | raw data: TQCB|RU000A100ET6
2026-04-06 21:40:50.100 LOG 1: Subscribe Level II: class=TQCB, sec=RU000A100ET6
2026-04-06 21:40:50.300 LOG 1: Subscribe_Level_II_Quotes called | raw data: TQCB|RU000A100FE5
2026-04-06 21:40:50.350 LOG 1: Subscribe Level II: class=TQCB, sec=RU000A100FE5
2026-04-06 21:40:50.400 LOG 1: Subscribe_Level_II_Quotes called | raw data: TQCB|RU000A100HY9
2026-04-06 21:40:50.450 LOG 1: Subscribe Level II: class=TQCB, sec=RU000A100HY9
2026-04-06 21:40:50.750 LOG 1: Subscribe_Level_II_Quotes called | raw data: TQCB|RU000A100KY3
2026-04-06 21:40:50.800 LOG 1: Subscribe Level II: class=TQCB, sec=RU000A100KY3
2026-04-06 21:40:50.300 LOG 1: Subscribe_Level_II_Quotes called | raw data: TQCB|RU000A100N12
2026-04-06 21:40:50.350 LOG 1: Subscribe Level II: class=TQCB, sec=RU000A100N12
2026-04-06 21:40:50.400 LOG 1: Subscribe_Level_II_Quotes called | raw data: TQCB|RU000A100PB0
2026-04-06 21:40:50.450 LOG 1: Subscribe Level II: class=TQCB, sec=RU000A100PB0
2026-04-06 21:40:50.100 LOG 1: Subscribe_Level_II_Quotes called | raw data: TQCB|RU000A100W60
2026-04-06 21:40:50.150 LOG 1: Subscribe Level II: class=TQCB, sec=RU000A100W60
2026-04-06 21:40:51.050 LOG 1: Subscribe_Level_II_Quotes called | raw data: TQCB|RU000A100YQ0
2026-04-06 21:40:51.100 LOG 1: Subscribe Level II: class=TQCB, sec=RU000A100YQ0
2026-04-06 21:40:51.300 LOG 1: Subscribe_Level_II_Quotes called | raw data: TQCB|RU000A100YY4
2026-04-06 21:40:51.350 LOG 1: Subscribe Level II: class=TQCB, sec=RU000A100YY4
2026-04-06 21:40:51.400 LOG 1: Subscribe_Level_II_Quotes called | raw data: TQCB|RU000A100ZB9
2026-04-06 21:40:51.450 LOG 1: Subscribe Level II: class=TQCB, sec=RU000A100ZB9
2026-04-06 21:40:51.500 LOG 1: Subscribe_Level_II_Quotes called | raw data: TQCB|RU000A101012
2026-04-06 21:40:51.550 LOG 1: Subscribe Level II: class=TQCB, sec=RU000A101012
2026-04-06 21:40:51.750 LOG 1: Subscribe_Level_II_Quotes called | raw data: TQCB|RU000A1010B7
2026-04-06 21:40:51.800 LOG 1: Subscribe Level II: class=TQCB, sec=RU000A1010B7
2026-04-06 21:40:51.850 LOG 1: Subscribe_Level_II_Quotes called | raw data: TQCB|RU000A1010D3
2026-04-06 21:40:51.900 LOG 1: Subscribe Level II: class=TQCB, sec=RU000A1010D3
2026-04-06 21:40:51.250 LOG 1: Subscribe_Level_II_Quotes called | raw data: TQCB|RU000A1011B5
2026-04-06 21:40:51.300 LOG 1: Subscribe Level II: class=TQCB, sec=RU000A1011B5
2026-04-06 21:40:51.500 LOG 1: Subscribe_Level_II_Quotes called | raw data: TQCB|RU000A1013U1
2026-04-06 21:40:51.550 LOG 1: Subscribe Level II: class=TQCB, sec=RU000A1013U1
2026-04-06 21:40:51.050 LOG 1: Subscribe_Level_II_Quotes called | raw data: TQCB|RU000A1016N9
2026-04-06 21:40:51.100 LOG 1: Subscribe Level II: class=TQCB, sec=RU000A1016N9
2026-04-06 21:40:51.150 LOG 1: Subscribe_Level_II_Quotes called | raw data: TQCB|RU000A1017J5
2026-04-06 21:40:51.200 LOG 1: Subscribe Level II: class=TQCB, sec=RU000A1017J5
2026-04-06 21:40:51.500 LOG 1: Subscribe_Level_II_Quotes called | raw data: TQCB|RU000A1018T2
2026-04-06 21:40:51.550 LOG 1: Subscribe Level II: class=TQCB, sec=RU000A1018T2
2026-04-06 21:40:52.050 LOG 1: Subscribe_Level_II_Quotes called | raw data: TQCB|RU000A1019A0
2026-04-06 21:40:52.100 LOG 1: Subscribe Level II: class=TQCB, sec=RU000A1019A0
2026-04-06 21:40:52.150 LOG 1: Subscribe_Level_II_Quotes called | raw data: TQCB|RU000A101CL5
2026-04-06 21:40:52.200 LOG 1: Subscribe Level II: class=TQCB, sec=RU000A101CL5
2026-04-06 21:40:52.750 LOG 1: Subscribe_Level_II_Quotes called | raw data: TQCB|RU000A101FG8
2026-04-06 21:40:52.800 LOG 1: Subscribe Level II: class=TQCB, sec=RU000A101FG8
2026-04-06 21:40:52.950 LOG 1: Subscribe_Level_II_Quotes called | raw data: TQCB|RU000A101FH6
2026-04-06 21:40:52.000 LOG 1: Subscribe Level II: class=TQCB, sec=RU000A101FH6
2026-04-06 21:40:52.050 LOG 1: Subscribe_Level_II_Quotes called | raw data: TQCB|RU000A101GD3
2026-04-06 21:40:52.100 LOG 1: Subscribe Level II: class=TQCB, sec=RU000A101GD3
2026-04-06 21:40:52.200 LOG 1: Subscribe_Level_II_Quotes called | raw data: TQCB|RU000A101H84
2026-04-06 21:40:52.250 LOG 1: Subscribe Level II: class=TQCB, sec=RU000A101H84
2026-04-06 21:40:52.500 LOG 1: Subscribe_Level_II_Quotes called | raw data: TQCB|RU000A101JD7
2026-04-06 21:40:52.550 LOG 1: Subscribe Level II: class=TQCB, sec=RU000A101JD7
2026-04-06 21:40:52.600 LOG 1: Subscribe_Level_II_Quotes called | raw data: TQCB|RU000A101LX1
2026-04-06 21:40:52.650 LOG 1: Subscribe Level II: class=TQCB, sec=RU000A101LX1
2026-04-06 21:40:52.800 LOG 1: Subscribe_Level_II_Quotes called | raw data: TQCB|RU000A101M04
2026-04-06 21:40:52.850 LOG 1: Subscribe Level II: class=TQCB, sec=RU000A101M04
2026-04-06 21:40:52.900 LOG 1: Subscribe_Level_II_Quotes called | raw data: TQCB|RU000A101NG2
2026-04-06 21:40:52.950 LOG 1: Subscribe Level II: class=TQCB, sec=RU000A101NG2
2026-04-06 21:40:52.200 LOG 1: Subscribe_Level_II_Quotes called | raw data: TQCB|RU000A101P27
2026-04-06 21:40:52.250 LOG 1: Subscribe Level II: class=TQCB, sec=RU000A101P27
2026-04-06 21:40:53.050 LOG 1: Subscribe_Level_II_Quotes called | raw data: TQCB|RU000A101Q26
2026-04-06 21:40:53.100 LOG 1: Subscribe Level II: class=TQCB, sec=RU000A101Q26
2026-04-06 21:40:53.200 LOG 1: Subscribe_Level_II_Quotes called | raw data: TQCB|RU000A101QL5
2026-04-06 21:40:53.250 LOG 1: Subscribe Level II: class=TQCB, sec=RU000A101QL5
2026-04-06 21:40:53.300 LOG 1: Subscribe_Level_II_Quotes called | raw data: TQCB|RU000A101QN1
2026-04-06 21:40:53.350 LOG 1: Subscribe Level II: class=TQCB, sec=RU000A101QN1
2026-04-06 21:40:53.300 LOG 1: Subscribe_Level_II_Quotes called | raw data: TQCB|RU000A101SC0
2026-04-06 21:40:53.350 LOG 1: Subscribe Level II: class=TQCB, sec=RU000A101SC0
2026-04-06 21:40:53.400 LOG 1: Subscribe_Level_II_Quotes called | raw data: TQCB|RU000A101SD8
2026-04-06 21:40:53.450 LOG 1: Subscribe Level II: class=TQCB, sec=RU000A101SD8
2026-04-06 21:40:53.600 LOG 1: Subscribe_Level_II_Quotes called | raw data: TQCB|RU000A101SF3
2026-04-06 21:40:53.650 LOG 1: Subscribe Level II: class=TQCB, sec=RU000A101SF3
2026-04-06 21:40:53.700 LOG 1: Subscribe_Level_II_Quotes called | raw data: TQCB|RU000A101T64
2026-04-06 21:40:53.750 LOG 1: Subscribe Level II: class=TQCB, sec=RU000A101T64
2026-04-06 21:40:53.100 LOG 1: Subscribe_Level_II_Quotes called | raw data: TQCB|RU000A101TD6
2026-04-06 21:40:53.150 LOG 1: Subscribe Level II: class=TQCB, sec=RU000A101TD6
2026-04-06 21:40:53.350 LOG 1: Subscribe_Level_II_Quotes called | raw data: TQCB|RU000A101TT2
2026-04-06 21:40:53.400 LOG 1: Subscribe Level II: class=TQCB, sec=RU000A101TT2
2026-04-06 21:40:54.150 LOG 1: Subscribe_Level_II_Quotes called | raw data: TQCB|RU000A101WR0
2026-04-06 21:40:54.200 LOG 1: Subscribe Level II: class=TQCB, sec=RU000A101WR0
2026-04-06 21:40:54.250 LOG 1: Subscribe_Level_II_Quotes called | raw data: TQCB|RU000A101XN7
2026-04-06 21:40:54.300 LOG 1: Subscribe Level II: class=TQCB, sec=RU000A101XN7
2026-04-06 21:40:54.450 LOG 1: Subscribe_Level_II_Quotes called | raw data: TQCB|RU000A101XS6
2026-04-06 21:40:54.500 LOG 1: Subscribe Level II: class=TQCB, sec=RU000A101XS6
2026-04-06 21:40:54.650 LOG 1: Subscribe_Level_II_Quotes called | raw data: TQCB|RU000A101Z17
2026-04-06 21:40:54.700 LOG 1: Subscribe Level II: class=TQCB, sec=RU000A101Z17
2026-04-06 21:40:54.850 LOG 1: Subscribe_Level_II_Quotes called | raw data: TQCB|RU000A1020L5
2026-04-06 21:40:54.900 LOG 1: Subscribe Level II: class=TQCB, sec=RU000A1020L5
2026-04-06 21:40:54.200 LOG 1: Subscribe_Level_II_Quotes called | raw data: TQCB|RU000A1023K1
2026-04-06 21:40:54.250 LOG 1: Subscribe Level II: class=TQCB, sec=RU000A1023K1
2026-04-06 21:40:55.450 LOG 1: Subscribe_Level_II_Quotes called | raw data: TQCB|RU000A102986
2026-04-06 21:40:55.500 LOG 1: Subscribe Level II: class=TQCB, sec=RU000A102986
2026-04-06 21:40:55.550 LOG 1: Subscribe_Level_II_Quotes called | raw data: TQCB|RU000A102A15
2026-04-06 21:40:55.600 LOG 1: Subscribe Level II: class=TQCB, sec=RU000A102A15
2026-04-06 21:40:55.900 LOG 1: Subscribe_Level_II_Quotes called | raw data: TQCB|RU000A102CR0
2026-04-06 21:40:55.950 LOG 1: Subscribe Level II: class=TQCB, sec=RU000A102CR0
2026-04-06 21:40:55.000 LOG 1: Subscribe_Level_II_Quotes called | raw data: TQCB|RU000A102CT6
2026-04-06 21:40:55.050 LOG 1: Subscribe Level II: class=TQCB, sec=RU000A102CT6
2026-04-06 21:40:55.100 LOG 1: Subscribe_Level_II_Quotes called | raw data: TQCB|RU000A102D46
2026-04-06 21:40:55.150 LOG 1: Subscribe Level II: class=TQCB, sec=RU000A102D46
2026-04-06 21:40:55.300 LOG 1: Subscribe_Level_II_Quotes called | raw data: TQCB|RU000A102DS6
2026-04-06 21:40:55.350 LOG 1: Subscribe Level II: class=TQCB, sec=RU000A102DS6
2026-04-06 21:40:56.050 LOG 1: Subscribe_Level_II_Quotes called | raw data: TQCB|RU000A102FS1
2026-04-06 21:40:56.100 LOG 1: Subscribe Level II: class=TQCB, sec=RU000A102FS1
2026-04-06 21:40:56.200 LOG 1: Subscribe_Level_II_Quotes called | raw data: TQCB|RU000A102FT9
2026-04-06 21:40:56.250 LOG 1: Subscribe Level II: class=TQCB, sec=RU000A102FT9
2026-04-06 21:40:56.300 LOG 1: Subscribe_Level_II_Quotes called | raw data: TQCB|RU000A102FV5
2026-04-06 21:40:56.350 LOG 1: Subscribe Level II: class=TQCB, sec=RU000A102FV5
2026-04-06 21:40:56.400 LOG 1: Subscribe_Level_II_Quotes called | raw data: TQCB|RU000A102G35
2026-04-06 21:40:56.450 LOG 1: Subscribe Level II: class=TQCB, sec=RU000A102G35
2026-04-06 21:40:56.650 LOG 1: Subscribe_Level_II_Quotes called | raw data: TQCB|RU000A102GD1
2026-04-06 21:40:56.700 LOG 1: Subscribe Level II: class=TQCB, sec=RU000A102GD1
2026-04-06 21:40:56.750 LOG 1: Subscribe_Level_II_Quotes called | raw data: TQCB|RU000A102H34
2026-04-06 21:40:56.800 LOG 1: Subscribe Level II: class=TQCB, sec=RU000A102H34
2026-04-06 21:40:56.950 LOG 1: Subscribe_Level_II_Quotes called | raw data: TQCB|RU000A102JB9
2026-04-06 21:40:56.000 LOG 1: Subscribe Level II: class=TQCB, sec=RU000A102JB9
2026-04-06 21:40:56.100 LOG 1: Subscribe_Level_II_Quotes called | raw data: TQCB|RU000A102K13
2026-04-06 21:40:56.150 LOG 1: Subscribe Level II: class=TQCB, sec=RU000A102K13
2026-04-06 21:40:56.250 LOG 1: Subscribe_Level_II_Quotes called | raw data: TQCB|RU000A102K39
2026-04-06 21:40:56.300 LOG 1: Subscribe Level II: class=TQCB, sec=RU000A102K39
2026-04-06 21:40:56.450 LOG 1: Subscribe_Level_II_Quotes called | raw data: TQCB|RU000A102KN2
2026-04-06 21:40:56.500 LOG 1: Subscribe Level II: class=TQCB, sec=RU000A102KN2
2026-04-06 21:40:57.600 LOG 1: Subscribe_Level_II_Quotes called | raw data: TQCB|RU000A102QP4
2026-04-06 21:40:57.650 LOG 1: Subscribe Level II: class=TQCB, sec=RU000A102QP4
2026-04-06 21:40:57.100 LOG 1: Subscribe_Level_II_Quotes called | raw data: TQCB|RU000A102SV8
2026-04-06 21:40:57.150 LOG 1: Subscribe Level II: class=TQCB, sec=RU000A102SV8
2026-04-06 21:40:57.200 LOG 1: Subscribe_Level_II_Quotes called | raw data: TQCB|RU000A102SX4
2026-04-06 21:40:57.250 LOG 1: Subscribe Level II: class=TQCB, sec=RU000A102SX4
2026-04-06 21:40:57.750 LOG 1: Subscribe_Level_II_Quotes called | raw data: TQCB|RU000A102VR0
2026-04-06 21:40:57.800 LOG 1: Subscribe Level II: class=TQCB, sec=RU000A102VR0
2026-04-06 21:40:58.550 LOG 1: Subscribe_Level_II_Quotes called | raw data: TQCB|RU000A1030T7
2026-04-06 21:40:58.600 LOG 1: Subscribe Level II: class=TQCB, sec=RU000A1030T7
2026-04-06 21:40:58.650 LOG 1: Subscribe_Level_II_Quotes called | raw data: TQCB|RU000A103125
2026-04-06 21:40:58.700 LOG 1: Subscribe Level II: class=TQCB, sec=RU000A103125
2026-04-06 21:40:58.800 LOG 1: Subscribe_Level_II_Quotes called | raw data: TQCB|RU000A103133
2026-04-06 21:40:58.850 LOG 1: Subscribe Level II: class=TQCB, sec=RU000A103133
2026-04-06 21:40:58.000 LOG 1: Subscribe_Level_II_Quotes called | raw data: TQCB|RU000A1031K4
2026-04-06 21:40:58.050 LOG 1: Subscribe Level II: class=TQCB, sec=RU000A1031K4
2026-04-06 21:40:59.300 LOG 1: Subscribe_Level_II_Quotes called | raw data: TQCB|RU000A103372
2026-04-06 21:40:59.350 LOG 1: Subscribe Level II: class=TQCB, sec=RU000A103372
2026-04-06 21:40:59.700 LOG 1: Subscribe_Level_II_Quotes called | raw data: TQCB|RU000A1033B9
2026-04-06 21:40:59.750 LOG 1: Subscribe Level II: class=TQCB, sec=RU000A1033B9
2026-04-06 21:40:59.800 LOG 1: Subscribe_Level_II_Quotes called | raw data: TQCB|RU000A1033Z8
2026-04-06 21:40:59.850 LOG 1: Subscribe Level II: class=TQCB, sec=RU000A1033Z8
2026-04-06 21:41:00.050 LOG 1: Subscribe_Level_II_Quotes called | raw data: TQCB|RU000A1038M5
2026-04-06 21:41:00.100 LOG 1: Subscribe Level II: class=TQCB, sec=RU000A1038M5
2026-04-06 21:41:00.300 LOG 1: Subscribe_Level_II_Quotes called | raw data: TQCB|RU000A103943
2026-04-06 21:41:00.350 LOG 1: Subscribe Level II: class=TQCB, sec=RU000A103943
2026-04-06 21:41:00.550 LOG 1: Subscribe_Level_II_Quotes called | raw data: TQCB|RU000A1039A8
2026-04-06 21:41:00.600 LOG 1: Subscribe Level II: class=TQCB, sec=RU000A1039A8
2026-04-06 21:41:00.200 LOG 1: Subscribe_Level_II_Quotes called | raw data: TQCB|RU000A103AT8
2026-04-06 21:41:00.250 LOG 1: Subscribe Level II: class=TQCB, sec=RU000A103AT8
2026-04-06 21:41:00.300 LOG 1: Subscribe_Level_II_Quotes called | raw data: TQCB|RU000A103C53
2026-04-06 21:41:00.350 LOG 1: Subscribe Level II: class=TQCB, sec=RU000A103C53
2026-04-06 21:41:00.550 LOG 1: Subscribe_Level_II_Quotes called | raw data: TQCB|RU000A103C95
2026-04-06 21:41:00.600 LOG 1: Subscribe Level II: class=TQCB, sec=RU000A103C95
2026-04-06 21:41:00.000 LOG 1: Subscribe_Level_II_Quotes called | raw data: TQCB|RU000A103DN5
2026-04-06 21:41:00.050 LOG 1: Subscribe Level II: class=TQCB, sec=RU000A103DN5
2026-04-06 21:41:00.100 LOG 1: Subscribe_Level_II_Quotes called | raw data: TQCB|RU000A103DS4
2026-04-06 21:41:00.150 LOG 1: Subscribe Level II: class=TQCB, sec=RU000A103DS4
2026-04-06 21:41:01.050 LOG 1: Subscribe_Level_II_Quotes called | raw data: TQCB|RU000A103EZ7
2026-04-06 21:41:01.100 LOG 1: Subscribe Level II: class=TQCB, sec=RU000A103EZ7
2026-04-06 21:41:01.400 LOG 1: Subscribe_Level_II_Quotes called | raw data: TQCB|RU000A103G00
2026-04-06 21:41:01.450 LOG 1: Subscribe Level II: class=TQCB, sec=RU000A103G00
2026-04-06 21:41:02.050 LOG 1: Subscribe_Level_II_Quotes called | raw data: TQCB|RU000A103KJ8
2026-04-06 21:41:02.100 LOG 1: Subscribe Level II: class=TQCB, sec=RU000A103KJ8
2026-04-06 21:41:02.450 LOG 1: Subscribe_Level_II_Quotes called | raw data: TQCB|RU000A103N43
2026-04-06 21:41:02.500 LOG 1: Subscribe Level II: class=TQCB, sec=RU000A103N43
2026-04-06 21:41:02.800 LOG 1: Subscribe_Level_II_Quotes called | raw data: TQCB|RU000A103NU9
2026-04-06 21:41:02.850 LOG 1: Subscribe Level II: class=TQCB, sec=RU000A103NU9
2026-04-06 21:41:02.300 LOG 1: Subscribe_Level_II_Quotes called | raw data: TQCB|RU000A103PX8
2026-04-06 21:41:02.350 LOG 1: Subscribe Level II: class=TQCB, sec=RU000A103PX8
2026-04-06 21:41:02.600 LOG 1: Subscribe_Level_II_Quotes called | raw data: TQCB|RU000A103QK3
2026-04-06 21:41:02.650 LOG 1: Subscribe Level II: class=TQCB, sec=RU000A103QK3
2026-04-06 21:41:02.800 LOG 1: Subscribe_Level_II_Quotes called | raw data: TQCB|RU000A103QL1
2026-04-06 21:41:02.850 LOG 1: Subscribe Level II: class=TQCB, sec=RU000A103QL1
2026-04-06 21:41:03.050 LOG 1: Subscribe_Level_II_Quotes called | raw data: TQCB|RU000A103QQ0
2026-04-06 21:41:03.100 LOG 1: Subscribe Level II: class=TQCB, sec=RU000A103QQ0
2026-04-06 21:41:03.200 LOG 1: Subscribe_Level_II_Quotes called | raw data: TQCB|RU000A103RL9
2026-04-06 21:41:03.250 LOG 1: Subscribe Level II: class=TQCB, sec=RU000A103RL9
2026-04-06 21:41:05.300 LOG 1: Subscribe_Level_II_Quotes called | raw data: TQCB|RU000A103YG5
2026-04-06 21:41:05.350 LOG 1: Subscribe Level II: class=TQCB, sec=RU000A103YG5
2026-04-06 21:41:06.100 LOG 1: Subscribe_Level_II_Quotes called | raw data: TQCB|RU000A1043K9
2026-04-06 21:41:06.150 LOG 1: Subscribe Level II: class=TQCB, sec=RU000A1043K9
2026-04-06 21:41:06.850 LOG 1: Subscribe_Level_II_Quotes called | raw data: TQCB|RU000A104511
2026-04-06 21:41:06.900 LOG 1: Subscribe Level II: class=TQCB, sec=RU000A104511
2026-04-06 21:41:06.950 LOG 1: Subscribe_Level_II_Quotes called | raw data: TQCB|RU000A104693
2026-04-06 21:41:06.000 LOG 1: Subscribe Level II: class=TQCB, sec=RU000A104693
2026-04-06 21:41:07.300 LOG 1: Subscribe_Level_II_Quotes called | raw data: TQCB|RU000A104AM1
2026-04-06 21:41:07.350 LOG 1: Subscribe Level II: class=TQCB, sec=RU000A104AM1
2026-04-06 21:41:07.500 LOG 1: Subscribe_Level_II_Quotes called | raw data: TQCB|RU000A104B79
2026-04-06 21:41:07.550 LOG 1: Subscribe Level II: class=TQCB, sec=RU000A104B79
2026-04-06 21:41:08.600 LOG 1: Subscribe_Level_II_Quotes called | raw data: TQCB|RU000A104JQ3
2026-04-06 21:41:08.650 LOG 1: Subscribe Level II: class=TQCB, sec=RU000A104JQ3
2026-04-06 21:41:09.100 LOG 1: Subscribe_Level_II_Quotes called | raw data: TQCB|RU000A104SU6
2026-04-06 21:41:09.150 LOG 1: Subscribe Level II: class=TQCB, sec=RU000A104SU6
2026-04-06 21:41:09.300 LOG 1: Subscribe_Level_II_Quotes called | raw data: TQCB|RU000A104SX0
2026-04-06 21:41:09.350 LOG 1: Subscribe Level II: class=TQCB, sec=RU000A104SX0
2026-04-06 21:41:09.600 LOG 1: Subscribe_Level_II_Quotes called | raw data: TQCB|RU000A104TD0
2026-04-06 21:41:09.650 LOG 1: Subscribe Level II: class=TQCB, sec=RU000A104TD0
2026-04-06 21:41:09.800 LOG 1: Subscribe_Level_II_Quotes called | raw data: TQCB|RU000A104UV0
2026-04-06 21:41:09.850 LOG 1: Subscribe Level II: class=TQCB, sec=RU000A104UV0
2026-04-06 21:41:09.200 LOG 1: Subscribe_Level_II_Quotes called | raw data: TQCB|RU000A104V26
2026-04-06 21:41:09.250 LOG 1: Subscribe Level II: class=TQCB, sec=RU000A104V26
2026-04-06 21:41:09.700 LOG 1: Subscribe_Level_II_Quotes called | raw data: TQCB|RU000A104WF9
2026-04-06 21:41:09.750 LOG 1: Subscribe Level II: class=TQCB, sec=RU000A104WF9
2026-04-06 21:41:09.000 LOG 1: Subscribe_Level_II_Quotes called | raw data: TQCB|RU000A104WJ1
2026-04-06 21:41:09.050 LOG 1: Subscribe Level II: class=TQCB, sec=RU000A104WJ1
2026-04-06 21:41:10.050 LOG 1: Subscribe_Level_II_Quotes called | raw data: TQCB|RU000A104XR2
2026-04-06 21:41:10.100 LOG 1: Subscribe Level II: class=TQCB, sec=RU000A104XR2
2026-04-06 21:41:10.150 LOG 1: Subscribe_Level_II_Quotes called | raw data: TQCB|RU000A104Y15
2026-04-06 21:41:10.200 LOG 1: Subscribe Level II: class=TQCB, sec=RU000A104Y15
2026-04-06 21:41:10.800 LOG 1: Subscribe_Level_II_Quotes called | raw data: TQCB|RU000A105104
2026-04-06 21:41:10.850 LOG 1: Subscribe Level II: class=TQCB, sec=RU000A105104
2026-04-06 21:41:10.900 LOG 1: Subscribe_Level_II_Quotes called | raw data: TQCB|RU000A105112
2026-04-06 21:41:10.950 LOG 1: Subscribe Level II: class=TQCB, sec=RU000A105112
2026-04-06 21:41:10.600 LOG 1: Subscribe_Level_II_Quotes called | raw data: TQCB|RU000A1054W1
2026-04-06 21:41:10.650 LOG 1: Subscribe Level II: class=TQCB, sec=RU000A1054W1
2026-04-06 21:41:11.100 LOG 1: Subscribe_Level_II_Quotes called | raw data: TQCB|RU000A105559
2026-04-06 21:41:11.150 LOG 1: Subscribe Level II: class=TQCB, sec=RU000A105559
2026-04-06 21:41:11.400 LOG 1: Subscribe_Level_II_Quotes called | raw data: TQCB|RU000A1056S4
2026-04-06 21:41:11.450 LOG 1: Subscribe Level II: class=TQCB, sec=RU000A1056S4
2026-04-06 21:41:11.800 LOG 1: Subscribe_Level_II_Quotes called | raw data: TQCB|RU000A1056U0
2026-04-06 21:41:11.850 LOG 1: Subscribe Level II: class=TQCB, sec=RU000A1056U0
2026-04-06 21:41:11.900 LOG 1: Subscribe_Level_II_Quotes called | raw data: TQCB|RU000A1057D4
2026-04-06 21:41:11.950 LOG 1: Subscribe Level II: class=TQCB, sec=RU000A1057D4
2026-04-06 21:41:11.150 LOG 1: Subscribe_Level_II_Quotes called | raw data: TQCB|RU000A1057P8
2026-04-06 21:41:11.200 LOG 1: Subscribe Level II: class=TQCB, sec=RU000A1057P8
2026-04-06 21:41:11.350 LOG 1: Subscribe_Level_II_Quotes called | raw data: TQCB|RU000A1057S2
2026-04-06 21:41:11.400 LOG 1: Subscribe Level II: class=TQCB, sec=RU000A1057S2
2026-04-06 21:41:11.500 LOG 1: Subscribe_Level_II_Quotes called | raw data: TQCB|RU000A1059N9
2026-04-06 21:41:11.550 LOG 1: Subscribe Level II: class=TQCB, sec=RU000A1059N9
2026-04-06 21:41:11.600 LOG 1: Subscribe_Level_II_Quotes called | raw data: TQCB|RU000A1059P4
2026-04-06 21:41:11.650 LOG 1: Subscribe Level II: class=TQCB, sec=RU000A1059P4
2026-04-06 21:41:11.800 LOG 1: Subscribe_Level_II_Quotes called | raw data: TQCB|RU000A1059Q2
2026-04-06 21:41:11.850 LOG 1: Subscribe Level II: class=TQCB, sec=RU000A1059Q2
2026-04-06 21:41:11.900 LOG 1: Subscribe_Level_II_Quotes called | raw data: TQCB|RU000A1059R0
2026-04-06 21:41:11.950 LOG 1: Subscribe Level II: class=TQCB, sec=RU000A1059R0
2026-04-06 21:41:11.050 LOG 1: Subscribe_Level_II_Quotes called | raw data: TQCB|RU000A105A04
2026-04-06 21:41:11.100 LOG 1: Subscribe Level II: class=TQCB, sec=RU000A105A04
2026-04-06 21:41:11.250 LOG 1: Subscribe_Level_II_Quotes called | raw data: TQCB|RU000A105A95
2026-04-06 21:41:11.300 LOG 1: Subscribe Level II: class=TQCB, sec=RU000A105A95
2026-04-06 21:41:11.350 LOG 1: Subscribe_Level_II_Quotes called | raw data: TQCB|RU000A105AV9
2026-04-06 21:41:11.400 LOG 1: Subscribe Level II: class=TQCB, sec=RU000A105AV9
2026-04-06 21:41:11.450 LOG 1: Subscribe_Level_II_Quotes called | raw data: TQCB|RU000A105BY1
2026-04-06 21:41:11.500 LOG 1: Subscribe Level II: class=TQCB, sec=RU000A105BY1
2026-04-06 21:41:12.150 LOG 1: Subscribe_Level_II_Quotes called | raw data: TQCB|RU000A105CM4
2026-04-06 21:41:12.200 LOG 1: Subscribe Level II: class=TQCB, sec=RU000A105CM4
2026-04-06 21:41:12.400 LOG 1: Subscribe_Level_II_Quotes called | raw data: TQCB|RU000A105G99
2026-04-06 21:41:12.450 LOG 1: Subscribe Level II: class=TQCB, sec=RU000A105G99
2026-04-06 21:41:12.650 LOG 1: Subscribe_Level_II_Quotes called | raw data: TQCB|RU000A105H23
2026-04-06 21:41:12.700 LOG 1: Subscribe Level II: class=TQCB, sec=RU000A105H23
2026-04-06 21:41:12.900 LOG 1: Subscribe_Level_II_Quotes called | raw data: TQCB|RU000A105JH9
2026-04-06 21:41:12.950 LOG 1: Subscribe Level II: class=TQCB, sec=RU000A105JH9
2026-04-06 21:41:12.100 LOG 1: Subscribe_Level_II_Quotes called | raw data: TQCB|RU000A105JT4
2026-04-06 21:41:12.150 LOG 1: Subscribe Level II: class=TQCB, sec=RU000A105JT4
2026-04-06 21:41:13.250 LOG 1: Subscribe_Level_II_Quotes called | raw data: TQCB|RU000A105KR6
2026-04-06 21:41:13.300 LOG 1: Subscribe Level II: class=TQCB, sec=RU000A105KR6
2026-04-06 21:41:13.400 LOG 1: Subscribe_Level_II_Quotes called | raw data: TQCB|RU000A105KU0
2026-04-06 21:41:13.450 LOG 1: Subscribe Level II: class=TQCB, sec=RU000A105KU0
2026-04-06 21:41:13.750 LOG 1: Subscribe_Level_II_Quotes called | raw data: TQCB|RU000A105L27
2026-04-06 21:41:13.800 LOG 1: Subscribe Level II: class=TQCB, sec=RU000A105L27
2026-04-06 21:41:13.850 LOG 1: Subscribe_Level_II_Quotes called | raw data: TQCB|RU000A105LN3
2026-04-06 21:41:13.900 LOG 1: Subscribe Level II: class=TQCB, sec=RU000A105LN3
2026-04-06 21:41:13.550 LOG 1: Subscribe_Level_II_Quotes called | raw data: TQCB|RU000A105M91
2026-04-06 21:41:13.600 LOG 1: Subscribe Level II: class=TQCB, sec=RU000A105M91
2026-04-06 21:41:13.650 LOG 1: Subscribe_Level_II_Quotes called | raw data: TQCB|RU000A105MN1
2026-04-06 21:41:13.700 LOG 1: Subscribe Level II: class=TQCB, sec=RU000A105MN1
2026-04-06 21:41:13.300 LOG 1: Subscribe_Level_II_Quotes called | raw data: TQCB|RU000A105NB4
2026-04-06 21:41:13.350 LOG 1: Subscribe Level II: class=TQCB, sec=RU000A105NB4
2026-04-06 21:41:13.750 LOG 1: Subscribe_Level_II_Quotes called | raw data: TQCB|RU000A105NK5
2026-04-06 21:41:13.800 LOG 1: Subscribe Level II: class=TQCB, sec=RU000A105NK5
2026-04-06 21:41:13.950 LOG 1: Subscribe_Level_II_Quotes called | raw data: TQCB|RU000A105NN9
2026-04-06 21:41:13.000 LOG 1: Subscribe Level II: class=TQCB, sec=RU000A105NN9
2026-04-06 21:41:14.350 LOG 1: Subscribe_Level_II_Quotes called | raw data: TQCB|RU000A105NY6
2026-04-06 21:41:14.400 LOG 1: Subscribe Level II: class=TQCB, sec=RU000A105NY6
2026-04-06 21:41:14.650 LOG 1: Subscribe_Level_II_Quotes called | raw data: TQCB|RU000A105PH6
2026-04-06 21:41:14.700 LOG 1: Subscribe Level II: class=TQCB, sec=RU000A105PH6
2026-04-06 21:41:14.400 LOG 1: Subscribe_Level_II_Quotes called | raw data: TQCB|RU000A105R62
2026-04-06 21:41:14.450 LOG 1: Subscribe Level II: class=TQCB, sec=RU000A105R62
2026-04-06 21:41:14.700 LOG 1: Subscribe_Level_II_Quotes called | raw data: TQCB|RU000A105RH2
2026-04-06 21:41:14.750 LOG 1: Subscribe Level II: class=TQCB, sec=RU000A105RH2
2026-04-06 21:41:14.050 LOG 1: Subscribe_Level_II_Quotes called | raw data: TQCB|RU000A105RZ4
2026-04-06 21:41:14.100 LOG 1: Subscribe Level II: class=TQCB, sec=RU000A105RZ4
2026-04-06 21:41:14.450 LOG 1: Subscribe_Level_II_Quotes called | raw data: TQCB|RU000A105SG2
2026-04-06 21:41:14.500 LOG 1: Subscribe Level II: class=TQCB, sec=RU000A105SG2
2026-04-06 21:41:14.850 LOG 1: Subscribe_Level_II_Quotes called | raw data: TQCB|RU000A105TP1
2026-04-06 21:41:14.900 LOG 1: Subscribe Level II: class=TQCB, sec=RU000A105TP1
2026-04-06 21:41:14.100 LOG 1: Subscribe_Level_II_Quotes called | raw data: TQCB|RU000A105TY3
2026-04-06 21:41:14.150 LOG 1: Subscribe Level II: class=TQCB, sec=RU000A105TY3
2026-04-06 21:41:15.450 LOG 1: Subscribe_Level_II_Quotes called | raw data: TQCB|RU000A105VC5
2026-04-06 21:41:15.500 LOG 1: Subscribe Level II: class=TQCB, sec=RU000A105VC5
2026-04-06 21:41:15.850 LOG 1: Subscribe_Level_II_Quotes called | raw data: TQCB|RU000A105VQ5
2026-04-06 21:41:15.900 LOG 1: Subscribe Level II: class=TQCB, sec=RU000A105VQ5
2026-04-06 21:41:15.000 LOG 1: Subscribe_Level_II_Quotes called | raw data: TQCB|RU000A105W08
2026-04-06 21:41:15.050 LOG 1: Subscribe Level II: class=TQCB, sec=RU000A105W08
2026-04-06 21:41:15.300 LOG 1: Subscribe_Level_II_Quotes called | raw data: TQCB|RU000A105W81
2026-04-06 21:41:15.350 LOG 1: Subscribe Level II: class=TQCB, sec=RU000A105W81
2026-04-06 21:41:15.400 LOG 1: Subscribe_Level_II_Quotes called | raw data: TQCB|RU000A105WK6
2026-04-06 21:41:15.450 LOG 1: Subscribe Level II: class=TQCB, sec=RU000A105WK6
2026-04-06 21:41:15.550 LOG 1: Subscribe_Level_II_Quotes called | raw data: TQCB|RU000A105WP5
2026-04-06 21:41:15.600 LOG 1: Subscribe Level II: class=TQCB, sec=RU000A105WP5
2026-04-06 21:41:15.450 LOG 1: Subscribe_Level_II_Quotes called | raw data: TQCB|RU000A105X80
2026-04-06 21:41:15.500 LOG 1: Subscribe Level II: class=TQCB, sec=RU000A105X80
2026-04-06 21:41:15.550 LOG 1: Subscribe_Level_II_Quotes called | raw data: TQCB|RU000A105XA5
2026-04-06 21:41:15.600 LOG 1: Subscribe Level II: class=TQCB, sec=RU000A105XA5
2026-04-06 21:41:15.650 LOG 1: Subscribe_Level_II_Quotes called | raw data: TQCB|RU000A105XE7
2026-04-06 21:41:15.700 LOG 1: Subscribe Level II: class=TQCB, sec=RU000A105XE7
2026-04-06 21:41:15.850 LOG 1: Subscribe_Level_II_Quotes called | raw data: TQCB|RU000A105YB1
2026-04-06 21:41:15.900 LOG 1: Subscribe Level II: class=TQCB, sec=RU000A105YB1
2026-04-06 21:41:15.150 LOG 1: Subscribe_Level_II_Quotes called | raw data: TQCB|RU000A105YK2
2026-04-06 21:41:15.200 LOG 1: Subscribe Level II: class=TQCB, sec=RU000A105YK2
2026-04-06 21:41:15.250 LOG 1: Subscribe_Level_II_Quotes called | raw data: TQCB|RU000A105ZC6
2026-04-06 21:41:15.300 LOG 1: Subscribe Level II: class=TQCB, sec=RU000A105ZC6
2026-04-06 21:41:16.050 LOG 1: Subscribe_Level_II_Quotes called | raw data: TQCB|RU000A106037
2026-04-06 21:41:16.100 LOG 1: Subscribe Level II: class=TQCB, sec=RU000A106037
2026-04-06 21:41:16.500 LOG 1: Subscribe_Level_II_Quotes called | raw data: TQCB|RU000A1062J1
2026-04-06 21:41:16.550 LOG 1: Subscribe Level II: class=TQCB, sec=RU000A1062J1
2026-04-06 21:41:16.800 LOG 1: Subscribe_Level_II_Quotes called | raw data: TQCB|RU000A106375
2026-04-06 21:41:16.850 LOG 1: Subscribe Level II: class=TQCB, sec=RU000A106375
2026-04-06 21:41:16.500 LOG 1: Subscribe_Level_II_Quotes called | raw data: TQCB|RU000A106516
2026-04-06 21:41:16.550 LOG 1: Subscribe Level II: class=TQCB, sec=RU000A106516
2026-04-06 21:41:16.800 LOG 1: Subscribe_Level_II_Quotes called | raw data: TQCB|RU000A106565
2026-04-06 21:41:16.850 LOG 1: Subscribe Level II: class=TQCB, sec=RU000A106565
2026-04-06 21:41:17.700 LOG 1: Subscribe_Level_II_Quotes called | raw data: TQCB|RU000A106672
2026-04-06 21:41:17.750 LOG 1: Subscribe Level II: class=TQCB, sec=RU000A106672
2026-04-06 21:41:17.850 LOG 1: Subscribe_Level_II_Quotes called | raw data: TQCB|RU000A1066A1
2026-04-06 21:41:17.900 LOG 1: Subscribe Level II: class=TQCB, sec=RU000A1066A1
2026-04-06 21:41:17.250 LOG 1: Subscribe_Level_II_Quotes called | raw data: TQCB|RU000A106888
2026-04-06 21:41:17.300 LOG 1: Subscribe Level II: class=TQCB, sec=RU000A106888
2026-04-06 21:41:17.550 LOG 1: Subscribe_Level_II_Quotes called | raw data: TQCB|RU000A106938
2026-04-06 21:41:17.600 LOG 1: Subscribe Level II: class=TQCB, sec=RU000A106938
2026-04-06 21:41:17.800 LOG 1: Subscribe_Level_II_Quotes called | raw data: TQCB|RU000A1069N8
2026-04-06 21:41:17.850 LOG 1: Subscribe Level II: class=TQCB, sec=RU000A1069N8
2026-04-06 21:41:18.500 LOG 1: Subscribe_Level_II_Quotes called | raw data: TQCB|RU000A106AT1
2026-04-06 21:41:18.550 LOG 1: Subscribe Level II: class=TQCB, sec=RU000A106AT1
2026-04-06 21:41:18.850 LOG 1: Subscribe_Level_II_Quotes called | raw data: TQCB|RU000A106C92
2026-04-06 21:41:18.900 LOG 1: Subscribe Level II: class=TQCB, sec=RU000A106C92
2026-04-06 21:41:18.950 LOG 1: Subscribe_Level_II_Quotes called | raw data: TQCB|RU000A106DP3
2026-04-06 21:41:18.000 LOG 1: Subscribe Level II: class=TQCB, sec=RU000A106DP3
2026-04-06 21:41:19.800 LOG 1: Subscribe_Level_II_Quotes called | raw data: TQCB|RU000A106EZ0
2026-04-06 21:41:19.850 LOG 1: Subscribe Level II: class=TQCB, sec=RU000A106EZ0
2026-04-06 21:41:19.100 LOG 1: Subscribe_Level_II_Quotes called | raw data: TQCB|RU000A106FR4
2026-04-06 21:41:19.150 LOG 1: Subscribe Level II: class=TQCB, sec=RU000A106FR4
2026-04-06 21:41:19.500 LOG 1: Subscribe_Level_II_Quotes called | raw data: TQCB|RU000A106FT0
2026-04-06 21:41:19.550 LOG 1: Subscribe Level II: class=TQCB, sec=RU000A106FT0
2026-04-06 21:41:19.900 LOG 1: Subscribe_Level_II_Quotes called | raw data: TQCB|RU000A106G56
2026-04-06 21:41:19.950 LOG 1: Subscribe Level II: class=TQCB, sec=RU000A106G56
2026-04-06 21:41:20.050 LOG 1: Subscribe_Level_II_Quotes called | raw data: TQCB|RU000A106HE8
2026-04-06 21:41:20.100 LOG 1: Subscribe Level II: class=TQCB, sec=RU000A106HE8
2026-04-06 21:41:20.850 LOG 1: Subscribe_Level_II_Quotes called | raw data: TQCB|RU000A106K27
2026-04-06 21:41:20.900 LOG 1: Subscribe Level II: class=TQCB, sec=RU000A106K27
2026-04-06 21:41:20.100 LOG 1: Subscribe_Level_II_Quotes called | raw data: TQCB|RU000A106K43
2026-04-06 21:41:20.150 LOG 1: Subscribe Level II: class=TQCB, sec=RU000A106K43
2026-04-06 21:41:21.100 LOG 1: Subscribe_Level_II_Quotes called | raw data: TQCB|RU000A106R53
2026-04-06 21:41:21.150 LOG 1: Subscribe Level II: class=TQCB, sec=RU000A106R53
2026-04-06 21:41:22.000 LOG 1: Subscribe_Level_II_Quotes called | raw data: TQCB|RU000A106SP1
2026-04-06 21:41:22.050 LOG 1: Subscribe Level II: class=TQCB, sec=RU000A106SP1
2026-04-06 21:41:23.900 LOG 1: Subscribe_Level_II_Quotes called | raw data: TQCB|RU000A106VV3
2026-04-06 21:41:23.950 LOG 1: Subscribe Level II: class=TQCB, sec=RU000A106VV3
2026-04-06 21:41:24.400 LOG 1: Subscribe_Level_II_Quotes called | raw data: TQCB|RU000A106Z46
2026-04-06 21:41:24.450 LOG 1: Subscribe Level II: class=TQCB, sec=RU000A106Z46
2026-04-06 21:41:24.650 LOG 1: Subscribe_Level_II_Quotes called | raw data: TQCB|RU000A106ZL5
2026-04-06 21:41:24.700 LOG 1: Subscribe Level II: class=TQCB, sec=RU000A106ZL5
2026-04-06 21:41:24.900 LOG 1: Subscribe_Level_II_Quotes called | raw data: TQCB|RU000A106ZU6
2026-04-06 21:41:24.950 LOG 1: Subscribe Level II: class=TQCB, sec=RU000A106ZU6
2026-04-06 21:41:24.150 LOG 1: Subscribe_Level_II_Quotes called | raw data: TQCB|RU000A107050
2026-04-06 21:41:24.200 LOG 1: Subscribe Level II: class=TQCB, sec=RU000A107050
2026-04-06 21:41:24.300 LOG 1: Subscribe_Level_II_Quotes called | raw data: TQCB|RU000A107084
2026-04-06 21:41:24.350 LOG 1: Subscribe Level II: class=TQCB, sec=RU000A107084
2026-04-06 21:41:25.300 LOG 1: Subscribe_Level_II_Quotes called | raw data: TQCB|RU000A1071S3
2026-04-06 21:41:25.350 LOG 1: Subscribe Level II: class=TQCB, sec=RU000A1071S3
2026-04-06 21:41:25.200 LOG 1: Subscribe_Level_II_Quotes called | raw data: TQCB|RU000A1075E4
2026-04-06 21:41:25.250 LOG 1: Subscribe Level II: class=TQCB, sec=RU000A1075E4
2026-04-06 21:41:25.350 LOG 1: Subscribe_Level_II_Quotes called | raw data: TQCB|RU000A1075J3
2026-04-06 21:41:25.400 LOG 1: Subscribe Level II: class=TQCB, sec=RU000A1075J3
2026-04-06 21:41:25.650 LOG 1: Subscribe_Level_II_Quotes called | raw data: TQCB|RU000A1075S4
2026-04-06 21:41:25.700 LOG 1: Subscribe Level II: class=TQCB, sec=RU000A1075S4
2026-04-06 21:41:26.050 LOG 1: Subscribe_Level_II_Quotes called | raw data: TQCB|RU000A107605
2026-04-06 21:41:26.100 LOG 1: Subscribe Level II: class=TQCB, sec=RU000A107605
2026-04-06 21:41:26.950 LOG 1: Subscribe_Level_II_Quotes called | raw data: TQCB|RU000A1078S8
2026-04-06 21:41:26.000 LOG 1: Subscribe Level II: class=TQCB, sec=RU000A1078S8
2026-04-06 21:41:26.150 LOG 1: Subscribe_Level_II_Quotes called | raw data: TQCB|RU000A107936
2026-04-06 21:41:26.200 LOG 1: Subscribe Level II: class=TQCB, sec=RU000A107936
2026-04-06 21:41:26.850 LOG 1: Subscribe_Level_II_Quotes called | raw data: TQCB|RU000A1079S6
2026-04-06 21:41:26.900 LOG 1: Subscribe Level II: class=TQCB, sec=RU000A1079S6
2026-04-06 21:41:27.100 LOG 1: Subscribe_Level_II_Quotes called | raw data: TQCB|RU000A107AG6
2026-04-06 21:41:27.150 LOG 1: Subscribe Level II: class=TQCB, sec=RU000A107AG6
2026-04-06 21:41:27.200 LOG 1: Subscribe_Level_II_Quotes called | raw data: TQCB|RU000A107AJ0
2026-04-06 21:41:27.250 LOG 1: Subscribe Level II: class=TQCB, sec=RU000A107AJ0
2026-04-06 21:41:27.950 LOG 1: Subscribe_Level_II_Quotes called | raw data: TQCB|RU000A107B19
2026-04-06 21:41:27.000 LOG 1: Subscribe Level II: class=TQCB, sec=RU000A107B19
2026-04-06 21:41:27.400 LOG 1: Subscribe_Level_II_Quotes called | raw data: TQCB|RU000A107C67
2026-04-06 21:41:27.450 LOG 1: Subscribe Level II: class=TQCB, sec=RU000A107C67
2026-04-06 21:41:27.650 LOG 1: Subscribe_Level_II_Quotes called | raw data: TQCB|RU000A107CG2
2026-04-06 21:41:27.700 LOG 1: Subscribe Level II: class=TQCB, sec=RU000A107CG2
2026-04-06 21:41:28.650 LOG 1: Subscribe_Level_II_Quotes called | raw data: TQCB|RU000A107DP1
2026-04-06 21:41:28.700 LOG 1: Subscribe Level II: class=TQCB, sec=RU000A107DP1
2026-04-06 21:41:28.400 LOG 1: Subscribe_Level_II_Quotes called | raw data: TQCB|RU000A107EC7
2026-04-06 21:41:28.450 LOG 1: Subscribe Level II: class=TQCB, sec=RU000A107EC7
2026-04-06 21:41:28.750 LOG 1: Subscribe_Level_II_Quotes called | raw data: TQCB|RU000A107EL8
2026-04-06 21:41:28.800 LOG 1: Subscribe Level II: class=TQCB, sec=RU000A107EL8
2026-04-06 21:41:28.250 LOG 1: Subscribe_Level_II_Quotes called | raw data: TQCB|RU000A107ET1
2026-04-06 21:41:28.300 LOG 1: Subscribe Level II: class=TQCB, sec=RU000A107ET1
2026-04-06 21:41:29.650 LOG 1: Subscribe_Level_II_Quotes called | raw data: TQCB|RU000A107GC2
2026-04-06 21:41:29.700 LOG 1: Subscribe Level II: class=TQCB, sec=RU000A107GC2
2026-04-06 21:41:29.950 LOG 1: Subscribe_Level_II_Quotes called | raw data: TQCB|RU000A107GM1
2026-04-06 21:41:29.000 LOG 1: Subscribe Level II: class=TQCB, sec=RU000A107GM1
2026-04-06 21:41:29.600 LOG 1: Subscribe_Level_II_Quotes called | raw data: TQCB|RU000A107GX8
2026-04-06 21:41:29.650 LOG 1: Subscribe Level II: class=TQCB, sec=RU000A107GX8
2026-04-06 21:41:29.750 LOG 1: Subscribe_Level_II_Quotes called | raw data: TQCB|RU000A107HG1
2026-04-06 21:41:29.800 LOG 1: Subscribe Level II: class=TQCB, sec=RU000A107HG1
2026-04-06 21:41:29.900 LOG 1: Subscribe_Level_II_Quotes called | raw data: TQCB|RU000A107HH9
2026-04-06 21:41:29.950 LOG 1: Subscribe Level II: class=TQCB, sec=RU000A107HH9
2026-04-06 21:41:31.100 LOG 1: Subscribe_Level_II_Quotes called | raw data: TQCB|RU000A107RH8
2026-04-06 21:41:31.150 LOG 1: Subscribe Level II: class=TQCB, sec=RU000A107RH8
2026-04-06 21:41:31.400 LOG 1: Subscribe_Level_II_Quotes called | raw data: TQCB|RU000A107RZ0
2026-04-06 21:41:31.450 LOG 1: Subscribe Level II: class=TQCB, sec=RU000A107RZ0
2026-04-06 21:41:31.900 LOG 1: Subscribe_Level_II_Quotes called | raw data: TQCB|RU000A107SM6
2026-04-06 21:41:31.950 LOG 1: Subscribe Level II: class=TQCB, sec=RU000A107SM6
2026-04-06 21:41:31.400 LOG 1: Subscribe_Level_II_Quotes called | raw data: TQCB|RU000A107SY1
2026-04-06 21:41:31.450 LOG 1: Subscribe Level II: class=TQCB, sec=RU000A107SY1
2026-04-06 21:41:31.500 LOG 1: Subscribe_Level_II_Quotes called | raw data: TQCB|RU000A107T27
2026-04-06 21:41:31.550 LOG 1: Subscribe Level II: class=TQCB, sec=RU000A107T27
2026-04-06 21:41:32.550 LOG 1: Subscribe_Level_II_Quotes called | raw data: TQCB|RU000A107UW1
2026-04-06 21:41:32.600 LOG 1: Subscribe Level II: class=TQCB, sec=RU000A107UW1
2026-04-06 21:41:32.850 LOG 1: Subscribe_Level_II_Quotes called | raw data: TQCB|RU000A107UX9
2026-04-06 21:41:32.900 LOG 1: Subscribe Level II: class=TQCB, sec=RU000A107UX9
2026-04-06 21:41:32.050 LOG 1: Subscribe_Level_II_Quotes called | raw data: TQCB|RU000A107W06
2026-04-06 21:41:32.100 LOG 1: Subscribe Level II: class=TQCB, sec=RU000A107W06
2026-04-06 21:41:32.250 LOG 1: Subscribe_Level_II_Quotes called | raw data: TQCB|RU000A107WL0
2026-04-06 21:41:32.300 LOG 1: Subscribe Level II: class=TQCB, sec=RU000A107WL0
2026-04-06 21:41:34.400 LOG 1: Subscribe_Level_II_Quotes called | raw data: TQCB|RU000A1082X0
2026-04-06 21:41:34.450 LOG 1: Subscribe Level II: class=TQCB, sec=RU000A1082X0
2026-04-06 21:41:34.850 LOG 1: Subscribe_Level_II_Quotes called | raw data: TQCB|RU000A1083A6
2026-04-06 21:41:34.900 LOG 1: Subscribe Level II: class=TQCB, sec=RU000A1083A6
2026-04-06 21:41:34.300 LOG 1: Subscribe_Level_II_Quotes called | raw data: TQCB|RU000A1083U4
2026-04-06 21:41:34.350 LOG 1: Subscribe Level II: class=TQCB, sec=RU000A1083U4
2026-04-06 21:41:34.550 LOG 1: Subscribe_Level_II_Quotes called | raw data: TQCB|RU000A1083W0
2026-04-06 21:41:34.600 LOG 1: Subscribe Level II: class=TQCB, sec=RU000A1083W0
2026-04-06 21:41:34.000 LOG 1: Subscribe_Level_II_Quotes called | raw data: TQCB|RU000A108447
2026-04-06 21:41:34.050 LOG 1: Subscribe Level II: class=TQCB, sec=RU000A108447
2026-04-06 21:41:35.000 LOG 1: Subscribe_Level_II_Quotes called | raw data: TQCB|RU000A1087J8
2026-04-06 21:41:35.050 LOG 1: Subscribe Level II: class=TQCB, sec=RU000A1087J8
2026-04-06 21:41:35.600 LOG 1: Subscribe_Level_II_Quotes called | raw data: TQCB|RU000A1089G0
2026-04-06 21:41:35.650 LOG 1: Subscribe Level II: class=TQCB, sec=RU000A1089G0
2026-04-06 21:41:35.800 LOG 1: Subscribe_Level_II_Quotes called | raw data: TQCB|RU000A1089U1
2026-04-06 21:41:35.850 LOG 1: Subscribe Level II: class=TQCB, sec=RU000A1089U1
2026-04-06 21:41:35.950 LOG 1: Subscribe_Level_II_Quotes called | raw data: TQCB|RU000A1089W7
2026-04-06 21:41:35.000 LOG 1: Subscribe Level II: class=TQCB, sec=RU000A1089W7
2026-04-06 21:41:36.100 LOG 1: Subscribe_Level_II_Quotes called | raw data: TQCB|RU000A1089X5
2026-04-06 21:41:36.150 LOG 1: Subscribe Level II: class=TQCB, sec=RU000A1089X5
2026-04-06 21:41:36.000 LOG 1: Subscribe_Level_II_Quotes called | raw data: TQCB|RU000A108CA3
2026-04-06 21:41:36.050 LOG 1: Subscribe Level II: class=TQCB, sec=RU000A108CA3
2026-04-06 21:41:37.100 LOG 1: Subscribe_Level_II_Quotes called | raw data: TQCB|RU000A108FC2
2026-04-06 21:41:37.150 LOG 1: Subscribe Level II: class=TQCB, sec=RU000A108FC2
2026-04-06 21:41:37.450 LOG 1: Subscribe_Level_II_Quotes called | raw data: TQCB|RU000A108G70
2026-04-06 21:41:37.500 LOG 1: Subscribe Level II: class=TQCB, sec=RU000A108G70
2026-04-06 21:41:37.650 LOG 1: Subscribe_Level_II_Quotes called | raw data: TQCB|RU000A108GL1
2026-04-06 21:41:37.700 LOG 1: Subscribe Level II: class=TQCB, sec=RU000A108GL1
2026-04-06 21:41:38.100 LOG 1: Subscribe_Level_II_Quotes called | raw data: TQCB|RU000A108GN7
2026-04-06 21:41:38.150 LOG 1: Subscribe Level II: class=TQCB, sec=RU000A108GN7
2026-04-06 21:41:38.400 LOG 1: Subscribe_Level_II_Quotes called | raw data: TQCB|RU000A108GR8
2026-04-06 21:41:38.450 LOG 1: Subscribe Level II: class=TQCB, sec=RU000A108GR8
2026-04-06 21:41:38.850 LOG 1: Subscribe_Level_II_Quotes called | raw data: TQCB|RU000A108JH3
2026-04-06 21:41:38.900 LOG 1: Subscribe Level II: class=TQCB, sec=RU000A108JH3
2026-04-06 21:41:38.200 LOG 1: Subscribe_Level_II_Quotes called | raw data: TQCB|RU000A108JV4
2026-04-06 21:41:38.250 LOG 1: Subscribe Level II: class=TQCB, sec=RU000A108JV4
2026-04-06 21:41:38.600 LOG 1: Subscribe_Level_II_Quotes called | raw data: TQCB|RU000A108KT6
2026-04-06 21:41:38.650 LOG 1: Subscribe Level II: class=TQCB, sec=RU000A108KT6
2026-04-06 21:41:38.950 LOG 1: Subscribe_Level_II_Quotes called | raw data: TQCB|RU000A108L81
2026-04-06 21:41:38.000 LOG 1: Subscribe Level II: class=TQCB, sec=RU000A108L81
2026-04-06 21:41:38.250 LOG 1: Subscribe_Level_II_Quotes called | raw data: TQCB|RU000A108LF3
2026-04-06 21:41:38.300 LOG 1: Subscribe Level II: class=TQCB, sec=RU000A108LF3
2026-04-06 21:41:38.400 LOG 1: Subscribe_Level_II_Quotes called | raw data: TQCB|RU000A108LL1
2026-04-06 21:41:38.450 LOG 1: Subscribe Level II: class=TQCB, sec=RU000A108LL1
2026-04-06 21:41:38.850 LOG 1: Subscribe_Level_II_Quotes called | raw data: TQCB|RU000A108LP2
2026-04-06 21:41:38.950 LOG 1: Subscribe Level II: class=TQCB, sec=RU000A108LP2
2026-04-06 21:41:39.050 LOG 1: Subscribe_Level_II_Quotes called | raw data: TQCB|RU000A108LU2
2026-04-06 21:41:39.100 LOG 1: Subscribe Level II: class=TQCB, sec=RU000A108LU2
2026-04-06 21:41:39.300 LOG 1: Subscribe_Level_II_Quotes called | raw data: TQCB|RU000A108P61
2026-04-06 21:41:39.350 LOG 1: Subscribe Level II: class=TQCB, sec=RU000A108P61
2026-04-06 21:41:39.600 LOG 1: Subscribe_Level_II_Quotes called | raw data: TQCB|RU000A108P79
2026-04-06 21:41:39.650 LOG 1: Subscribe Level II: class=TQCB, sec=RU000A108P79
2026-04-06 21:41:39.800 LOG 1: Subscribe_Level_II_Quotes called | raw data: TQCB|RU000A108PR9
2026-04-06 21:41:39.850 LOG 1: Subscribe Level II: class=TQCB, sec=RU000A108PR9
2026-04-06 21:41:39.950 LOG 1: Subscribe_Level_II_Quotes called | raw data: TQCB|RU000A108PZ2
2026-04-06 21:41:39.000 LOG 1: Subscribe Level II: class=TQCB, sec=RU000A108PZ2
2026-04-06 21:41:39.500 LOG 1: Subscribe_Level_II_Quotes called | raw data: TQCB|RU000A108Q94
2026-04-06 21:41:39.550 LOG 1: Subscribe Level II: class=TQCB, sec=RU000A108Q94
2026-04-06 21:41:39.750 LOG 1: Subscribe_Level_II_Quotes called | raw data: TQCB|RU000A108QA3
2026-04-06 21:41:39.800 LOG 1: Subscribe Level II: class=TQCB, sec=RU000A108QA3
2026-04-06 21:41:40.600 LOG 1: Subscribe_Level_II_Quotes called | raw data: TQCB|RU000A108TV3
2026-04-06 21:41:40.650 LOG 1: Subscribe Level II: class=TQCB, sec=RU000A108TV3
2026-04-06 21:41:41.050 LOG 1: Subscribe_Level_II_Quotes called | raw data: TQCB|RU000A108WY1
2026-04-06 21:41:41.100 LOG 1: Subscribe Level II: class=TQCB, sec=RU000A108WY1
2026-04-06 21:41:41.300 LOG 1: Subscribe_Level_II_Quotes called | raw data: TQCB|RU000A108Y86
2026-04-06 21:41:41.350 LOG 1: Subscribe Level II: class=TQCB, sec=RU000A108Y86
2026-04-06 21:41:41.550 LOG 1: Subscribe_Level_II_Quotes called | raw data: TQCB|RU000A108Z85
2026-04-06 21:41:41.600 LOG 1: Subscribe Level II: class=TQCB, sec=RU000A108Z85
2026-04-06 21:41:41.700 LOG 1: Subscribe_Level_II_Quotes called | raw data: TQCB|RU000A108ZH9
2026-04-06 21:41:41.750 LOG 1: Subscribe Level II: class=TQCB, sec=RU000A108ZH9
2026-04-06 21:41:41.650 LOG 1: Subscribe_Level_II_Quotes called | raw data: TQCB|RU000A1090K0
2026-04-06 21:41:41.700 LOG 1: Subscribe Level II: class=TQCB, sec=RU000A1090K0
2026-04-06 21:41:42.950 LOG 1: Subscribe_Level_II_Quotes called | raw data: TQCB|RU000A109312
2026-04-06 21:41:42.000 LOG 1: Subscribe Level II: class=TQCB, sec=RU000A109312
2026-04-06 21:41:42.600 LOG 1: Subscribe_Level_II_Quotes called | raw data: TQCB|RU000A1094E5
2026-04-06 21:41:42.650 LOG 1: Subscribe Level II: class=TQCB, sec=RU000A1094E5
2026-04-06 21:41:42.950 LOG 1: Subscribe_Level_II_Quotes called | raw data: TQCB|RU000A1094F2
2026-04-06 21:41:42.000 LOG 1: Subscribe Level II: class=TQCB, sec=RU000A1094F2
2026-04-06 21:41:42.350 LOG 1: Subscribe_Level_II_Quotes called | raw data: TQCB|RU000A109528
2026-04-06 21:41:42.400 LOG 1: Subscribe Level II: class=TQCB, sec=RU000A109528
2026-04-06 21:41:43.250 LOG 1: Subscribe_Level_II_Quotes called | raw data: TQCB|RU000A1095W4
2026-04-06 21:41:43.300 LOG 1: Subscribe Level II: class=TQCB, sec=RU000A1095W4
2026-04-06 21:41:43.050 LOG 1: Subscribe_Level_II_Quotes called | raw data: TQCB|RU000A1098F3
2026-04-06 21:41:43.100 LOG 1: Subscribe Level II: class=TQCB, sec=RU000A1098F3
2026-04-06 21:41:43.200 LOG 1: Subscribe_Level_II_Quotes called | raw data: TQCB|RU000A109916
2026-04-06 21:41:43.250 LOG 1: Subscribe Level II: class=TQCB, sec=RU000A109916
2026-04-06 21:41:44.050 LOG 1: Subscribe_Level_II_Quotes called | raw data: TQCB|RU000A1099A2
2026-04-06 21:41:44.100 LOG 1: Subscribe Level II: class=TQCB, sec=RU000A1099A2
2026-04-06 21:41:44.400 LOG 1: Subscribe_Level_II_Quotes called | raw data: TQCB|RU000A1099E4
2026-04-06 21:41:44.450 LOG 1: Subscribe Level II: class=TQCB, sec=RU000A1099E4
2026-04-06 21:41:44.600 LOG 1: Subscribe_Level_II_Quotes called | raw data: TQCB|RU000A1099S4
2026-04-06 21:41:44.650 LOG 1: Subscribe Level II: class=TQCB, sec=RU000A1099S4
2026-04-06 21:41:44.150 LOG 1: Subscribe_Level_II_Quotes called | raw data: TQCB|RU000A109B33
2026-04-06 21:41:44.200 LOG 1: Subscribe Level II: class=TQCB, sec=RU000A109B33
2026-04-06 21:41:45.400 LOG 1: Subscribe_Level_II_Quotes called | raw data: TQCB|RU000A109DT9
2026-04-06 21:41:45.450 LOG 1: Subscribe Level II: class=TQCB, sec=RU000A109DT9
2026-04-06 21:41:46.500 LOG 1: Subscribe_Level_II_Quotes called | raw data: TQCB|RU000A109JS8
2026-04-06 21:41:46.550 LOG 1: Subscribe Level II: class=TQCB, sec=RU000A109JS8
2026-04-06 21:41:46.600 LOG 1: Subscribe_Level_II_Quotes called | raw data: TQCB|RU000A109JW0
2026-04-06 21:41:46.650 LOG 1: Subscribe Level II: class=TQCB, sec=RU000A109JW0
2026-04-06 21:41:47.250 LOG 1: Subscribe_Level_II_Quotes called | raw data: TQCB|RU000A109K40
2026-04-06 21:41:47.300 LOG 1: Subscribe Level II: class=TQCB, sec=RU000A109K40
2026-04-06 21:41:47.800 LOG 1: Subscribe_Level_II_Quotes called | raw data: TQCB|RU000A109KW8
2026-04-06 21:41:47.850 LOG 1: Subscribe Level II: class=TQCB, sec=RU000A109KW8
2026-04-06 21:41:47.050 LOG 1: Subscribe_Level_II_Quotes called | raw data: TQCB|RU000A109L49
2026-04-06 21:41:47.100 LOG 1: Subscribe Level II: class=TQCB, sec=RU000A109L49
2026-04-06 21:41:47.250 LOG 1: Subscribe_Level_II_Quotes called | raw data: TQCB|RU000A109L72
2026-04-06 21:41:47.300 LOG 1: Subscribe Level II: class=TQCB, sec=RU000A109L72
2026-04-06 21:41:47.700 LOG 1: Subscribe_Level_II_Quotes called | raw data: TQCB|RU000A109MG7
2026-04-06 21:41:47.750 LOG 1: Subscribe Level II: class=TQCB, sec=RU000A109MG7
2026-04-06 21:41:48.500 LOG 1: Subscribe_Level_II_Quotes called | raw data: TQCB|RU000A109PF2
2026-04-06 21:41:48.550 LOG 1: Subscribe Level II: class=TQCB, sec=RU000A109PF2
2026-04-06 21:41:48.300 LOG 1: Subscribe_Level_II_Quotes called | raw data: TQCB|RU000A109S91
2026-04-06 21:41:48.350 LOG 1: Subscribe Level II: class=TQCB, sec=RU000A109S91
2026-04-06 21:41:49.200 LOG 1: Subscribe_Level_II_Quotes called | raw data: TQCB|RU000A109SK6
2026-04-06 21:41:49.250 LOG 1: Subscribe Level II: class=TQCB, sec=RU000A109SK6
2026-04-06 21:41:49.600 LOG 1: Subscribe_Level_II_Quotes called | raw data: TQCB|RU000A109SZ4
2026-04-06 21:41:49.650 LOG 1: Subscribe Level II: class=TQCB, sec=RU000A109SZ4
2026-04-06 21:41:49.250 LOG 1: Subscribe_Level_II_Quotes called | raw data: TQCB|RU000A109TW9
2026-04-06 21:41:49.300 LOG 1: Subscribe Level II: class=TQCB, sec=RU000A109TW9
2026-04-06 21:41:49.800 LOG 1: Subscribe_Level_II_Quotes called | raw data: TQCB|RU000A109U97
2026-04-06 21:41:49.850 LOG 1: Subscribe Level II: class=TQCB, sec=RU000A109U97
2026-04-06 21:41:49.100 LOG 1: Subscribe_Level_II_Quotes called | raw data: TQCB|RU000A109UD7
2026-04-06 21:41:49.150 LOG 1: Subscribe Level II: class=TQCB, sec=RU000A109UD7
2026-04-06 21:41:50.800 LOG 1: Subscribe_Level_II_Quotes called | raw data: TQCB|RU000A109VM6
2026-04-06 21:41:50.850 LOG 1: Subscribe Level II: class=TQCB, sec=RU000A109VM6
2026-04-06 21:41:50.250 LOG 1: Subscribe_Level_II_Quotes called | raw data: TQCB|RU000A109X29
2026-04-06 21:41:50.300 LOG 1: Subscribe Level II: class=TQCB, sec=RU000A109X29
2026-04-06 21:41:50.700 LOG 1: Subscribe_Level_II_Quotes called | raw data: TQCB|RU000A109XR1
2026-04-06 21:41:50.750 LOG 1: Subscribe Level II: class=TQCB, sec=RU000A109XR1
2026-04-06 21:41:50.500 LOG 1: Subscribe_Level_II_Quotes called | raw data: TQCB|RU000A109ZQ8
2026-04-06 21:41:50.550 LOG 1: Subscribe Level II: class=TQCB, sec=RU000A109ZQ8
2026-04-06 21:41:51.800 LOG 1: Subscribe_Level_II_Quotes called | raw data: TQCB|RU000A10A349
2026-04-06 21:41:51.850 LOG 1: Subscribe Level II: class=TQCB, sec=RU000A10A349
2026-04-06 21:41:51.650 LOG 1: Subscribe_Level_II_Quotes called | raw data: TQCB|RU000A10A4S7
2026-04-06 21:41:51.700 LOG 1: Subscribe Level II: class=TQCB, sec=RU000A10A4S7
2026-04-06 21:41:52.100 LOG 1: Subscribe_Level_II_Quotes called | raw data: TQCB|RU000A10A6C6
2026-04-06 21:41:52.150 LOG 1: Subscribe Level II: class=TQCB, sec=RU000A10A6C6
2026-04-06 21:41:52.650 LOG 1: Subscribe_Level_II_Quotes called | raw data: TQCB|RU000A10A7C4
2026-04-06 21:41:52.700 LOG 1: Subscribe Level II: class=TQCB, sec=RU000A10A7C4
2026-04-06 21:41:52.800 LOG 1: Subscribe_Level_II_Quotes called | raw data: TQCB|RU000A10A7H3
2026-04-06 21:41:52.850 LOG 1: Subscribe Level II: class=TQCB, sec=RU000A10A7H3
2026-04-06 21:41:53.800 LOG 1: Subscribe_Level_II_Quotes called | raw data: TQCB|RU000A10A8H1
2026-04-06 21:41:53.900 LOG 1: Subscribe Level II: class=TQCB, sec=RU000A10A8H1
2026-04-06 21:41:53.800 LOG 1: Subscribe_Level_II_Quotes called | raw data: TQCB|RU000A10A9Z1
2026-04-06 21:41:53.850 LOG 1: Subscribe Level II: class=TQCB, sec=RU000A10A9Z1
2026-04-06 21:41:53.950 LOG 1: Subscribe_Level_II_Quotes called | raw data: TQCB|RU000A10AA28
2026-04-06 21:41:53.000 LOG 1: Subscribe Level II: class=TQCB, sec=RU000A10AA28
2026-04-06 21:41:53.100 LOG 1: Subscribe_Level_II_Quotes called | raw data: TQCB|RU000A10ABC2
2026-04-06 21:41:53.150 LOG 1: Subscribe Level II: class=TQCB, sec=RU000A10ABC2
2026-04-06 21:41:54.300 LOG 1: Subscribe_Level_II_Quotes called | raw data: TQCB|RU000A10AC91
2026-04-06 21:41:54.350 LOG 1: Subscribe Level II: class=TQCB, sec=RU000A10AC91
2026-04-06 21:41:54.000 LOG 1: Subscribe_Level_II_Quotes called | raw data: TQCB|RU000A10AEB8
2026-04-06 21:41:54.050 LOG 1: Subscribe Level II: class=TQCB, sec=RU000A10AEB8
2026-04-06 21:41:54.650 LOG 1: Subscribe_Level_II_Quotes called | raw data: TQCB|RU000A10AFW1
2026-04-06 21:41:54.700 LOG 1: Subscribe Level II: class=TQCB, sec=RU000A10AFW1
2026-04-06 21:41:54.800 LOG 1: Subscribe_Level_II_Quotes called | raw data: TQCB|RU000A10AFX9
2026-04-06 21:41:54.850 LOG 1: Subscribe Level II: class=TQCB, sec=RU000A10AFX9
2026-04-06 21:41:55.350 LOG 1: Subscribe_Level_II_Quotes called | raw data: TQCB|RU000A10AHA3
2026-04-06 21:41:55.450 LOG 1: Subscribe Level II: class=TQCB, sec=RU000A10AHA3
2026-04-06 21:41:58.850 LOG 1: Subscribe_Level_II_Quotes called | raw data: TQCB|RU000A10ANZ8
2026-04-06 21:41:58.900 LOG 1: Subscribe Level II: class=TQCB, sec=RU000A10ANZ8
2026-04-06 21:41:59.550 LOG 1: Subscribe_Level_II_Quotes called | raw data: TQCB|RU000A10ASB8
2026-04-06 21:41:59.600 LOG 1: Subscribe Level II: class=TQCB, sec=RU000A10ASB8
2026-04-06 21:41:59.700 LOG 1: Subscribe_Level_II_Quotes called | raw data: TQCB|RU000A10ASC6
2026-04-06 21:41:59.750 LOG 1: Subscribe Level II: class=TQCB, sec=RU000A10ASC6
2026-04-06 21:41:59.300 LOG 1: Subscribe_Level_II_Quotes called | raw data: TQCB|RU000A10ASS2
2026-04-06 21:41:59.350 LOG 1: Subscribe Level II: class=TQCB, sec=RU000A10ASS2
2026-04-06 21:41:59.450 LOG 1: Subscribe_Level_II_Quotes called | raw data: TQCB|RU000A10ASW4
2026-04-06 21:41:59.500 LOG 1: Subscribe Level II: class=TQCB, sec=RU000A10ASW4
2026-04-06 21:41:59.950 LOG 1: Subscribe_Level_II_Quotes called | raw data: TQCB|RU000A10AT27
2026-04-06 21:41:59.000 LOG 1: Subscribe Level II: class=TQCB, sec=RU000A10AT27
2026-04-06 21:41:59.100 LOG 1: Subscribe_Level_II_Quotes called | raw data: TQCB|RU000A10AT35
2026-04-06 21:41:59.150 LOG 1: Subscribe Level II: class=TQCB, sec=RU000A10AT35
2026-04-06 21:42:00.250 LOG 1: Subscribe_Level_II_Quotes called | raw data: TQCB|RU000A10ATT8
2026-04-06 21:42:00.300 LOG 1: Subscribe Level II: class=TQCB, sec=RU000A10ATT8
2026-04-06 21:42:00.600 LOG 1: Subscribe_Level_II_Quotes called | raw data: TQCB|RU000A10AUX8
2026-04-06 21:42:00.650 LOG 1: Subscribe Level II: class=TQCB, sec=RU000A10AUX8
2026-04-06 21:42:00.150 LOG 1: Subscribe_Level_II_Quotes called | raw data: TQCB|RU000A10AV98
2026-04-06 21:42:00.200 LOG 1: Subscribe Level II: class=TQCB, sec=RU000A10AV98
2026-04-06 21:42:01.550 LOG 1: Subscribe_Level_II_Quotes called | raw data: TQCB|RU000A10AXH5
2026-04-06 21:42:01.600 LOG 1: Subscribe Level II: class=TQCB, sec=RU000A10AXH5
2026-04-06 21:42:01.700 LOG 1: Subscribe_Level_II_Quotes called | raw data: TQCB|RU000A10AXK9
2026-04-06 21:42:01.750 LOG 1: Subscribe Level II: class=TQCB, sec=RU000A10AXK9
2026-04-06 21:42:01.850 LOG 1: Subscribe_Level_II_Quotes called | raw data: TQCB|RU000A10AXW4
2026-04-06 21:42:01.900 LOG 1: Subscribe Level II: class=TQCB, sec=RU000A10AXW4
2026-04-06 21:42:02.400 LOG 1: Subscribe_Level_II_Quotes called | raw data: TQCB|RU000A10B024
2026-04-06 21:42:02.450 LOG 1: Subscribe Level II: class=TQCB, sec=RU000A10B024
2026-04-06 21:43:15.050 LOG 0: Detected Quik version: 1208, script path: C:\Programming\QuikSharp\lua
2026-04-06 21:43:15.100 LOG 1: Shared memory IPC (variant 2) initialized
2026-04-06 21:43:15.150 LOG 1: QUIK# connected via shared memory (variant 2)
2026-04-06 21:45:55.050 LOG 0: Detected Quik version: 1208, script path: C:\Programming\QuikSharp\lua
2026-04-06 21:45:55.100 LOG 1: Shared memory IPC (variant 2) initialized
2026-04-06 21:45:55.150 LOG 1: QUIK# connected via shared memory (variant 2)
2026-04-06 21:49:26.050 LOG 0: Detected Quik version: 1208, script path: C:\Programming\QuikSharp\lua
2026-04-06 21:49:26.100 LOG 1: Shared memory IPC (variant 2) initialized
2026-04-06 21:49:26.150 LOG 1: QUIK# connected via shared memory (variant 2)
2026-04-06 22:02:42.350 LOG 3: РќРµРёР·РІРµСЃС‚РЅР°СЏ РєРѕРјР°РЅРґР°: send_transaction
2026-04-06 22:04:31.050 LOG 0: Detected Quik version: 1208, script path: C:\Programming\QuikSharp\lua
2026-04-06 22:04:31.100 LOG 1: Shared memory IPC (variant 2) initialized
2026-04-06 22:04:31.150 LOG 1: QUIK# connected via shared memory (variant 2)
2026-04-06 22:07:09.050 LOG 0: Detected Quik version: 1208, script path: C:\Programming\QuikSharp\lua
2026-04-06 22:07:09.100 LOG 1: Shared memory IPC (variant 2) initialized
2026-04-06 22:07:09.150 LOG 1: QUIK# connected via shared memory (variant 2)
2026-04-06 22:10:08.150 LOG 3: РќРµРёР·РІРµСЃС‚РЅР°СЏ РєРѕРјР°РЅРґР°: send_transaction
