2026-04-05 13:31:28.050 LOG 0: Detected Quik version: 1208, script path: C:\Programming\QuikSharp\lua
2026-04-05 13:31:28.100 LOG 1: Shared memory IPC (variant 2) initialized
2026-04-05 13:31:28.150 LOG 1: QUIK# connected via shared memory (variant 2)
2026-04-05 13:31:36.050 LOG 0: Запрос от C# 1 (req_id=1): {"id":1,"data":{"cmd":"get_order_by_number","data":"TQBR|999999999999","t":1775385096770},"cmd":"get_order_by_number","t":1775385096772}
2026-04-05 13:31:36.100 LOG 3: get_order_by_number: Р·Р°СЏРІРєР° 999999999999 РЅРµ РЅР°Р№РґРµРЅР°
2026-04-05 13:31:36.150 LOG 1: После dispatch: cmd=lua_error, data тип=table
2026-04-05 13:31:41.050 LOG 0: Запрос от C# 1 (req_id=2): {"id":2,"data":{"cmd":"get_orders","data":"","t":1775385101636},"cmd":"get_orders","t":1775385101636}
2026-04-05 13:31:41.100 LOG 1: После dispatch: cmd=get_orders, data тип=table
2026-04-05 13:33:34.050 LOG 0: Detected Quik version: 1208, script path: C:\Programming\QuikSharp\lua
2026-04-05 13:33:34.100 LOG 1: Shared memory IPC (variant 2) initialized
2026-04-05 13:33:34.150 LOG 1: QUIK# connected via shared memory (variant 2)
2026-04-05 13:35:15.050 LOG 0: Detected Quik version: 1208, script path: C:\Programming\QuikSharp\lua
2026-04-05 13:35:15.100 LOG 1: Shared memory IPC (variant 2) initialized
2026-04-05 13:35:15.150 LOG 1: QUIK# connected via shared memory (variant 2)
2026-04-05 13:35:21.150 LOG 0: Запрос от C# 1 (req_id=2): {"t":1775385321599,"data":{"data":"","t":1775385321599,"cmd":"get_orders"},"cmd":"get_orders","id":2}
2026-04-05 13:35:21.200 LOG 3: result : table
2026-04-05 13:36:41.050 LOG 0: Detected Quik version: 1208, script path: C:\Programming\QuikSharp\lua
2026-04-05 13:36:41.100 LOG 1: Shared memory IPC (variant 2) initialized
2026-04-05 13:36:41.150 LOG 1: QUIK# connected via shared memory (variant 2)
2026-04-05 13:36:49.200 LOG 0: Запрос от C# 1 (req_id=1): {"cmd":"get_order_by_number","id":1,"t":1775385409770,"data":{"cmd":"get_order_by_number","t":1775385409768,"data":"TQBR|999999999999"}}
2026-04-05 13:36:49.250 LOG 3: get_order_by_number: Р·Р°СЏРІРєР° 999999999999 РЅРµ РЅР°Р№РґРµРЅР°
2026-04-05 13:36:49.300 LOG 3: result : table
2026-04-05 13:36:49.350 LOG 3: Status : Р—Р°СЏРІРєР° РЅРµ РЅР°Р№РґРµРЅР°
2026-04-05 13:36:49.400 LOG 1: После dispatch: cmd=lua_error, data тип=table
2026-04-05 13:36:49.450 LOG 0: Запрос от C# 1 (req_id=2): {"cmd":"get_orders","id":2,"t":1775385409796,"data":{"cmd":"get_orders","t":1775385409796,"data":""}}
2026-04-05 13:36:49.500 LOG 3: result : table
2026-04-05 13:37:43.050 LOG 0: Detected Quik version: 1208, script path: C:\Programming\QuikSharp\lua
2026-04-05 13:37:43.100 LOG 1: Shared memory IPC (variant 2) initialized
2026-04-05 13:37:43.150 LOG 1: QUIK# connected via shared memory (variant 2)
2026-04-05 13:37:49.050 LOG 0: Запрос от C# 1 (req_id=1): {"id":1,"data":{"cmd":"get_order_by_number","data":"TQBR|999999999999","t":1775385469714},"cmd":"get_order_by_number","t":1775385469719}
2026-04-05 13:37:49.100 LOG 3: get_order_by_number: Р·Р°СЏРІРєР° 999999999999 РЅРµ РЅР°Р№РґРµРЅР°
2026-04-05 13:37:49.150 LOG 3: result : table
2026-04-05 13:37:49.200 LOG 3: lua_error DD : table
2026-04-05 13:37:49.250 LOG 1: После dispatch: cmd=lua_error, data тип=table
2026-04-05 13:37:49.300 LOG 0: Запрос от C# 1 (req_id=2): {"id":2,"data":{"cmd":"get_orders","data":"","t":1775385469763},"cmd":"get_orders","t":1775385469763}
2026-04-05 13:37:49.350 LOG 3: result : table
2026-04-05 13:37:49.400 LOG 1: После dispatch: cmd=get_orders, data тип=table
2026-04-05 13:38:59.050 LOG 0: Detected Quik version: 1208, script path: C:\Programming\QuikSharp\lua
2026-04-05 13:38:59.100 LOG 1: Shared memory IPC (variant 2) initialized
2026-04-05 13:38:59.150 LOG 1: QUIK# connected via shared memory (variant 2)
2026-04-05 13:39:05.100 LOG 0: Запрос от C# 1 (req_id=1): {"t":1775385545614,"data":{"t":1775385545610,"data":"TQBR|999999999999","cmd":"get_order_by_number"},"id":1,"cmd":"get_order_by_number"}
2026-04-05 13:39:05.150 LOG 3: get_order_by_number: Р·Р°СЏРІРєР° 999999999999 РЅРµ РЅР°Р№РґРµРЅР°
2026-04-05 13:39:05.200 LOG 3: result : table
2026-04-05 13:39:05.250 LOG 3: lua_error DD : table   Р—Р°СЏРІРєР° РЅРµ РЅР°Р№РґРµРЅР°
2026-04-05 13:39:05.300 LOG 1: После dispatch: cmd=lua_error, data тип=table
2026-04-05 13:39:05.350 LOG 0: Запрос от C# 1 (req_id=2): {"t":1775385545646,"data":{"t":1775385545646,"data":"","cmd":"get_orders"},"id":2,"cmd":"get_orders"}
2026-04-05 13:39:05.400 LOG 3: result : table
2026-04-05 13:39:05.450 LOG 1: После dispatch: cmd=get_orders, data тип=table
2026-04-05 13:41:00.050 LOG 0: Detected Quik version: 1208, script path: C:\Programming\QuikSharp\lua
2026-04-05 13:41:00.100 LOG 1: Shared memory IPC (variant 2) initialized
2026-04-05 13:41:00.150 LOG 1: QUIK# connected via shared memory (variant 2)
2026-04-05 13:41:08.200 LOG 0: Запрос от C# 1 (req_id=1): {"id":1,"cmd":"get_order_by_number","data":{"cmd":"get_order_by_number","data":"TQBR|999999999999","t":1775385668883},"t":1775385668886}
2026-04-05 13:41:08.250 LOG 3: get_order_by_number: Р·Р°СЏРІРєР° 999999999999 РЅРµ РЅР°Р№РґРµРЅР°
2026-04-05 13:41:08.300 LOG 3: result : table
2026-04-05 13:41:08.350 LOG 1: После dispatch: cmd=get_order_by_number, data тип=table
2026-04-05 13:41:08.400 LOG 0: Запрос от C# 1 (req_id=2): {"id":2,"cmd":"get_orders","data":{"cmd":"get_orders","data":"","t":1775385668915},"t":1775385668915}
2026-04-05 13:41:08.450 LOG 3: result : table
2026-04-05 13:41:08.500 LOG 1: После dispatch: cmd=get_orders, data тип=table
2026-04-05 13:42:55.050 LOG 0: Запрос от C# 1 (req_id=1): {"id":1,"cmd":"get_order_by_number","data":{"cmd":"get_order_by_number","data":"TQBR|999999999999","t":1775385775844},"t":1775385775845}
2026-04-05 13:42:55.100 LOG 3: get_order_by_number: Р·Р°СЏРІРєР° 999999999999 РЅРµ РЅР°Р№РґРµРЅР°
2026-04-05 13:42:55.150 LOG 3: result : table
2026-04-05 13:42:55.200 LOG 1: После dispatch: cmd=get_order_by_number, data тип=table
2026-04-05 13:42:55.250 LOG 0: Запрос от C# 1 (req_id=2): {"id":2,"cmd":"get_orders","data":{"cmd":"get_orders","data":"","t":1775385775892},"t":1775385775892}
2026-04-05 13:42:55.300 LOG 3: result : table
2026-04-05 13:42:55.350 LOG 1: После dispatch: cmd=get_orders, data тип=table
2026-04-05 13:45:59.100 LOG 0: Запрос от C# 1 (req_id=1): {"id":1,"cmd":"get_order_by_number","data":{"cmd":"get_order_by_number","data":"TQBR|999999999999","t":1775385959282},"t":1775385959971}
2026-04-05 13:45:59.150 LOG 3: get_order_by_number: Р·Р°СЏРІРєР° 999999999999 РЅРµ РЅР°Р№РґРµРЅР°
2026-04-05 13:45:59.200 LOG 3: result : table
2026-04-05 13:45:59.250 LOG 1: После dispatch: cmd=get_order_by_number, data тип=table
2026-04-05 13:46:00.050 LOG 0: Запрос от C# 1 (req_id=2): {"id":2,"cmd":"get_orders","data":{"cmd":"get_orders","data":"","t":1775385960020},"t":1775385960020}
2026-04-05 13:46:00.100 LOG 3: result : table
2026-04-05 13:46:00.150 LOG 1: После dispatch: cmd=get_orders, data тип=table
2026-04-05 13:46:44.050 LOG 0: Запрос от C# 1 (req_id=1): {"id":1,"cmd":"get_order_by_number","data":{"cmd":"get_order_by_number","data":"TQBR|999999999999","t":1775386004568},"t":1775386004571}
2026-04-05 13:46:44.100 LOG 3: get_order_by_number: Р·Р°СЏРІРєР° 999999999999 РЅРµ РЅР°Р№РґРµРЅР°
2026-04-05 13:46:44.150 LOG 3: result : table
2026-04-05 13:46:44.200 LOG 1: После dispatch: cmd=get_order_by_number, data тип=table
2026-04-05 13:46:44.250 LOG 0: Запрос от C# 1 (req_id=2): {"id":2,"cmd":"get_orders","data":{"cmd":"get_orders","data":"","t":1775386004668},"t":1775386004668}
2026-04-05 13:46:44.300 LOG 3: result : table
2026-04-05 13:46:44.350 LOG 1: После dispatch: cmd=get_orders, data тип=table
2026-04-05 13:47:57.050 LOG 0: Запрос от C# 1 (req_id=1): {"id":1,"cmd":"get_order_by_number","data":{"cmd":"get_order_by_number","data":"TQBR|999999999999","t":1775386077494},"t":1775386077498}
2026-04-05 13:47:57.100 LOG 3: get_order_by_number: Р·Р°СЏРІРєР° 999999999999 РЅРµ РЅР°Р№РґРµРЅР°
2026-04-05 13:47:57.150 LOG 3: result : table
2026-04-05 13:47:57.200 LOG 1: После dispatch: cmd=get_order_by_number, data тип=table
2026-04-05 13:47:57.250 LOG 0: Запрос от C# 1 (req_id=2): {"id":2,"cmd":"get_orders","data":{"cmd":"get_orders","data":"","t":1775386077642},"t":1775386077642}
2026-04-05 13:47:57.300 LOG 3: result : table
2026-04-05 13:47:57.350 LOG 1: После dispatch: cmd=get_orders, data тип=table
2026-04-05 13:51:38.050 LOG 0: Detected Quik version: 1208, script path: C:\Programming\QuikSharp\lua
2026-04-05 13:51:38.100 LOG 1: Shared memory IPC (variant 2) initialized
2026-04-05 13:51:38.150 LOG 1: QUIK# connected via shared memory (variant 2)
2026-04-05 13:51:46.050 LOG 0: Запрос от C# 1 (req_id=1): {"data":{"cmd":"get_order_by_number","t":1775386306030,"data":"TQBR|999999999999"},"t":1775386306032,"id":1,"cmd":"get_order_by_number"}
2026-04-05 13:51:46.100 LOG 3: get_order_by_number: Р·Р°СЏРІРєР° 999999999999 РЅРµ РЅР°Р№РґРµРЅР°
2026-04-05 13:51:46.150 LOG 3: result : table
2026-04-05 13:51:46.200 LOG 1: После dispatch: cmd=get_order_by_number, data тип=string
2026-04-05 13:51:46.250 LOG 0: Запрос от C# 1 (req_id=2): {"data":{"cmd":"get_orders","t":1775386306054,"data":""},"t":1775386306054,"id":2,"cmd":"get_orders"}
2026-04-05 13:51:46.300 LOG 3: result : table
2026-04-05 13:51:46.350 LOG 1: После dispatch: cmd=get_orders, data тип=table
2026-04-05 13:52:10.050 LOG 0: Запрос от C# 1 (req_id=1): {"data":{"cmd":"get_order_by_number","t":1775386330441,"data":"TQBR|999999999999"},"t":1775386330444,"id":1,"cmd":"get_order_by_number"}
2026-04-05 13:52:10.100 LOG 3: get_order_by_number: Р·Р°СЏРІРєР° 999999999999 РЅРµ РЅР°Р№РґРµРЅР°
2026-04-05 13:52:10.150 LOG 3: result : table
2026-04-05 13:52:10.200 LOG 1: После dispatch: cmd=get_order_by_number, data тип=string
2026-04-05 13:52:10.250 LOG 0: Запрос от C# 1 (req_id=2): {"data":{"cmd":"get_orders","t":1775386330485,"data":""},"t":1775386330485,"id":2,"cmd":"get_orders"}
2026-04-05 13:52:10.300 LOG 3: result : table
2026-04-05 13:52:10.350 LOG 1: После dispatch: cmd=get_orders, data тип=table
2026-04-05 13:55:38.050 LOG 0: Detected Quik version: 1208, script path: C:\Programming\QuikSharp\lua
2026-04-05 13:55:38.100 LOG 1: Shared memory IPC (variant 2) initialized
2026-04-05 13:55:38.150 LOG 1: QUIK# connected via shared memory (variant 2)
2026-04-05 13:56:05.050 LOG 0: Запрос от C# 1 (req_id=1): {"cmd":"get_order_by_number","t":1775386561049,"id":1,"data":{"cmd":"get_order_by_number","t":1775386559256,"data":"TQBR|999999999999"}}
2026-04-05 13:56:05.100 LOG 3: get_order_by_number: Р·Р°СЏРІРєР° 999999999999 РЅРµ РЅР°Р№РґРµРЅР°
2026-04-05 13:56:05.150 LOG 3: result : table
2026-04-05 13:56:05.200 LOG 1: После dispatch: cmd=get_order_by_number, data тип=string
2026-04-05 13:56:57.500 LOG 0: Запрос от C# 1 (req_id=2): {"cmd":"get_orders","t":1775386617064,"id":2,"data":{"cmd":"get_orders","t":1775386617064,"data":""}}
2026-04-05 13:56:57.550 LOG 3: result : table
2026-04-05 13:56:57.600 LOG 1: После dispatch: cmd=get_orders, data тип=string
2026-04-05 13:57:08.050 LOG 0: Запрос от C# 1 (req_id=2): {"cmd":"get_orders","t":1775386628558,"id":2,"data":{"cmd":"get_orders","t":1775386628558,"data":""}}
2026-04-05 13:57:08.100 LOG 3: result : table
2026-04-05 13:57:08.150 LOG 1: После dispatch: cmd=get_orders, data тип=string
2026-04-05 13:57:08.200 LOG 0: Запрос от C# 1 (req_id=2): {"cmd":"get_orders","t":1775386628558,"id":2,"data":{"cmd":"get_orders","t":1775386628558,"data":""}}
2026-04-05 13:57:08.250 LOG 3: result : table
2026-04-05 13:57:08.300 LOG 1: После dispatch: cmd=get_orders, data тип=string
2026-04-05 13:58:47.050 LOG 0: Detected Quik version: 1208, script path: C:\Programming\QuikSharp\lua
2026-04-05 13:58:47.100 LOG 1: Shared memory IPC (variant 2) initialized
2026-04-05 13:58:47.150 LOG 1: QUIK# connected via shared memory (variant 2)
2026-04-05 13:59:00.050 LOG 0: Запрос от C# 1 (req_id=1): {"id":1,"cmd":"getClientCode","t":1775386739708,"data":{"cmd":"getClientCode","t":1775386739705,"data":""}}
2026-04-05 13:59:00.100 LOG 2: [QS DEBUG] getClientCode: MONEY_LIMITS count = 0
2026-04-05 13:59:00.150 LOG 2: [QS DEBUG] getClientCode: no client_code found
2026-04-05 13:59:00.200 LOG 3: result : table
2026-04-05 13:59:00.250 LOG 1: После dispatch: cmd=getClientCode, data тип=table
2026-04-05 13:59:09.100 LOG 0: Запрос от C# 1 (req_id=1): {"id":1,"cmd":"get_order_by_number","t":1775386749897,"data":{"cmd":"get_order_by_number","t":1775386749894,"data":"TQBR|999999999999"}}
2026-04-05 13:59:09.150 LOG 3: get_order_by_number: Р·Р°СЏРІРєР° 999999999999 РЅРµ РЅР°Р№РґРµРЅР°
2026-04-05 13:59:09.200 LOG 3: result : table
2026-04-05 13:59:09.250 LOG 1: После dispatch: cmd=get_order_by_number, data тип=string
2026-04-05 13:59:09.300 LOG 0: Запрос от C# 1 (req_id=2): {"id":2,"cmd":"get_orders","t":1775386749934,"data":{"cmd":"get_orders","t":1775386749934,"data":""}}
2026-04-05 13:59:09.350 LOG 3: result : table
2026-04-05 13:59:09.400 LOG 1: После dispatch: cmd=get_orders, data тип=string
2026-04-05 13:59:39.100 LOG 0: Запрос от C# 1 (req_id=1): {"id":1,"cmd":"get_order_by_number","t":1775386774915,"data":{"cmd":"get_order_by_number","t":1775386773449,"data":"TQBR|999999999999"}}
2026-04-05 13:59:39.150 LOG 3: get_order_by_number: Р·Р°СЏРІРєР° 999999999999 РЅРµ РЅР°Р№РґРµРЅР°
2026-04-05 13:59:39.200 LOG 3: result : table
2026-04-05 13:59:39.250 LOG 1: После dispatch: cmd=get_order_by_number, data тип=string
2026-04-05 14:00:18.550 LOG 0: Запрос от C# 1 (req_id=2): {"id":2,"cmd":"get_orders","t":1775386818565,"data":{"cmd":"get_orders","t":1775386818565,"data":""}}
2026-04-05 14:00:18.600 LOG 3: result : table
2026-04-05 14:00:18.650 LOG 1: После dispatch: cmd=get_orders, data тип=string
2026-04-05 14:00:49.050 LOG 0: Запрос от C# 1 (req_id=1): {"id":1,"cmd":"isConnected","t":1775386849335,"data":{"cmd":"isConnected","t":1775386849333,"data":""}}
2026-04-05 14:00:49.150 LOG 3: result : table
2026-04-05 14:00:49.200 LOG 1: После dispatch: cmd=isConnected, data тип=string
2026-04-05 14:00:58.450 LOG 0: Запрос от C# 1 (req_id=2): {"id":2,"cmd":"getWorkingFolder","t":1775386858825,"data":{"cmd":"getWorkingFolder","t":1775386857591,"data":""}}
2026-04-05 14:00:58.550 LOG 3: result : table
2026-04-05 14:00:58.600 LOG 1: После dispatch: cmd=getWorkingFolder, data тип=string
2026-04-05 14:01:05.350 LOG 0: Запрос от C# 1 (req_id=3): {"id":3,"cmd":"getScriptPath","t":1775386865345,"data":{"cmd":"getScriptPath","t":1775386865345,"data":""}}
2026-04-05 14:01:05.450 LOG 3: result : table
2026-04-05 14:01:05.550 LOG 1: После dispatch: cmd=getScriptPath, data тип=string
2026-04-05 14:01:31.150 LOG 0: Запрос от C# 1 (req_id=4): {"id":4,"cmd":"getInfoParam","t":1775386888402,"data":{"cmd":"getInfoParam","t":1775386883239,"data":"VERSION"}}
2026-04-05 14:01:31.250 LOG 3: result : table
2026-04-05 14:01:31.300 LOG 1: После dispatch: cmd=getInfoParam, data тип=string
2026-04-05 14:02:22.100 LOG 0: Запрос от C# 1 (req_id=5): {"id":5,"cmd":"getInfoParam","t":1775386938440,"data":{"cmd":"getInfoParam","t":1775386934785,"data":"TRADEDATE"}}
2026-04-05 14:02:22.200 LOG 3: result : table
2026-04-05 14:02:22.250 LOG 1: После dispatch: cmd=getInfoParam, data тип=string
2026-04-05 14:03:01.100 LOG 0: Запрос от C# 1 (req_id=6): {"id":6,"cmd":"getInfoParam","t":1775386981223,"data":{"cmd":"getInfoParam","t":1775386981223,"data":"SERVERTIME"}}
2026-04-05 14:03:01.200 LOG 3: result : table
2026-04-05 14:03:01.250 LOG 1: После dispatch: cmd=getInfoParam, data тип=string
2026-04-05 14:03:01.650 LOG 0: Запрос от C# 1 (req_id=7): {"id":7,"cmd":"getInfoParam","t":1775386981240,"data":{"cmd":"getInfoParam","t":1775386981240,"data":"LASTRECORDTIME"}}
2026-04-05 14:03:01.750 LOG 3: result : table
2026-04-05 14:03:01.800 LOG 1: После dispatch: cmd=getInfoParam, data тип=string
2026-04-05 14:03:01.000 LOG 0: Запрос от C# 1 (req_id=8): {"id":8,"cmd":"getInfoParam","t":1775386981245,"data":{"cmd":"getInfoParam","t":1775386981245,"data":"NUMRECORDS"}}
2026-04-05 14:03:01.100 LOG 3: result : table
2026-04-05 14:03:01.150 LOG 1: После dispatch: cmd=getInfoParam, data тип=string
2026-04-05 14:03:01.400 LOG 0: Запрос от C# 1 (req_id=9): {"id":9,"cmd":"getInfoParam","t":1775386981249,"data":{"cmd":"getInfoParam","t":1775386981249,"data":"LASTRECORD"}}
2026-04-05 14:03:01.500 LOG 3: result : table
2026-04-05 14:03:01.550 LOG 1: После dispatch: cmd=getInfoParam, data тип=string
2026-04-05 14:03:01.750 LOG 0: Запрос от C# 1 (req_id=10): {"id":10,"cmd":"getInfoParam","t":1775386981252,"data":{"cmd":"getInfoParam","t":1775386981252,"data":"LATERECORD"}}
2026-04-05 14:03:01.850 LOG 3: result : table
2026-04-05 14:03:01.900 LOG 1: После dispatch: cmd=getInfoParam, data тип=string
2026-04-05 14:03:01.050 LOG 0: Запрос от C# 1 (req_id=11): {"id":11,"cmd":"getInfoParam","t":1775386981257,"data":{"cmd":"getInfoParam","t":1775386981257,"data":"CONNECTION"}}
2026-04-05 14:03:01.150 LOG 3: result : table
2026-04-05 14:03:01.200 LOG 1: После dispatch: cmd=getInfoParam, data тип=string
2026-04-05 14:03:01.350 LOG 0: Запрос от C# 1 (req_id=12): {"id":12,"cmd":"getInfoParam","t":1775386981262,"data":{"cmd":"getInfoParam","t":1775386981262,"data":"IPADDRESS"}}
2026-04-05 14:03:01.450 LOG 3: result : table
2026-04-05 14:03:01.500 LOG 1: После dispatch: cmd=getInfoParam, data тип=string
2026-04-05 14:03:01.650 LOG 0: Запрос от C# 1 (req_id=13): {"id":13,"cmd":"getInfoParam","t":1775386981267,"data":{"cmd":"getInfoParam","t":1775386981267,"data":"IPPORT"}}
2026-04-05 14:03:01.750 LOG 3: result : table
2026-04-05 14:03:01.800 LOG 1: После dispatch: cmd=getInfoParam, data тип=string
2026-04-05 14:03:01.000 LOG 0: Запрос от C# 1 (req_id=14): {"id":14,"cmd":"getInfoParam","t":1775386981270,"data":{"cmd":"getInfoParam","t":1775386981270,"data":"IPCOMMENT"}}
2026-04-05 14:03:01.100 LOG 3: result : table
2026-04-05 14:03:01.150 LOG 1: После dispatch: cmd=getInfoParam, data тип=string
2026-04-05 14:03:01.350 LOG 0: Запрос от C# 1 (req_id=15): {"id":15,"cmd":"getInfoParam","t":1775386981273,"data":{"cmd":"getInfoParam","t":1775386981273,"data":"SERVER"}}
2026-04-05 14:03:01.450 LOG 3: result : table
2026-04-05 14:03:01.500 LOG 1: После dispatch: cmd=getInfoParam, data тип=string
2026-04-05 14:03:01.600 LOG 0: Запрос от C# 1 (req_id=16): {"id":16,"cmd":"getInfoParam","t":1775386981281,"data":{"cmd":"getInfoParam","t":1775386981281,"data":"SESSIONID"}}
2026-04-05 14:03:01.700 LOG 3: result : table
2026-04-05 14:03:01.750 LOG 1: После dispatch: cmd=getInfoParam, data тип=string
2026-04-05 14:03:01.800 LOG 0: Запрос от C# 1 (req_id=17): {"id":17,"cmd":"getInfoParam","t":1775386981292,"data":{"cmd":"getInfoParam","t":1775386981292,"data":"USER"}}
2026-04-05 14:03:01.900 LOG 3: result : table
2026-04-05 14:03:01.950 LOG 1: После dispatch: cmd=getInfoParam, data тип=string
2026-04-05 14:03:01.000 LOG 0: Запрос от C# 1 (req_id=18): {"id":18,"cmd":"getInfoParam","t":1775386981306,"data":{"cmd":"getInfoParam","t":1775386981306,"data":"USERID"}}
2026-04-05 14:03:01.100 LOG 3: result : table
2026-04-05 14:03:01.150 LOG 1: После dispatch: cmd=getInfoParam, data тип=string
2026-04-05 14:03:01.200 LOG 0: Запрос от C# 1 (req_id=19): {"id":19,"cmd":"getInfoParam","t":1775386981316,"data":{"cmd":"getInfoParam","t":1775386981316,"data":"ORG"}}
2026-04-05 14:03:01.300 LOG 3: result : table
2026-04-05 14:03:01.350 LOG 1: После dispatch: cmd=getInfoParam, data тип=string
2026-04-05 14:03:01.400 LOG 0: Запрос от C# 1 (req_id=20): {"id":20,"cmd":"getInfoParam","t":1775386981326,"data":{"cmd":"getInfoParam","t":1775386981326,"data":"MEMORY"}}
2026-04-05 14:03:01.500 LOG 3: result : table
2026-04-05 14:03:01.550 LOG 1: После dispatch: cmd=getInfoParam, data тип=string
2026-04-05 14:03:01.600 LOG 0: Запрос от C# 1 (req_id=21): {"id":21,"cmd":"getInfoParam","t":1775386981337,"data":{"cmd":"getInfoParam","t":1775386981337,"data":"LOCALTIME"}}
2026-04-05 14:03:01.700 LOG 3: result : table
2026-04-05 14:03:01.750 LOG 1: После dispatch: cmd=getInfoParam, data тип=string
2026-04-05 14:03:01.800 LOG 0: Запрос от C# 1 (req_id=22): {"id":22,"cmd":"getInfoParam","t":1775386981351,"data":{"cmd":"getInfoParam","t":1775386981351,"data":"CONNECTIONTIME"}}
2026-04-05 14:03:01.900 LOG 3: result : table
2026-04-05 14:03:01.950 LOG 1: После dispatch: cmd=getInfoParam, data тип=string
2026-04-05 14:03:01.100 LOG 0: Запрос от C# 1 (req_id=23): {"id":23,"cmd":"getInfoParam","t":1775386981360,"data":{"cmd":"getInfoParam","t":1775386981360,"data":"MESSAGESSENT"}}
2026-04-05 14:03:01.200 LOG 3: result : table
2026-04-05 14:03:01.250 LOG 1: После dispatch: cmd=getInfoParam, data тип=string
2026-04-05 14:03:01.450 LOG 0: Запрос от C# 1 (req_id=24): {"id":24,"cmd":"getInfoParam","t":1775386981364,"data":{"cmd":"getInfoParam","t":1775386981364,"data":"ALLSENT"}}
2026-04-05 14:03:01.550 LOG 3: result : table
2026-04-05 14:03:01.600 LOG 1: После dispatch: cmd=getInfoParam, data тип=string
2026-04-05 14:03:01.800 LOG 0: Запрос от C# 1 (req_id=25): {"id":25,"cmd":"getInfoParam","t":1775386981367,"data":{"cmd":"getInfoParam","t":1775386981367,"data":"BYTESSENT"}}
2026-04-05 14:03:01.900 LOG 3: result : table
2026-04-05 14:03:01.950 LOG 1: После dispatch: cmd=getInfoParam, data тип=string
2026-04-05 14:03:01.100 LOG 0: Запрос от C# 1 (req_id=26): {"id":26,"cmd":"getInfoParam","t":1775386981372,"data":{"cmd":"getInfoParam","t":1775386981372,"data":"BYTESPERSECSENT"}}
2026-04-05 14:03:01.200 LOG 3: result : table
2026-04-05 14:03:01.250 LOG 1: После dispatch: cmd=getInfoParam, data тип=string
2026-04-05 14:03:01.450 LOG 0: Запрос от C# 1 (req_id=27): {"id":27,"cmd":"getInfoParam","t":1775386981376,"data":{"cmd":"getInfoParam","t":1775386981376,"data":"MESSAGESRECV"}}
2026-04-05 14:03:01.550 LOG 3: result : table
2026-04-05 14:03:01.600 LOG 1: После dispatch: cmd=getInfoParam, data тип=string
2026-04-05 14:03:01.700 LOG 0: Запрос от C# 1 (req_id=28): {"id":28,"cmd":"getInfoParam","t":1775386981387,"data":{"cmd":"getInfoParam","t":1775386981387,"data":"BYTESRECV"}}
2026-04-05 14:03:01.800 LOG 3: result : table
2026-04-05 14:03:01.850 LOG 1: После dispatch: cmd=getInfoParam, data тип=string
2026-04-05 14:03:01.000 LOG 0: Запрос от C# 1 (req_id=29): {"id":29,"cmd":"getInfoParam","t":1775386981397,"data":{"cmd":"getInfoParam","t":1775386981397,"data":"ALLRECV"}}
2026-04-05 14:03:01.100 LOG 3: result : table
2026-04-05 14:03:01.150 LOG 1: После dispatch: cmd=getInfoParam, data тип=string
2026-04-05 14:03:01.350 LOG 0: Запрос от C# 1 (req_id=30): {"id":30,"cmd":"getInfoParam","t":1775386981405,"data":{"cmd":"getInfoParam","t":1775386981405,"data":"BYTESPERSECRECV"}}
2026-04-05 14:03:01.450 LOG 3: result : table
2026-04-05 14:03:01.500 LOG 1: После dispatch: cmd=getInfoParam, data тип=string
2026-04-05 14:03:01.650 LOG 0: Запрос от C# 1 (req_id=31): {"id":31,"cmd":"getInfoParam","t":1775386981413,"data":{"cmd":"getInfoParam","t":1775386981413,"data":"AVGSENT"}}
2026-04-05 14:03:01.750 LOG 3: result : table
2026-04-05 14:03:01.800 LOG 1: После dispatch: cmd=getInfoParam, data тип=string
2026-04-05 14:03:01.950 LOG 0: Запрос от C# 1 (req_id=32): {"id":32,"cmd":"getInfoParam","t":1775386981422,"data":{"cmd":"getInfoParam","t":1775386981422,"data":"AVGRECV"}}
2026-04-05 14:03:01.050 LOG 3: result : table
2026-04-05 14:03:01.100 LOG 1: После dispatch: cmd=getInfoParam, data тип=string
2026-04-05 14:03:01.250 LOG 0: Запрос от C# 1 (req_id=33): {"id":33,"cmd":"getInfoParam","t":1775386981435,"data":{"cmd":"getInfoParam","t":1775386981435,"data":"LASTPINGTIME"}}
2026-04-05 14:03:01.350 LOG 3: result : table
2026-04-05 14:03:01.450 LOG 1: После dispatch: cmd=getInfoParam, data тип=string
2026-04-05 14:03:01.600 LOG 0: Запрос от C# 1 (req_id=34): {"id":34,"cmd":"getInfoParam","t":1775386981444,"data":{"cmd":"getInfoParam","t":1775386981444,"data":"LASTPINGDURATION"}}
2026-04-05 14:03:01.700 LOG 3: result : table
2026-04-05 14:03:01.750 LOG 1: После dispatch: cmd=getInfoParam, data тип=string
2026-04-05 14:03:01.850 LOG 0: Запрос от C# 1 (req_id=35): {"id":35,"cmd":"getInfoParam","t":1775386981453,"data":{"cmd":"getInfoParam","t":1775386981453,"data":"AVGPINGDURATION"}}
2026-04-05 14:03:01.950 LOG 3: result : table
2026-04-05 14:03:01.000 LOG 1: После dispatch: cmd=getInfoParam, data тип=string
2026-04-05 14:03:01.200 LOG 0: Запрос от C# 1 (req_id=36): {"id":36,"cmd":"getInfoParam","t":1775386981463,"data":{"cmd":"getInfoParam","t":1775386981463,"data":"MAXPINGTIME"}}
2026-04-05 14:03:01.300 LOG 3: result : table
2026-04-05 14:03:01.350 LOG 1: После dispatch: cmd=getInfoParam, data тип=string
2026-04-05 14:03:01.500 LOG 0: Запрос от C# 1 (req_id=37): {"id":37,"cmd":"getInfoParam","t":1775386981465,"data":{"cmd":"getInfoParam","t":1775386981465,"data":"MAXPINGDURATION"}}
2026-04-05 14:03:01.600 LOG 3: result : table
2026-04-05 14:03:01.650 LOG 1: После dispatch: cmd=getInfoParam, data тип=string
2026-04-05 14:03:10.100 LOG 0: Запрос от C# 1 (req_id=38): {"id":38,"cmd":"get_order_by_number","t":1775386986496,"data":{"cmd":"get_order_by_number","t":1775386984740,"data":"TQBR|999999999999"}}
2026-04-05 14:03:10.150 LOG 3: get_order_by_number: Р·Р°СЏРІРєР° 999999999999 РЅРµ РЅР°Р№РґРµРЅР°
2026-04-05 14:03:10.200 LOG 3: result : table
2026-04-05 14:03:10.250 LOG 1: После dispatch: cmd=get_order_by_number, data тип=string
2026-04-05 14:03:43.700 LOG 0: Запрос от C# 1 (req_id=39): {"id":39,"cmd":"get_orders","t":1775387023711,"data":{"cmd":"get_orders","t":1775387023711,"data":""}}
2026-04-05 14:03:43.750 LOG 3: result : table
2026-04-05 14:03:43.800 LOG 1: После dispatch: cmd=get_orders, data тип=string
2026-04-05 14:03:53.900 LOG 0: Запрос от C# 1 (req_id=1): {"id":1,"cmd":"isConnected","t":1775387033630,"data":{"cmd":"isConnected","t":1775387033626,"data":""}}
2026-04-05 14:03:53.050 LOG 3: result : table
2026-04-05 14:03:53.100 LOG 1: После dispatch: cmd=isConnected, data тип=string
2026-04-05 14:04:31.050 LOG 0: Запрос от C# 1 (req_id=2): {"id":2,"cmd":"getWorkingFolder","t":1775387065803,"data":{"cmd":"getWorkingFolder","t":1775387047498,"data":""}}
2026-04-05 14:04:31.150 LOG 3: result : table
2026-04-05 14:04:31.200 LOG 1: После dispatch: cmd=getWorkingFolder, data тип=string
2026-04-05 14:04:55.100 LOG 0: Запрос от C# 1 (req_id=3): {"id":3,"cmd":"getScriptPath","t":1775387095237,"data":{"cmd":"getScriptPath","t":1775387095237,"data":""}}
2026-04-05 14:04:55.200 LOG 3: result : table
2026-04-05 14:04:55.250 LOG 1: После dispatch: cmd=getScriptPath, data тип=string
2026-04-05 14:04:56.150 LOG 0: Запрос от C# 1 (req_id=4): {"id":4,"cmd":"getInfoParam","t":1775387096936,"data":{"cmd":"getInfoParam","t":1775387096936,"data":"VERSION"}}
2026-04-05 14:04:56.250 LOG 3: result : table
2026-04-05 14:04:56.300 LOG 1: После dispatch: cmd=getInfoParam, data тип=string
2026-04-05 14:04:56.550 LOG 0: Запрос от C# 1 (req_id=5): {"id":5,"cmd":"getInfoParam","t":1775387096941,"data":{"cmd":"getInfoParam","t":1775387096941,"data":"TRADEDATE"}}
2026-04-05 14:04:56.650 LOG 3: result : table
2026-04-05 14:04:56.700 LOG 1: После dispatch: cmd=getInfoParam, data тип=string
2026-04-05 14:04:56.900 LOG 0: Запрос от C# 1 (req_id=6): {"id":6,"cmd":"getInfoParam","t":1775387096947,"data":{"cmd":"getInfoParam","t":1775387096947,"data":"SERVERTIME"}}
2026-04-05 14:04:56.000 LOG 3: result : table
2026-04-05 14:04:56.050 LOG 1: После dispatch: cmd=getInfoParam, data тип=string
2026-04-05 14:04:56.250 LOG 0: Запрос от C# 1 (req_id=7): {"id":7,"cmd":"getInfoParam","t":1775387096952,"data":{"cmd":"getInfoParam","t":1775387096952,"data":"LASTRECORDTIME"}}
2026-04-05 14:04:56.350 LOG 3: result : table
2026-04-05 14:04:56.400 LOG 1: После dispatch: cmd=getInfoParam, data тип=string
2026-04-05 14:04:56.600 LOG 0: Запрос от C# 1 (req_id=8): {"id":8,"cmd":"getInfoParam","t":1775387096957,"data":{"cmd":"getInfoParam","t":1775387096957,"data":"NUMRECORDS"}}
2026-04-05 14:04:56.700 LOG 3: result : table
2026-04-05 14:04:56.750 LOG 1: После dispatch: cmd=getInfoParam, data тип=string
2026-04-05 14:04:56.850 LOG 0: Запрос от C# 1 (req_id=9): {"id":9,"cmd":"getInfoParam","t":1775387096963,"data":{"cmd":"getInfoParam","t":1775387096963,"data":"LASTRECORD"}}
2026-04-05 14:04:56.950 LOG 3: result : table
2026-04-05 14:04:56.000 LOG 1: После dispatch: cmd=getInfoParam, data тип=string
2026-04-05 14:04:56.050 LOG 0: Запрос от C# 1 (req_id=10): {"id":10,"cmd":"getInfoParam","t":1775387096976,"data":{"cmd":"getInfoParam","t":1775387096976,"data":"LATERECORD"}}
2026-04-05 14:04:56.150 LOG 3: result : table
2026-04-05 14:04:56.200 LOG 1: После dispatch: cmd=getInfoParam, data тип=string
2026-04-05 14:04:56.250 LOG 0: Запрос от C# 1 (req_id=11): {"id":11,"cmd":"getInfoParam","t":1775387096984,"data":{"cmd":"getInfoParam","t":1775387096984,"data":"CONNECTION"}}
2026-04-05 14:04:56.350 LOG 3: result : table
2026-04-05 14:04:56.400 LOG 1: После dispatch: cmd=getInfoParam, data тип=string
2026-04-05 14:04:56.450 LOG 0: Запрос от C# 1 (req_id=12): {"id":12,"cmd":"getInfoParam","t":1775387096996,"data":{"cmd":"getInfoParam","t":1775387096996,"data":"IPADDRESS"}}
2026-04-05 14:04:56.550 LOG 3: result : table
2026-04-05 14:04:56.600 LOG 1: После dispatch: cmd=getInfoParam, data тип=string
2026-04-05 14:04:57.200 LOG 0: Запрос от C# 1 (req_id=13): {"id":13,"cmd":"getInfoParam","t":1775387097007,"data":{"cmd":"getInfoParam","t":1775387097007,"data":"IPPORT"}}
2026-04-05 14:04:57.300 LOG 3: result : table
2026-04-05 14:04:57.350 LOG 1: После dispatch: cmd=getInfoParam, data тип=string
2026-04-05 14:04:57.550 LOG 0: Запрос от C# 1 (req_id=14): {"id":14,"cmd":"getInfoParam","t":1775387097014,"data":{"cmd":"getInfoParam","t":1775387097014,"data":"IPCOMMENT"}}
2026-04-05 14:04:57.650 LOG 3: result : table
2026-04-05 14:04:57.700 LOG 1: После dispatch: cmd=getInfoParam, data тип=string
2026-04-05 14:04:57.900 LOG 0: Запрос от C# 1 (req_id=15): {"id":15,"cmd":"getInfoParam","t":1775387097018,"data":{"cmd":"getInfoParam","t":1775387097018,"data":"SERVER"}}
2026-04-05 14:04:57.000 LOG 3: result : table
2026-04-05 14:04:57.050 LOG 1: После dispatch: cmd=getInfoParam, data тип=string
2026-04-05 14:04:57.250 LOG 0: Запрос от C# 1 (req_id=16): {"id":16,"cmd":"getInfoParam","t":1775387097024,"data":{"cmd":"getInfoParam","t":1775387097023,"data":"SESSIONID"}}
2026-04-05 14:04:57.350 LOG 3: result : table
2026-04-05 14:04:57.400 LOG 1: После dispatch: cmd=getInfoParam, data тип=string
2026-04-05 14:04:57.600 LOG 0: Запрос от C# 1 (req_id=17): {"id":17,"cmd":"getInfoParam","t":1775387097028,"data":{"cmd":"getInfoParam","t":1775387097028,"data":"USER"}}
2026-04-05 14:04:57.700 LOG 3: result : table
2026-04-05 14:04:57.750 LOG 1: После dispatch: cmd=getInfoParam, data тип=string
2026-04-05 14:04:57.900 LOG 0: Запрос от C# 1 (req_id=18): {"id":18,"cmd":"getInfoParam","t":1775387097034,"data":{"cmd":"getInfoParam","t":1775387097034,"data":"USERID"}}
2026-04-05 14:04:57.000 LOG 3: result : table
2026-04-05 14:04:57.050 LOG 1: После dispatch: cmd=getInfoParam, data тип=string
2026-04-05 14:04:57.250 LOG 0: Запрос от C# 1 (req_id=19): {"id":19,"cmd":"getInfoParam","t":1775387097037,"data":{"cmd":"getInfoParam","t":1775387097037,"data":"ORG"}}
2026-04-05 14:04:57.350 LOG 3: result : table
2026-04-05 14:04:57.400 LOG 1: После dispatch: cmd=getInfoParam, data тип=string
2026-04-05 14:04:57.600 LOG 0: Запрос от C# 1 (req_id=20): {"id":20,"cmd":"getInfoParam","t":1775387097043,"data":{"cmd":"getInfoParam","t":1775387097043,"data":"MEMORY"}}
2026-04-05 14:04:57.700 LOG 3: result : table
2026-04-05 14:04:57.750 LOG 1: После dispatch: cmd=getInfoParam, data тип=string
2026-04-05 14:04:57.950 LOG 0: Запрос от C# 1 (req_id=21): {"id":21,"cmd":"getInfoParam","t":1775387097047,"data":{"cmd":"getInfoParam","t":1775387097047,"data":"LOCALTIME"}}
2026-04-05 14:04:57.050 LOG 3: result : table
2026-04-05 14:04:57.100 LOG 1: После dispatch: cmd=getInfoParam, data тип=string
2026-04-05 14:04:57.300 LOG 0: Запрос от C# 1 (req_id=22): {"id":22,"cmd":"getInfoParam","t":1775387097051,"data":{"cmd":"getInfoParam","t":1775387097051,"data":"CONNECTIONTIME"}}
2026-04-05 14:04:57.400 LOG 3: result : table
2026-04-05 14:04:57.450 LOG 1: После dispatch: cmd=getInfoParam, data тип=string
2026-04-05 14:04:57.650 LOG 0: Запрос от C# 1 (req_id=23): {"id":23,"cmd":"getInfoParam","t":1775387097057,"data":{"cmd":"getInfoParam","t":1775387097057,"data":"MESSAGESSENT"}}
2026-04-05 14:04:57.750 LOG 3: result : table
2026-04-05 14:04:57.800 LOG 1: После dispatch: cmd=getInfoParam, data тип=string
2026-04-05 14:04:57.000 LOG 0: Запрос от C# 1 (req_id=24): {"id":24,"cmd":"getInfoParam","t":1775387097060,"data":{"cmd":"getInfoParam","t":1775387097060,"data":"ALLSENT"}}
2026-04-05 14:04:57.100 LOG 3: result : table
2026-04-05 14:04:57.150 LOG 1: После dispatch: cmd=getInfoParam, data тип=string
2026-04-05 14:04:57.350 LOG 0: Запрос от C# 1 (req_id=25): {"id":25,"cmd":"getInfoParam","t":1775387097066,"data":{"cmd":"getInfoParam","t":1775387097066,"data":"BYTESSENT"}}
2026-04-05 14:04:57.450 LOG 3: result : table
2026-04-05 14:04:57.500 LOG 1: После dispatch: cmd=getInfoParam, data тип=string
2026-04-05 14:04:57.650 LOG 0: Запрос от C# 1 (req_id=26): {"id":26,"cmd":"getInfoParam","t":1775387097069,"data":{"cmd":"getInfoParam","t":1775387097069,"data":"BYTESPERSECSENT"}}
2026-04-05 14:04:57.750 LOG 3: result : table
2026-04-05 14:04:57.800 LOG 1: После dispatch: cmd=getInfoParam, data тип=string
2026-04-05 14:04:57.950 LOG 0: Запрос от C# 1 (req_id=27): {"id":27,"cmd":"getInfoParam","t":1775387097072,"data":{"cmd":"getInfoParam","t":1775387097072,"data":"MESSAGESRECV"}}
2026-04-05 14:04:57.050 LOG 3: result : table
2026-04-05 14:04:57.100 LOG 1: После dispatch: cmd=getInfoParam, data тип=string
2026-04-05 14:04:57.300 LOG 0: Запрос от C# 1 (req_id=28): {"id":28,"cmd":"getInfoParam","t":1775387097077,"data":{"cmd":"getInfoParam","t":1775387097077,"data":"BYTESRECV"}}
2026-04-05 14:04:57.400 LOG 3: result : table
2026-04-05 14:04:57.450 LOG 1: После dispatch: cmd=getInfoParam, data тип=string
2026-04-05 14:04:57.650 LOG 0: Запрос от C# 1 (req_id=29): {"id":29,"cmd":"getInfoParam","t":1775387097081,"data":{"cmd":"getInfoParam","t":1775387097081,"data":"ALLRECV"}}
2026-04-05 14:04:57.750 LOG 3: result : table
2026-04-05 14:04:57.800 LOG 1: После dispatch: cmd=getInfoParam, data тип=string
2026-04-05 14:04:57.900 LOG 0: Запрос от C# 1 (req_id=30): {"id":30,"cmd":"getInfoParam","t":1775387097089,"data":{"cmd":"getInfoParam","t":1775387097089,"data":"BYTESPERSECRECV"}}
2026-04-05 14:04:57.000 LOG 3: result : table
2026-04-05 14:04:57.050 LOG 1: После dispatch: cmd=getInfoParam, data тип=string
2026-04-05 14:04:57.100 LOG 0: Запрос от C# 1 (req_id=31): {"id":31,"cmd":"getInfoParam","t":1775387097097,"data":{"cmd":"getInfoParam","t":1775387097097,"data":"AVGSENT"}}
2026-04-05 14:04:57.200 LOG 3: result : table
2026-04-05 14:04:57.250 LOG 1: После dispatch: cmd=getInfoParam, data тип=string
2026-04-05 14:04:57.300 LOG 0: Запрос от C# 1 (req_id=32): {"id":32,"cmd":"getInfoParam","t":1775387097107,"data":{"cmd":"getInfoParam","t":1775387097107,"data":"AVGRECV"}}
2026-04-05 14:04:57.400 LOG 3: result : table
2026-04-05 14:04:57.450 LOG 1: После dispatch: cmd=getInfoParam, data тип=string
2026-04-05 14:04:57.500 LOG 0: Запрос от C# 1 (req_id=33): {"id":33,"cmd":"getInfoParam","t":1775387097114,"data":{"cmd":"getInfoParam","t":1775387097114,"data":"LASTPINGTIME"}}
2026-04-05 14:04:57.600 LOG 3: result : table
2026-04-05 14:04:57.650 LOG 1: После dispatch: cmd=getInfoParam, data тип=string
2026-04-05 14:04:57.700 LOG 0: Запрос от C# 1 (req_id=34): {"id":34,"cmd":"getInfoParam","t":1775387097123,"data":{"cmd":"getInfoParam","t":1775387097123,"data":"LASTPINGDURATION"}}
2026-04-05 14:04:57.800 LOG 3: result : table
2026-04-05 14:04:57.850 LOG 1: После dispatch: cmd=getInfoParam, data тип=string
2026-04-05 14:04:57.050 LOG 0: Запрос от C# 1 (req_id=35): {"id":35,"cmd":"getInfoParam","t":1775387097130,"data":{"cmd":"getInfoParam","t":1775387097130,"data":"AVGPINGDURATION"}}
2026-04-05 14:04:57.150 LOG 3: result : table
2026-04-05 14:04:57.200 LOG 1: После dispatch: cmd=getInfoParam, data тип=string
2026-04-05 14:04:57.400 LOG 0: Запрос от C# 1 (req_id=36): {"id":36,"cmd":"getInfoParam","t":1775387097134,"data":{"cmd":"getInfoParam","t":1775387097134,"data":"MAXPINGTIME"}}
2026-04-05 14:04:57.500 LOG 3: result : table
2026-04-05 14:04:57.550 LOG 1: После dispatch: cmd=getInfoParam, data тип=string
2026-04-05 14:04:57.700 LOG 0: Запрос от C# 1 (req_id=37): {"id":37,"cmd":"getInfoParam","t":1775387097139,"data":{"cmd":"getInfoParam","t":1775387097139,"data":"MAXPINGDURATION"}}
2026-04-05 14:04:57.800 LOG 3: result : table
2026-04-05 14:04:57.850 LOG 1: После dispatch: cmd=getInfoParam, data тип=string
2026-04-05 14:05:58.150 LOG 0: Запрос от C# 1 (req_id=38): {"id":38,"cmd":"get_order_by_number","t":1775387153622,"data":{"cmd":"get_order_by_number","t":1775387138111,"data":"TQBR|999999999999"}}
2026-04-05 14:05:58.200 LOG 3: get_order_by_number: Р·Р°СЏРІРєР° 999999999999 РЅРµ РЅР°Р№РґРµРЅР°
2026-04-05 14:05:58.250 LOG 3: result : table
2026-04-05 14:05:58.300 LOG 1: После dispatch: cmd=get_order_by_number, data тип=string
2026-04-05 14:07:01.400 LOG 0: Запрос от C# 1 (req_id=39): {"id":39,"cmd":"get_orders","t":1775387221395,"data":{"cmd":"get_orders","t":1775387221395,"data":""}}
2026-04-05 14:07:01.450 LOG 3: result : table
2026-04-05 14:07:01.500 LOG 1: После dispatch: cmd=get_orders, data тип=string
2026-04-05 14:12:12.050 LOG 0: Запрос от C# 1 (req_id=1): {"id":1,"cmd":"isConnected","t":1775387532809,"data":{"cmd":"isConnected","t":1775387532806,"data":""}}
2026-04-05 14:12:12.150 LOG 3: result : table
2026-04-05 14:12:12.200 LOG 1: После dispatch: cmd=isConnected, data тип=string
2026-04-05 14:12:15.050 LOG 0: Запрос от C# 1 (req_id=2): {"id":2,"cmd":"getWorkingFolder","t":1775387535681,"data":{"cmd":"getWorkingFolder","t":1775387535681,"data":""}}
2026-04-05 14:12:15.150 LOG 3: result : table
2026-04-05 14:12:15.200 LOG 1: После dispatch: cmd=getWorkingFolder, data тип=string
2026-04-05 14:12:15.500 LOG 0: Запрос от C# 1 (req_id=3): {"id":3,"cmd":"getScriptPath","t":1775387535687,"data":{"cmd":"getScriptPath","t":1775387535687,"data":""}}
2026-04-05 14:12:15.600 LOG 3: result : table
2026-04-05 14:12:15.650 LOG 1: После dispatch: cmd=getScriptPath, data тип=string
2026-04-05 14:12:15.950 LOG 0: Запрос от C# 1 (req_id=4): {"id":4,"cmd":"getInfoParam","t":1775387535692,"data":{"cmd":"getInfoParam","t":1775387535692,"data":"VERSION"}}
2026-04-05 14:12:15.050 LOG 3: result : table
2026-04-05 14:12:15.100 LOG 1: После dispatch: cmd=getInfoParam, data тип=string
2026-04-05 14:12:15.300 LOG 0: Запрос от C# 1 (req_id=5): {"id":5,"cmd":"getInfoParam","t":1775387535695,"data":{"cmd":"getInfoParam","t":1775387535695,"data":"TRADEDATE"}}
2026-04-05 14:12:15.400 LOG 3: result : table
2026-04-05 14:12:15.450 LOG 1: После dispatch: cmd=getInfoParam, data тип=string
2026-04-05 14:12:15.600 LOG 0: Запрос от C# 1 (req_id=6): {"id":6,"cmd":"getInfoParam","t":1775387535699,"data":{"cmd":"getInfoParam","t":1775387535699,"data":"SERVERTIME"}}
2026-04-05 14:12:15.700 LOG 3: result : table
2026-04-05 14:12:15.750 LOG 1: После dispatch: cmd=getInfoParam, data тип=string
2026-04-05 14:12:15.000 LOG 0: Запрос от C# 1 (req_id=7): {"id":7,"cmd":"getInfoParam","t":1775387535704,"data":{"cmd":"getInfoParam","t":1775387535704,"data":"LASTRECORDTIME"}}
2026-04-05 14:12:15.100 LOG 3: result : table
2026-04-05 14:12:15.150 LOG 1: После dispatch: cmd=getInfoParam, data тип=string
2026-04-05 14:12:15.350 LOG 0: Запрос от C# 1 (req_id=8): {"id":8,"cmd":"getInfoParam","t":1775387535707,"data":{"cmd":"getInfoParam","t":1775387535707,"data":"NUMRECORDS"}}
2026-04-05 14:12:15.450 LOG 3: result : table
2026-04-05 14:12:15.500 LOG 1: После dispatch: cmd=getInfoParam, data тип=string
2026-04-05 14:12:15.700 LOG 0: Запрос от C# 1 (req_id=9): {"id":9,"cmd":"getInfoParam","t":1775387535710,"data":{"cmd":"getInfoParam","t":1775387535710,"data":"LASTRECORD"}}
2026-04-05 14:12:15.800 LOG 3: result : table
2026-04-05 14:12:15.850 LOG 1: После dispatch: cmd=getInfoParam, data тип=string
2026-04-05 14:12:15.050 LOG 0: Запрос от C# 1 (req_id=10): {"id":10,"cmd":"getInfoParam","t":1775387535719,"data":{"cmd":"getInfoParam","t":1775387535719,"data":"LATERECORD"}}
2026-04-05 14:12:15.150 LOG 3: result : table
2026-04-05 14:12:15.200 LOG 1: После dispatch: cmd=getInfoParam, data тип=string
2026-04-05 14:12:15.350 LOG 0: Запрос от C# 1 (req_id=11): {"id":11,"cmd":"getInfoParam","t":1775387535752,"data":{"cmd":"getInfoParam","t":1775387535752,"data":"CONNECTION"}}
2026-04-05 14:12:15.450 LOG 3: result : table
2026-04-05 14:12:15.500 LOG 1: После dispatch: cmd=getInfoParam, data тип=string
2026-04-05 14:12:15.750 LOG 0: Запрос от C# 1 (req_id=12): {"id":12,"cmd":"getInfoParam","t":1775387535761,"data":{"cmd":"getInfoParam","t":1775387535761,"data":"IPADDRESS"}}
2026-04-05 14:12:15.850 LOG 3: result : table
2026-04-05 14:12:15.900 LOG 1: После dispatch: cmd=getInfoParam, data тип=string
2026-04-05 14:12:15.100 LOG 0: Запрос от C# 1 (req_id=13): {"id":13,"cmd":"getInfoParam","t":1775387535769,"data":{"cmd":"getInfoParam","t":1775387535769,"data":"IPPORT"}}
2026-04-05 14:12:15.200 LOG 3: result : table
2026-04-05 14:12:15.250 LOG 1: После dispatch: cmd=getInfoParam, data тип=string
2026-04-05 14:12:15.500 LOG 0: Запрос от C# 1 (req_id=14): {"id":14,"cmd":"getInfoParam","t":1775387535773,"data":{"cmd":"getInfoParam","t":1775387535773,"data":"IPCOMMENT"}}
2026-04-05 14:12:15.600 LOG 3: result : table
2026-04-05 14:12:15.650 LOG 1: После dispatch: cmd=getInfoParam, data тип=string
2026-04-05 14:12:15.850 LOG 0: Запрос от C# 1 (req_id=15): {"id":15,"cmd":"getInfoParam","t":1775387535779,"data":{"cmd":"getInfoParam","t":1775387535779,"data":"SERVER"}}
2026-04-05 14:12:15.950 LOG 3: result : table
2026-04-05 14:12:15.000 LOG 1: После dispatch: cmd=getInfoParam, data тип=string
2026-04-05 14:12:15.250 LOG 0: Запрос от C# 1 (req_id=16): {"id":16,"cmd":"getInfoParam","t":1775387535783,"data":{"cmd":"getInfoParam","t":1775387535783,"data":"SESSIONID"}}
2026-04-05 14:12:15.350 LOG 3: result : table
2026-04-05 14:12:15.400 LOG 1: После dispatch: cmd=getInfoParam, data тип=string
2026-04-05 14:12:15.500 LOG 0: Запрос от C# 1 (req_id=17): {"id":17,"cmd":"getInfoParam","t":1775387535789,"data":{"cmd":"getInfoParam","t":1775387535789,"data":"USER"}}
2026-04-05 14:12:15.600 LOG 3: result : table
2026-04-05 14:12:15.650 LOG 1: После dispatch: cmd=getInfoParam, data тип=string
2026-04-05 14:12:15.700 LOG 0: Запрос от C# 1 (req_id=18): {"id":18,"cmd":"getInfoParam","t":1775387535794,"data":{"cmd":"getInfoParam","t":1775387535794,"data":"USERID"}}
2026-04-05 14:12:15.800 LOG 3: result : table
2026-04-05 14:12:15.850 LOG 1: После dispatch: cmd=getInfoParam, data тип=string
2026-04-05 14:12:15.900 LOG 0: Запрос от C# 1 (req_id=19): {"id":19,"cmd":"getInfoParam","t":1775387535803,"data":{"cmd":"getInfoParam","t":1775387535803,"data":"ORG"}}
2026-04-05 14:12:15.000 LOG 3: result : table
2026-04-05 14:12:15.050 LOG 1: После dispatch: cmd=getInfoParam, data тип=string
2026-04-05 14:12:15.100 LOG 0: Запрос от C# 1 (req_id=20): {"id":20,"cmd":"getInfoParam","t":1775387535812,"data":{"cmd":"getInfoParam","t":1775387535812,"data":"MEMORY"}}
2026-04-05 14:12:15.200 LOG 3: result : table
2026-04-05 14:12:15.250 LOG 1: После dispatch: cmd=getInfoParam, data тип=string
2026-04-05 14:12:15.300 LOG 0: Запрос от C# 1 (req_id=21): {"id":21,"cmd":"getInfoParam","t":1775387535816,"data":{"cmd":"getInfoParam","t":1775387535816,"data":"LOCALTIME"}}
2026-04-05 14:12:15.400 LOG 3: result : table
2026-04-05 14:12:15.450 LOG 1: После dispatch: cmd=getInfoParam, data тип=string
2026-04-05 14:12:15.500 LOG 0: Запрос от C# 1 (req_id=22): {"id":22,"cmd":"getInfoParam","t":1775387535824,"data":{"cmd":"getInfoParam","t":1775387535824,"data":"CONNECTIONTIME"}}
2026-04-05 14:12:15.600 LOG 3: result : table
2026-04-05 14:12:15.650 LOG 1: После dispatch: cmd=getInfoParam, data тип=string
2026-04-05 14:12:15.700 LOG 0: Запрос от C# 1 (req_id=23): {"id":23,"cmd":"getInfoParam","t":1775387535833,"data":{"cmd":"getInfoParam","t":1775387535833,"data":"MESSAGESSENT"}}
2026-04-05 14:12:15.800 LOG 3: result : table
2026-04-05 14:12:15.850 LOG 1: После dispatch: cmd=getInfoParam, data тип=string
2026-04-05 14:12:15.900 LOG 0: Запрос от C# 1 (req_id=24): {"id":24,"cmd":"getInfoParam","t":1775387535838,"data":{"cmd":"getInfoParam","t":1775387535838,"data":"ALLSENT"}}
2026-04-05 14:12:15.000 LOG 3: result : table
2026-04-05 14:12:15.050 LOG 1: После dispatch: cmd=getInfoParam, data тип=string
2026-04-05 14:12:15.100 LOG 0: Запрос от C# 1 (req_id=25): {"id":25,"cmd":"getInfoParam","t":1775387535844,"data":{"cmd":"getInfoParam","t":1775387535844,"data":"BYTESSENT"}}
2026-04-05 14:12:15.200 LOG 3: result : table
2026-04-05 14:12:15.250 LOG 1: После dispatch: cmd=getInfoParam, data тип=string
2026-04-05 14:12:15.300 LOG 0: Запрос от C# 1 (req_id=26): {"id":26,"cmd":"getInfoParam","t":1775387535847,"data":{"cmd":"getInfoParam","t":1775387535847,"data":"BYTESPERSECSENT"}}
2026-04-05 14:12:15.400 LOG 3: result : table
2026-04-05 14:12:15.450 LOG 1: После dispatch: cmd=getInfoParam, data тип=string
2026-04-05 14:12:15.500 LOG 0: Запрос от C# 1 (req_id=27): {"id":27,"cmd":"getInfoParam","t":1775387535855,"data":{"cmd":"getInfoParam","t":1775387535855,"data":"MESSAGESRECV"}}
2026-04-05 14:12:15.600 LOG 3: result : table
2026-04-05 14:12:15.650 LOG 1: После dispatch: cmd=getInfoParam, data тип=string
2026-04-05 14:12:15.700 LOG 0: Запрос от C# 1 (req_id=28): {"id":28,"cmd":"getInfoParam","t":1775387535859,"data":{"cmd":"getInfoParam","t":1775387535859,"data":"BYTESRECV"}}
2026-04-05 14:12:15.800 LOG 3: result : table
2026-04-05 14:12:15.850 LOG 1: После dispatch: cmd=getInfoParam, data тип=string
2026-04-05 14:12:15.900 LOG 0: Запрос от C# 1 (req_id=29): {"id":29,"cmd":"getInfoParam","t":1775387535865,"data":{"cmd":"getInfoParam","t":1775387535865,"data":"ALLRECV"}}
2026-04-05 14:12:15.000 LOG 3: result : table
2026-04-05 14:12:15.050 LOG 1: После dispatch: cmd=getInfoParam, data тип=string
2026-04-05 14:12:15.100 LOG 0: Запрос от C# 1 (req_id=30): {"id":30,"cmd":"getInfoParam","t":1775387535870,"data":{"cmd":"getInfoParam","t":1775387535870,"data":"BYTESPERSECRECV"}}
2026-04-05 14:12:15.200 LOG 3: result : table
2026-04-05 14:12:15.250 LOG 1: После dispatch: cmd=getInfoParam, data тип=string
2026-04-05 14:12:15.300 LOG 0: Запрос от C# 1 (req_id=31): {"id":31,"cmd":"getInfoParam","t":1775387535873,"data":{"cmd":"getInfoParam","t":1775387535873,"data":"AVGSENT"}}
2026-04-05 14:12:15.400 LOG 3: result : table
2026-04-05 14:12:15.450 LOG 1: После dispatch: cmd=getInfoParam, data тип=string
2026-04-05 14:12:15.500 LOG 0: Запрос от C# 1 (req_id=32): {"id":32,"cmd":"getInfoParam","t":1775387535879,"data":{"cmd":"getInfoParam","t":1775387535879,"data":"AVGRECV"}}
2026-04-05 14:12:15.600 LOG 3: result : table
2026-04-05 14:12:15.650 LOG 1: После dispatch: cmd=getInfoParam, data тип=string
2026-04-05 14:12:15.700 LOG 0: Запрос от C# 1 (req_id=33): {"id":33,"cmd":"getInfoParam","t":1775387535883,"data":{"cmd":"getInfoParam","t":1775387535883,"data":"LASTPINGTIME"}}
2026-04-05 14:12:15.800 LOG 3: result : table
2026-04-05 14:12:15.850 LOG 1: После dispatch: cmd=getInfoParam, data тип=string
2026-04-05 14:12:15.900 LOG 0: Запрос от C# 1 (req_id=34): {"id":34,"cmd":"getInfoParam","t":1775387535891,"data":{"cmd":"getInfoParam","t":1775387535891,"data":"LASTPINGDURATION"}}
2026-04-05 14:12:15.000 LOG 3: result : table
2026-04-05 14:12:15.050 LOG 1: После dispatch: cmd=getInfoParam, data тип=string
2026-04-05 14:12:15.100 LOG 0: Запрос от C# 1 (req_id=35): {"id":35,"cmd":"getInfoParam","t":1775387535900,"data":{"cmd":"getInfoParam","t":1775387535900,"data":"AVGPINGDURATION"}}
2026-04-05 14:12:15.200 LOG 3: result : table
2026-04-05 14:12:15.250 LOG 1: После dispatch: cmd=getInfoParam, data тип=string
2026-04-05 14:12:15.300 LOG 0: Запрос от C# 1 (req_id=36): {"id":36,"cmd":"getInfoParam","t":1775387535904,"data":{"cmd":"getInfoParam","t":1775387535904,"data":"MAXPINGTIME"}}
2026-04-05 14:12:15.400 LOG 3: result : table
2026-04-05 14:12:15.450 LOG 1: После dispatch: cmd=getInfoParam, data тип=string
2026-04-05 14:12:15.500 LOG 0: Запрос от C# 1 (req_id=37): {"id":37,"cmd":"getInfoParam","t":1775387535910,"data":{"cmd":"getInfoParam","t":1775387535910,"data":"MAXPINGDURATION"}}
2026-04-05 14:12:15.600 LOG 3: result : table
2026-04-05 14:12:15.650 LOG 1: После dispatch: cmd=getInfoParam, data тип=string
2026-04-05 14:12:25.050 LOG 0: Запрос от C# 1 (req_id=38): {"id":38,"cmd":"get_order_by_number","t":1775387542669,"data":{"cmd":"get_order_by_number","t":1775387540669,"data":"TQBR|999999999999"}}
2026-04-05 14:12:25.100 LOG 3: get_order_by_number: Р·Р°СЏРІРєР° 999999999999 РЅРµ РЅР°Р№РґРµРЅР°
2026-04-05 14:12:25.150 LOG 3: result : table
2026-04-05 14:12:25.200 LOG 1: После dispatch: cmd=get_order_by_number, data тип=string
2026-04-05 14:12:32.050 LOG 0: Запрос от C# 1 (req_id=39): {"id":39,"cmd":"get_orders","t":1775387552461,"data":{"cmd":"get_orders","t":1775387552461,"data":""}}
2026-04-05 14:12:32.100 LOG 3: result : table
2026-04-05 14:12:32.150 LOG 1: После dispatch: cmd=get_orders, data тип=string
2026-04-05 14:12:45.050 LOG 0: Запрос от C# 1 (req_id=1): {"id":1,"cmd":"isConnected","t":1775387565220,"data":{"cmd":"isConnected","t":1775387565218,"data":""}}
2026-04-05 14:12:45.150 LOG 3: result : table
2026-04-05 14:12:45.200 LOG 1: После dispatch: cmd=isConnected, data тип=string
2026-04-05 14:12:45.250 LOG 0: Запрос от C# 1 (req_id=2): {"id":2,"cmd":"getWorkingFolder","t":1775387565251,"data":{"cmd":"getWorkingFolder","t":1775387565251,"data":""}}
2026-04-05 14:12:45.350 LOG 3: result : table
2026-04-05 14:12:45.400 LOG 1: После dispatch: cmd=getWorkingFolder, data тип=string
2026-04-05 14:12:45.450 LOG 0: Запрос от C# 1 (req_id=3): {"id":3,"cmd":"getScriptPath","t":1775387565256,"data":{"cmd":"getScriptPath","t":1775387565256,"data":""}}
2026-04-05 14:12:45.550 LOG 3: result : table
2026-04-05 14:12:45.600 LOG 1: После dispatch: cmd=getScriptPath, data тип=string
2026-04-05 14:12:45.650 LOG 0: Запрос от C# 1 (req_id=4): {"id":4,"cmd":"getInfoParam","t":1775387565261,"data":{"cmd":"getInfoParam","t":1775387565261,"data":"VERSION"}}
2026-04-05 14:12:45.750 LOG 3: result : table
2026-04-05 14:12:45.800 LOG 1: После dispatch: cmd=getInfoParam, data тип=string
2026-04-05 14:12:45.850 LOG 0: Запрос от C# 1 (req_id=5): {"id":5,"cmd":"getInfoParam","t":1775387565267,"data":{"cmd":"getInfoParam","t":1775387565267,"data":"TRADEDATE"}}
2026-04-05 14:12:45.950 LOG 3: result : table
2026-04-05 14:12:45.000 LOG 1: После dispatch: cmd=getInfoParam, data тип=string
2026-04-05 14:12:45.050 LOG 0: Запрос от C# 1 (req_id=6): {"id":6,"cmd":"getInfoParam","t":1775387565272,"data":{"cmd":"getInfoParam","t":1775387565272,"data":"SERVERTIME"}}
2026-04-05 14:12:45.150 LOG 3: result : table
2026-04-05 14:12:45.200 LOG 1: После dispatch: cmd=getInfoParam, data тип=string
2026-04-05 14:12:45.250 LOG 0: Запрос от C# 1 (req_id=7): {"id":7,"cmd":"getInfoParam","t":1775387565279,"data":{"cmd":"getInfoParam","t":1775387565279,"data":"LASTRECORDTIME"}}
2026-04-05 14:12:45.350 LOG 3: result : table
2026-04-05 14:12:45.400 LOG 1: После dispatch: cmd=getInfoParam, data тип=string
2026-04-05 14:12:45.450 LOG 0: Запрос от C# 1 (req_id=8): {"id":8,"cmd":"getInfoParam","t":1775387565282,"data":{"cmd":"getInfoParam","t":1775387565282,"data":"NUMRECORDS"}}
2026-04-05 14:12:45.550 LOG 3: result : table
2026-04-05 14:12:45.600 LOG 1: После dispatch: cmd=getInfoParam, data тип=string
2026-04-05 14:12:45.650 LOG 0: Запрос от C# 1 (req_id=9): {"id":9,"cmd":"getInfoParam","t":1775387565285,"data":{"cmd":"getInfoParam","t":1775387565285,"data":"LASTRECORD"}}
2026-04-05 14:12:45.750 LOG 3: result : table
2026-04-05 14:12:45.800 LOG 1: После dispatch: cmd=getInfoParam, data тип=string
2026-04-05 14:12:45.850 LOG 0: Запрос от C# 1 (req_id=10): {"id":10,"cmd":"getInfoParam","t":1775387565289,"data":{"cmd":"getInfoParam","t":1775387565289,"data":"LATERECORD"}}
2026-04-05 14:12:45.950 LOG 3: result : table
2026-04-05 14:12:45.000 LOG 1: После dispatch: cmd=getInfoParam, data тип=string
2026-04-05 14:12:45.050 LOG 0: Запрос от C# 1 (req_id=11): {"id":11,"cmd":"getInfoParam","t":1775387565295,"data":{"cmd":"getInfoParam","t":1775387565295,"data":"CONNECTION"}}
2026-04-05 14:12:45.150 LOG 3: result : table
2026-04-05 14:12:45.200 LOG 1: После dispatch: cmd=getInfoParam, data тип=string
2026-04-05 14:12:45.250 LOG 0: Запрос от C# 1 (req_id=12): {"id":12,"cmd":"getInfoParam","t":1775387565300,"data":{"cmd":"getInfoParam","t":1775387565300,"data":"IPADDRESS"}}
2026-04-05 14:12:45.350 LOG 3: result : table
2026-04-05 14:12:45.400 LOG 1: После dispatch: cmd=getInfoParam, data тип=string
2026-04-05 14:12:45.450 LOG 0: Запрос от C# 1 (req_id=13): {"id":13,"cmd":"getInfoParam","t":1775387565304,"data":{"cmd":"getInfoParam","t":1775387565304,"data":"IPPORT"}}
2026-04-05 14:12:45.550 LOG 3: result : table
2026-04-05 14:12:45.600 LOG 1: После dispatch: cmd=getInfoParam, data тип=string
2026-04-05 14:12:45.650 LOG 0: Запрос от C# 1 (req_id=14): {"id":14,"cmd":"getInfoParam","t":1775387565307,"data":{"cmd":"getInfoParam","t":1775387565307,"data":"IPCOMMENT"}}
2026-04-05 14:12:45.750 LOG 3: result : table
2026-04-05 14:12:45.800 LOG 1: После dispatch: cmd=getInfoParam, data тип=string
2026-04-05 14:12:45.850 LOG 0: Запрос от C# 1 (req_id=15): {"id":15,"cmd":"getInfoParam","t":1775387565312,"data":{"cmd":"getInfoParam","t":1775387565312,"data":"SERVER"}}
2026-04-05 14:12:45.950 LOG 3: result : table
2026-04-05 14:12:45.000 LOG 1: После dispatch: cmd=getInfoParam, data тип=string
2026-04-05 14:12:45.050 LOG 0: Запрос от C# 1 (req_id=16): {"id":16,"cmd":"getInfoParam","t":1775387565315,"data":{"cmd":"getInfoParam","t":1775387565315,"data":"SESSIONID"}}
2026-04-05 14:12:45.150 LOG 3: result : table
2026-04-05 14:12:45.200 LOG 1: После dispatch: cmd=getInfoParam, data тип=string
2026-04-05 14:12:45.250 LOG 0: Запрос от C# 1 (req_id=17): {"id":17,"cmd":"getInfoParam","t":1775387565318,"data":{"cmd":"getInfoParam","t":1775387565318,"data":"USER"}}
2026-04-05 14:12:45.350 LOG 3: result : table
2026-04-05 14:12:45.400 LOG 1: После dispatch: cmd=getInfoParam, data тип=string
2026-04-05 14:12:45.450 LOG 0: Запрос от C# 1 (req_id=18): {"id":18,"cmd":"getInfoParam","t":1775387565323,"data":{"cmd":"getInfoParam","t":1775387565323,"data":"USERID"}}
2026-04-05 14:12:45.550 LOG 3: result : table
2026-04-05 14:12:45.600 LOG 1: После dispatch: cmd=getInfoParam, data тип=string
2026-04-05 14:12:45.650 LOG 0: Запрос от C# 1 (req_id=19): {"id":19,"cmd":"getInfoParam","t":1775387565327,"data":{"cmd":"getInfoParam","t":1775387565327,"data":"ORG"}}
2026-04-05 14:12:45.750 LOG 3: result : table
2026-04-05 14:12:45.800 LOG 1: После dispatch: cmd=getInfoParam, data тип=string
2026-04-05 14:12:45.850 LOG 0: Запрос от C# 1 (req_id=20): {"id":20,"cmd":"getInfoParam","t":1775387565332,"data":{"cmd":"getInfoParam","t":1775387565332,"data":"MEMORY"}}
2026-04-05 14:12:45.950 LOG 3: result : table
2026-04-05 14:12:45.000 LOG 1: После dispatch: cmd=getInfoParam, data тип=string
2026-04-05 14:12:45.050 LOG 0: Запрос от C# 1 (req_id=21): {"id":21,"cmd":"getInfoParam","t":1775387565336,"data":{"cmd":"getInfoParam","t":1775387565336,"data":"LOCALTIME"}}
2026-04-05 14:12:45.150 LOG 3: result : table
2026-04-05 14:12:45.200 LOG 1: После dispatch: cmd=getInfoParam, data тип=string
2026-04-05 14:12:45.250 LOG 0: Запрос от C# 1 (req_id=22): {"id":22,"cmd":"getInfoParam","t":1775387565344,"data":{"cmd":"getInfoParam","t":1775387565344,"data":"CONNECTIONTIME"}}
2026-04-05 14:12:45.350 LOG 3: result : table
2026-04-05 14:12:45.400 LOG 1: После dispatch: cmd=getInfoParam, data тип=string
2026-04-05 14:12:45.450 LOG 0: Запрос от C# 1 (req_id=23): {"id":23,"cmd":"getInfoParam","t":1775387565370,"data":{"cmd":"getInfoParam","t":1775387565370,"data":"MESSAGESSENT"}}
2026-04-05 14:12:45.550 LOG 3: result : table
2026-04-05 14:12:45.600 LOG 1: После dispatch: cmd=getInfoParam, data тип=string
2026-04-05 14:12:45.650 LOG 0: Запрос от C# 1 (req_id=24): {"id":24,"cmd":"getInfoParam","t":1775387565374,"data":{"cmd":"getInfoParam","t":1775387565374,"data":"ALLSENT"}}
2026-04-05 14:12:45.750 LOG 3: result : table
2026-04-05 14:12:45.800 LOG 1: После dispatch: cmd=getInfoParam, data тип=string
2026-04-05 14:12:45.850 LOG 0: Запрос от C# 1 (req_id=25): {"id":25,"cmd":"getInfoParam","t":1775387565378,"data":{"cmd":"getInfoParam","t":1775387565378,"data":"BYTESSENT"}}
2026-04-05 14:12:45.950 LOG 3: result : table
2026-04-05 14:12:45.000 LOG 1: После dispatch: cmd=getInfoParam, data тип=string
2026-04-05 14:12:45.050 LOG 0: Запрос от C# 1 (req_id=26): {"id":26,"cmd":"getInfoParam","t":1775387565382,"data":{"cmd":"getInfoParam","t":1775387565382,"data":"BYTESPERSECSENT"}}
2026-04-05 14:12:45.150 LOG 3: result : table
2026-04-05 14:12:45.200 LOG 1: После dispatch: cmd=getInfoParam, data тип=string
2026-04-05 14:12:45.250 LOG 0: Запрос от C# 1 (req_id=27): {"id":27,"cmd":"getInfoParam","t":1775387565391,"data":{"cmd":"getInfoParam","t":1775387565391,"data":"MESSAGESRECV"}}
2026-04-05 14:12:45.350 LOG 3: result : table
2026-04-05 14:12:45.400 LOG 1: После dispatch: cmd=getInfoParam, data тип=string
2026-04-05 14:12:45.450 LOG 0: Запрос от C# 1 (req_id=28): {"id":28,"cmd":"getInfoParam","t":1775387565395,"data":{"cmd":"getInfoParam","t":1775387565395,"data":"BYTESRECV"}}
2026-04-05 14:12:45.550 LOG 3: result : table
2026-04-05 14:12:45.600 LOG 1: После dispatch: cmd=getInfoParam, data тип=string
2026-04-05 14:12:45.650 LOG 0: Запрос от C# 1 (req_id=29): {"id":29,"cmd":"getInfoParam","t":1775387565400,"data":{"cmd":"getInfoParam","t":1775387565400,"data":"ALLRECV"}}
2026-04-05 14:12:45.750 LOG 3: result : table
2026-04-05 14:12:45.800 LOG 1: После dispatch: cmd=getInfoParam, data тип=string
2026-04-05 14:12:45.850 LOG 0: Запрос от C# 1 (req_id=30): {"id":30,"cmd":"getInfoParam","t":1775387565402,"data":{"cmd":"getInfoParam","t":1775387565402,"data":"BYTESPERSECRECV"}}
2026-04-05 14:12:45.950 LOG 3: result : table
2026-04-05 14:12:45.000 LOG 1: После dispatch: cmd=getInfoParam, data тип=string
2026-04-05 14:12:45.050 LOG 0: Запрос от C# 1 (req_id=31): {"id":31,"cmd":"getInfoParam","t":1775387565403,"data":{"cmd":"getInfoParam","t":1775387565403,"data":"AVGSENT"}}
2026-04-05 14:12:45.150 LOG 3: result : table
2026-04-05 14:12:45.200 LOG 1: После dispatch: cmd=getInfoParam, data тип=string
2026-04-05 14:12:45.250 LOG 0: Запрос от C# 1 (req_id=32): {"id":32,"cmd":"getInfoParam","t":1775387565404,"data":{"cmd":"getInfoParam","t":1775387565404,"data":"AVGRECV"}}
2026-04-05 14:12:45.350 LOG 3: result : table
2026-04-05 14:12:45.400 LOG 1: После dispatch: cmd=getInfoParam, data тип=string
2026-04-05 14:12:45.450 LOG 0: Запрос от C# 1 (req_id=33): {"id":33,"cmd":"getInfoParam","t":1775387565407,"data":{"cmd":"getInfoParam","t":1775387565407,"data":"LASTPINGTIME"}}
2026-04-05 14:12:45.550 LOG 3: result : table
2026-04-05 14:12:45.600 LOG 1: После dispatch: cmd=getInfoParam, data тип=string
2026-04-05 14:12:45.650 LOG 0: Запрос от C# 1 (req_id=34): {"id":34,"cmd":"getInfoParam","t":1775387565412,"data":{"cmd":"getInfoParam","t":1775387565412,"data":"LASTPINGDURATION"}}
2026-04-05 14:12:45.750 LOG 3: result : table
2026-04-05 14:12:45.800 LOG 1: После dispatch: cmd=getInfoParam, data тип=string
2026-04-05 14:12:45.850 LOG 0: Запрос от C# 1 (req_id=35): {"id":35,"cmd":"getInfoParam","t":1775387565425,"data":{"cmd":"getInfoParam","t":1775387565425,"data":"AVGPINGDURATION"}}
2026-04-05 14:12:45.950 LOG 3: result : table
2026-04-05 14:12:45.000 LOG 1: После dispatch: cmd=getInfoParam, data тип=string
2026-04-05 14:12:45.050 LOG 0: Запрос от C# 1 (req_id=36): {"id":36,"cmd":"getInfoParam","t":1775387565428,"data":{"cmd":"getInfoParam","t":1775387565428,"data":"MAXPINGTIME"}}
2026-04-05 14:12:45.150 LOG 3: result : table
2026-04-05 14:12:45.200 LOG 1: После dispatch: cmd=getInfoParam, data тип=string
2026-04-05 14:12:45.250 LOG 0: Запрос от C# 1 (req_id=37): {"id":37,"cmd":"getInfoParam","t":1775387565432,"data":{"cmd":"getInfoParam","t":1775387565432,"data":"MAXPINGDURATION"}}
2026-04-05 14:12:45.350 LOG 3: result : table
2026-04-05 14:12:45.400 LOG 1: После dispatch: cmd=getInfoParam, data тип=string
2026-04-05 14:12:51.050 LOG 0: Запрос от C# 1 (req_id=38): {"id":38,"cmd":"get_order_by_number","t":1775387571529,"data":{"cmd":"get_order_by_number","t":1775387570206,"data":"TQBR|999999999999"}}
2026-04-05 14:12:51.100 LOG 3: get_order_by_number: Р·Р°СЏРІРєР° 999999999999 РЅРµ РЅР°Р№РґРµРЅР°
2026-04-05 14:12:51.150 LOG 3: result : table
2026-04-05 14:12:51.200 LOG 1: После dispatch: cmd=get_order_by_number, data тип=string
2026-04-05 14:12:51.250 LOG 0: Запрос от C# 1 (req_id=39): {"id":39,"cmd":"get_orders","t":1775387571552,"data":{"cmd":"get_orders","t":1775387571552,"data":""}}
2026-04-05 14:12:51.300 LOG 3: result : table
2026-04-05 14:12:51.350 LOG 1: После dispatch: cmd=get_orders, data тип=string
2026-04-05 14:13:02.050 LOG 0: Запрос от C# 1 (req_id=1): {"id":1,"cmd":"isConnected","t":1775387582030,"data":{"cmd":"isConnected","t":1775387582027,"data":""}}
2026-04-05 14:13:02.150 LOG 3: result : table
2026-04-05 14:13:02.200 LOG 1: После dispatch: cmd=isConnected, data тип=string
2026-04-05 14:13:02.250 LOG 0: Запрос от C# 1 (req_id=2): {"id":2,"cmd":"getWorkingFolder","t":1775387582154,"data":{"cmd":"getWorkingFolder","t":1775387582154,"data":""}}
2026-04-05 14:13:02.350 LOG 3: result : table
2026-04-05 14:13:02.400 LOG 1: После dispatch: cmd=getWorkingFolder, data тип=string
2026-04-05 14:13:02.450 LOG 0: Запрос от C# 1 (req_id=3): {"id":3,"cmd":"getScriptPath","t":1775387582156,"data":{"cmd":"getScriptPath","t":1775387582156,"data":""}}
2026-04-05 14:13:02.550 LOG 3: result : table
2026-04-05 14:13:02.600 LOG 1: После dispatch: cmd=getScriptPath, data тип=string
2026-04-05 14:13:02.650 LOG 0: Запрос от C# 1 (req_id=4): {"id":4,"cmd":"getInfoParam","t":1775387582161,"data":{"cmd":"getInfoParam","t":1775387582161,"data":"VERSION"}}
2026-04-05 14:13:02.750 LOG 3: result : table
2026-04-05 14:13:02.800 LOG 1: После dispatch: cmd=getInfoParam, data тип=string
2026-04-05 14:13:02.850 LOG 0: Запрос от C# 1 (req_id=5): {"id":5,"cmd":"getInfoParam","t":1775387582163,"data":{"cmd":"getInfoParam","t":1775387582163,"data":"TRADEDATE"}}
2026-04-05 14:13:02.950 LOG 3: result : table
2026-04-05 14:13:02.000 LOG 1: После dispatch: cmd=getInfoParam, data тип=string
2026-04-05 14:13:02.050 LOG 0: Запрос от C# 1 (req_id=6): {"id":6,"cmd":"getInfoParam","t":1775387582166,"data":{"cmd":"getInfoParam","t":1775387582166,"data":"SERVERTIME"}}
2026-04-05 14:13:02.150 LOG 3: result : table
2026-04-05 14:13:02.200 LOG 1: После dispatch: cmd=getInfoParam, data тип=string
2026-04-05 14:13:02.250 LOG 0: Запрос от C# 1 (req_id=7): {"id":7,"cmd":"getInfoParam","t":1775387582171,"data":{"cmd":"getInfoParam","t":1775387582171,"data":"LASTRECORDTIME"}}
2026-04-05 14:13:02.350 LOG 3: result : table
2026-04-05 14:13:02.400 LOG 1: После dispatch: cmd=getInfoParam, data тип=string
2026-04-05 14:13:02.450 LOG 0: Запрос от C# 1 (req_id=8): {"id":8,"cmd":"getInfoParam","t":1775387582174,"data":{"cmd":"getInfoParam","t":1775387582174,"data":"NUMRECORDS"}}
2026-04-05 14:13:02.550 LOG 3: result : table
2026-04-05 14:13:02.600 LOG 1: После dispatch: cmd=getInfoParam, data тип=string
2026-04-05 14:13:02.650 LOG 0: Запрос от C# 1 (req_id=9): {"id":9,"cmd":"getInfoParam","t":1775387582177,"data":{"cmd":"getInfoParam","t":1775387582177,"data":"LASTRECORD"}}
2026-04-05 14:13:02.750 LOG 3: result : table
2026-04-05 14:13:02.800 LOG 1: После dispatch: cmd=getInfoParam, data тип=string
2026-04-05 14:13:02.850 LOG 0: Запрос от C# 1 (req_id=10): {"id":10,"cmd":"getInfoParam","t":1775387582181,"data":{"cmd":"getInfoParam","t":1775387582181,"data":"LATERECORD"}}
2026-04-05 14:13:02.950 LOG 3: result : table
2026-04-05 14:13:02.000 LOG 1: После dispatch: cmd=getInfoParam, data тип=string
2026-04-05 14:13:02.050 LOG 0: Запрос от C# 1 (req_id=11): {"id":11,"cmd":"getInfoParam","t":1775387582184,"data":{"cmd":"getInfoParam","t":1775387582184,"data":"CONNECTION"}}
2026-04-05 14:13:02.150 LOG 3: result : table
2026-04-05 14:13:02.200 LOG 1: После dispatch: cmd=getInfoParam, data тип=string
2026-04-05 14:13:02.250 LOG 0: Запрос от C# 1 (req_id=12): {"id":12,"cmd":"getInfoParam","t":1775387582187,"data":{"cmd":"getInfoParam","t":1775387582187,"data":"IPADDRESS"}}
2026-04-05 14:13:02.350 LOG 3: result : table
2026-04-05 14:13:02.400 LOG 1: После dispatch: cmd=getInfoParam, data тип=string
2026-04-05 14:13:02.450 LOG 0: Запрос от C# 1 (req_id=13): {"id":13,"cmd":"getInfoParam","t":1775387582192,"data":{"cmd":"getInfoParam","t":1775387582192,"data":"IPPORT"}}
2026-04-05 14:13:02.550 LOG 3: result : table
2026-04-05 14:13:02.600 LOG 1: После dispatch: cmd=getInfoParam, data тип=string
2026-04-05 14:13:02.650 LOG 0: Запрос от C# 1 (req_id=14): {"id":14,"cmd":"getInfoParam","t":1775387582196,"data":{"cmd":"getInfoParam","t":1775387582196,"data":"IPCOMMENT"}}
2026-04-05 14:13:02.750 LOG 3: result : table
2026-04-05 14:13:02.800 LOG 1: После dispatch: cmd=getInfoParam, data тип=string
2026-04-05 14:13:02.850 LOG 0: Запрос от C# 1 (req_id=15): {"id":15,"cmd":"getInfoParam","t":1775387582198,"data":{"cmd":"getInfoParam","t":1775387582198,"data":"SERVER"}}
2026-04-05 14:13:02.950 LOG 3: result : table
2026-04-05 14:13:02.000 LOG 1: После dispatch: cmd=getInfoParam, data тип=string
2026-04-05 14:13:02.050 LOG 0: Запрос от C# 1 (req_id=16): {"id":16,"cmd":"getInfoParam","t":1775387582204,"data":{"cmd":"getInfoParam","t":1775387582204,"data":"SESSIONID"}}
2026-04-05 14:13:02.150 LOG 3: result : table
2026-04-05 14:13:02.200 LOG 1: После dispatch: cmd=getInfoParam, data тип=string
2026-04-05 14:13:02.250 LOG 0: Запрос от C# 1 (req_id=17): {"id":17,"cmd":"getInfoParam","t":1775387582207,"data":{"cmd":"getInfoParam","t":1775387582207,"data":"USER"}}
2026-04-05 14:13:02.350 LOG 3: result : table
2026-04-05 14:13:02.400 LOG 1: После dispatch: cmd=getInfoParam, data тип=string
2026-04-05 14:13:02.450 LOG 0: Запрос от C# 1 (req_id=18): {"id":18,"cmd":"getInfoParam","t":1775387582209,"data":{"cmd":"getInfoParam","t":1775387582209,"data":"USERID"}}
2026-04-05 14:13:02.550 LOG 3: result : table
2026-04-05 14:13:02.600 LOG 1: После dispatch: cmd=getInfoParam, data тип=string
2026-04-05 14:13:02.650 LOG 0: Запрос от C# 1 (req_id=19): {"id":19,"cmd":"getInfoParam","t":1775387582214,"data":{"cmd":"getInfoParam","t":1775387582213,"data":"ORG"}}
2026-04-05 14:13:02.750 LOG 3: result : table
2026-04-05 14:13:02.800 LOG 1: После dispatch: cmd=getInfoParam, data тип=string
2026-04-05 14:13:02.850 LOG 0: Запрос от C# 1 (req_id=20): {"id":20,"cmd":"getInfoParam","t":1775387582216,"data":{"cmd":"getInfoParam","t":1775387582216,"data":"MEMORY"}}
2026-04-05 14:13:02.950 LOG 3: result : table
2026-04-05 14:13:02.000 LOG 1: После dispatch: cmd=getInfoParam, data тип=string
2026-04-05 14:13:02.050 LOG 0: Запрос от C# 1 (req_id=21): {"id":21,"cmd":"getInfoParam","t":1775387582219,"data":{"cmd":"getInfoParam","t":1775387582219,"data":"LOCALTIME"}}
2026-04-05 14:13:02.150 LOG 3: result : table
2026-04-05 14:13:02.200 LOG 1: После dispatch: cmd=getInfoParam, data тип=string
2026-04-05 14:13:02.250 LOG 0: Запрос от C# 1 (req_id=22): {"id":22,"cmd":"getInfoParam","t":1775387582225,"data":{"cmd":"getInfoParam","t":1775387582225,"data":"CONNECTIONTIME"}}
2026-04-05 14:13:02.350 LOG 3: result : table
2026-04-05 14:13:02.400 LOG 1: После dispatch: cmd=getInfoParam, data тип=string
2026-04-05 14:13:02.450 LOG 0: Запрос от C# 1 (req_id=23): {"id":23,"cmd":"getInfoParam","t":1775387582229,"data":{"cmd":"getInfoParam","t":1775387582229,"data":"MESSAGESSENT"}}
2026-04-05 14:13:02.550 LOG 3: result : table
2026-04-05 14:13:02.600 LOG 1: После dispatch: cmd=getInfoParam, data тип=string
2026-04-05 14:13:02.650 LOG 0: Запрос от C# 1 (req_id=24): {"id":24,"cmd":"getInfoParam","t":1775387582232,"data":{"cmd":"getInfoParam","t":1775387582232,"data":"ALLSENT"}}
2026-04-05 14:13:02.750 LOG 3: result : table
2026-04-05 14:13:02.800 LOG 1: После dispatch: cmd=getInfoParam, data тип=string
2026-04-05 14:13:02.850 LOG 0: Запрос от C# 1 (req_id=25): {"id":25,"cmd":"getInfoParam","t":1775387582238,"data":{"cmd":"getInfoParam","t":1775387582238,"data":"BYTESSENT"}}
2026-04-05 14:13:02.950 LOG 3: result : table
2026-04-05 14:13:02.000 LOG 1: После dispatch: cmd=getInfoParam, data тип=string
2026-04-05 14:13:02.050 LOG 0: Запрос от C# 1 (req_id=26): {"id":26,"cmd":"getInfoParam","t":1775387582242,"data":{"cmd":"getInfoParam","t":1775387582242,"data":"BYTESPERSECSENT"}}
2026-04-05 14:13:02.150 LOG 3: result : table
2026-04-05 14:13:02.200 LOG 1: После dispatch: cmd=getInfoParam, data тип=string
2026-04-05 14:13:02.250 LOG 0: Запрос от C# 1 (req_id=27): {"id":27,"cmd":"getInfoParam","t":1775387582249,"data":{"cmd":"getInfoParam","t":1775387582249,"data":"MESSAGESRECV"}}
2026-04-05 14:13:02.350 LOG 3: result : table
2026-04-05 14:13:02.400 LOG 1: После dispatch: cmd=getInfoParam, data тип=string
2026-04-05 14:13:02.450 LOG 0: Запрос от C# 1 (req_id=28): {"id":28,"cmd":"getInfoParam","t":1775387582252,"data":{"cmd":"getInfoParam","t":1775387582252,"data":"BYTESRECV"}}
2026-04-05 14:13:02.550 LOG 3: result : table
2026-04-05 14:13:02.600 LOG 1: После dispatch: cmd=getInfoParam, data тип=string
2026-04-05 14:13:02.650 LOG 0: Запрос от C# 1 (req_id=29): {"id":29,"cmd":"getInfoParam","t":1775387582256,"data":{"cmd":"getInfoParam","t":1775387582256,"data":"ALLRECV"}}
2026-04-05 14:13:02.750 LOG 3: result : table
2026-04-05 14:13:02.800 LOG 1: После dispatch: cmd=getInfoParam, data тип=string
2026-04-05 14:13:02.850 LOG 0: Запрос от C# 1 (req_id=30): {"id":30,"cmd":"getInfoParam","t":1775387582260,"data":{"cmd":"getInfoParam","t":1775387582259,"data":"BYTESPERSECRECV"}}
2026-04-05 14:13:02.950 LOG 3: result : table
2026-04-05 14:13:02.000 LOG 1: После dispatch: cmd=getInfoParam, data тип=string
2026-04-05 14:13:02.050 LOG 0: Запрос от C# 1 (req_id=31): {"id":31,"cmd":"getInfoParam","t":1775387582262,"data":{"cmd":"getInfoParam","t":1775387582262,"data":"AVGSENT"}}
2026-04-05 14:13:02.150 LOG 3: result : table
2026-04-05 14:13:02.200 LOG 1: После dispatch: cmd=getInfoParam, data тип=string
2026-04-05 14:13:02.250 LOG 0: Запрос от C# 1 (req_id=32): {"id":32,"cmd":"getInfoParam","t":1775387582266,"data":{"cmd":"getInfoParam","t":1775387582266,"data":"AVGRECV"}}
2026-04-05 14:13:02.350 LOG 3: result : table
2026-04-05 14:13:02.400 LOG 1: После dispatch: cmd=getInfoParam, data тип=string
2026-04-05 14:13:02.450 LOG 0: Запрос от C# 1 (req_id=33): {"id":33,"cmd":"getInfoParam","t":1775387582270,"data":{"cmd":"getInfoParam","t":1775387582270,"data":"LASTPINGTIME"}}
2026-04-05 14:13:02.550 LOG 3: result : table
2026-04-05 14:13:02.600 LOG 1: После dispatch: cmd=getInfoParam, data тип=string
2026-04-05 14:13:02.650 LOG 0: Запрос от C# 1 (req_id=34): {"id":34,"cmd":"getInfoParam","t":1775387582272,"data":{"cmd":"getInfoParam","t":1775387582272,"data":"LASTPINGDURATION"}}
2026-04-05 14:13:02.750 LOG 3: result : table
2026-04-05 14:13:02.800 LOG 1: После dispatch: cmd=getInfoParam, data тип=string
2026-04-05 14:13:02.850 LOG 0: Запрос от C# 1 (req_id=35): {"id":35,"cmd":"getInfoParam","t":1775387582276,"data":{"cmd":"getInfoParam","t":1775387582276,"data":"AVGPINGDURATION"}}
2026-04-05 14:13:02.950 LOG 3: result : table
2026-04-05 14:13:02.000 LOG 1: После dispatch: cmd=getInfoParam, data тип=string
2026-04-05 14:13:02.050 LOG 0: Запрос от C# 1 (req_id=36): {"id":36,"cmd":"getInfoParam","t":1775387582279,"data":{"cmd":"getInfoParam","t":1775387582279,"data":"MAXPINGTIME"}}
2026-04-05 14:13:02.150 LOG 3: result : table
2026-04-05 14:13:02.200 LOG 1: После dispatch: cmd=getInfoParam, data тип=string
2026-04-05 14:13:02.250 LOG 0: Запрос от C# 1 (req_id=37): {"id":37,"cmd":"getInfoParam","t":1775387582281,"data":{"cmd":"getInfoParam","t":1775387582281,"data":"MAXPINGDURATION"}}
2026-04-05 14:13:02.350 LOG 3: result : table
2026-04-05 14:13:02.400 LOG 1: После dispatch: cmd=getInfoParam, data тип=string
2026-04-05 14:13:13.050 LOG 0: Запрос от C# 1 (req_id=38): {"id":38,"cmd":"get_order_by_number","t":1775387590887,"data":{"cmd":"get_order_by_number","t":1775387586205,"data":"TQBR|999999999999"}}
2026-04-05 14:13:13.100 LOG 3: get_order_by_number: Р·Р°СЏРІРєР° 999999999999 РЅРµ РЅР°Р№РґРµРЅР°
2026-04-05 14:13:13.150 LOG 3: result : table
2026-04-05 14:13:13.200 LOG 1: После dispatch: cmd=get_order_by_number, data тип=string
2026-04-05 14:13:26.050 LOG 0: Запрос от C# 1 (req_id=39): {"id":39,"cmd":"get_orders","t":1775387606170,"data":{"cmd":"get_orders","t":1775387606170,"data":""}}
2026-04-05 14:13:26.100 LOG 3: result : table
2026-04-05 14:13:26.150 LOG 1: После dispatch: cmd=get_orders, data тип=string
2026-04-05 14:16:44.050 LOG 0: Detected Quik version: 1208, script path: C:\Programming\QuikSharp\lua
2026-04-05 14:16:44.100 LOG 1: Shared memory IPC (variant 2) initialized
2026-04-05 14:16:44.150 LOG 1: QUIK# connected via shared memory (variant 2)
2026-04-05 14:16:53.050 LOG 0: Запрос от C# 1 (req_id=1): {"t":1775387813875,"cmd":"isConnected","id":1,"data":{"t":1775387813873,"cmd":"isConnected","data":""}}
2026-04-05 14:16:53.150 LOG 3: result : table
2026-04-05 14:16:53.200 LOG 1: После dispatch: cmd=isConnected, data тип=string
2026-04-05 14:16:53.250 LOG 0: Запрос от C# 1 (req_id=2): {"t":1775387813909,"cmd":"getWorkingFolder","id":2,"data":{"t":1775387813908,"cmd":"getWorkingFolder","data":""}}
2026-04-05 14:16:53.350 LOG 3: result : table
2026-04-05 14:16:53.400 LOG 1: После dispatch: cmd=getWorkingFolder, data тип=string
2026-04-05 14:16:53.450 LOG 0: Запрос от C# 1 (req_id=3): {"t":1775387813912,"cmd":"getScriptPath","id":3,"data":{"t":1775387813912,"cmd":"getScriptPath","data":""}}
2026-04-05 14:16:53.550 LOG 3: result : table
2026-04-05 14:16:53.600 LOG 1: После dispatch: cmd=getScriptPath, data тип=string
2026-04-05 14:16:53.650 LOG 0: Запрос от C# 1 (req_id=4): {"t":1775387813919,"cmd":"getInfoParam","id":4,"data":{"t":1775387813919,"cmd":"getInfoParam","data":"VERSION"}}
2026-04-05 14:16:53.750 LOG 3: result : table
2026-04-05 14:16:53.800 LOG 1: После dispatch: cmd=getInfoParam, data тип=string
2026-04-05 14:16:53.850 LOG 0: Запрос от C# 1 (req_id=5): {"t":1775387813926,"cmd":"getInfoParam","id":5,"data":{"t":1775387813926,"cmd":"getInfoParam","data":"TRADEDATE"}}
2026-04-05 14:16:53.950 LOG 3: result : table
2026-04-05 14:16:53.000 LOG 1: После dispatch: cmd=getInfoParam, data тип=string
2026-04-05 14:16:53.050 LOG 0: Запрос от C# 1 (req_id=6): {"t":1775387813934,"cmd":"getInfoParam","id":6,"data":{"t":1775387813934,"cmd":"getInfoParam","data":"SERVERTIME"}}
2026-04-05 14:16:53.150 LOG 3: result : table
2026-04-05 14:16:53.200 LOG 1: После dispatch: cmd=getInfoParam, data тип=string
2026-04-05 14:16:53.250 LOG 0: Запрос от C# 1 (req_id=7): {"t":1775387813937,"cmd":"getInfoParam","id":7,"data":{"t":1775387813937,"cmd":"getInfoParam","data":"LASTRECORDTIME"}}
2026-04-05 14:16:53.350 LOG 3: result : table
2026-04-05 14:16:53.400 LOG 1: После dispatch: cmd=getInfoParam, data тип=string
2026-04-05 14:16:53.450 LOG 0: Запрос от C# 1 (req_id=8): {"t":1775387813940,"cmd":"getInfoParam","id":8,"data":{"t":1775387813940,"cmd":"getInfoParam","data":"NUMRECORDS"}}
2026-04-05 14:16:53.550 LOG 3: result : table
2026-04-05 14:16:53.600 LOG 1: После dispatch: cmd=getInfoParam, data тип=string
2026-04-05 14:16:53.650 LOG 0: Запрос от C# 1 (req_id=9): {"t":1775387813946,"cmd":"getInfoParam","id":9,"data":{"t":1775387813946,"cmd":"getInfoParam","data":"LASTRECORD"}}
2026-04-05 14:16:53.750 LOG 3: result : table
2026-04-05 14:16:53.800 LOG 1: После dispatch: cmd=getInfoParam, data тип=string
2026-04-05 14:16:53.850 LOG 0: Запрос от C# 1 (req_id=10): {"t":1775387813949,"cmd":"getInfoParam","id":10,"data":{"t":1775387813949,"cmd":"getInfoParam","data":"LATERECORD"}}
2026-04-05 14:16:53.950 LOG 3: result : table
2026-04-05 14:16:53.000 LOG 1: После dispatch: cmd=getInfoParam, data тип=string
2026-04-05 14:16:53.050 LOG 0: Запрос от C# 1 (req_id=11): {"t":1775387813952,"cmd":"getInfoParam","id":11,"data":{"t":1775387813952,"cmd":"getInfoParam","data":"CONNECTION"}}
2026-04-05 14:16:53.150 LOG 3: result : table
2026-04-05 14:16:53.200 LOG 1: После dispatch: cmd=getInfoParam, data тип=string
2026-04-05 14:16:53.250 LOG 0: Запрос от C# 1 (req_id=12): {"t":1775387813958,"cmd":"getInfoParam","id":12,"data":{"t":1775387813958,"cmd":"getInfoParam","data":"IPADDRESS"}}
2026-04-05 14:16:53.350 LOG 3: result : table
2026-04-05 14:16:53.400 LOG 1: После dispatch: cmd=getInfoParam, data тип=string
2026-04-05 14:16:53.450 LOG 0: Запрос от C# 1 (req_id=13): {"t":1775387813961,"cmd":"getInfoParam","id":13,"data":{"t":1775387813961,"cmd":"getInfoParam","data":"IPPORT"}}
2026-04-05 14:16:53.550 LOG 3: result : table
2026-04-05 14:16:53.600 LOG 1: После dispatch: cmd=getInfoParam, data тип=string
2026-04-05 14:16:53.650 LOG 0: Запрос от C# 1 (req_id=14): {"t":1775387813964,"cmd":"getInfoParam","id":14,"data":{"t":1775387813964,"cmd":"getInfoParam","data":"IPCOMMENT"}}
2026-04-05 14:16:53.750 LOG 3: result : table
2026-04-05 14:16:53.800 LOG 1: После dispatch: cmd=getInfoParam, data тип=string
2026-04-05 14:16:53.850 LOG 0: Запрос от C# 1 (req_id=15): {"t":1775387813970,"cmd":"getInfoParam","id":15,"data":{"t":1775387813970,"cmd":"getInfoParam","data":"SERVER"}}
2026-04-05 14:16:53.950 LOG 3: result : table
2026-04-05 14:16:53.000 LOG 1: После dispatch: cmd=getInfoParam, data тип=string
2026-04-05 14:16:53.050 LOG 0: Запрос от C# 1 (req_id=16): {"t":1775387813975,"cmd":"getInfoParam","id":16,"data":{"t":1775387813975,"cmd":"getInfoParam","data":"SESSIONID"}}
2026-04-05 14:16:53.150 LOG 3: result : table
2026-04-05 14:16:53.200 LOG 1: После dispatch: cmd=getInfoParam, data тип=string
2026-04-05 14:16:53.250 LOG 0: Запрос от C# 1 (req_id=17): {"t":1775387813982,"cmd":"getInfoParam","id":17,"data":{"t":1775387813982,"cmd":"getInfoParam","data":"USER"}}
2026-04-05 14:16:53.350 LOG 3: result : table
2026-04-05 14:16:53.400 LOG 1: После dispatch: cmd=getInfoParam, data тип=string
2026-04-05 14:16:53.450 LOG 0: Запрос от C# 1 (req_id=18): {"t":1775387813989,"cmd":"getInfoParam","id":18,"data":{"t":1775387813989,"cmd":"getInfoParam","data":"USERID"}}
2026-04-05 14:16:53.550 LOG 3: result : table
2026-04-05 14:16:53.600 LOG 1: После dispatch: cmd=getInfoParam, data тип=string
2026-04-05 14:16:53.650 LOG 0: Запрос от C# 1 (req_id=19): {"t":1775387813993,"cmd":"getInfoParam","id":19,"data":{"t":1775387813993,"cmd":"getInfoParam","data":"ORG"}}
2026-04-05 14:16:53.750 LOG 3: result : table
2026-04-05 14:16:53.800 LOG 1: После dispatch: cmd=getInfoParam, data тип=string
2026-04-05 14:16:53.850 LOG 0: Запрос от C# 1 (req_id=20): {"t":1775387813996,"cmd":"getInfoParam","id":20,"data":{"t":1775387813996,"cmd":"getInfoParam","data":"MEMORY"}}
2026-04-05 14:16:53.950 LOG 3: result : table
2026-04-05 14:16:53.000 LOG 1: После dispatch: cmd=getInfoParam, data тип=string
2026-04-05 14:16:53.050 LOG 0: Запрос от C# 1 (req_id=21): {"t":1775387813999,"cmd":"getInfoParam","id":21,"data":{"t":1775387813999,"cmd":"getInfoParam","data":"LOCALTIME"}}
2026-04-05 14:16:53.150 LOG 3: result : table
2026-04-05 14:16:53.200 LOG 1: После dispatch: cmd=getInfoParam, data тип=string
2026-04-05 14:16:54.050 LOG 0: Запрос от C# 1 (req_id=22): {"t":1775387814004,"cmd":"getInfoParam","id":22,"data":{"t":1775387814004,"cmd":"getInfoParam","data":"CONNECTIONTIME"}}
2026-04-05 14:16:54.150 LOG 3: result : table
2026-04-05 14:16:54.200 LOG 1: После dispatch: cmd=getInfoParam, data тип=string
2026-04-05 14:16:54.250 LOG 0: Запрос от C# 1 (req_id=23): {"t":1775387814007,"cmd":"getInfoParam","id":23,"data":{"t":1775387814007,"cmd":"getInfoParam","data":"MESSAGESSENT"}}
2026-04-05 14:16:54.350 LOG 3: result : table
2026-04-05 14:16:54.400 LOG 1: После dispatch: cmd=getInfoParam, data тип=string
2026-04-05 14:16:54.450 LOG 0: Запрос от C# 1 (req_id=24): {"t":1775387814009,"cmd":"getInfoParam","id":24,"data":{"t":1775387814009,"cmd":"getInfoParam","data":"ALLSENT"}}
2026-04-05 14:16:54.550 LOG 3: result : table
2026-04-05 14:16:54.600 LOG 1: После dispatch: cmd=getInfoParam, data тип=string
2026-04-05 14:16:54.650 LOG 0: Запрос от C# 1 (req_id=25): {"t":1775387814015,"cmd":"getInfoParam","id":25,"data":{"t":1775387814015,"cmd":"getInfoParam","data":"BYTESSENT"}}
2026-04-05 14:16:54.750 LOG 3: result : table
2026-04-05 14:16:54.800 LOG 1: После dispatch: cmd=getInfoParam, data тип=string
2026-04-05 14:16:54.850 LOG 0: Запрос от C# 1 (req_id=26): {"t":1775387814018,"cmd":"getInfoParam","id":26,"data":{"t":1775387814018,"cmd":"getInfoParam","data":"BYTESPERSECSENT"}}
2026-04-05 14:16:54.950 LOG 3: result : table
2026-04-05 14:16:54.000 LOG 1: После dispatch: cmd=getInfoParam, data тип=string
2026-04-05 14:16:54.050 LOG 0: Запрос от C# 1 (req_id=27): {"t":1775387814021,"cmd":"getInfoParam","id":27,"data":{"t":1775387814021,"cmd":"getInfoParam","data":"MESSAGESRECV"}}
2026-04-05 14:16:54.150 LOG 3: result : table
2026-04-05 14:16:54.200 LOG 1: После dispatch: cmd=getInfoParam, data тип=string
2026-04-05 14:16:54.250 LOG 0: Запрос от C# 1 (req_id=28): {"t":1775387814026,"cmd":"getInfoParam","id":28,"data":{"t":1775387814026,"cmd":"getInfoParam","data":"BYTESRECV"}}
2026-04-05 14:16:54.350 LOG 3: result : table
2026-04-05 14:16:54.400 LOG 1: После dispatch: cmd=getInfoParam, data тип=string
2026-04-05 14:16:54.450 LOG 0: Запрос от C# 1 (req_id=29): {"t":1775387814029,"cmd":"getInfoParam","id":29,"data":{"t":1775387814029,"cmd":"getInfoParam","data":"ALLRECV"}}
2026-04-05 14:16:54.550 LOG 3: result : table
2026-04-05 14:16:54.600 LOG 1: После dispatch: cmd=getInfoParam, data тип=string
2026-04-05 14:16:54.650 LOG 0: Запрос от C# 1 (req_id=30): {"t":1775387814032,"cmd":"getInfoParam","id":30,"data":{"t":1775387814032,"cmd":"getInfoParam","data":"BYTESPERSECRECV"}}
2026-04-05 14:16:54.750 LOG 3: result : table
2026-04-05 14:16:54.800 LOG 1: После dispatch: cmd=getInfoParam, data тип=string
2026-04-05 14:16:54.850 LOG 0: Запрос от C# 1 (req_id=31): {"t":1775387814038,"cmd":"getInfoParam","id":31,"data":{"t":1775387814038,"cmd":"getInfoParam","data":"AVGSENT"}}
2026-04-05 14:16:54.950 LOG 3: result : table
2026-04-05 14:16:54.000 LOG 1: После dispatch: cmd=getInfoParam, data тип=string
2026-04-05 14:16:54.050 LOG 0: Запрос от C# 1 (req_id=32): {"t":1775387814041,"cmd":"getInfoParam","id":32,"data":{"t":1775387814041,"cmd":"getInfoParam","data":"AVGRECV"}}
2026-04-05 14:16:54.150 LOG 3: result : table
2026-04-05 14:16:54.200 LOG 1: После dispatch: cmd=getInfoParam, data тип=string
2026-04-05 14:16:54.250 LOG 0: Запрос от C# 1 (req_id=33): {"t":1775387814043,"cmd":"getInfoParam","id":33,"data":{"t":1775387814043,"cmd":"getInfoParam","data":"LASTPINGTIME"}}
2026-04-05 14:16:54.350 LOG 3: result : table
2026-04-05 14:16:54.400 LOG 1: После dispatch: cmd=getInfoParam, data тип=string
2026-04-05 14:16:54.450 LOG 0: Запрос от C# 1 (req_id=34): {"t":1775387814049,"cmd":"getInfoParam","id":34,"data":{"t":1775387814049,"cmd":"getInfoParam","data":"LASTPINGDURATION"}}
2026-04-05 14:16:54.550 LOG 3: result : table
2026-04-05 14:16:54.600 LOG 1: После dispatch: cmd=getInfoParam, data тип=string
2026-04-05 14:16:54.650 LOG 0: Запрос от C# 1 (req_id=35): {"t":1775387814052,"cmd":"getInfoParam","id":35,"data":{"t":1775387814052,"cmd":"getInfoParam","data":"AVGPINGDURATION"}}
2026-04-05 14:16:54.750 LOG 3: result : table
2026-04-05 14:16:54.800 LOG 1: После dispatch: cmd=getInfoParam, data тип=string
2026-04-05 14:16:54.850 LOG 0: Запрос от C# 1 (req_id=36): {"t":1775387814054,"cmd":"getInfoParam","id":36,"data":{"t":1775387814054,"cmd":"getInfoParam","data":"MAXPINGTIME"}}
2026-04-05 14:16:54.950 LOG 3: result : table
2026-04-05 14:16:54.000 LOG 1: После dispatch: cmd=getInfoParam, data тип=string
2026-04-05 14:16:54.050 LOG 0: Запрос от C# 1 (req_id=37): {"t":1775387814061,"cmd":"getInfoParam","id":37,"data":{"t":1775387814061,"cmd":"getInfoParam","data":"MAXPINGDURATION"}}
2026-04-05 14:16:54.150 LOG 3: result : table
2026-04-05 14:16:54.200 LOG 1: После dispatch: cmd=getInfoParam, data тип=string
2026-04-05 15:09:42.100 LOG 0: Запрос от C# 1 (req_id=38): {"t":1775390982428,"cmd":"get_order_by_number","id":38,"data":{"t":1775390982428,"cmd":"get_order_by_number","data":"TQBR|999999999999"}}
2026-04-05 15:09:42.200 LOG 3: get_order_by_number: Р·Р°СЏРІРєР° 999999999999 РЅРµ РЅР°Р№РґРµРЅР°
2026-04-05 15:09:42.250 LOG 3: result : table
2026-04-05 15:09:42.300 LOG 1: После dispatch: cmd=get_order_by_number, data тип=table
2026-04-05 15:09:42.650 LOG 0: Запрос от C# 1 (req_id=39): {"t":1775390982447,"cmd":"get_orders","id":39,"data":{"t":1775390982447,"cmd":"get_orders","data":""}}
2026-04-05 15:09:42.750 LOG 3: result : table
2026-04-05 15:09:42.800 LOG 1: После dispatch: cmd=get_orders, data тип=table
2026-04-05 15:11:00.050 LOG 0: Detected Quik version: 1208, script path: C:\Programming\QuikSharp\lua
2026-04-05 15:11:00.100 LOG 1: Shared memory IPC (variant 2) initialized
2026-04-05 15:11:00.150 LOG 1: QUIK# connected via shared memory (variant 2)
2026-04-05 15:23:30.100 LOG 0: Запрос от C# 1 (req_id=1): {"t":1775391800374,"cmd":"get_order_by_number","id":1,"data":{"cmd":"get_order_by_number","t":1775391798502,"data":"TQBR|999999999999"}}
2026-04-05 15:23:30.150 LOG 3: get_order_by_number: Р·Р°СЏРІРєР° 999999999999 РЅРµ РЅР°Р№РґРµРЅР°
2026-04-05 15:23:30.200 LOG 3: result : table
2026-04-05 15:23:30.250 LOG 1: После dispatch: cmd=get_order_by_number, data тип=table
2026-04-05 15:24:27.250 LOG 0: Запрос от C# 1 (req_id=2): {"t":1775391867219,"cmd":"get_orders","id":2,"data":{"cmd":"get_orders","t":1775391867219,"data":""}}
2026-04-05 15:24:27.350 LOG 3: result : table
2026-04-05 15:24:27.400 LOG 1: После dispatch: cmd=get_orders, data тип=table
2026-04-05 17:43:20.050 LOG 0: Detected Quik version: 1208, script path: C:\Programming\QuikSharp\lua
2026-04-05 17:43:20.100 LOG 1: Shared memory IPC (variant 2) initialized
2026-04-05 17:43:20.150 LOG 1: QUIK# connected via shared memory (variant 2)
2026-04-05 17:43:34.050 LOG 0: Запрос от C# 1 (req_id=1): {"t":1775400213968,"data":{"data":"TQBR|999999999999","t":1775400213965,"cmd":"get_order_by_number"},"cmd":"get_order_by_number","id":1}
2026-04-05 17:43:34.100 LOG 3: result : string
2026-04-05 17:43:49.050 LOG 0: Detected Quik version: 1208, script path: C:\Programming\QuikSharp\lua
2026-04-05 17:43:49.100 LOG 1: Shared memory IPC (variant 2) initialized
2026-04-05 17:43:49.150 LOG 1: QUIK# connected via shared memory (variant 2)
2026-04-05 17:44:07.050 LOG 0: Detected Quik version: 1208, script path: C:\Programming\QuikSharp\lua
2026-04-05 17:44:07.100 LOG 1: Shared memory IPC (variant 2) initialized
2026-04-05 17:44:07.150 LOG 1: QUIK# connected via shared memory (variant 2)
2026-04-05 17:44:17.050 LOG 0: Запрос от C# 1 (req_id=1): {"cmd":"get_order_by_number","data":{"cmd":"get_order_by_number","data":"TQBR|999999999999","t":1775400257342},"t":1775400257347,"id":1}
2026-04-05 17:44:17.100 LOG 3: result : string
2026-04-05 17:46:19.050 LOG 0: Detected Quik version: 1208, script path: C:\Programming\QuikSharp\lua
2026-04-05 17:46:19.100 LOG 1: Shared memory IPC (variant 2) initialized
2026-04-05 17:46:19.150 LOG 1: QUIK# connected via shared memory (variant 2)
2026-04-05 17:46:27.050 LOG 0: Запрос от C# 1 (req_id=1): {"t":1775400387522,"id":1,"data":{"t":1775400387520,"data":"TQBR|999999999999","cmd":"get_order_by_number"},"cmd":"get_order_by_number"}
2026-04-05 17:46:27.100 LOG 3: result : string
2026-04-05 17:46:35.050 LOG 0: Detected Quik version: 1208, script path: C:\Programming\QuikSharp\lua
2026-04-05 17:46:35.100 LOG 1: Shared memory IPC (variant 2) initialized
2026-04-05 17:46:35.150 LOG 1: QUIK# connected via shared memory (variant 2)
2026-04-05 17:47:17.050 LOG 0: Detected Quik version: 1208, script path: C:\Programming\QuikSharp\lua
2026-04-05 17:47:17.100 LOG 1: Shared memory IPC (variant 2) initialized
2026-04-05 17:47:17.150 LOG 1: QUIK# connected via shared memory (variant 2)
2026-04-05 17:47:24.050 LOG 0: Запрос от C# 1 (req_id=1): {"id":1,"data":{"data":"TQBR|999999999999","t":1775400444253,"cmd":"get_order_by_number"},"t":1775400444255,"cmd":"get_order_by_number"}
2026-04-05 17:47:24.100 LOG 3: result : string
2026-04-05 17:48:00.050 LOG 0: Detected Quik version: 1208, script path: C:\Programming\QuikSharp\lua
2026-04-05 17:48:00.100 LOG 1: Shared memory IPC (variant 2) initialized
2026-04-05 17:48:00.150 LOG 1: QUIK# connected via shared memory (variant 2)
2026-04-05 17:48:09.050 LOG 0: Запрос от C# 1 (req_id=1): {"data":{"data":"TQBR|999999999999","cmd":"get_order_by_number","t":1775400489738},"cmd":"get_order_by_number","t":1775400489740,"id":1}
2026-04-05 17:48:09.100 LOG 3: result2 : string
2026-04-05 17:48:58.050 LOG 0: Detected Quik version: 1208, script path: C:\Programming\QuikSharp\lua
2026-04-05 17:48:58.100 LOG 1: Shared memory IPC (variant 2) initialized
2026-04-05 17:48:58.150 LOG 1: QUIK# connected via shared memory (variant 2)
2026-04-05 17:49:04.050 LOG 0: Запрос от C# 1 (req_id=2): {"id":2,"cmd":"get_orders","t":1775400544568,"data":{"cmd":"get_orders","t":1775400544568,"data":""}}
2026-04-05 17:49:04.100 LOG 3: result : Lua error: .\qsutils.lua:155: bad argument #1 to 'gmatch' (string expected, got table)
stack traceback:
	[C]: in function 'string.gmatch'
	.\qsutils.lua:155: in function 'split'
	.\qsfunctions.lua:732: in function 'qsfunctions.get_orders'
	(...tail calls...)
	[C]: in function 'xpcall'
	.\qsfunctions.lua:43: in function 'qsfunctions.dispatch_and_process'
	C:\Programming\QuikSharp\lua\QuikSharp.lua:90: in function 'main'
2026-04-05 17:49:04.150 LOG 3: type result : string
2026-04-05 17:49:04.200 LOG 3: status : boolean
2026-04-05 17:49:44.050 LOG 0: Detected Quik version: 1208, script path: C:\Programming\QuikSharp\lua
2026-04-05 17:49:44.100 LOG 1: Shared memory IPC (variant 2) initialized
2026-04-05 17:49:44.150 LOG 1: QUIK# connected via shared memory (variant 2)
2026-04-05 17:49:51.050 LOG 0: Запрос от C# 1 (req_id=1): {"t":1775400591617,"data":{"t":1775400591614,"data":"TQBR|999999999999","cmd":"get_order_by_number"},"id":1,"cmd":"get_order_by_number"}
2026-04-05 17:49:51.100 LOG 3: result : Lua error: .\qsutils.lua:155: bad argument #1 to 'gmatch' (string expected, got table)
stack traceback:
	[C]: in function 'string.gmatch'
	.\qsutils.lua:155: in function 'split'
	.\qsfunctions.lua:782: in function 'qsfunctions.get_order_by_number'
	(...tail calls...)
	[C]: in function 'xpcall'
	.\qsfunctions.lua:43: in function 'qsfunctions.dispatch_and_process'
	C:\Programming\QuikSharp\lua\QuikSharp.lua:90: in function 'main'
2026-04-05 17:49:51.150 LOG 3: type result : string
2026-04-05 17:49:51.200 LOG 3: status : boolean
2026-04-05 17:50:28.050 LOG 0: Detected Quik version: 1208, script path: C:\Programming\QuikSharp\lua
2026-04-05 17:50:28.100 LOG 1: Shared memory IPC (variant 2) initialized
2026-04-05 17:50:28.150 LOG 1: QUIK# connected via shared memory (variant 2)
2026-04-05 17:50:36.050 LOG 0: Запрос от C# 1 (req_id=1): {"t":1775400636688,"data":{"data":"TQBR|999999999999","t":1775400636686,"cmd":"get_order_by_number"},"cmd":"get_order_by_number","id":1}
2026-04-05 17:50:36.100 LOG 3: result : nil
2026-04-05 17:50:36.150 LOG 3: type result : string
2026-04-05 17:52:08.050 LOG 0: Detected Quik version: 1208, script path: C:\Programming\QuikSharp\lua
2026-04-05 17:52:08.100 LOG 1: Shared memory IPC (variant 2) initialized
2026-04-05 17:52:08.150 LOG 1: QUIK# connected via shared memory (variant 2)
2026-04-05 17:55:21.050 LOG 0: Detected Quik version: 1208, script path: C:\Programming\QuikSharp\lua
2026-04-05 17:55:21.100 LOG 1: Shared memory IPC (variant 2) initialized
2026-04-05 17:55:21.150 LOG 1: QUIK# connected via shared memory (variant 2)
2026-04-05 17:55:53.050 LOG 0: Запрос от C# 1 (req_id=1): {"id":1,"cmd":"get_order_by_number","t":1775400953767,"data":{"cmd":"get_order_by_number","t":1775400953763,"data":"TQBR|999999999999"}}
2026-04-05 17:55:53.100 LOG 3: РќРµРёР·РІРµСЃС‚РЅР°СЏ РєРѕРјР°РЅРґР°: get_order_by_number
2026-04-05 17:55:53.150 LOG 1: После dispatch: cmd=lua_error, data тип=nil
2026-04-05 17:55:53.200 LOG 0: Запрос от C# 1 (req_id=2): {"id":2,"cmd":"get_orders","t":1775400953808,"data":{"cmd":"get_orders","t":1775400953808,"data":""}}
2026-04-05 17:55:53.250 LOG 3: result : table
2026-04-05 17:55:53.300 LOG 1: После dispatch: cmd=get_orders, data тип=table
2026-04-05 17:56:45.050 LOG 0: Detected Quik version: 1208, script path: C:\Programming\QuikSharp\lua
2026-04-05 17:56:45.100 LOG 1: Shared memory IPC (variant 2) initialized
2026-04-05 17:56:45.150 LOG 1: QUIK# connected via shared memory (variant 2)
2026-04-05 17:56:51.050 LOG 0: Запрос от C# 1 (req_id=1): {"t":1775401011565,"cmd":"get_order_by_number","id":1,"data":{"t":1775401011563,"cmd":"get_order_by_number","data":"TQBR|999999999999"}}
2026-04-05 17:56:51.100 LOG 3: get_order_by_number: Р·Р°СЏРІРєР° 999999999999 РЅРµ РЅР°Р№РґРµРЅР°
2026-04-05 17:56:51.150 LOG 3: result : table
2026-04-05 17:56:51.200 LOG 1: После dispatch: cmd=get_order_by_number, data тип=table
2026-04-05 17:56:51.250 LOG 0: Запрос от C# 1 (req_id=2): {"t":1775401011599,"cmd":"get_orders","id":2,"data":{"t":1775401011595,"cmd":"get_orders","data":""}}
2026-04-05 17:56:51.300 LOG 3: result : table
2026-04-05 17:56:51.350 LOG 1: После dispatch: cmd=get_orders, data тип=table
2026-04-05 17:57:18.100 LOG 0: Запрос от C# 1 (req_id=1): {"t":1775401038349,"cmd":"get_order_by_number","id":1,"data":{"t":1775401036749,"cmd":"get_order_by_number","data":"TQBR|999999999999"}}
2026-04-05 17:57:18.150 LOG 3: get_order_by_number: Р·Р°СЏРІРєР° 999999999999 РЅРµ РЅР°Р№РґРµРЅР°
2026-04-05 17:57:18.200 LOG 3: result : table
2026-04-05 17:57:18.250 LOG 1: После dispatch: cmd=get_order_by_number, data тип=table
2026-04-05 17:57:18.300 LOG 0: Запрос от C# 1 (req_id=2): {"t":1775401038396,"cmd":"get_orders","id":2,"data":{"t":1775401038396,"cmd":"get_orders","data":""}}
2026-04-05 17:57:18.350 LOG 3: result : table
2026-04-05 17:57:18.400 LOG 1: После dispatch: cmd=get_orders, data тип=table
2026-04-05 17:58:04.100 LOG 0: Запрос от C# 1 (req_id=1): {"t":1775401080908,"cmd":"get_order_by_number","id":1,"data":{"t":1775401077763,"cmd":"get_order_by_number","data":"TQBR|999999999999"}}
2026-04-05 17:58:04.150 LOG 3: get_order_by_number: Р·Р°СЏРІРєР° 999999999999 РЅРµ РЅР°Р№РґРµРЅР°
2026-04-05 17:58:04.200 LOG 3: result : table
2026-04-05 17:58:04.250 LOG 1: После dispatch: cmd=get_order_by_number, data тип=table
2026-04-05 17:58:51.050 LOG 0: Detected Quik version: 1208, script path: C:\Programming\QuikSharp\lua
2026-04-05 17:58:51.100 LOG 1: Shared memory IPC (variant 2) initialized
2026-04-05 17:58:51.150 LOG 1: QUIK# connected via shared memory (variant 2)
2026-04-05 17:59:05.250 LOG 0: Запрос от C# 1 (req_id=1): {"t":1775401142313,"cmd":"get_order_by_number","data":{"t":1775401139198,"data":"TQBR|999999999999","cmd":"get_order_by_number"},"id":1}
2026-04-05 17:59:05.300 LOG 3: result : string
2026-04-05 18:31:05.050 LOG 0: Detected Quik version: 1208, script path: C:\Programming\QuikSharp\lua
2026-04-05 18:31:05.100 LOG 1: Shared memory IPC (variant 2) initialized
2026-04-05 18:31:05.150 LOG 1: QUIK# connected via shared memory (variant 2)
2026-04-05 18:31:50.050 LOG 0: Detected Quik version: 1208, script path: C:\Programming\QuikSharp\lua
2026-04-05 18:31:50.100 LOG 1: Shared memory IPC (variant 2) initialized
2026-04-05 18:31:50.150 LOG 1: QUIK# connected via shared memory (variant 2)
2026-04-05 18:32:07.050 LOG 0: Запрос от C# 1 (req_id=1): {"t":1775403122879,"data":{"data":"TQBR|999999999999","t":1775403118677,"cmd":"get_order_by_number"},"id":1,"cmd":"get_order_by_number"}
2026-04-05 18:32:07.100 LOG 3: get_order_by_number: Р·Р°СЏРІРєР° 999999999999 РЅРµ РЅР°Р№РґРµРЅР°
2026-04-05 18:32:07.150 LOG 3: result : table
2026-04-05 18:32:07.200 LOG 1: После dispatch: cmd=get_order_by_number, data тип=table
2026-04-05 20:31:31.050 LOG 0: Detected Quik version: 1208, script path: C:\Programming\QuikSharp\lua
2026-04-05 20:31:31.100 LOG 1: Shared memory IPC (variant 2) initialized
2026-04-05 20:31:31.150 LOG 1: QUIK# connected via shared memory (variant 2)
2026-04-05 20:31:42.050 LOG 0: Запрос от C# 1 (req_id=1): {"t":1775410302642,"cmd":"getClassesList","data":{"cmd":"getClassesList","data":"","t":1775410302638},"id":1}
2026-04-05 20:31:42.100 LOG 0: Р’С‹Р·РѕРІ getClassesList, req_id=?
2026-04-05 20:31:42.150 LOG 3: result : table
2026-04-05 20:31:42.200 LOG 1: После dispatch: cmd=getClassesList, data тип=string
2026-04-05 20:31:42.250 LOG 0: Запрос от C# 1 (req_id=2): {"t":1775410302801,"cmd":"getClassesList","data":{"cmd":"getClassesList","data":"","t":1775410302801},"id":2}
2026-04-05 20:31:42.300 LOG 0: Р’С‹Р·РѕРІ getClassesList, req_id=?
2026-04-05 20:31:42.350 LOG 3: result : table
2026-04-05 20:31:42.400 LOG 1: После dispatch: cmd=getClassesList, data тип=string
2026-04-05 20:31:52.050 LOG 0: Запрос от C# 1 (req_id=3): {"t":1775410309002,"cmd":"getClassInfo","data":{"cmd":"getClassInfo","data":"TQTE","t":1775410302803},"id":3}
2026-04-05 20:31:52.100 LOG 3: result : table
2026-04-05 20:31:52.150 LOG 1: После dispatch: cmd=getClassInfo, data тип=table
2026-04-05 20:32:37.050 LOG 0: Запрос от C# 1 (req_id=4): {"t":1775410357853,"cmd":"getClassInfo","data":{"cmd":"getClassInfo","data":"TQCB","t":1775410353275},"id":4}
2026-04-05 20:32:37.100 LOG 3: result : table
2026-04-05 20:32:37.150 LOG 1: После dispatch: cmd=getClassInfo, data тип=table
2026-04-05 20:32:40.050 LOG 0: Запрос от C# 1 (req_id=5): {"t":1775410360005,"cmd":"getClassInfo","data":{"cmd":"getClassInfo","data":"TQOE","t":1775410357865},"id":5}
2026-04-05 20:32:40.100 LOG 3: result : table
2026-04-05 20:32:40.150 LOG 1: После dispatch: cmd=getClassInfo, data тип=table
2026-04-05 20:32:40.250 LOG 0: Запрос от C# 1 (req_id=6): {"t":1775410360846,"cmd":"getClassInfo","data":{"cmd":"getClassInfo","data":"TQRD","t":1775410360011},"id":6}
2026-04-05 20:32:40.300 LOG 3: result : table
2026-04-05 20:32:40.350 LOG 1: После dispatch: cmd=getClassInfo, data тип=table
2026-04-05 20:32:42.050 LOG 0: Запрос от C# 1 (req_id=7): {"t":1775410362530,"cmd":"getClassInfo","data":{"cmd":"getClassInfo","data":"TQUD","t":1775410360855},"id":7}
2026-04-05 20:32:42.100 LOG 3: result : table
2026-04-05 20:32:42.150 LOG 1: После dispatch: cmd=getClassInfo, data тип=table
2026-04-05 20:32:42.200 LOG 0: Запрос от C# 1 (req_id=8): {"t":1775410362537,"cmd":"getClassInfo","data":{"cmd":"getClassInfo","data":"TQED","t":1775410362537},"id":8}
2026-04-05 20:32:42.250 LOG 3: result : table
2026-04-05 20:32:42.300 LOG 1: После dispatch: cmd=getClassInfo, data тип=table
2026-04-05 20:32:42.350 LOG 0: Запрос от C# 1 (req_id=9): {"t":1775410362540,"cmd":"getClassInfo","data":{"cmd":"getClassInfo","data":"FQBR","t":1775410362540},"id":9}
2026-04-05 20:32:42.400 LOG 3: result : table
2026-04-05 20:32:42.450 LOG 1: После dispatch: cmd=getClassInfo, data тип=table
2026-04-05 20:32:42.500 LOG 0: Запрос от C# 1 (req_id=10): {"t":1775410362543,"cmd":"getClassInfo","data":{"cmd":"getClassInfo","data":"SPBFUT","t":1775410362542},"id":10}
2026-04-05 20:32:42.550 LOG 3: result : table
2026-04-05 20:32:42.600 LOG 1: После dispatch: cmd=getClassInfo, data тип=table
2026-04-05 20:32:42.650 LOG 0: Запрос от C# 1 (req_id=11): {"t":1775410362547,"cmd":"getClassInfo","data":{"cmd":"getClassInfo","data":"SPBOPT","t":1775410362547},"id":11}
2026-04-05 20:32:42.700 LOG 3: result : table
2026-04-05 20:32:42.750 LOG 1: После dispatch: cmd=getClassInfo, data тип=table
2026-04-05 20:32:42.800 LOG 0: Запрос от C# 1 (req_id=12): {"t":1775410362549,"cmd":"getClassInfo","data":{"cmd":"getClassInfo","data":"USDRUB","t":1775410362549},"id":12}
2026-04-05 20:32:42.850 LOG 3: result : table
2026-04-05 20:32:42.900 LOG 1: После dispatch: cmd=getClassInfo, data тип=table
2026-04-05 20:32:42.950 LOG 0: Запрос от C# 1 (req_id=13): {"t":1775410362551,"cmd":"getClassInfo","data":{"cmd":"getClassInfo","data":"OPTSPOT","t":1775410362551},"id":13}
2026-04-05 20:32:42.000 LOG 3: result : table
2026-04-05 20:32:42.050 LOG 1: После dispatch: cmd=getClassInfo, data тип=table
2026-04-05 20:32:42.100 LOG 0: Запрос от C# 1 (req_id=14): {"t":1775410362553,"cmd":"getClassInfo","data":{"cmd":"getClassInfo","data":"OPTCURNCY","t":1775410362553},"id":14}
2026-04-05 20:32:42.150 LOG 3: result : table
2026-04-05 20:32:42.200 LOG 1: После dispatch: cmd=getClassInfo, data тип=table
2026-04-05 20:32:42.250 LOG 0: Запрос от C# 1 (req_id=15): {"t":1775410362554,"cmd":"getClassInfo","data":{"cmd":"getClassInfo","data":"OPTCOMDTY","t":1775410362554},"id":15}
2026-04-05 20:32:42.300 LOG 3: result : table
2026-04-05 20:32:42.350 LOG 1: После dispatch: cmd=getClassInfo, data тип=table
2026-04-05 20:32:42.400 LOG 0: Запрос от C# 1 (req_id=16): {"t":1775410362556,"cmd":"getClassInfo","data":{"cmd":"getClassInfo","data":"OPTIDX","t":1775410362556},"id":16}
2026-04-05 20:32:42.450 LOG 3: result : table
2026-04-05 20:32:42.500 LOG 1: После dispatch: cmd=getClassInfo, data тип=table
2026-04-05 20:32:42.550 LOG 0: Запрос от C# 1 (req_id=17): {"t":1775410362563,"cmd":"getClassInfo","data":{"cmd":"getClassInfo","data":"RTSIDX","t":1775410362563},"id":17}
2026-04-05 20:32:42.600 LOG 3: result : table
2026-04-05 20:32:42.650 LOG 1: После dispatch: cmd=getClassInfo, data тип=table
2026-04-05 20:32:42.700 LOG 0: Запрос от C# 1 (req_id=18): {"t":1775410362565,"cmd":"getClassInfo","data":{"cmd":"getClassInfo","data":"EQRP_INFO","t":1775410362565},"id":18}
2026-04-05 20:32:42.750 LOG 3: result : table
2026-04-05 20:32:42.800 LOG 1: После dispatch: cmd=getClassInfo, data тип=table
2026-04-05 20:32:42.850 LOG 0: Запрос от C# 1 (req_id=19): {"t":1775410362567,"cmd":"getClassInfo","data":{"cmd":"getClassInfo","data":"FUTCLT","t":1775410362567},"id":19}
2026-04-05 20:32:42.900 LOG 3: result : table
2026-04-05 20:32:42.950 LOG 1: После dispatch: cmd=getClassInfo, data тип=table
2026-04-05 20:32:42.000 LOG 0: Запрос от C# 1 (req_id=20): {"t":1775410362568,"cmd":"getClassInfo","data":{"cmd":"getClassInfo","data":"SPBXM","t":1775410362568},"id":20}
2026-04-05 20:32:42.050 LOG 3: result : table
2026-04-05 20:32:42.100 LOG 1: После dispatch: cmd=getClassInfo, data тип=table
2026-04-05 20:32:42.150 LOG 0: Запрос от C# 1 (req_id=21): {"t":1775410362570,"cmd":"getClassInfo","data":{"cmd":"getClassInfo","data":"SPBDE","t":1775410362570},"id":21}
2026-04-05 20:32:42.200 LOG 3: result : table
2026-04-05 20:32:42.250 LOG 1: После dispatch: cmd=getClassInfo, data тип=table
2026-04-05 20:32:42.300 LOG 0: Запрос от C# 1 (req_id=22): {"t":1775410362571,"cmd":"getClassInfo","data":{"cmd":"getClassInfo","data":"SPBRU","t":1775410362571},"id":22}
2026-04-05 20:32:42.350 LOG 3: result : table
2026-04-05 20:32:42.400 LOG 1: После dispatch: cmd=getClassInfo, data тип=table
2026-04-05 20:32:42.450 LOG 0: Запрос от C# 1 (req_id=23): {"t":1775410362576,"cmd":"getClassInfo","data":{"cmd":"getClassInfo","data":"SPBRUBND","t":1775410362576},"id":23}
2026-04-05 20:32:42.500 LOG 3: result : table
2026-04-05 20:32:42.550 LOG 1: После dispatch: cmd=getClassInfo, data тип=table
2026-04-05 20:32:42.600 LOG 0: Запрос от C# 1 (req_id=24): {"t":1775410362579,"cmd":"getClassInfo","data":{"cmd":"getClassInfo","data":"SPBRU_USD","t":1775410362579},"id":24}
2026-04-05 20:32:42.650 LOG 3: result : table
2026-04-05 20:32:42.700 LOG 1: После dispatch: cmd=getClassInfo, data тип=table
2026-04-05 20:32:42.750 LOG 0: Запрос от C# 1 (req_id=25): {"t":1775410362582,"cmd":"getClassInfo","data":{"cmd":"getClassInfo","data":"PSSPBRUBNDDO","t":1775410362582},"id":25}
2026-04-05 20:32:42.800 LOG 3: result : table
2026-04-05 20:32:42.850 LOG 1: После dispatch: cmd=getClassInfo, data тип=table
2026-04-05 20:32:42.900 LOG 0: Запрос от C# 1 (req_id=26): {"t":1775410362584,"cmd":"getClassInfo","data":{"cmd":"getClassInfo","data":"REPORT","t":1775410362584},"id":26}
2026-04-05 20:32:42.950 LOG 3: result : table
2026-04-05 20:32:42.000 LOG 1: После dispatch: cmd=getClassInfo, data тип=table
2026-04-05 20:32:42.050 LOG 0: Запрос от C# 1 (req_id=27): {"t":1775410362587,"cmd":"getClassInfo","data":{"cmd":"getClassInfo","data":"REPORTFORTS","t":1775410362587},"id":27}
2026-04-05 20:32:42.100 LOG 3: result : table
2026-04-05 20:32:42.150 LOG 1: После dispatch: cmd=getClassInfo, data тип=table
2026-04-05 20:32:42.200 LOG 0: Запрос от C# 1 (req_id=28): {"t":1775410362588,"cmd":"getClassInfo","data":{"cmd":"getClassInfo","data":"CROSSRATE","t":1775410362588},"id":28}
2026-04-05 20:32:42.250 LOG 3: result : table
2026-04-05 20:32:42.300 LOG 1: После dispatch: cmd=getClassInfo, data тип=table
2026-04-05 20:32:42.350 LOG 0: Запрос от C# 1 (req_id=29): {"t":1775410362595,"cmd":"getClassInfo","data":{"cmd":"getClassInfo","data":"QT_BN","t":1775410362595},"id":29}
2026-04-05 20:32:42.400 LOG 3: result : table
2026-04-05 20:32:42.450 LOG 1: После dispatch: cmd=getClassInfo, data тип=table
2026-04-05 20:32:42.500 LOG 0: Запрос от C# 1 (req_id=30): {"t":1775410362598,"cmd":"getClassInfo","data":{"cmd":"getClassInfo","data":"INDX","t":1775410362598},"id":30}
2026-04-05 20:32:42.550 LOG 3: result : table
2026-04-05 20:32:42.600 LOG 1: После dispatch: cmd=getClassInfo, data тип=table
2026-04-05 20:32:42.650 LOG 0: Запрос от C# 1 (req_id=31): {"t":1775410362599,"cmd":"getClassInfo","data":{"cmd":"getClassInfo","data":"TQIF_HOL","t":1775410362599},"id":31}
2026-04-05 20:32:42.700 LOG 3: result : table
2026-04-05 20:32:42.750 LOG 1: После dispatch: cmd=getClassInfo, data тип=table
2026-04-05 20:32:42.800 LOG 0: Запрос от C# 1 (req_id=32): {"t":1775410362601,"cmd":"getClassInfo","data":{"cmd":"getClassInfo","data":"TQTF_HOL","t":1775410362601},"id":32}
2026-04-05 20:32:42.850 LOG 3: result : table
2026-04-05 20:32:42.900 LOG 1: После dispatch: cmd=getClassInfo, data тип=table
2026-04-05 20:32:42.950 LOG 0: Запрос от C# 1 (req_id=33): {"t":1775410362602,"cmd":"getClassInfo","data":{"cmd":"getClassInfo","data":"TQTF_W_HOL","t":1775410362602},"id":33}
2026-04-05 20:32:42.000 LOG 3: result : table
2026-04-05 20:32:42.050 LOG 1: После dispatch: cmd=getClassInfo, data тип=table
2026-04-05 20:32:42.100 LOG 0: Запрос от C# 1 (req_id=34): {"t":1775410362604,"cmd":"getClassInfo","data":{"cmd":"getClassInfo","data":"UP","t":1775410362604},"id":34}
2026-04-05 20:32:42.150 LOG 3: result : table
2026-04-05 20:32:42.200 LOG 1: После dispatch: cmd=getClassInfo, data тип=table
2026-04-05 20:32:42.250 LOG 0: Запрос от C# 1 (req_id=35): {"t":1775410362611,"cmd":"getClassInfo","data":{"cmd":"getClassInfo","data":"CETS","t":1775410362611},"id":35}
2026-04-05 20:32:42.300 LOG 3: result : table
2026-04-05 20:32:42.350 LOG 1: После dispatch: cmd=getClassInfo, data тип=table
2026-04-05 20:32:42.400 LOG 0: Запрос от C# 1 (req_id=36): {"t":1775410362612,"cmd":"getClassInfo","data":{"cmd":"getClassInfo","data":"CETS_MTL","t":1775410362612},"id":36}
2026-04-05 20:32:42.450 LOG 3: result : table
2026-04-05 20:32:42.500 LOG 1: После dispatch: cmd=getClassInfo, data тип=table
2026-04-05 20:32:42.550 LOG 0: Запрос от C# 1 (req_id=37): {"t":1775410362614,"cmd":"getClassInfo","data":{"cmd":"getClassInfo","data":"TQFD","t":1775410362614},"id":37}
2026-04-05 20:32:42.600 LOG 3: result : table
2026-04-05 20:32:42.650 LOG 1: После dispatch: cmd=getClassInfo, data тип=table
2026-04-05 20:32:42.700 LOG 0: Запрос от C# 1 (req_id=38): {"t":1775410362615,"cmd":"getClassInfo","data":{"cmd":"getClassInfo","data":"TQFE","t":1775410362615},"id":38}
2026-04-05 20:32:42.750 LOG 3: result : table
2026-04-05 20:32:42.800 LOG 1: После dispatch: cmd=getClassInfo, data тип=table
2026-04-05 20:32:42.850 LOG 0: Запрос от C# 1 (req_id=39): {"t":1775410362617,"cmd":"getClassInfo","data":{"cmd":"getClassInfo","data":"OCTR","t":1775410362617},"id":39}
2026-04-05 20:32:42.900 LOG 3: result : table
2026-04-05 20:32:42.950 LOG 1: После dispatch: cmd=getClassInfo, data тип=table
2026-04-05 20:32:42.000 LOG 0: Запрос от C# 1 (req_id=40): {"t":1775410362618,"cmd":"getClassInfo","data":{"cmd":"getClassInfo","data":"TQTY","t":1775410362618},"id":40}
2026-04-05 20:32:42.050 LOG 3: result : table
2026-04-05 20:32:42.100 LOG 1: После dispatch: cmd=getClassInfo, data тип=table
2026-04-05 20:32:42.150 LOG 0: Запрос от C# 1 (req_id=41): {"t":1775410362620,"cmd":"getClassInfo","data":{"cmd":"getClassInfo","data":"MTQR","t":1775410362620},"id":41}
2026-04-05 20:32:42.200 LOG 3: result : table
2026-04-05 20:32:42.250 LOG 1: После dispatch: cmd=getClassInfo, data тип=table
2026-04-05 20:32:42.300 LOG 0: Запрос от C# 1 (req_id=42): {"t":1775410362627,"cmd":"getClassInfo","data":{"cmd":"getClassInfo","data":"SMAL","t":1775410362627},"id":42}
2026-04-05 20:32:42.350 LOG 3: result : table
2026-04-05 20:32:42.400 LOG 1: После dispatch: cmd=getClassInfo, data тип=table
2026-04-05 20:32:42.450 LOG 0: Запрос от C# 1 (req_id=43): {"t":1775410362631,"cmd":"getClassInfo","data":{"cmd":"getClassInfo","data":"TQBR","t":1775410362631},"id":43}
2026-04-05 20:32:42.500 LOG 3: result : table
2026-04-05 20:32:42.550 LOG 1: После dispatch: cmd=getClassInfo, data тип=table
2026-04-05 20:32:42.600 LOG 0: Запрос от C# 1 (req_id=44): {"t":1775410362633,"cmd":"getClassInfo","data":{"cmd":"getClassInfo","data":"TQOB","t":1775410362633},"id":44}
2026-04-05 20:32:42.650 LOG 3: result : table
2026-04-05 20:32:42.700 LOG 1: После dispatch: cmd=getClassInfo, data тип=table
2026-04-05 20:32:42.750 LOG 0: Запрос от C# 1 (req_id=45): {"t":1775410362635,"cmd":"getClassInfo","data":{"cmd":"getClassInfo","data":"TQIF","t":1775410362635},"id":45}
2026-04-05 20:32:42.800 LOG 3: result : table
2026-04-05 20:32:42.850 LOG 1: После dispatch: cmd=getClassInfo, data тип=table
2026-04-05 20:32:42.900 LOG 0: Запрос от C# 1 (req_id=46): {"t":1775410362640,"cmd":"getClassInfo","data":{"cmd":"getClassInfo","data":"TQTF","t":1775410362640},"id":46}
2026-04-05 20:32:42.950 LOG 3: result : table
2026-04-05 20:32:42.000 LOG 1: После dispatch: cmd=getClassInfo, data тип=table
2026-04-05 20:32:42.050 LOG 0: Запрос от C# 1 (req_id=47): {"t":1775410362642,"cmd":"getClassInfo","data":{"cmd":"getClassInfo","data":"TQTF_W","t":1775410362642},"id":47}
2026-04-05 20:32:42.100 LOG 3: result : table
2026-04-05 20:32:42.150 LOG 1: После dispatch: cmd=getClassInfo, data тип=table
2026-04-05 20:32:42.200 LOG 0: Запрос от C# 1 (req_id=48): {"t":1775410362643,"cmd":"getClassInfo","data":{"cmd":"getClassInfo","data":"TQBD","t":1775410362643},"id":48}
2026-04-05 20:32:42.250 LOG 3: result : table
2026-04-05 20:32:42.300 LOG 1: После dispatch: cmd=getClassInfo, data тип=table
2026-04-05 20:32:42.350 LOG 0: Запрос от C# 1 (req_id=49): {"t":1775410362645,"cmd":"getClassInfo","data":{"cmd":"getClassInfo","data":"TQTD","t":1775410362645},"id":49}
2026-04-05 20:32:42.400 LOG 3: result : table
2026-04-05 20:32:42.450 LOG 1: После dispatch: cmd=getClassInfo, data тип=table
2026-04-05 20:32:42.500 LOG 0: Запрос от C# 1 (req_id=50): {"t":1775410362646,"cmd":"getClassInfo","data":{"cmd":"getClassInfo","data":"TQOD","t":1775410362646},"id":50}
2026-04-05 20:32:42.550 LOG 3: result : table
2026-04-05 20:32:42.600 LOG 1: После dispatch: cmd=getClassInfo, data тип=table
2026-04-05 20:32:42.650 LOG 0: Запрос от C# 1 (req_id=51): {"t":1775410362652,"cmd":"getClassInfo","data":{"cmd":"getClassInfo","data":"TQOY","t":1775410362652},"id":51}
2026-04-05 20:32:42.700 LOG 3: result : table
2026-04-05 20:32:42.750 LOG 1: После dispatch: cmd=getClassInfo, data тип=table
2026-04-05 20:32:42.800 LOG 0: Запрос от C# 1 (req_id=52): {"t":1775410362654,"cmd":"getClassInfo","data":{"cmd":"getClassInfo","data":"TQTF_F_HOL","t":1775410362654},"id":52}
2026-04-05 20:32:42.850 LOG 3: result : table
2026-04-05 20:32:42.900 LOG 1: После dispatch: cmd=getClassInfo, data тип=table
2026-04-05 20:32:42.950 LOG 0: Запрос от C# 1 (req_id=53): {"t":1775410362655,"cmd":"getClassInfo","data":{"cmd":"getClassInfo","data":"EES_OTC","t":1775410362655},"id":53}
2026-04-05 20:32:42.000 LOG 3: result : table
2026-04-05 20:32:42.050 LOG 1: После dispatch: cmd=getClassInfo, data тип=table
2026-04-05 20:32:42.100 LOG 0: Запрос от C# 1 (req_id=54): {"t":1775410362657,"cmd":"getClassInfo","data":{"cmd":"getClassInfo","data":"TQTF_F","t":1775410362657},"id":54}
2026-04-05 20:32:42.150 LOG 3: result : table
2026-04-05 20:32:42.200 LOG 1: После dispatch: cmd=getClassInfo, data тип=table
2026-04-05 20:32:42.250 LOG 0: Запрос от C# 1 (req_id=55): {"t":1775410362658,"cmd":"getClassInfo","data":{"cmd":"getClassInfo","data":"SMS","t":1775410362658},"id":55}
2026-04-05 20:32:42.300 LOG 3: result : table
2026-04-05 20:32:42.350 LOG 1: После dispatch: cmd=getClassInfo, data тип=table
2026-04-05 20:32:42.400 LOG 0: Запрос от C# 1 (req_id=56): {"t":1775410362660,"cmd":"getClassInfo","data":{"cmd":"getClassInfo","data":"MPAU","t":1775410362660},"id":56}
2026-04-05 20:32:42.450 LOG 3: result : table
2026-04-05 20:32:42.500 LOG 1: После dispatch: cmd=getClassInfo, data тип=table
2026-04-05 20:32:42.550 LOG 0: Запрос от C# 1 (req_id=57): {"t":1775410362664,"cmd":"getClassInfo","data":{"cmd":"getClassInfo","data":"PSAU_FREE","t":1775410362664},"id":57}
2026-04-05 20:32:42.600 LOG 3: result : table
2026-04-05 20:32:42.650 LOG 1: После dispatch: cmd=getClassInfo, data тип=table
2026-04-05 20:32:42.700 LOG 0: Запрос от C# 1 (req_id=58): {"t":1775410362666,"cmd":"getClassInfo","data":{"cmd":"getClassInfo","data":"PSAU","t":1775410362666},"id":58}
2026-04-05 20:32:42.750 LOG 3: result : table
2026-04-05 20:32:42.800 LOG 1: После dispatch: cmd=getClassInfo, data тип=table
2026-04-05 20:32:42.850 LOG 0: Запрос от C# 1 (req_id=59): {"t":1775410362667,"cmd":"getClassInfo","data":{"cmd":"getClassInfo","data":"PSSU","t":1775410362667},"id":59}
2026-04-05 20:32:42.900 LOG 3: result : table
2026-04-05 20:32:42.950 LOG 1: После dispatch: cmd=getClassInfo, data тип=table
2026-04-05 20:32:42.000 LOG 0: Запрос от C# 1 (req_id=60): {"t":1775410362669,"cmd":"getClassInfo","data":{"cmd":"getClassInfo","data":"PSSU_YAD","t":1775410362669},"id":60}
2026-04-05 20:32:42.050 LOG 3: result : table
2026-04-05 20:32:42.100 LOG 1: После dispatch: cmd=getClassInfo, data тип=table
2026-04-05 20:32:42.150 LOG 0: Запрос от C# 1 (req_id=61): {"t":1775410362671,"cmd":"getClassInfo","data":{"cmd":"getClassInfo","data":"PACY","t":1775410362671},"id":61}
2026-04-05 20:32:42.200 LOG 3: result : table
2026-04-05 20:32:42.250 LOG 1: После dispatch: cmd=getClassInfo, data тип=table
2026-04-05 20:32:42.300 LOG 0: Запрос от C# 1 (req_id=62): {"t":1775410362673,"cmd":"getClassInfo","data":{"cmd":"getClassInfo","data":"QT_EQ","t":1775410362673},"id":62}
2026-04-05 20:32:42.350 LOG 3: result : table
2026-04-05 20:32:42.400 LOG 1: После dispatch: cmd=getClassInfo, data тип=table
2026-04-05 20:32:42.450 LOG 0: Запрос от C# 1 (req_id=63): {"t":1775410362675,"cmd":"getClassesList","data":{"cmd":"getClassesList","data":"","t":1775410362675},"id":63}
2026-04-05 20:32:42.500 LOG 0: Р’С‹Р·РѕРІ getClassesList, req_id=?
2026-04-05 20:32:42.550 LOG 3: result : table
2026-04-05 20:32:42.600 LOG 1: После dispatch: cmd=getClassesList, data тип=string
2026-04-05 20:32:42.650 LOG 0: Запрос от C# 1 (req_id=64): {"t":1775410362676,"cmd":"getClassSecurities","data":{"cmd":"getClassSecurities","data":"TQTE","t":1775410362676},"id":64}
2026-04-05 20:32:42.700 LOG 3: result : table
2026-04-05 20:32:42.750 LOG 1: После dispatch: cmd=getClassSecurities, data тип=string
2026-04-05 20:32:42.800 LOG 0: Запрос от C# 1 (req_id=65): {"t":1775410362678,"cmd":"getClassSecurities","data":{"cmd":"getClassSecurities","data":"TQCB","t":1775410362678},"id":65}
2026-04-05 20:32:42.850 LOG 3: result : table
2026-04-05 20:32:42.900 LOG 1: После dispatch: cmd=getClassSecurities, data тип=string
2026-04-05 20:32:42.950 LOG 0: Запрос от C# 1 (req_id=66): {"t":1775410362685,"cmd":"getClassSecurities","data":{"cmd":"getClassSecurities","data":"TQOE","t":1775410362685},"id":66}
2026-04-05 20:32:42.000 LOG 3: result : table
2026-04-05 20:32:42.050 LOG 1: После dispatch: cmd=getClassSecurities, data тип=string
2026-04-05 20:32:42.100 LOG 0: Запрос от C# 1 (req_id=67): {"t":1775410362686,"cmd":"getClassSecurities","data":{"cmd":"getClassSecurities","data":"TQRD","t":1775410362686},"id":67}
2026-04-05 20:32:42.150 LOG 3: result : table
2026-04-05 20:32:42.200 LOG 1: После dispatch: cmd=getClassSecurities, data тип=string
2026-04-05 20:32:42.250 LOG 0: Запрос от C# 1 (req_id=68): {"t":1775410362688,"cmd":"getClassSecurities","data":{"cmd":"getClassSecurities","data":"TQUD","t":1775410362688},"id":68}
2026-04-05 20:32:42.300 LOG 3: result : table
2026-04-05 20:32:42.350 LOG 1: После dispatch: cmd=getClassSecurities, data тип=string
2026-04-05 20:32:42.400 LOG 0: Запрос от C# 1 (req_id=69): {"t":1775410362690,"cmd":"getClassSecurities","data":{"cmd":"getClassSecurities","data":"TQED","t":1775410362690},"id":69}
2026-04-05 20:32:42.450 LOG 3: result : table
2026-04-05 20:32:42.500 LOG 1: После dispatch: cmd=getClassSecurities, data тип=string
2026-04-05 20:32:42.550 LOG 0: Запрос от C# 1 (req_id=70): {"t":1775410362692,"cmd":"getClassSecurities","data":{"cmd":"getClassSecurities","data":"FQBR","t":1775410362692},"id":70}
2026-04-05 20:32:42.600 LOG 3: result : table
2026-04-05 20:32:42.650 LOG 1: После dispatch: cmd=getClassSecurities, data тип=string
2026-04-05 20:32:42.700 LOG 0: Запрос от C# 1 (req_id=71): {"t":1775410362693,"cmd":"getClassSecurities","data":{"cmd":"getClassSecurities","data":"SPBFUT","t":1775410362693},"id":71}
2026-04-05 20:32:42.750 LOG 3: result : table
2026-04-05 20:32:42.800 LOG 1: После dispatch: cmd=getClassSecurities, data тип=string
2026-04-05 20:32:42.850 LOG 0: Запрос от C# 1 (req_id=72): {"t":1775410362699,"cmd":"getClassSecurities","data":{"cmd":"getClassSecurities","data":"SPBOPT","t":1775410362699},"id":72}
2026-04-05 20:32:42.900 LOG 3: result : table
2026-04-05 20:32:42.950 LOG 1: После dispatch: cmd=getClassSecurities, data тип=string
2026-04-05 20:32:42.000 LOG 0: Запрос от C# 1 (req_id=73): {"t":1775410362717,"cmd":"getClassSecurities","data":{"cmd":"getClassSecurities","data":"USDRUB","t":1775410362717},"id":73}
2026-04-05 20:32:42.050 LOG 3: result : table
2026-04-05 20:32:42.100 LOG 1: После dispatch: cmd=getClassSecurities, data тип=string
2026-04-05 20:32:42.150 LOG 0: Запрос от C# 1 (req_id=74): {"t":1775410362719,"cmd":"getClassSecurities","data":{"cmd":"getClassSecurities","data":"OPTSPOT","t":1775410362719},"id":74}
2026-04-05 20:32:42.200 LOG 3: result : table
2026-04-05 20:32:42.250 LOG 1: После dispatch: cmd=getClassSecurities, data тип=string
2026-04-05 20:32:42.300 LOG 0: Запрос от C# 1 (req_id=75): {"t":1775410362750,"cmd":"getClassSecurities","data":{"cmd":"getClassSecurities","data":"OPTCURNCY","t":1775410362750},"id":75}
2026-04-05 20:32:42.350 LOG 3: result : table
2026-04-05 20:32:42.400 LOG 1: После dispatch: cmd=getClassSecurities, data тип=string
2026-04-05 20:32:42.450 LOG 0: Запрос от C# 1 (req_id=76): {"t":1775410362752,"cmd":"getClassSecurities","data":{"cmd":"getClassSecurities","data":"OPTCOMDTY","t":1775410362752},"id":76}
2026-04-05 20:32:42.500 LOG 3: result : table
2026-04-05 20:32:42.550 LOG 1: После dispatch: cmd=getClassSecurities, data тип=string
2026-04-05 20:32:42.600 LOG 0: Запрос от C# 1 (req_id=77): {"t":1775410362756,"cmd":"getClassSecurities","data":{"cmd":"getClassSecurities","data":"OPTIDX","t":1775410362756},"id":77}
2026-04-05 20:32:42.650 LOG 3: result : table
2026-04-05 20:32:42.700 LOG 1: После dispatch: cmd=getClassSecurities, data тип=string
2026-04-05 20:32:42.750 LOG 0: Запрос от C# 1 (req_id=78): {"t":1775410362761,"cmd":"getClassSecurities","data":{"cmd":"getClassSecurities","data":"RTSIDX","t":1775410362761},"id":78}
2026-04-05 20:32:42.800 LOG 3: result : table
2026-04-05 20:32:42.850 LOG 1: После dispatch: cmd=getClassSecurities, data тип=string
2026-04-05 20:32:42.900 LOG 0: Запрос от C# 1 (req_id=79): {"t":1775410362764,"cmd":"getClassSecurities","data":{"cmd":"getClassSecurities","data":"EQRP_INFO","t":1775410362764},"id":79}
2026-04-05 20:32:42.950 LOG 3: result : table
2026-04-05 20:32:42.000 LOG 1: После dispatch: cmd=getClassSecurities, data тип=string
2026-04-05 20:32:42.050 LOG 0: Запрос от C# 1 (req_id=80): {"t":1775410362777,"cmd":"getClassSecurities","data":{"cmd":"getClassSecurities","data":"FUTCLT","t":1775410362777},"id":80}
2026-04-05 20:32:42.100 LOG 3: result : table
2026-04-05 20:32:42.150 LOG 1: После dispatch: cmd=getClassSecurities, data тип=string
2026-04-05 20:32:42.200 LOG 0: Запрос от C# 1 (req_id=81): {"t":1775410362780,"cmd":"getClassSecurities","data":{"cmd":"getClassSecurities","data":"SPBXM","t":1775410362780},"id":81}
2026-04-05 20:32:42.250 LOG 3: result : table
2026-04-05 20:32:42.300 LOG 1: После dispatch: cmd=getClassSecurities, data тип=string
2026-04-05 20:32:42.350 LOG 0: Запрос от C# 1 (req_id=82): {"t":1775410362784,"cmd":"getClassSecurities","data":{"cmd":"getClassSecurities","data":"SPBDE","t":1775410362784},"id":82}
2026-04-05 20:32:42.400 LOG 3: result : table
2026-04-05 20:32:42.450 LOG 1: После dispatch: cmd=getClassSecurities, data тип=string
2026-04-05 20:32:42.500 LOG 0: Запрос от C# 1 (req_id=83): {"t":1775410362789,"cmd":"getClassSecurities","data":{"cmd":"getClassSecurities","data":"SPBRU","t":1775410362789},"id":83}
2026-04-05 20:32:42.550 LOG 3: result : table
2026-04-05 20:32:42.600 LOG 1: После dispatch: cmd=getClassSecurities, data тип=string
2026-04-05 20:32:42.650 LOG 0: Запрос от C# 1 (req_id=84): {"t":1775410362792,"cmd":"getClassSecurities","data":{"cmd":"getClassSecurities","data":"SPBRUBND","t":1775410362792},"id":84}
2026-04-05 20:32:42.700 LOG 3: result : table
2026-04-05 20:32:42.750 LOG 1: После dispatch: cmd=getClassSecurities, data тип=string
2026-04-05 20:32:42.800 LOG 0: Запрос от C# 1 (req_id=85): {"t":1775410362794,"cmd":"getClassSecurities","data":{"cmd":"getClassSecurities","data":"SPBRU_USD","t":1775410362794},"id":85}
2026-04-05 20:32:42.850 LOG 3: result : table
2026-04-05 20:32:42.900 LOG 1: После dispatch: cmd=getClassSecurities, data тип=string
2026-04-05 20:32:42.950 LOG 0: Запрос от C# 1 (req_id=86): {"t":1775410362796,"cmd":"getClassSecurities","data":{"cmd":"getClassSecurities","data":"PSSPBRUBNDDO","t":1775410362796},"id":86}
2026-04-05 20:32:42.000 LOG 3: result : table
2026-04-05 20:32:42.050 LOG 1: После dispatch: cmd=getClassSecurities, data тип=string
2026-04-05 20:32:42.100 LOG 0: Запрос от C# 1 (req_id=87): {"t":1775410362797,"cmd":"getClassSecurities","data":{"cmd":"getClassSecurities","data":"REPORT","t":1775410362797},"id":87}
2026-04-05 20:32:42.150 LOG 3: result : table
2026-04-05 20:32:42.200 LOG 1: После dispatch: cmd=getClassSecurities, data тип=string
2026-04-05 20:32:42.250 LOG 0: Запрос от C# 1 (req_id=88): {"t":1775410362801,"cmd":"getClassSecurities","data":{"cmd":"getClassSecurities","data":"REPORTFORTS","t":1775410362801},"id":88}
2026-04-05 20:32:42.300 LOG 3: result : table
2026-04-05 20:32:42.350 LOG 1: После dispatch: cmd=getClassSecurities, data тип=string
2026-04-05 20:32:42.400 LOG 0: Запрос от C# 1 (req_id=89): {"t":1775410362803,"cmd":"getClassSecurities","data":{"cmd":"getClassSecurities","data":"CROSSRATE","t":1775410362803},"id":89}
2026-04-05 20:32:42.450 LOG 3: result : table
2026-04-05 20:32:42.500 LOG 1: После dispatch: cmd=getClassSecurities, data тип=string
2026-04-05 20:32:42.550 LOG 0: Запрос от C# 1 (req_id=90): {"t":1775410362804,"cmd":"getClassSecurities","data":{"cmd":"getClassSecurities","data":"QT_BN","t":1775410362804},"id":90}
2026-04-05 20:32:42.600 LOG 3: result : table
2026-04-05 20:32:42.650 LOG 1: После dispatch: cmd=getClassSecurities, data тип=string
2026-04-05 20:32:42.700 LOG 0: Запрос от C# 1 (req_id=91): {"t":1775410362806,"cmd":"getClassSecurities","data":{"cmd":"getClassSecurities","data":"INDX","t":1775410362806},"id":91}
2026-04-05 20:32:42.750 LOG 3: result : table
2026-04-05 20:32:42.800 LOG 1: После dispatch: cmd=getClassSecurities, data тип=string
2026-04-05 20:32:42.850 LOG 0: Запрос от C# 1 (req_id=92): {"t":1775410362808,"cmd":"getClassSecurities","data":{"cmd":"getClassSecurities","data":"TQIF_HOL","t":1775410362808},"id":92}
2026-04-05 20:32:42.900 LOG 3: result : table
2026-04-05 20:32:42.950 LOG 1: После dispatch: cmd=getClassSecurities, data тип=string
2026-04-05 20:32:42.000 LOG 0: Запрос от C# 1 (req_id=93): {"t":1775410362812,"cmd":"getClassSecurities","data":{"cmd":"getClassSecurities","data":"TQTF_HOL","t":1775410362812},"id":93}
2026-04-05 20:32:42.050 LOG 3: result : table
2026-04-05 20:32:42.100 LOG 1: После dispatch: cmd=getClassSecurities, data тип=string
2026-04-05 20:32:42.150 LOG 0: Запрос от C# 1 (req_id=94): {"t":1775410362814,"cmd":"getClassSecurities","data":{"cmd":"getClassSecurities","data":"TQTF_W_HOL","t":1775410362814},"id":94}
2026-04-05 20:32:42.200 LOG 3: result : table
2026-04-05 20:32:42.250 LOG 1: После dispatch: cmd=getClassSecurities, data тип=string
2026-04-05 20:32:42.300 LOG 0: Запрос от C# 1 (req_id=95): {"t":1775410362816,"cmd":"getClassSecurities","data":{"cmd":"getClassSecurities","data":"UP","t":1775410362816},"id":95}
2026-04-05 20:32:42.350 LOG 3: result : table
2026-04-05 20:32:42.400 LOG 1: После dispatch: cmd=getClassSecurities, data тип=string
2026-04-05 20:32:42.450 LOG 0: Запрос от C# 1 (req_id=96): {"t":1775410362817,"cmd":"getClassSecurities","data":{"cmd":"getClassSecurities","data":"CETS","t":1775410362817},"id":96}
2026-04-05 20:32:42.500 LOG 3: result : table
2026-04-05 20:32:42.550 LOG 1: После dispatch: cmd=getClassSecurities, data тип=string
2026-04-05 20:32:42.600 LOG 0: Запрос от C# 1 (req_id=97): {"t":1775410362823,"cmd":"getClassSecurities","data":{"cmd":"getClassSecurities","data":"CETS_MTL","t":1775410362823},"id":97}
2026-04-05 20:32:42.650 LOG 3: result : table
2026-04-05 20:32:42.700 LOG 1: После dispatch: cmd=getClassSecurities, data тип=string
2026-04-05 20:32:42.750 LOG 0: Запрос от C# 1 (req_id=98): {"t":1775410362825,"cmd":"getClassSecurities","data":{"cmd":"getClassSecurities","data":"TQFD","t":1775410362825},"id":98}
2026-04-05 20:32:42.800 LOG 3: result : table
2026-04-05 20:32:42.850 LOG 1: После dispatch: cmd=getClassSecurities, data тип=string
2026-04-05 20:32:42.900 LOG 0: Запрос от C# 1 (req_id=99): {"t":1775410362827,"cmd":"getClassSecurities","data":{"cmd":"getClassSecurities","data":"TQFE","t":1775410362827},"id":99}
2026-04-05 20:32:42.950 LOG 3: result : table
2026-04-05 20:32:42.000 LOG 1: После dispatch: cmd=getClassSecurities, data тип=string
2026-04-05 20:32:42.050 LOG 0: Запрос от C# 1 (req_id=100): {"t":1775410362829,"cmd":"getClassSecurities","data":{"cmd":"getClassSecurities","data":"OCTR","t":1775410362829},"id":100}
2026-04-05 20:32:42.100 LOG 3: result : table
2026-04-05 20:32:42.150 LOG 1: После dispatch: cmd=getClassSecurities, data тип=string
2026-04-05 20:32:42.200 LOG 0: Запрос от C# 1 (req_id=101): {"t":1775410362831,"cmd":"getClassSecurities","data":{"cmd":"getClassSecurities","data":"TQTY","t":1775410362831},"id":101}
2026-04-05 20:32:42.250 LOG 3: result : table
2026-04-05 20:32:42.300 LOG 1: После dispatch: cmd=getClassSecurities, data тип=string
2026-04-05 20:32:42.350 LOG 0: Запрос от C# 1 (req_id=102): {"t":1775410362835,"cmd":"getClassSecurities","data":{"cmd":"getClassSecurities","data":"MTQR","t":1775410362835},"id":102}
2026-04-05 20:32:42.400 LOG 3: result : table
2026-04-05 20:32:42.450 LOG 1: После dispatch: cmd=getClassSecurities, data тип=string
2026-04-05 20:32:42.500 LOG 0: Запрос от C# 1 (req_id=103): {"t":1775410362838,"cmd":"getClassSecurities","data":{"cmd":"getClassSecurities","data":"SMAL","t":1775410362838},"id":103}
2026-04-05 20:32:42.550 LOG 3: result : table
2026-04-05 20:32:42.600 LOG 1: После dispatch: cmd=getClassSecurities, data тип=string
2026-04-05 20:32:42.650 LOG 0: Запрос от C# 1 (req_id=104): {"t":1775410362841,"cmd":"getClassSecurities","data":{"cmd":"getClassSecurities","data":"TQBR","t":1775410362841},"id":104}
2026-04-05 20:32:42.700 LOG 3: result : table
2026-04-05 20:32:42.750 LOG 1: После dispatch: cmd=getClassSecurities, data тип=string
2026-04-05 20:32:42.800 LOG 0: Запрос от C# 1 (req_id=105): {"t":1775410362842,"cmd":"getClassSecurities","data":{"cmd":"getClassSecurities","data":"TQOB","t":1775410362842},"id":105}
2026-04-05 20:32:42.850 LOG 3: result : table
2026-04-05 20:32:42.900 LOG 1: После dispatch: cmd=getClassSecurities, data тип=string
2026-04-05 20:32:42.950 LOG 0: Запрос от C# 1 (req_id=106): {"t":1775410362847,"cmd":"getClassSecurities","data":{"cmd":"getClassSecurities","data":"TQIF","t":1775410362847},"id":106}
2026-04-05 20:32:42.000 LOG 3: result : table
2026-04-05 20:32:42.050 LOG 1: После dispatch: cmd=getClassSecurities, data тип=string
2026-04-05 20:32:42.100 LOG 0: Запрос от C# 1 (req_id=107): {"t":1775410362848,"cmd":"getClassSecurities","data":{"cmd":"getClassSecurities","data":"TQTF","t":1775410362848},"id":107}
2026-04-05 20:32:42.150 LOG 3: result : table
2026-04-05 20:32:42.200 LOG 1: После dispatch: cmd=getClassSecurities, data тип=string
2026-04-05 20:32:42.250 LOG 0: Запрос от C# 1 (req_id=108): {"t":1775410362850,"cmd":"getClassSecurities","data":{"cmd":"getClassSecurities","data":"TQTF_W","t":1775410362850},"id":108}
2026-04-05 20:32:42.300 LOG 3: result : table
2026-04-05 20:32:42.350 LOG 1: После dispatch: cmd=getClassSecurities, data тип=string
2026-04-05 20:32:42.400 LOG 0: Запрос от C# 1 (req_id=109): {"t":1775410362852,"cmd":"getClassSecurities","data":{"cmd":"getClassSecurities","data":"TQBD","t":1775410362852},"id":109}
2026-04-05 20:32:42.450 LOG 3: result : table
2026-04-05 20:32:42.500 LOG 1: После dispatch: cmd=getClassSecurities, data тип=string
2026-04-05 20:32:42.550 LOG 0: Запрос от C# 1 (req_id=110): {"t":1775410362854,"cmd":"getClassSecurities","data":{"cmd":"getClassSecurities","data":"TQTD","t":1775410362854},"id":110}
2026-04-05 20:32:42.600 LOG 3: result : table
2026-04-05 20:32:42.650 LOG 1: После dispatch: cmd=getClassSecurities, data тип=string
2026-04-05 20:32:42.700 LOG 0: Запрос от C# 1 (req_id=111): {"t":1775410362858,"cmd":"getClassSecurities","data":{"cmd":"getClassSecurities","data":"TQOD","t":1775410362858},"id":111}
2026-04-05 20:32:42.750 LOG 3: result : table
2026-04-05 20:32:42.800 LOG 1: После dispatch: cmd=getClassSecurities, data тип=string
2026-04-05 20:32:42.850 LOG 0: Запрос от C# 1 (req_id=112): {"t":1775410362859,"cmd":"getClassSecurities","data":{"cmd":"getClassSecurities","data":"TQOY","t":1775410362859},"id":112}
2026-04-05 20:32:42.900 LOG 3: result : table
2026-04-05 20:32:42.950 LOG 1: После dispatch: cmd=getClassSecurities, data тип=string
2026-04-05 20:32:42.000 LOG 0: Запрос от C# 1 (req_id=113): {"t":1775410362861,"cmd":"getClassSecurities","data":{"cmd":"getClassSecurities","data":"TQTF_F_HOL","t":1775410362861},"id":113}
2026-04-05 20:32:42.050 LOG 3: result : table
2026-04-05 20:32:42.100 LOG 1: После dispatch: cmd=getClassSecurities, data тип=string
2026-04-05 20:32:42.150 LOG 0: Запрос от C# 1 (req_id=114): {"t":1775410362863,"cmd":"getClassSecurities","data":{"cmd":"getClassSecurities","data":"EES_OTC","t":1775410362863},"id":114}
2026-04-05 20:32:42.200 LOG 3: result : table
2026-04-05 20:32:42.250 LOG 1: После dispatch: cmd=getClassSecurities, data тип=string
2026-04-05 20:32:42.300 LOG 0: Запрос от C# 1 (req_id=115): {"t":1775410362865,"cmd":"getClassSecurities","data":{"cmd":"getClassSecurities","data":"TQTF_F","t":1775410362865},"id":115}
2026-04-05 20:32:42.350 LOG 3: result : table
2026-04-05 20:32:42.400 LOG 1: После dispatch: cmd=getClassSecurities, data тип=string
2026-04-05 20:32:42.450 LOG 0: Запрос от C# 1 (req_id=116): {"t":1775410362869,"cmd":"getClassSecurities","data":{"cmd":"getClassSecurities","data":"SMS","t":1775410362869},"id":116}
2026-04-05 20:32:42.500 LOG 3: result : table
2026-04-05 20:32:42.550 LOG 1: После dispatch: cmd=getClassSecurities, data тип=string
2026-04-05 20:32:42.600 LOG 0: Запрос от C# 1 (req_id=117): {"t":1775410362870,"cmd":"getClassSecurities","data":{"cmd":"getClassSecurities","data":"MPAU","t":1775410362870},"id":117}
2026-04-05 20:32:42.650 LOG 3: result : table
2026-04-05 20:32:42.700 LOG 1: После dispatch: cmd=getClassSecurities, data тип=string
2026-04-05 20:32:42.750 LOG 0: Запрос от C# 1 (req_id=118): {"t":1775410362872,"cmd":"getClassSecurities","data":{"cmd":"getClassSecurities","data":"PSAU_FREE","t":1775410362872},"id":118}
2026-04-05 20:32:42.800 LOG 3: result : table
2026-04-05 20:32:42.850 LOG 1: После dispatch: cmd=getClassSecurities, data тип=string
2026-04-05 20:32:42.900 LOG 0: Запрос от C# 1 (req_id=119): {"t":1775410362874,"cmd":"getClassSecurities","data":{"cmd":"getClassSecurities","data":"PSAU","t":1775410362874},"id":119}
2026-04-05 20:32:42.950 LOG 3: result : table
2026-04-05 20:32:42.000 LOG 1: После dispatch: cmd=getClassSecurities, data тип=string
2026-04-05 20:32:42.050 LOG 0: Запрос от C# 1 (req_id=120): {"t":1775410362876,"cmd":"getClassSecurities","data":{"cmd":"getClassSecurities","data":"PSSU","t":1775410362876},"id":120}
2026-04-05 20:32:42.100 LOG 3: result : table
2026-04-05 20:32:42.150 LOG 1: После dispatch: cmd=getClassSecurities, data тип=string
2026-04-05 20:32:42.200 LOG 0: Запрос от C# 1 (req_id=121): {"t":1775410362880,"cmd":"getClassSecurities","data":{"cmd":"getClassSecurities","data":"PSSU_YAD","t":1775410362880},"id":121}
2026-04-05 20:32:42.250 LOG 3: result : table
2026-04-05 20:32:42.300 LOG 1: После dispatch: cmd=getClassSecurities, data тип=string
2026-04-05 20:32:42.350 LOG 0: Запрос от C# 1 (req_id=122): {"t":1775410362881,"cmd":"getClassSecurities","data":{"cmd":"getClassSecurities","data":"PACY","t":1775410362881},"id":122}
2026-04-05 20:32:42.400 LOG 3: result : table
2026-04-05 20:32:42.450 LOG 1: После dispatch: cmd=getClassSecurities, data тип=string
2026-04-05 20:32:42.500 LOG 0: Запрос от C# 1 (req_id=123): {"t":1775410362883,"cmd":"getClassSecurities","data":{"cmd":"getClassSecurities","data":"QT_EQ","t":1775410362883},"id":123}
2026-04-05 20:32:42.550 LOG 3: result : table
2026-04-05 20:32:42.600 LOG 1: После dispatch: cmd=getClassSecurities, data тип=string
2026-04-05 20:32:42.650 LOG 0: Запрос от C# 1 (req_id=124): {"t":1775410362888,"cmd":"getSecurityInfo","data":{"cmd":"getSecurityInfo","data":"SPBFUT|RIM6","t":1775410362887},"id":124}
2026-04-05 20:32:42.700 LOG 3: result : table
2026-04-05 20:32:42.750 LOG 1: После dispatch: cmd=getSecurityInfo, data тип=table
2026-04-05 20:32:42.800 LOG 0: Запрос от C# 1 (req_id=125): {"t":1775410362907,"cmd":"getSecurityInfo","data":{"cmd":"getSecurityInfo","data":"TQBR|LKOH","t":1775410362907},"id":125}
2026-04-05 20:32:42.850 LOG 3: result : table
2026-04-05 20:32:42.900 LOG 1: После dispatch: cmd=getSecurityInfo, data тип=table
2026-04-05 20:32:42.950 LOG 0: Запрос от C# 1 (req_id=126): {"t":1775410362925,"cmd":"getClassesList","data":{"cmd":"getClassesList","data":"","t":1775410362925},"id":126}
2026-04-05 20:32:42.000 LOG 0: Р’С‹Р·РѕРІ getClassesList, req_id=?
2026-04-05 20:32:42.050 LOG 3: result : table
2026-04-05 20:32:42.100 LOG 1: После dispatch: cmd=getClassesList, data тип=string
2026-04-05 20:32:42.150 LOG 0: Запрос от C# 1 (req_id=127): {"t":1775410362928,"cmd":"getSecurityClass","data":{"cmd":"getSecurityClass","data":"TQTE,TQCB,TQOE,TQRD,TQUD,TQED,FQBR,SPBFUT,SPBOPT,USDRUB,OPTSPOT,OPTCURNCY,OPTCOMDTY,OPTIDX,RTSIDX,EQRP_INFO,FUTCLT,SPBXM,SPBDE,SPBRU,SPBRUBND,SPBRU_USD,PSSPBRUBNDDO,REPORT,REPORTFORTS,CROSSRATE,QT_BN,INDX,TQIF_HOL,TQTF_HOL,TQTF_W_HOL,UP,CETS,CETS_MTL,TQFD,TQFE,OCTR,TQTY,MTQR,SMAL,TQBR,TQOB,TQIF,TQTF,TQTF_W,TQBD,TQTD,TQOD,TQOY,TQTF_F_HOL,EES_OTC,TQTF_F,SMS,MPAU,PSAU_FREE,PSAU,PSSU,PSSU_YAD,PACY,QT_EQ|LKOH","t":1775410362928},"id":127}
2026-04-05 20:32:42.200 LOG 3: result : table
2026-04-05 20:32:42.250 LOG 1: После dispatch: cmd=getSecurityClass, data тип=string
2026-04-05 20:32:42.300 LOG 0: Запрос от C# 1 (req_id=128): {"t":1775410362934,"cmd":"getClientCode","data":{"cmd":"getClientCode","data":"","t":1775410362934},"id":128}
2026-04-05 20:32:42.350 LOG 2: [QS DEBUG] getClientCode: MONEY_LIMITS count = 8
2026-04-05 20:32:42.400 LOG 2: [QS DEBUG] getClientCode: index 0 client_code = 136XHS
2026-04-05 20:32:42.450 LOG 3: result : table
2026-04-05 20:32:42.500 LOG 1: После dispatch: cmd=getClientCode, data тип=string
2026-04-05 20:32:42.550 LOG 0: Запрос от C# 1 (req_id=129): {"t":1775410362938,"cmd":"getClientCodes","data":{"cmd":"getClientCodes","data":"","t":1775410362938},"id":129}
2026-04-05 20:32:42.600 LOG 2: [QS DEBUG] getClientCodes: MONEY_LIMITS count = 8
2026-04-05 20:32:42.650 LOG 2: [QS DEBUG] getClientCodes: index 0 client_code = 136XHS
2026-04-05 20:32:42.700 LOG 2: [QS DEBUG] getClientCodes: index 1 client_code = 136XHS
2026-04-05 20:32:42.750 LOG 2: [QS DEBUG] getClientCodes: index 2 client_code = 136XHS
2026-04-05 20:32:42.800 LOG 2: [QS DEBUG] getClientCodes: index 3 client_code = 136XHS
2026-04-05 20:32:42.850 LOG 2: [QS DEBUG] getClientCodes: index 4 client_code = 136XHS
2026-04-05 20:32:42.900 LOG 2: [QS DEBUG] getClientCodes: index 5 client_code = 136XHS
2026-04-05 20:32:42.950 LOG 2: [QS DEBUG] getClientCodes: index 6 client_code = 136XHS
2026-04-05 20:32:42.000 LOG 2: [QS DEBUG] getClientCodes: index 7 client_code = 136XHS
2026-04-05 20:32:42.050 LOG 2: [QS DEBUG] getClientCodes: total unique = 1
2026-04-05 20:32:42.100 LOG 3: result : table
2026-04-05 20:32:42.150 LOG 1: После dispatch: cmd=getClientCodes, data тип=table
2026-04-05 20:32:42.200 LOG 0: Запрос от C# 1 (req_id=130): {"t":1775410362945,"cmd":"getTradeAccount","data":{"cmd":"getTradeAccount","data":"TQBR","t":1775410362945},"id":130}
2026-04-05 20:32:42.250 LOG 2: [QS DEBUG] getTradeAccount: accounts count = 6
2026-04-05 20:32:42.300 LOG 2: [QS DEBUG] getTradeAccount: index 0 class_codes = |SPBFUT|SPBOPT|OPTSPOT|PSOPTSPOT|OPTCURNCY|PSOPTCURNCY|OPTCOMDTY|PSOPTCOMDTY|OPTIDX|PSOPTIDX|PSFUT|PSOPT| trdaccid = SPBFUT29Q7T
2026-04-05 20:32:42.350 LOG 3: result : string
2026-04-05 20:33:38.050 LOG 0: Detected Quik version: 1208, script path: C:\Programming\QuikSharp\lua
2026-04-05 20:33:38.100 LOG 1: Shared memory IPC (variant 2) initialized
2026-04-05 20:33:38.150 LOG 1: QUIK# connected via shared memory (variant 2)
2026-04-05 20:34:05.050 LOG 0: Запрос от C# 1 (req_id=1): {"data":{"cmd":"getClassesList","data":"","t":1775410438888},"t":1775410443450,"cmd":"getClassesList","id":1}
2026-04-05 20:34:05.100 LOG 0: Р’С‹Р·РѕРІ getClassesList, req_id=?
2026-04-05 20:34:05.150 LOG 3: result : table
2026-04-05 20:34:05.200 LOG 1: После dispatch: cmd=getClassesList, data тип=string
2026-04-05 20:34:26.050 LOG 0: Запрос от C# 1 (req_id=2): {"data":{"cmd":"get_order_by_number","data":"TQBR|999999999999","t":1775410455813},"t":1775410463056,"cmd":"get_order_by_number","id":2}
2026-04-05 20:34:26.100 LOG 3: get_order_by_number: Р·Р°СЏРІРєР° 999999999999 РЅРµ РЅР°Р№РґРµРЅР°
2026-04-05 20:34:26.150 LOG 3: result : table
2026-04-05 20:34:26.200 LOG 1: После dispatch: cmd=get_order_by_number, data тип=table
2026-04-05 20:39:35.050 LOG 0: Запрос от C# 1 (req_id=1): {"data":{"cmd":"getClassesList","data":"","t":1775410775353},"t":1775410775364,"cmd":"getClassesList","id":1}
2026-04-05 20:39:35.100 LOG 0: Р’С‹Р·РѕРІ getClassesList, req_id=?
2026-04-05 20:39:35.150 LOG 3: result : table
2026-04-05 20:39:35.200 LOG 1: После dispatch: cmd=getClassesList, data тип=string
2026-04-05 20:39:42.050 LOG 0: Запрос от C# 1 (req_id=2): {"data":{"cmd":"get_order_by_number","data":"TQBR|999999999999","t":1775410775498},"t":1775410779920,"cmd":"get_order_by_number","id":2}
2026-04-05 20:39:42.100 LOG 3: get_order_by_number: Р·Р°СЏРІРєР° 999999999999 РЅРµ РЅР°Р№РґРµРЅР°
2026-04-05 20:39:42.150 LOG 3: result : table
2026-04-05 20:39:42.200 LOG 1: После dispatch: cmd=get_order_by_number, data тип=table
2026-04-05 20:41:16.050 LOG 0: Запрос от C# 1 (req_id=1): {"data":{"cmd":"getClassesList","data":"","t":1775410876971},"t":1775410876973,"cmd":"getClassesList","id":1}
2026-04-05 20:41:16.100 LOG 0: Р’С‹Р·РѕРІ getClassesList, req_id=?
2026-04-05 20:41:16.150 LOG 3: result : table
2026-04-05 20:41:16.200 LOG 1: После dispatch: cmd=getClassesList, data тип=string
2026-04-05 20:41:19.050 LOG 0: Запрос от C# 1 (req_id=2): {"data":{"cmd":"get_order_by_number","data":"TQBR|999999999999","t":1775410877046},"t":1775410879397,"cmd":"get_order_by_number","id":2}
2026-04-05 20:41:19.100 LOG 3: get_order_by_number: Р·Р°СЏРІРєР° 999999999999 РЅРµ РЅР°Р№РґРµРЅР°
2026-04-05 20:41:19.150 LOG 3: result : table
2026-04-05 20:41:19.200 LOG 1: После dispatch: cmd=get_order_by_number, data тип=table
2026-04-05 20:42:01.050 LOG 0: Запрос от C# 1 (req_id=1): {"data":{"cmd":"get_order_by_number","data":"TQBR|999999999999","t":1775410895148},"t":1775410914451,"cmd":"get_order_by_number","id":1}
2026-04-05 20:42:01.100 LOG 3: get_order_by_number: Р·Р°СЏРІРєР° 999999999999 РЅРµ РЅР°Р№РґРµРЅР°
2026-04-05 20:42:01.150 LOG 3: result : table
2026-04-05 20:42:01.200 LOG 1: После dispatch: cmd=get_order_by_number, data тип=table
2026-04-05 20:46:28.050 LOG 0: Запрос от C# 1 (req_id=1): {"data":{"cmd":"get_order_by_number","data":"TQBR|999999999999","t":1775411188476},"t":1775411188480,"cmd":"get_order_by_number","id":1}
2026-04-05 20:46:28.100 LOG 3: get_order_by_number: Р·Р°СЏРІРєР° 999999999999 РЅРµ РЅР°Р№РґРµРЅР°
2026-04-05 20:46:28.150 LOG 3: result : table
2026-04-05 20:46:28.200 LOG 1: После dispatch: cmd=get_order_by_number, data тип=table
2026-04-05 20:47:08.050 LOG 0: Запрос от C# 1 (req_id=1): {"data":{"cmd":"get_order_by_number","data":"TQBR|999999999999","t":1775411220804},"t":1775411228704,"cmd":"get_order_by_number","id":1}
2026-04-05 20:47:08.100 LOG 3: get_order_by_number: Р·Р°СЏРІРєР° 999999999999 РЅРµ РЅР°Р№РґРµРЅР°
2026-04-05 20:47:08.150 LOG 3: result : table
2026-04-05 20:47:08.200 LOG 1: После dispatch: cmd=get_order_by_number, data тип=table
2026-04-05 20:51:21.050 LOG 0: Запрос от C# 1 (req_id=1): {"data":{"cmd":"getClassesList","data":"","t":1775411481259},"t":1775411481261,"cmd":"getClassesList","id":1}
2026-04-05 20:51:21.100 LOG 0: Р’С‹Р·РѕРІ getClassesList, req_id=?
2026-04-05 20:51:21.150 LOG 3: result : table
2026-04-05 20:51:21.200 LOG 1: После dispatch: cmd=getClassesList, data тип=string
2026-04-05 20:51:21.250 LOG 0: Запрос от C# 1 (req_id=2): {"data":{"cmd":"getClassesList","data":"","t":1775411481320},"t":1775411481320,"cmd":"getClassesList","id":2}
2026-04-05 20:51:21.300 LOG 0: Р’С‹Р·РѕРІ getClassesList, req_id=?
2026-04-05 20:51:21.350 LOG 3: result : table
2026-04-05 20:51:21.400 LOG 1: После dispatch: cmd=getClassesList, data тип=string
2026-04-05 20:51:21.450 LOG 0: Запрос от C# 1 (req_id=3): {"data":{"cmd":"getClassInfo","data":"TQTE","t":1775411481322},"t":1775411481322,"cmd":"getClassInfo","id":3}
2026-04-05 20:51:21.500 LOG 3: result : table
2026-04-05 20:51:21.550 LOG 1: После dispatch: cmd=getClassInfo, data тип=table
2026-04-05 20:51:21.600 LOG 0: Запрос от C# 1 (req_id=4): {"data":{"cmd":"getClassInfo","data":"TQCB","t":1775411481327},"t":1775411481327,"cmd":"getClassInfo","id":4}
2026-04-05 20:51:21.650 LOG 3: result : table
2026-04-05 20:51:21.700 LOG 1: После dispatch: cmd=getClassInfo, data тип=table
2026-04-05 20:51:21.750 LOG 0: Запрос от C# 1 (req_id=5): {"data":{"cmd":"getClassInfo","data":"TQOE","t":1775411481332},"t":1775411481332,"cmd":"getClassInfo","id":5}
2026-04-05 20:51:21.800 LOG 3: result : table
2026-04-05 20:51:21.850 LOG 1: После dispatch: cmd=getClassInfo, data тип=table
2026-04-05 20:51:21.900 LOG 0: Запрос от C# 1 (req_id=6): {"data":{"cmd":"getClassInfo","data":"TQRD","t":1775411481336},"t":1775411481336,"cmd":"getClassInfo","id":6}
2026-04-05 20:51:21.950 LOG 3: result : table
2026-04-05 20:51:21.000 LOG 1: После dispatch: cmd=getClassInfo, data тип=table
2026-04-05 20:51:21.050 LOG 0: Запрос от C# 1 (req_id=7): {"data":{"cmd":"getClassInfo","data":"TQUD","t":1775411481337},"t":1775411481337,"cmd":"getClassInfo","id":7}
2026-04-05 20:51:21.100 LOG 3: result : table
2026-04-05 20:51:21.150 LOG 1: После dispatch: cmd=getClassInfo, data тип=table
2026-04-05 20:51:21.200 LOG 0: Запрос от C# 1 (req_id=8): {"data":{"cmd":"getClassInfo","data":"TQED","t":1775411481339},"t":1775411481339,"cmd":"getClassInfo","id":8}
2026-04-05 20:51:21.250 LOG 3: result : table
2026-04-05 20:51:21.300 LOG 1: После dispatch: cmd=getClassInfo, data тип=table
2026-04-05 20:51:21.350 LOG 0: Запрос от C# 1 (req_id=9): {"data":{"cmd":"getClassInfo","data":"FQBR","t":1775411481343},"t":1775411481343,"cmd":"getClassInfo","id":9}
2026-04-05 20:51:21.400 LOG 3: result : table
2026-04-05 20:51:21.450 LOG 1: После dispatch: cmd=getClassInfo, data тип=table
2026-04-05 20:51:21.500 LOG 0: Запрос от C# 1 (req_id=10): {"data":{"cmd":"getClassInfo","data":"SPBFUT","t":1775411481345},"t":1775411481345,"cmd":"getClassInfo","id":10}
2026-04-05 20:51:21.550 LOG 3: result : table
2026-04-05 20:51:21.600 LOG 1: После dispatch: cmd=getClassInfo, data тип=table
2026-04-05 20:51:21.650 LOG 0: Запрос от C# 1 (req_id=11): {"data":{"cmd":"getClassInfo","data":"SPBOPT","t":1775411481347},"t":1775411481347,"cmd":"getClassInfo","id":11}
2026-04-05 20:51:21.700 LOG 3: result : table
2026-04-05 20:51:21.750 LOG 1: После dispatch: cmd=getClassInfo, data тип=table
2026-04-05 20:51:21.800 LOG 0: Запрос от C# 1 (req_id=12): {"data":{"cmd":"getClassInfo","data":"USDRUB","t":1775411481350},"t":1775411481350,"cmd":"getClassInfo","id":12}
2026-04-05 20:51:21.850 LOG 3: result : table
2026-04-05 20:51:21.900 LOG 1: После dispatch: cmd=getClassInfo, data тип=table
2026-04-05 20:51:21.950 LOG 0: Запрос от C# 1 (req_id=13): {"data":{"cmd":"getClassInfo","data":"OPTSPOT","t":1775411481355},"t":1775411481355,"cmd":"getClassInfo","id":13}
2026-04-05 20:51:21.000 LOG 3: result : table
2026-04-05 20:51:21.050 LOG 1: После dispatch: cmd=getClassInfo, data тип=table
2026-04-05 20:51:21.100 LOG 0: Запрос от C# 1 (req_id=14): {"data":{"cmd":"getClassInfo","data":"OPTCURNCY","t":1775411481358},"t":1775411481358,"cmd":"getClassInfo","id":14}
2026-04-05 20:51:21.150 LOG 3: result : table
2026-04-05 20:51:21.200 LOG 1: После dispatch: cmd=getClassInfo, data тип=table
2026-04-05 20:51:21.250 LOG 0: Запрос от C# 1 (req_id=15): {"data":{"cmd":"getClassInfo","data":"OPTCOMDTY","t":1775411481362},"t":1775411481362,"cmd":"getClassInfo","id":15}
2026-04-05 20:51:21.300 LOG 3: result : table
2026-04-05 20:51:21.350 LOG 1: После dispatch: cmd=getClassInfo, data тип=table
2026-04-05 20:51:21.400 LOG 0: Запрос от C# 1 (req_id=16): {"data":{"cmd":"getClassInfo","data":"OPTIDX","t":1775411481367},"t":1775411481367,"cmd":"getClassInfo","id":16}
2026-04-05 20:51:21.450 LOG 3: result : table
2026-04-05 20:51:21.500 LOG 1: После dispatch: cmd=getClassInfo, data тип=table
2026-04-05 20:51:21.550 LOG 0: Запрос от C# 1 (req_id=17): {"data":{"cmd":"getClassInfo","data":"RTSIDX","t":1775411481370},"t":1775411481370,"cmd":"getClassInfo","id":17}
2026-04-05 20:51:21.600 LOG 3: result : table
2026-04-05 20:51:21.650 LOG 1: После dispatch: cmd=getClassInfo, data тип=table
2026-04-05 20:51:21.700 LOG 0: Запрос от C# 1 (req_id=18): {"data":{"cmd":"getClassInfo","data":"EQRP_INFO","t":1775411481373},"t":1775411481373,"cmd":"getClassInfo","id":18}
2026-04-05 20:51:21.750 LOG 3: result : table
2026-04-05 20:51:21.800 LOG 1: После dispatch: cmd=getClassInfo, data тип=table
2026-04-05 20:51:21.850 LOG 0: Запрос от C# 1 (req_id=19): {"data":{"cmd":"getClassInfo","data":"FUTCLT","t":1775411481375},"t":1775411481375,"cmd":"getClassInfo","id":19}
2026-04-05 20:51:21.900 LOG 3: result : table
2026-04-05 20:51:21.950 LOG 1: После dispatch: cmd=getClassInfo, data тип=table
2026-04-05 20:51:21.000 LOG 0: Запрос от C# 1 (req_id=20): {"data":{"cmd":"getClassInfo","data":"SPBXM","t":1775411481377},"t":1775411481377,"cmd":"getClassInfo","id":20}
2026-04-05 20:51:21.050 LOG 3: result : table
2026-04-05 20:51:21.100 LOG 1: После dispatch: cmd=getClassInfo, data тип=table
2026-04-05 20:51:21.150 LOG 0: Запрос от C# 1 (req_id=21): {"data":{"cmd":"getClassInfo","data":"SPBDE","t":1775411481379},"t":1775411481379,"cmd":"getClassInfo","id":21}
2026-04-05 20:51:21.200 LOG 3: result : table
2026-04-05 20:51:21.250 LOG 1: После dispatch: cmd=getClassInfo, data тип=table
2026-04-05 20:51:21.300 LOG 0: Запрос от C# 1 (req_id=22): {"data":{"cmd":"getClassInfo","data":"SPBRU","t":1775411481381},"t":1775411481381,"cmd":"getClassInfo","id":22}
2026-04-05 20:51:21.350 LOG 3: result : table
2026-04-05 20:51:21.400 LOG 1: После dispatch: cmd=getClassInfo, data тип=table
2026-04-05 20:51:21.450 LOG 0: Запрос от C# 1 (req_id=23): {"data":{"cmd":"getClassInfo","data":"SPBRUBND","t":1775411481383},"t":1775411481383,"cmd":"getClassInfo","id":23}
2026-04-05 20:51:21.500 LOG 3: result : table
2026-04-05 20:51:21.550 LOG 1: После dispatch: cmd=getClassInfo, data тип=table
2026-04-05 20:51:21.600 LOG 0: Запрос от C# 1 (req_id=24): {"data":{"cmd":"getClassInfo","data":"SPBRU_USD","t":1775411481385},"t":1775411481385,"cmd":"getClassInfo","id":24}
2026-04-05 20:51:21.650 LOG 3: result : table
2026-04-05 20:51:21.700 LOG 1: После dispatch: cmd=getClassInfo, data тип=table
2026-04-05 20:51:21.750 LOG 0: Запрос от C# 1 (req_id=25): {"data":{"cmd":"getClassInfo","data":"PSSPBRUBNDDO","t":1775411481387},"t":1775411481387,"cmd":"getClassInfo","id":25}
2026-04-05 20:51:21.800 LOG 3: result : table
2026-04-05 20:51:21.850 LOG 1: После dispatch: cmd=getClassInfo, data тип=table
2026-04-05 20:51:21.900 LOG 0: Запрос от C# 1 (req_id=26): {"data":{"cmd":"getClassInfo","data":"REPORT","t":1775411481394},"t":1775411481394,"cmd":"getClassInfo","id":26}
2026-04-05 20:51:21.950 LOG 3: result : table
2026-04-05 20:51:21.000 LOG 1: После dispatch: cmd=getClassInfo, data тип=table
2026-04-05 20:51:21.050 LOG 0: Запрос от C# 1 (req_id=27): {"data":{"cmd":"getClassInfo","data":"REPORTFORTS","t":1775411481395},"t":1775411481395,"cmd":"getClassInfo","id":27}
2026-04-05 20:51:21.100 LOG 3: result : table
2026-04-05 20:51:21.150 LOG 1: После dispatch: cmd=getClassInfo, data тип=table
2026-04-05 20:51:21.200 LOG 0: Запрос от C# 1 (req_id=28): {"data":{"cmd":"getClassInfo","data":"CROSSRATE","t":1775411481397},"t":1775411481397,"cmd":"getClassInfo","id":28}
2026-04-05 20:51:21.250 LOG 3: result : table
2026-04-05 20:51:21.300 LOG 1: После dispatch: cmd=getClassInfo, data тип=table
2026-04-05 20:51:21.350 LOG 0: Запрос от C# 1 (req_id=29): {"data":{"cmd":"getClassInfo","data":"QT_BN","t":1775411481398},"t":1775411481398,"cmd":"getClassInfo","id":29}
2026-04-05 20:51:21.400 LOG 3: result : table
2026-04-05 20:51:21.450 LOG 1: После dispatch: cmd=getClassInfo, data тип=table
2026-04-05 20:51:21.500 LOG 0: Запрос от C# 1 (req_id=30): {"data":{"cmd":"getClassInfo","data":"INDX","t":1775411481400},"t":1775411481400,"cmd":"getClassInfo","id":30}
2026-04-05 20:51:21.550 LOG 3: result : table
2026-04-05 20:51:21.600 LOG 1: После dispatch: cmd=getClassInfo, data тип=table
2026-04-05 20:51:21.650 LOG 0: Запрос от C# 1 (req_id=31): {"data":{"cmd":"getClassInfo","data":"TQIF_HOL","t":1775411481401},"t":1775411481401,"cmd":"getClassInfo","id":31}
2026-04-05 20:51:21.700 LOG 3: result : table
2026-04-05 20:51:21.750 LOG 1: После dispatch: cmd=getClassInfo, data тип=table
2026-04-05 20:51:21.800 LOG 0: Запрос от C# 1 (req_id=32): {"data":{"cmd":"getClassInfo","data":"TQTF_HOL","t":1775411481403},"t":1775411481403,"cmd":"getClassInfo","id":32}
2026-04-05 20:51:21.850 LOG 3: result : table
2026-04-05 20:51:21.900 LOG 1: После dispatch: cmd=getClassInfo, data тип=table
2026-04-05 20:51:21.950 LOG 0: Запрос от C# 1 (req_id=33): {"data":{"cmd":"getClassInfo","data":"TQTF_W_HOL","t":1775411481410},"t":1775411481410,"cmd":"getClassInfo","id":33}
2026-04-05 20:51:21.000 LOG 3: result : table
2026-04-05 20:51:21.050 LOG 1: После dispatch: cmd=getClassInfo, data тип=table
2026-04-05 20:51:21.100 LOG 0: Запрос от C# 1 (req_id=34): {"data":{"cmd":"getClassInfo","data":"UP","t":1775411481413},"t":1775411481413,"cmd":"getClassInfo","id":34}
2026-04-05 20:51:21.150 LOG 3: result : table
2026-04-05 20:51:21.200 LOG 1: После dispatch: cmd=getClassInfo, data тип=table
2026-04-05 20:51:21.250 LOG 0: Запрос от C# 1 (req_id=35): {"data":{"cmd":"getClassInfo","data":"CETS","t":1775411481417},"t":1775411481417,"cmd":"getClassInfo","id":35}
2026-04-05 20:51:21.300 LOG 3: result : table
2026-04-05 20:51:21.350 LOG 1: После dispatch: cmd=getClassInfo, data тип=table
2026-04-05 20:51:21.400 LOG 0: Запрос от C# 1 (req_id=36): {"data":{"cmd":"getClassInfo","data":"CETS_MTL","t":1775411481423},"t":1775411481424,"cmd":"getClassInfo","id":36}
2026-04-05 20:51:21.450 LOG 3: result : table
2026-04-05 20:51:21.500 LOG 1: После dispatch: cmd=getClassInfo, data тип=table
2026-04-05 20:51:21.550 LOG 0: Запрос от C# 1 (req_id=37): {"data":{"cmd":"getClassInfo","data":"TQFD","t":1775411481428},"t":1775411481428,"cmd":"getClassInfo","id":37}
2026-04-05 20:51:21.600 LOG 3: result : table
2026-04-05 20:51:21.650 LOG 1: После dispatch: cmd=getClassInfo, data тип=table
2026-04-05 20:51:21.700 LOG 0: Запрос от C# 1 (req_id=38): {"data":{"cmd":"getClassInfo","data":"TQFE","t":1775411481430},"t":1775411481430,"cmd":"getClassInfo","id":38}
2026-04-05 20:51:21.750 LOG 3: result : table
2026-04-05 20:51:21.800 LOG 1: После dispatch: cmd=getClassInfo, data тип=table
2026-04-05 20:51:21.850 LOG 0: Запрос от C# 1 (req_id=39): {"data":{"cmd":"getClassInfo","data":"OCTR","t":1775411481433},"t":1775411481433,"cmd":"getClassInfo","id":39}
2026-04-05 20:51:21.900 LOG 3: result : table
2026-04-05 20:51:21.950 LOG 1: После dispatch: cmd=getClassInfo, data тип=table
2026-04-05 20:51:21.000 LOG 0: Запрос от C# 1 (req_id=40): {"data":{"cmd":"getClassInfo","data":"TQTY","t":1775411481440},"t":1775411481440,"cmd":"getClassInfo","id":40}
2026-04-05 20:51:21.050 LOG 3: result : table
2026-04-05 20:51:21.100 LOG 1: После dispatch: cmd=getClassInfo, data тип=table
2026-04-05 20:51:21.150 LOG 0: Запрос от C# 1 (req_id=41): {"data":{"cmd":"getClassInfo","data":"MTQR","t":1775411481444},"t":1775411481444,"cmd":"getClassInfo","id":41}
2026-04-05 20:51:21.200 LOG 3: result : table
2026-04-05 20:51:21.250 LOG 1: После dispatch: cmd=getClassInfo, data тип=table
2026-04-05 20:51:21.300 LOG 0: Запрос от C# 1 (req_id=42): {"data":{"cmd":"getClassInfo","data":"SMAL","t":1775411481446},"t":1775411481446,"cmd":"getClassInfo","id":42}
2026-04-05 20:51:21.350 LOG 3: result : table
2026-04-05 20:51:21.400 LOG 1: После dispatch: cmd=getClassInfo, data тип=table
2026-04-05 20:51:21.450 LOG 0: Запрос от C# 1 (req_id=43): {"data":{"cmd":"getClassInfo","data":"TQBR","t":1775411481451},"t":1775411481451,"cmd":"getClassInfo","id":43}
2026-04-05 20:51:21.500 LOG 3: result : table
2026-04-05 20:51:21.550 LOG 1: После dispatch: cmd=getClassInfo, data тип=table
2026-04-05 20:51:21.600 LOG 0: Запрос от C# 1 (req_id=44): {"data":{"cmd":"getClassInfo","data":"TQOB","t":1775411481454},"t":1775411481454,"cmd":"getClassInfo","id":44}
2026-04-05 20:51:21.650 LOG 3: result : table
2026-04-05 20:51:21.700 LOG 1: После dispatch: cmd=getClassInfo, data тип=table
2026-04-05 20:51:21.750 LOG 0: Запрос от C# 1 (req_id=45): {"data":{"cmd":"getClassInfo","data":"TQIF","t":1775411481457},"t":1775411481457,"cmd":"getClassInfo","id":45}
2026-04-05 20:51:21.800 LOG 3: result : table
2026-04-05 20:51:21.850 LOG 1: После dispatch: cmd=getClassInfo, data тип=table
2026-04-05 20:51:21.900 LOG 0: Запрос от C# 1 (req_id=46): {"data":{"cmd":"getClassInfo","data":"TQTF","t":1775411481459},"t":1775411481459,"cmd":"getClassInfo","id":46}
2026-04-05 20:51:21.950 LOG 3: result : table
2026-04-05 20:51:21.000 LOG 1: После dispatch: cmd=getClassInfo, data тип=table
2026-04-05 20:51:21.050 LOG 0: Запрос от C# 1 (req_id=47): {"data":{"cmd":"getClassInfo","data":"TQTF_W","t":1775411481461},"t":1775411481461,"cmd":"getClassInfo","id":47}
2026-04-05 20:51:21.100 LOG 3: result : table
2026-04-05 20:51:21.150 LOG 1: После dispatch: cmd=getClassInfo, data тип=table
2026-04-05 20:51:21.200 LOG 0: Запрос от C# 1 (req_id=48): {"data":{"cmd":"getClassInfo","data":"TQBD","t":1775411481462},"t":1775411481462,"cmd":"getClassInfo","id":48}
2026-04-05 20:51:21.250 LOG 3: result : table
2026-04-05 20:51:21.300 LOG 1: После dispatch: cmd=getClassInfo, data тип=table
2026-04-05 20:51:21.350 LOG 0: Запрос от C# 1 (req_id=49): {"data":{"cmd":"getClassInfo","data":"TQTD","t":1775411481464},"t":1775411481464,"cmd":"getClassInfo","id":49}
2026-04-05 20:51:21.400 LOG 3: result : table
2026-04-05 20:51:21.450 LOG 1: После dispatch: cmd=getClassInfo, data тип=table
2026-04-05 20:51:21.500 LOG 0: Запрос от C# 1 (req_id=50): {"data":{"cmd":"getClassInfo","data":"TQOD","t":1775411481465},"t":1775411481465,"cmd":"getClassInfo","id":50}
2026-04-05 20:51:21.550 LOG 3: result : table
2026-04-05 20:51:21.600 LOG 1: После dispatch: cmd=getClassInfo, data тип=table
2026-04-05 20:51:21.650 LOG 0: Запрос от C# 1 (req_id=51): {"data":{"cmd":"getClassInfo","data":"TQOY","t":1775411481467},"t":1775411481467,"cmd":"getClassInfo","id":51}
2026-04-05 20:51:21.700 LOG 3: result : table
2026-04-05 20:51:21.750 LOG 1: После dispatch: cmd=getClassInfo, data тип=table
2026-04-05 20:51:21.800 LOG 0: Запрос от C# 1 (req_id=52): {"data":{"cmd":"getClassInfo","data":"TQTF_F_HOL","t":1775411481469},"t":1775411481469,"cmd":"getClassInfo","id":52}
2026-04-05 20:51:21.850 LOG 3: result : table
2026-04-05 20:51:21.900 LOG 1: После dispatch: cmd=getClassInfo, data тип=table
2026-04-05 20:51:21.950 LOG 0: Запрос от C# 1 (req_id=53): {"data":{"cmd":"getClassInfo","data":"EES_OTC","t":1775411481470},"t":1775411481470,"cmd":"getClassInfo","id":53}
2026-04-05 20:51:21.000 LOG 3: result : table
2026-04-05 20:51:21.050 LOG 1: После dispatch: cmd=getClassInfo, data тип=table
2026-04-05 20:51:21.100 LOG 0: Запрос от C# 1 (req_id=54): {"data":{"cmd":"getClassInfo","data":"TQTF_F","t":1775411481472},"t":1775411481472,"cmd":"getClassInfo","id":54}
2026-04-05 20:51:21.150 LOG 3: result : table
2026-04-05 20:51:21.200 LOG 1: После dispatch: cmd=getClassInfo, data тип=table
2026-04-05 20:51:21.250 LOG 0: Запрос от C# 1 (req_id=55): {"data":{"cmd":"getClassInfo","data":"SMS","t":1775411481478},"t":1775411481478,"cmd":"getClassInfo","id":55}
2026-04-05 20:51:21.300 LOG 3: result : table
2026-04-05 20:51:21.350 LOG 1: После dispatch: cmd=getClassInfo, data тип=table
2026-04-05 20:51:21.400 LOG 0: Запрос от C# 1 (req_id=56): {"data":{"cmd":"getClassInfo","data":"MPAU","t":1775411481480},"t":1775411481480,"cmd":"getClassInfo","id":56}
2026-04-05 20:51:21.450 LOG 3: result : table
2026-04-05 20:51:21.500 LOG 1: После dispatch: cmd=getClassInfo, data тип=table
2026-04-05 20:51:21.550 LOG 0: Запрос от C# 1 (req_id=57): {"data":{"cmd":"getClassInfo","data":"PSAU_FREE","t":1775411481482},"t":1775411481482,"cmd":"getClassInfo","id":57}
2026-04-05 20:51:21.600 LOG 3: result : table
2026-04-05 20:51:21.650 LOG 1: После dispatch: cmd=getClassInfo, data тип=table
2026-04-05 20:51:21.700 LOG 0: Запрос от C# 1 (req_id=58): {"data":{"cmd":"getClassInfo","data":"PSAU","t":1775411481484},"t":1775411481484,"cmd":"getClassInfo","id":58}
2026-04-05 20:51:21.750 LOG 3: result : table
2026-04-05 20:51:21.800 LOG 1: После dispatch: cmd=getClassInfo, data тип=table
2026-04-05 20:51:21.850 LOG 0: Запрос от C# 1 (req_id=59): {"data":{"cmd":"getClassInfo","data":"PSSU","t":1775411481485},"t":1775411481485,"cmd":"getClassInfo","id":59}
2026-04-05 20:51:21.900 LOG 3: result : table
2026-04-05 20:51:21.950 LOG 1: После dispatch: cmd=getClassInfo, data тип=table
2026-04-05 20:51:21.000 LOG 0: Запрос от C# 1 (req_id=60): {"data":{"cmd":"getClassInfo","data":"PSSU_YAD","t":1775411481487},"t":1775411481487,"cmd":"getClassInfo","id":60}
2026-04-05 20:51:21.050 LOG 3: result : table
2026-04-05 20:51:21.100 LOG 1: После dispatch: cmd=getClassInfo, data тип=table
2026-04-05 20:51:21.150 LOG 0: Запрос от C# 1 (req_id=61): {"data":{"cmd":"getClassInfo","data":"PACY","t":1775411481489},"t":1775411481489,"cmd":"getClassInfo","id":61}
2026-04-05 20:51:21.200 LOG 3: result : table
2026-04-05 20:51:21.250 LOG 1: После dispatch: cmd=getClassInfo, data тип=table
2026-04-05 20:51:21.300 LOG 0: Запрос от C# 1 (req_id=62): {"data":{"cmd":"getClassInfo","data":"QT_EQ","t":1775411481493},"t":1775411481493,"cmd":"getClassInfo","id":62}
2026-04-05 20:51:21.350 LOG 3: result : table
2026-04-05 20:51:21.400 LOG 1: После dispatch: cmd=getClassInfo, data тип=table
2026-04-05 20:51:21.450 LOG 0: Запрос от C# 1 (req_id=63): {"data":{"cmd":"getClassesList","data":"","t":1775411481495},"t":1775411481495,"cmd":"getClassesList","id":63}
2026-04-05 20:51:21.500 LOG 0: Р’С‹Р·РѕРІ getClassesList, req_id=?
2026-04-05 20:51:21.550 LOG 3: result : table
2026-04-05 20:51:21.600 LOG 1: После dispatch: cmd=getClassesList, data тип=string
2026-04-05 20:51:21.650 LOG 0: Запрос от C# 1 (req_id=64): {"data":{"cmd":"getClassSecurities","data":"TQTE","t":1775411481497},"t":1775411481497,"cmd":"getClassSecurities","id":64}
2026-04-05 20:51:21.700 LOG 3: result : table
2026-04-05 20:51:21.750 LOG 1: После dispatch: cmd=getClassSecurities, data тип=string
2026-04-05 20:51:21.800 LOG 0: Запрос от C# 1 (req_id=65): {"data":{"cmd":"getClassSecurities","data":"TQCB","t":1775411481498},"t":1775411481498,"cmd":"getClassSecurities","id":65}
2026-04-05 20:51:21.850 LOG 3: result : table
2026-04-05 20:51:21.900 LOG 1: После dispatch: cmd=getClassSecurities, data тип=string
2026-04-05 20:51:21.950 LOG 0: Запрос от C# 1 (req_id=66): {"data":{"cmd":"getClassSecurities","data":"TQOE","t":1775411481509},"t":1775411481509,"cmd":"getClassSecurities","id":66}
2026-04-05 20:51:21.000 LOG 3: result : table
2026-04-05 20:51:21.050 LOG 1: После dispatch: cmd=getClassSecurities, data тип=string
2026-04-05 20:51:21.100 LOG 0: Запрос от C# 1 (req_id=67): {"data":{"cmd":"getClassSecurities","data":"TQRD","t":1775411481511},"t":1775411481511,"cmd":"getClassSecurities","id":67}
2026-04-05 20:51:21.150 LOG 3: result : table
2026-04-05 20:51:21.200 LOG 1: После dispatch: cmd=getClassSecurities, data тип=string
2026-04-05 20:51:21.250 LOG 0: Запрос от C# 1 (req_id=68): {"data":{"cmd":"getClassSecurities","data":"TQUD","t":1775411481513},"t":1775411481513,"cmd":"getClassSecurities","id":68}
2026-04-05 20:51:21.300 LOG 3: result : table
2026-04-05 20:51:21.350 LOG 1: После dispatch: cmd=getClassSecurities, data тип=string
2026-04-05 20:51:21.400 LOG 0: Запрос от C# 1 (req_id=69): {"data":{"cmd":"getClassSecurities","data":"TQED","t":1775411481515},"t":1775411481515,"cmd":"getClassSecurities","id":69}
2026-04-05 20:51:21.450 LOG 3: result : table
2026-04-05 20:51:21.500 LOG 1: После dispatch: cmd=getClassSecurities, data тип=string
2026-04-05 20:51:21.550 LOG 0: Запрос от C# 1 (req_id=70): {"data":{"cmd":"getClassSecurities","data":"FQBR","t":1775411481517},"t":1775411481517,"cmd":"getClassSecurities","id":70}
2026-04-05 20:51:21.600 LOG 3: result : table
2026-04-05 20:51:21.650 LOG 1: После dispatch: cmd=getClassSecurities, data тип=string
2026-04-05 20:51:21.700 LOG 0: Запрос от C# 1 (req_id=71): {"data":{"cmd":"getClassSecurities","data":"SPBFUT","t":1775411481518},"t":1775411481518,"cmd":"getClassSecurities","id":71}
2026-04-05 20:51:21.750 LOG 3: result : table
2026-04-05 20:51:21.800 LOG 1: После dispatch: cmd=getClassSecurities, data тип=string
2026-04-05 20:51:21.850 LOG 0: Запрос от C# 1 (req_id=72): {"data":{"cmd":"getClassSecurities","data":"SPBOPT","t":1775411481520},"t":1775411481520,"cmd":"getClassSecurities","id":72}
2026-04-05 20:51:21.900 LOG 3: result : table
2026-04-05 20:51:21.950 LOG 1: После dispatch: cmd=getClassSecurities, data тип=string
2026-04-05 20:51:21.000 LOG 0: Запрос от C# 1 (req_id=73): {"data":{"cmd":"getClassSecurities","data":"USDRUB","t":1775411481543},"t":1775411481543,"cmd":"getClassSecurities","id":73}
2026-04-05 20:51:21.050 LOG 3: result : table
2026-04-05 20:51:21.100 LOG 1: После dispatch: cmd=getClassSecurities, data тип=string
2026-04-05 20:51:21.150 LOG 0: Запрос от C# 1 (req_id=74): {"data":{"cmd":"getClassSecurities","data":"OPTSPOT","t":1775411481548},"t":1775411481548,"cmd":"getClassSecurities","id":74}
2026-04-05 20:51:21.200 LOG 3: result : table
2026-04-05 20:51:21.250 LOG 1: После dispatch: cmd=getClassSecurities, data тип=string
2026-04-05 20:51:21.300 LOG 0: Запрос от C# 1 (req_id=75): {"data":{"cmd":"getClassSecurities","data":"OPTCURNCY","t":1775411481585},"t":1775411481585,"cmd":"getClassSecurities","id":75}
2026-04-05 20:51:21.350 LOG 3: result : table
2026-04-05 20:51:21.400 LOG 1: После dispatch: cmd=getClassSecurities, data тип=string
2026-04-05 20:51:21.450 LOG 0: Запрос от C# 1 (req_id=76): {"data":{"cmd":"getClassSecurities","data":"OPTCOMDTY","t":1775411481587},"t":1775411481587,"cmd":"getClassSecurities","id":76}
2026-04-05 20:51:21.500 LOG 3: result : table
2026-04-05 20:51:21.550 LOG 1: После dispatch: cmd=getClassSecurities, data тип=string
2026-04-05 20:51:21.600 LOG 0: Запрос от C# 1 (req_id=77): {"data":{"cmd":"getClassSecurities","data":"OPTIDX","t":1775411481590},"t":1775411481590,"cmd":"getClassSecurities","id":77}
2026-04-05 20:51:21.650 LOG 3: result : table
2026-04-05 20:51:21.700 LOG 1: После dispatch: cmd=getClassSecurities, data тип=string
2026-04-05 20:51:21.750 LOG 0: Запрос от C# 1 (req_id=78): {"data":{"cmd":"getClassSecurities","data":"RTSIDX","t":1775411481596},"t":1775411481596,"cmd":"getClassSecurities","id":78}
2026-04-05 20:51:21.800 LOG 3: result : table
2026-04-05 20:51:21.850 LOG 1: После dispatch: cmd=getClassSecurities, data тип=string
2026-04-05 20:51:21.900 LOG 0: Запрос от C# 1 (req_id=79): {"data":{"cmd":"getClassSecurities","data":"EQRP_INFO","t":1775411481599},"t":1775411481599,"cmd":"getClassSecurities","id":79}
2026-04-05 20:51:21.950 LOG 3: result : table
2026-04-05 20:51:21.000 LOG 1: После dispatch: cmd=getClassSecurities, data тип=string
2026-04-05 20:51:21.050 LOG 0: Запрос от C# 1 (req_id=80): {"data":{"cmd":"getClassSecurities","data":"FUTCLT","t":1775411481609},"t":1775411481609,"cmd":"getClassSecurities","id":80}
2026-04-05 20:51:21.100 LOG 3: result : table
2026-04-05 20:51:21.150 LOG 1: После dispatch: cmd=getClassSecurities, data тип=string
2026-04-05 20:51:21.200 LOG 0: Запрос от C# 1 (req_id=81): {"data":{"cmd":"getClassSecurities","data":"SPBXM","t":1775411481611},"t":1775411481611,"cmd":"getClassSecurities","id":81}
2026-04-05 20:51:21.250 LOG 3: result : table
2026-04-05 20:51:21.300 LOG 1: После dispatch: cmd=getClassSecurities, data тип=string
2026-04-05 20:51:21.350 LOG 0: Запрос от C# 1 (req_id=82): {"data":{"cmd":"getClassSecurities","data":"SPBDE","t":1775411481615},"t":1775411481615,"cmd":"getClassSecurities","id":82}
2026-04-05 20:51:21.400 LOG 3: result : table
2026-04-05 20:51:21.450 LOG 1: После dispatch: cmd=getClassSecurities, data тип=string
2026-04-05 20:51:21.500 LOG 0: Запрос от C# 1 (req_id=83): {"data":{"cmd":"getClassSecurities","data":"SPBRU","t":1775411481617},"t":1775411481617,"cmd":"getClassSecurities","id":83}
2026-04-05 20:51:21.550 LOG 3: result : table
2026-04-05 20:51:21.600 LOG 1: После dispatch: cmd=getClassSecurities, data тип=string
2026-04-05 20:51:21.650 LOG 0: Запрос от C# 1 (req_id=84): {"data":{"cmd":"getClassSecurities","data":"SPBRUBND","t":1775411481619},"t":1775411481619,"cmd":"getClassSecurities","id":84}
2026-04-05 20:51:21.700 LOG 3: result : table
2026-04-05 20:51:21.750 LOG 1: После dispatch: cmd=getClassSecurities, data тип=string
2026-04-05 20:51:21.800 LOG 0: Запрос от C# 1 (req_id=85): {"data":{"cmd":"getClassSecurities","data":"SPBRU_USD","t":1775411481623},"t":1775411481623,"cmd":"getClassSecurities","id":85}
2026-04-05 20:51:21.850 LOG 3: result : table
2026-04-05 20:51:21.900 LOG 1: После dispatch: cmd=getClassSecurities, data тип=string
2026-04-05 20:51:21.950 LOG 0: Запрос от C# 1 (req_id=86): {"data":{"cmd":"getClassSecurities","data":"PSSPBRUBNDDO","t":1775411481626},"t":1775411481626,"cmd":"getClassSecurities","id":86}
2026-04-05 20:51:21.000 LOG 3: result : table
2026-04-05 20:51:21.050 LOG 1: После dispatch: cmd=getClassSecurities, data тип=string
2026-04-05 20:51:21.100 LOG 0: Запрос от C# 1 (req_id=87): {"data":{"cmd":"getClassSecurities","data":"REPORT","t":1775411481628},"t":1775411481628,"cmd":"getClassSecurities","id":87}
2026-04-05 20:51:21.150 LOG 3: result : table
2026-04-05 20:51:21.200 LOG 1: После dispatch: cmd=getClassSecurities, data тип=string
2026-04-05 20:51:21.250 LOG 0: Запрос от C# 1 (req_id=88): {"data":{"cmd":"getClassSecurities","data":"REPORTFORTS","t":1775411481634},"t":1775411481634,"cmd":"getClassSecurities","id":88}
2026-04-05 20:51:21.300 LOG 3: result : table
2026-04-05 20:51:21.350 LOG 1: После dispatch: cmd=getClassSecurities, data тип=string
2026-04-05 20:51:21.400 LOG 0: Запрос от C# 1 (req_id=89): {"data":{"cmd":"getClassSecurities","data":"CROSSRATE","t":1775411481638},"t":1775411481638,"cmd":"getClassSecurities","id":89}
2026-04-05 20:51:21.450 LOG 3: result : table
2026-04-05 20:51:21.500 LOG 1: После dispatch: cmd=getClassSecurities, data тип=string
2026-04-05 20:51:21.550 LOG 0: Запрос от C# 1 (req_id=90): {"data":{"cmd":"getClassSecurities","data":"QT_BN","t":1775411481639},"t":1775411481639,"cmd":"getClassSecurities","id":90}
2026-04-05 20:51:21.600 LOG 3: result : table
2026-04-05 20:51:21.650 LOG 1: После dispatch: cmd=getClassSecurities, data тип=string
2026-04-05 20:51:21.700 LOG 0: Запрос от C# 1 (req_id=91): {"data":{"cmd":"getClassSecurities","data":"INDX","t":1775411481641},"t":1775411481641,"cmd":"getClassSecurities","id":91}
2026-04-05 20:51:21.750 LOG 3: result : table
2026-04-05 20:51:21.800 LOG 1: После dispatch: cmd=getClassSecurities, data тип=string
2026-04-05 20:51:21.850 LOG 0: Запрос от C# 1 (req_id=92): {"data":{"cmd":"getClassSecurities","data":"TQIF_HOL","t":1775411481645},"t":1775411481645,"cmd":"getClassSecurities","id":92}
2026-04-05 20:51:21.900 LOG 3: result : table
2026-04-05 20:51:21.950 LOG 1: После dispatch: cmd=getClassSecurities, data тип=string
2026-04-05 20:51:21.000 LOG 0: Запрос от C# 1 (req_id=93): {"data":{"cmd":"getClassSecurities","data":"TQTF_HOL","t":1775411481647},"t":1775411481647,"cmd":"getClassSecurities","id":93}
2026-04-05 20:51:21.050 LOG 3: result : table
2026-04-05 20:51:21.100 LOG 1: После dispatch: cmd=getClassSecurities, data тип=string
2026-04-05 20:51:21.150 LOG 0: Запрос от C# 1 (req_id=94): {"data":{"cmd":"getClassSecurities","data":"TQTF_W_HOL","t":1775411481649},"t":1775411481649,"cmd":"getClassSecurities","id":94}
2026-04-05 20:51:21.200 LOG 3: result : table
2026-04-05 20:51:21.250 LOG 1: После dispatch: cmd=getClassSecurities, data тип=string
2026-04-05 20:51:21.300 LOG 0: Запрос от C# 1 (req_id=95): {"data":{"cmd":"getClassSecurities","data":"UP","t":1775411481651},"t":1775411481651,"cmd":"getClassSecurities","id":95}
2026-04-05 20:51:21.350 LOG 3: result : table
2026-04-05 20:51:21.400 LOG 1: После dispatch: cmd=getClassSecurities, data тип=string
2026-04-05 20:51:21.450 LOG 0: Запрос от C# 1 (req_id=96): {"data":{"cmd":"getClassSecurities","data":"CETS","t":1775411481652},"t":1775411481652,"cmd":"getClassSecurities","id":96}
2026-04-05 20:51:21.500 LOG 3: result : table
2026-04-05 20:51:21.550 LOG 1: После dispatch: cmd=getClassSecurities, data тип=string
2026-04-05 20:51:21.600 LOG 0: Запрос от C# 1 (req_id=97): {"data":{"cmd":"getClassSecurities","data":"CETS_MTL","t":1775411481656},"t":1775411481656,"cmd":"getClassSecurities","id":97}
2026-04-05 20:51:21.650 LOG 3: result : table
2026-04-05 20:51:21.700 LOG 1: После dispatch: cmd=getClassSecurities, data тип=string
2026-04-05 20:51:21.750 LOG 0: Запрос от C# 1 (req_id=98): {"data":{"cmd":"getClassSecurities","data":"TQFD","t":1775411481658},"t":1775411481658,"cmd":"getClassSecurities","id":98}
2026-04-05 20:51:21.800 LOG 3: result : table
2026-04-05 20:51:21.850 LOG 1: После dispatch: cmd=getClassSecurities, data тип=string
2026-04-05 20:51:21.900 LOG 0: Запрос от C# 1 (req_id=99): {"data":{"cmd":"getClassSecurities","data":"TQFE","t":1775411481659},"t":1775411481659,"cmd":"getClassSecurities","id":99}
2026-04-05 20:51:21.950 LOG 3: result : table
2026-04-05 20:51:21.000 LOG 1: После dispatch: cmd=getClassSecurities, data тип=string
2026-04-05 20:51:21.050 LOG 0: Запрос от C# 1 (req_id=100): {"data":{"cmd":"getClassSecurities","data":"OCTR","t":1775411481661},"t":1775411481661,"cmd":"getClassSecurities","id":100}
2026-04-05 20:51:21.100 LOG 3: result : table
2026-04-05 20:51:21.150 LOG 1: После dispatch: cmd=getClassSecurities, data тип=string
2026-04-05 20:51:21.200 LOG 0: Запрос от C# 1 (req_id=101): {"data":{"cmd":"getClassSecurities","data":"TQTY","t":1775411481669},"t":1775411481669,"cmd":"getClassSecurities","id":101}
2026-04-05 20:51:21.250 LOG 3: result : table
2026-04-05 20:51:21.300 LOG 1: После dispatch: cmd=getClassSecurities, data тип=string
2026-04-05 20:51:21.350 LOG 0: Запрос от C# 1 (req_id=102): {"data":{"cmd":"getClassSecurities","data":"MTQR","t":1775411481670},"t":1775411481670,"cmd":"getClassSecurities","id":102}
2026-04-05 20:51:21.400 LOG 3: result : table
2026-04-05 20:51:21.450 LOG 1: После dispatch: cmd=getClassSecurities, data тип=string
2026-04-05 20:51:21.500 LOG 0: Запрос от C# 1 (req_id=103): {"data":{"cmd":"getClassSecurities","data":"SMAL","t":1775411481673},"t":1775411481673,"cmd":"getClassSecurities","id":103}
2026-04-05 20:51:21.550 LOG 3: result : table
2026-04-05 20:51:21.600 LOG 1: После dispatch: cmd=getClassSecurities, data тип=string
2026-04-05 20:51:21.650 LOG 0: Запрос от C# 1 (req_id=104): {"data":{"cmd":"getClassSecurities","data":"TQBR","t":1775411481675},"t":1775411481675,"cmd":"getClassSecurities","id":104}
2026-04-05 20:51:21.700 LOG 3: result : table
2026-04-05 20:51:21.750 LOG 1: После dispatch: cmd=getClassSecurities, data тип=string
2026-04-05 20:51:21.800 LOG 0: Запрос от C# 1 (req_id=105): {"data":{"cmd":"getClassSecurities","data":"TQOB","t":1775411481677},"t":1775411481677,"cmd":"getClassSecurities","id":105}
2026-04-05 20:51:21.850 LOG 3: result : table
2026-04-05 20:51:21.900 LOG 1: После dispatch: cmd=getClassSecurities, data тип=string
2026-04-05 20:51:21.950 LOG 0: Запрос от C# 1 (req_id=106): {"data":{"cmd":"getClassSecurities","data":"TQIF","t":1775411481679},"t":1775411481679,"cmd":"getClassSecurities","id":106}
2026-04-05 20:51:21.000 LOG 3: result : table
2026-04-05 20:51:21.050 LOG 1: После dispatch: cmd=getClassSecurities, data тип=string
2026-04-05 20:51:21.100 LOG 0: Запрос от C# 1 (req_id=107): {"data":{"cmd":"getClassSecurities","data":"TQTF","t":1775411481680},"t":1775411481680,"cmd":"getClassSecurities","id":107}
2026-04-05 20:51:21.150 LOG 3: result : table
2026-04-05 20:51:21.200 LOG 1: После dispatch: cmd=getClassSecurities, data тип=string
2026-04-05 20:51:21.250 LOG 0: Запрос от C# 1 (req_id=108): {"data":{"cmd":"getClassSecurities","data":"TQTF_W","t":1775411481682},"t":1775411481682,"cmd":"getClassSecurities","id":108}
2026-04-05 20:51:21.300 LOG 3: result : table
2026-04-05 20:51:21.350 LOG 1: После dispatch: cmd=getClassSecurities, data тип=string
2026-04-05 20:51:21.400 LOG 0: Запрос от C# 1 (req_id=109): {"data":{"cmd":"getClassSecurities","data":"TQBD","t":1775411481683},"t":1775411481683,"cmd":"getClassSecurities","id":109}
2026-04-05 20:51:21.450 LOG 3: result : table
2026-04-05 20:51:21.500 LOG 1: После dispatch: cmd=getClassSecurities, data тип=string
2026-04-05 20:51:21.550 LOG 0: Запрос от C# 1 (req_id=110): {"data":{"cmd":"getClassSecurities","data":"TQTD","t":1775411481685},"t":1775411481685,"cmd":"getClassSecurities","id":110}
2026-04-05 20:51:21.600 LOG 3: result : table
2026-04-05 20:51:21.650 LOG 1: После dispatch: cmd=getClassSecurities, data тип=string
2026-04-05 20:51:21.700 LOG 0: Запрос от C# 1 (req_id=111): {"data":{"cmd":"getClassSecurities","data":"TQOD","t":1775411481686},"t":1775411481686,"cmd":"getClassSecurities","id":111}
2026-04-05 20:51:21.750 LOG 3: result : table
2026-04-05 20:51:21.800 LOG 1: После dispatch: cmd=getClassSecurities, data тип=string
2026-04-05 20:51:21.850 LOG 0: Запрос от C# 1 (req_id=112): {"data":{"cmd":"getClassSecurities","data":"TQOY","t":1775411481691},"t":1775411481691,"cmd":"getClassSecurities","id":112}
2026-04-05 20:51:21.900 LOG 3: result : table
2026-04-05 20:51:21.950 LOG 1: После dispatch: cmd=getClassSecurities, data тип=string
2026-04-05 20:51:21.000 LOG 0: Запрос от C# 1 (req_id=113): {"data":{"cmd":"getClassSecurities","data":"TQTF_F_HOL","t":1775411481693},"t":1775411481693,"cmd":"getClassSecurities","id":113}
2026-04-05 20:51:21.050 LOG 3: result : table
2026-04-05 20:51:21.100 LOG 1: После dispatch: cmd=getClassSecurities, data тип=string
2026-04-05 20:51:21.150 LOG 0: Запрос от C# 1 (req_id=114): {"data":{"cmd":"getClassSecurities","data":"EES_OTC","t":1775411481694},"t":1775411481694,"cmd":"getClassSecurities","id":114}
2026-04-05 20:51:21.200 LOG 3: result : table
2026-04-05 20:51:21.250 LOG 1: После dispatch: cmd=getClassSecurities, data тип=string
2026-04-05 20:51:21.300 LOG 0: Запрос от C# 1 (req_id=115): {"data":{"cmd":"getClassSecurities","data":"TQTF_F","t":1775411481696},"t":1775411481696,"cmd":"getClassSecurities","id":115}
2026-04-05 20:51:21.350 LOG 3: result : table
2026-04-05 20:51:21.400 LOG 1: После dispatch: cmd=getClassSecurities, data тип=string
2026-04-05 20:51:21.450 LOG 0: Запрос от C# 1 (req_id=116): {"data":{"cmd":"getClassSecurities","data":"SMS","t":1775411481697},"t":1775411481697,"cmd":"getClassSecurities","id":116}
2026-04-05 20:51:21.500 LOG 3: result : table
2026-04-05 20:51:21.550 LOG 1: После dispatch: cmd=getClassSecurities, data тип=string
2026-04-05 20:51:21.600 LOG 0: Запрос от C# 1 (req_id=117): {"data":{"cmd":"getClassSecurities","data":"MPAU","t":1775411481699},"t":1775411481699,"cmd":"getClassSecurities","id":117}
2026-04-05 20:51:21.650 LOG 3: result : table
2026-04-05 20:51:21.700 LOG 1: После dispatch: cmd=getClassSecurities, data тип=string
2026-04-05 20:51:21.750 LOG 0: Запрос от C# 1 (req_id=118): {"data":{"cmd":"getClassSecurities","data":"PSAU_FREE","t":1775411481700},"t":1775411481700,"cmd":"getClassSecurities","id":118}
2026-04-05 20:51:21.800 LOG 3: result : table
2026-04-05 20:51:21.850 LOG 1: После dispatch: cmd=getClassSecurities, data тип=string
2026-04-05 20:51:21.900 LOG 0: Запрос от C# 1 (req_id=119): {"data":{"cmd":"getClassSecurities","data":"PSAU","t":1775411481701},"t":1775411481701,"cmd":"getClassSecurities","id":119}
2026-04-05 20:51:21.950 LOG 3: result : table
2026-04-05 20:51:21.000 LOG 1: После dispatch: cmd=getClassSecurities, data тип=string
2026-04-05 20:51:21.050 LOG 0: Запрос от C# 1 (req_id=120): {"data":{"cmd":"getClassSecurities","data":"PSSU","t":1775411481707},"t":1775411481707,"cmd":"getClassSecurities","id":120}
2026-04-05 20:51:21.100 LOG 3: result : table
2026-04-05 20:51:21.150 LOG 1: После dispatch: cmd=getClassSecurities, data тип=string
2026-04-05 20:51:21.200 LOG 0: Запрос от C# 1 (req_id=121): {"data":{"cmd":"getClassSecurities","data":"PSSU_YAD","t":1775411481709},"t":1775411481709,"cmd":"getClassSecurities","id":121}
2026-04-05 20:51:21.250 LOG 3: result : table
2026-04-05 20:51:21.300 LOG 1: После dispatch: cmd=getClassSecurities, data тип=string
2026-04-05 20:51:21.350 LOG 0: Запрос от C# 1 (req_id=122): {"data":{"cmd":"getClassSecurities","data":"PACY","t":1775411481711},"t":1775411481711,"cmd":"getClassSecurities","id":122}
2026-04-05 20:51:21.400 LOG 3: result : table
2026-04-05 20:51:21.450 LOG 1: После dispatch: cmd=getClassSecurities, data тип=string
2026-04-05 20:51:21.500 LOG 0: Запрос от C# 1 (req_id=123): {"data":{"cmd":"getClassSecurities","data":"QT_EQ","t":1775411481713},"t":1775411481713,"cmd":"getClassSecurities","id":123}
2026-04-05 20:51:21.550 LOG 3: result : table
2026-04-05 20:51:21.600 LOG 1: После dispatch: cmd=getClassSecurities, data тип=string
2026-04-05 20:51:21.650 LOG 0: Запрос от C# 1 (req_id=124): {"data":{"cmd":"getSecurityInfo","data":"SPBFUT|RIM6","t":1775411481715},"t":1775411481715,"cmd":"getSecurityInfo","id":124}
2026-04-05 20:51:21.700 LOG 3: result : table
2026-04-05 20:51:21.750 LOG 1: После dispatch: cmd=getSecurityInfo, data тип=table
2026-04-05 20:51:21.800 LOG 0: Запрос от C# 1 (req_id=125): {"data":{"cmd":"getSecurityInfo","data":"TQBR|LKOH","t":1775411481727},"t":1775411481727,"cmd":"getSecurityInfo","id":125}
2026-04-05 20:51:21.850 LOG 3: result : table
2026-04-05 20:51:21.900 LOG 1: После dispatch: cmd=getSecurityInfo, data тип=table
2026-04-05 20:51:21.950 LOG 0: Запрос от C# 1 (req_id=126): {"data":{"cmd":"getClassesList","data":"","t":1775411481872},"t":1775411481872,"cmd":"getClassesList","id":126}
2026-04-05 20:51:21.000 LOG 0: Р’С‹Р·РѕРІ getClassesList, req_id=?
2026-04-05 20:51:21.050 LOG 3: result : table
2026-04-05 20:51:21.100 LOG 1: После dispatch: cmd=getClassesList, data тип=string
2026-04-05 20:51:21.150 LOG 0: Запрос от C# 1 (req_id=127): {"data":{"cmd":"getSecurityClass","data":"TQTE,TQCB,TQOE,TQRD,TQUD,TQED,FQBR,SPBFUT,SPBOPT,USDRUB,OPTSPOT,OPTCURNCY,OPTCOMDTY,OPTIDX,RTSIDX,EQRP_INFO,FUTCLT,SPBXM,SPBDE,SPBRU,SPBRUBND,SPBRU_USD,PSSPBRUBNDDO,REPORT,REPORTFORTS,CROSSRATE,QT_BN,INDX,TQIF_HOL,TQTF_HOL,TQTF_W_HOL,UP,CETS,CETS_MTL,TQFD,TQFE,OCTR,TQTY,MTQR,SMAL,TQBR,TQOB,TQIF,TQTF,TQTF_W,TQBD,TQTD,TQOD,TQOY,TQTF_F_HOL,EES_OTC,TQTF_F,SMS,MPAU,PSAU_FREE,PSAU,PSSU,PSSU_YAD,PACY,QT_EQ|LKOH","t":1775411481873},"t":1775411481873,"cmd":"getSecurityClass","id":127}
2026-04-05 20:51:21.200 LOG 3: result : table
2026-04-05 20:51:21.250 LOG 1: После dispatch: cmd=getSecurityClass, data тип=string
2026-04-05 20:51:21.300 LOG 0: Запрос от C# 1 (req_id=128): {"data":{"cmd":"getClientCode","data":"","t":1775411481876},"t":1775411481876,"cmd":"getClientCode","id":128}
2026-04-05 20:51:21.350 LOG 2: [QS DEBUG] getClientCode: MONEY_LIMITS count = 8
2026-04-05 20:51:21.400 LOG 2: [QS DEBUG] getClientCode: index 0 client_code = 136XHS
2026-04-05 20:51:21.450 LOG 3: result : table
2026-04-05 20:51:21.500 LOG 1: После dispatch: cmd=getClientCode, data тип=string
2026-04-05 20:51:21.550 LOG 0: Запрос от C# 1 (req_id=129): {"data":{"cmd":"getClientCodes","data":"","t":1775411481882},"t":1775411481882,"cmd":"getClientCodes","id":129}
2026-04-05 20:51:21.600 LOG 2: [QS DEBUG] getClientCodes: MONEY_LIMITS count = 8
2026-04-05 20:51:21.650 LOG 2: [QS DEBUG] getClientCodes: index 0 client_code = 136XHS
2026-04-05 20:51:21.700 LOG 2: [QS DEBUG] getClientCodes: index 1 client_code = 136XHS
2026-04-05 20:51:21.750 LOG 2: [QS DEBUG] getClientCodes: index 2 client_code = 136XHS
2026-04-05 20:51:21.800 LOG 2: [QS DEBUG] getClientCodes: index 3 client_code = 136XHS
2026-04-05 20:51:21.850 LOG 2: [QS DEBUG] getClientCodes: index 4 client_code = 136XHS
2026-04-05 20:51:21.900 LOG 2: [QS DEBUG] getClientCodes: index 5 client_code = 136XHS
2026-04-05 20:51:21.950 LOG 2: [QS DEBUG] getClientCodes: index 6 client_code = 136XHS
2026-04-05 20:51:21.000 LOG 2: [QS DEBUG] getClientCodes: index 7 client_code = 136XHS
2026-04-05 20:51:21.050 LOG 2: [QS DEBUG] getClientCodes: total unique = 1
2026-04-05 20:51:21.100 LOG 3: result : table
2026-04-05 20:51:21.150 LOG 1: После dispatch: cmd=getClientCodes, data тип=table
2026-04-05 20:51:21.200 LOG 0: Запрос от C# 1 (req_id=130): {"data":{"cmd":"getTradeAccount","data":"TQBR","t":1775411481886},"t":1775411481886,"cmd":"getTradeAccount","id":130}
2026-04-05 20:51:21.250 LOG 2: [QS DEBUG] getTradeAccount: accounts count = 6
2026-04-05 20:51:21.300 LOG 2: [QS DEBUG] getTradeAccount: index 0 class_codes = |SPBFUT|SPBOPT|OPTSPOT|PSOPTSPOT|OPTCURNCY|PSOPTCURNCY|OPTCOMDTY|PSOPTCOMDTY|OPTIDX|PSOPTIDX|PSFUT|PSOPT| trdaccid = SPBFUT29Q7T
2026-04-05 20:51:21.350 LOG 3: result : string
2026-04-05 20:51:35.050 LOG 0: Detected Quik version: 1208, script path: C:\Programming\QuikSharp\lua
2026-04-05 20:51:35.100 LOG 1: Shared memory IPC (variant 2) initialized
2026-04-05 20:51:35.150 LOG 1: QUIK# connected via shared memory (variant 2)
2026-04-05 20:53:21.150 LOG 0: Запрос от C# 1 (req_id=1): {"t":1775411601325,"data":{"data":"TQBR|999999999999","t":1775411601322,"cmd":"get_order_by_number"},"cmd":"get_order_by_number","id":1}
2026-04-05 20:53:21.200 LOG 3: get_order_by_number: Р·Р°СЏРІРєР° 999999999999 РЅРµ РЅР°Р№РґРµРЅР°
2026-04-05 20:53:21.250 LOG 3: result : table
2026-04-05 20:53:21.300 LOG 1: После dispatch: cmd=get_order_by_number, data тип=table
2026-04-05 20:54:00.050 LOG 0: Запрос от C# 1 (req_id=1): {"t":1775411640559,"data":{"data":"TQBR|999999999999","t":1775411640557,"cmd":"get_order_by_number"},"cmd":"get_order_by_number","id":1}
2026-04-05 20:54:00.100 LOG 3: get_order_by_number: Р·Р°СЏРІРєР° 999999999999 РЅРµ РЅР°Р№РґРµРЅР°
2026-04-05 20:54:00.150 LOG 3: result : table
2026-04-05 20:54:00.200 LOG 1: После dispatch: cmd=get_order_by_number, data тип=table
2026-04-05 20:55:23.050 LOG 0: Запрос от C# 1 (req_id=1): {"t":1775411719098,"data":{"data":"TQBR|999999999999","t":1775411710941,"cmd":"get_order_by_number"},"cmd":"get_order_by_number","id":1}
2026-04-05 20:55:23.100 LOG 3: get_order_by_number: Р·Р°СЏРІРєР° 999999999999 РЅРµ РЅР°Р№РґРµРЅР°
2026-04-05 20:55:23.150 LOG 3: result : table
2026-04-05 20:55:23.200 LOG 1: После dispatch: cmd=get_order_by_number, data тип=table
2026-04-05 20:57:29.050 LOG 0: Запрос от C# 1 (req_id=1): {"t":1775411849858,"data":{"data":"TQBR|999999999999","t":1775411849228,"cmd":"get_order_by_number"},"cmd":"get_order_by_number","id":1}
2026-04-05 20:57:29.100 LOG 3: get_order_by_number: Р·Р°СЏРІРєР° 999999999999 РЅРµ РЅР°Р№РґРµРЅР°
2026-04-05 20:57:29.150 LOG 3: result : table
2026-04-05 20:57:29.200 LOG 1: После dispatch: cmd=get_order_by_number, data тип=table
2026-04-05 20:57:54.050 LOG 0: Запрос от C# 1 (req_id=1): {"t":1775411874601,"data":{"data":"TQBR|999999999999","t":1775411874076,"cmd":"get_order_by_number"},"cmd":"get_order_by_number","id":1}
2026-04-05 20:57:54.100 LOG 3: get_order_by_number: Р·Р°СЏРІРєР° 999999999999 РЅРµ РЅР°Р№РґРµРЅР°
2026-04-05 20:57:54.150 LOG 3: result : table
2026-04-05 20:57:54.200 LOG 1: После dispatch: cmd=get_order_by_number, data тип=table
2026-04-05 20:57:57.050 LOG 0: Запрос от C# 1 (req_id=2): {"t":1775411877862,"data":{"data":"TQBR|14278245258","t":1775411877862,"cmd":"get_order_by_number"},"cmd":"get_order_by_number","id":2}
2026-04-05 20:57:57.100 LOG 3: get_order_by_number: Р·Р°СЏРІРєР° 14278245258 РЅРµ РЅР°Р№РґРµРЅР°
2026-04-05 20:57:57.150 LOG 3: result : table
2026-04-05 20:57:57.200 LOG 1: После dispatch: cmd=get_order_by_number, data тип=table
2026-04-05 20:57:59.050 LOG 0: Запрос от C# 1 (req_id=3): {"t":1775411879549,"data":{"data":"","t":1775411879548,"cmd":"get_orders"},"cmd":"get_orders","id":3}
2026-04-05 20:57:59.100 LOG 3: result : table
2026-04-05 20:57:59.150 LOG 1: После dispatch: cmd=get_orders, data тип=table
2026-04-05 20:58:00.050 LOG 0: Запрос от C# 1 (req_id=4): {"t":1775411880814,"data":{"data":"TQBR|SBER|999999999","t":1775411880814,"cmd":"getOrder_by_ID"},"cmd":"getOrder_by_ID","id":4}
2026-04-05 20:58:00.100 LOG 3: result : table
2026-04-05 20:58:00.150 LOG 1: После dispatch: cmd=getOrder_by_ID, data тип=table
2026-04-05 20:58:42.050 LOG 0: Запрос от C# 1 (req_id=1): {"t":1775411918065,"data":{"data":"TQBR|999999999999","t":1775411915795,"cmd":"get_order_by_number"},"cmd":"get_order_by_number","id":1}
2026-04-05 20:58:42.100 LOG 3: get_order_by_number: Р·Р°СЏРІРєР° 999999999999 РЅРµ РЅР°Р№РґРµРЅР°
2026-04-05 20:58:42.150 LOG 3: result : table
2026-04-05 20:58:42.200 LOG 1: После dispatch: cmd=get_order_by_number, data тип=table
2026-04-05 20:59:30.050 LOG 0: Запрос от C# 1 (req_id=2): {"t":1775411964182,"data":{"data":"TQBR|14278245258","t":1775411962737,"cmd":"get_order_by_number"},"cmd":"get_order_by_number","id":2}
2026-04-05 20:59:30.100 LOG 3: get_order_by_number: Р·Р°СЏРІРєР° 14278245258 РЅРµ РЅР°Р№РґРµРЅР°
2026-04-05 20:59:30.150 LOG 3: result : table
2026-04-05 20:59:30.200 LOG 1: После dispatch: cmd=get_order_by_number, data тип=table
2026-04-05 21:00:37.050 LOG 0: Запрос от C# 1 (req_id=3): {"t":1775412030653,"data":{"data":"","t":1775412028772,"cmd":"get_orders"},"cmd":"get_orders","id":3}
2026-04-05 21:00:37.100 LOG 3: result : table
2026-04-05 21:00:37.150 LOG 1: После dispatch: cmd=get_orders, data тип=table
2026-04-05 21:01:25.050 LOG 0: Запрос от C# 1 (req_id=4): {"t":1775412080720,"data":{"data":"TQBR|SBER|999999999","t":1775412076770,"cmd":"getOrder_by_ID"},"cmd":"getOrder_by_ID","id":4}
2026-04-05 21:01:25.100 LOG 3: result : table
2026-04-05 21:01:25.150 LOG 1: После dispatch: cmd=getOrder_by_ID, data тип=table
2026-04-05 21:02:28.050 LOG 0: Запрос от C# 1 (req_id=1): {"t":1775412148679,"data":{"data":"TQBR|999999999999","t":1775412148676,"cmd":"get_order_by_number"},"cmd":"get_order_by_number","id":1}
2026-04-05 21:02:28.100 LOG 3: get_order_by_number: Р·Р°СЏРІРєР° 999999999999 РЅРµ РЅР°Р№РґРµРЅР°
2026-04-05 21:02:28.150 LOG 3: result : table
2026-04-05 21:02:28.200 LOG 1: После dispatch: cmd=get_order_by_number, data тип=table
2026-04-05 21:02:30.050 LOG 0: Запрос от C# 1 (req_id=2): {"t":1775412150698,"data":{"data":"TQBR|14278245258","t":1775412150698,"cmd":"get_order_by_number"},"cmd":"get_order_by_number","id":2}
2026-04-05 21:02:30.100 LOG 3: get_order_by_number: Р·Р°СЏРІРєР° 14278245258 РЅРµ РЅР°Р№РґРµРЅР°
2026-04-05 21:02:30.150 LOG 3: result : table
2026-04-05 21:02:30.200 LOG 1: После dispatch: cmd=get_order_by_number, data тип=table
2026-04-05 21:02:31.050 LOG 0: Запрос от C# 1 (req_id=3): {"t":1775412151665,"data":{"data":"","t":1775412151662,"cmd":"get_orders"},"cmd":"get_orders","id":3}
2026-04-05 21:02:31.100 LOG 3: result : table
2026-04-05 21:02:31.150 LOG 1: После dispatch: cmd=get_orders, data тип=table
2026-04-05 21:02:33.050 LOG 0: Запрос от C# 1 (req_id=4): {"t":1775412153365,"data":{"data":"TQBR|SBER|999999999","t":1775412153365,"cmd":"getOrder_by_ID"},"cmd":"getOrder_by_ID","id":4}
2026-04-05 21:02:33.100 LOG 3: result : table
2026-04-05 21:02:33.150 LOG 1: После dispatch: cmd=getOrder_by_ID, data тип=table
2026-04-05 21:03:06.050 LOG 0: Запрос от C# 1 (req_id=1): {"t":1775412186234,"data":{"data":"TQBR|999999999999","t":1775412186232,"cmd":"get_order_by_number"},"cmd":"get_order_by_number","id":1}
2026-04-05 21:03:06.100 LOG 3: get_order_by_number: Р·Р°СЏРІРєР° 999999999999 РЅРµ РЅР°Р№РґРµРЅР°
2026-04-05 21:03:06.150 LOG 3: result : table
2026-04-05 21:03:06.200 LOG 1: После dispatch: cmd=get_order_by_number, data тип=table
2026-04-05 21:03:06.250 LOG 0: Запрос от C# 1 (req_id=2): {"t":1775412186263,"data":{"data":"TQBR|14278245258","t":1775412186263,"cmd":"get_order_by_number"},"cmd":"get_order_by_number","id":2}
2026-04-05 21:03:06.300 LOG 3: get_order_by_number: Р·Р°СЏРІРєР° 14278245258 РЅРµ РЅР°Р№РґРµРЅР°
2026-04-05 21:03:06.350 LOG 3: result : table
2026-04-05 21:03:06.400 LOG 1: После dispatch: cmd=get_order_by_number, data тип=table
2026-04-05 21:03:06.450 LOG 0: Запрос от C# 1 (req_id=3): {"t":1775412186268,"data":{"data":"","t":1775412186268,"cmd":"get_orders"},"cmd":"get_orders","id":3}
2026-04-05 21:03:06.500 LOG 3: result : table
2026-04-05 21:03:06.550 LOG 1: После dispatch: cmd=get_orders, data тип=table
2026-04-05 21:03:06.600 LOG 0: Запрос от C# 1 (req_id=4): {"t":1775412186270,"data":{"data":"TQBR|SBER|999999999","t":1775412186270,"cmd":"getOrder_by_ID"},"cmd":"getOrder_by_ID","id":4}
2026-04-05 21:03:06.650 LOG 3: result : table
2026-04-05 21:03:06.700 LOG 1: После dispatch: cmd=getOrder_by_ID, data тип=table
2026-04-05 21:03:19.050 LOG 0: Запрос от C# 1 (req_id=1): {"t":1775412199247,"data":{"data":"TQBR|999999999999","t":1775412199246,"cmd":"get_order_by_number"},"cmd":"get_order_by_number","id":1}
2026-04-05 21:03:19.100 LOG 3: get_order_by_number: Р·Р°СЏРІРєР° 999999999999 РЅРµ РЅР°Р№РґРµРЅР°
2026-04-05 21:03:19.150 LOG 3: result : table
2026-04-05 21:03:19.200 LOG 1: После dispatch: cmd=get_order_by_number, data тип=table
2026-04-05 21:03:19.250 LOG 0: Запрос от C# 1 (req_id=2): {"t":1775412199273,"data":{"data":"TQBR|14278245258","t":1775412199273,"cmd":"get_order_by_number"},"cmd":"get_order_by_number","id":2}
2026-04-05 21:03:19.300 LOG 3: get_order_by_number: Р·Р°СЏРІРєР° 14278245258 РЅРµ РЅР°Р№РґРµРЅР°
2026-04-05 21:03:19.350 LOG 3: result : table
2026-04-05 21:03:19.400 LOG 1: После dispatch: cmd=get_order_by_number, data тип=table
2026-04-05 21:03:19.450 LOG 0: Запрос от C# 1 (req_id=3): {"t":1775412199280,"data":{"data":"","t":1775412199280,"cmd":"get_orders"},"cmd":"get_orders","id":3}
2026-04-05 21:03:19.500 LOG 3: result : table
2026-04-05 21:03:19.550 LOG 1: После dispatch: cmd=get_orders, data тип=table
2026-04-05 21:03:19.600 LOG 0: Запрос от C# 1 (req_id=4): {"t":1775412199282,"data":{"data":"TQBR|SBER|999999999","t":1775412199282,"cmd":"getOrder_by_ID"},"cmd":"getOrder_by_ID","id":4}
2026-04-05 21:03:19.650 LOG 3: result : table
2026-04-05 21:03:19.700 LOG 1: После dispatch: cmd=getOrder_by_ID, data тип=table
2026-04-05 21:03:33.050 LOG 0: Запрос от C# 1 (req_id=4): {"t":1775412213837,"data":{"data":"TQBR|SBER|999999999","t":1775412213837,"cmd":"getOrder_by_ID"},"cmd":"getOrder_by_ID","id":4}
2026-04-05 21:03:33.100 LOG 3: result : table
2026-04-05 21:03:33.150 LOG 1: После dispatch: cmd=getOrder_by_ID, data тип=table
2026-04-05 21:03:33.200 LOG 0: Запрос от C# 1 (req_id=4): {"t":1775412213837,"data":{"data":"TQBR|SBER|999999999","t":1775412213837,"cmd":"getOrder_by_ID"},"cmd":"getOrder_by_ID","id":4}
2026-04-05 21:03:33.250 LOG 3: result : table
2026-04-05 21:03:33.300 LOG 1: После dispatch: cmd=getOrder_by_ID, data тип=table
2026-04-05 21:03:33.350 LOG 0: Запрос от C# 1 (req_id=4): {"t":1775412213837,"data":{"data":"TQBR|SBER|999999999","t":1775412213837,"cmd":"getOrder_by_ID"},"cmd":"getOrder_by_ID","id":4}
2026-04-05 21:03:33.400 LOG 3: result : table
2026-04-05 21:03:33.450 LOG 1: После dispatch: cmd=getOrder_by_ID, data тип=table
2026-04-05 21:03:33.500 LOG 0: Запрос от C# 1 (req_id=4): {"t":1775412213837,"data":{"data":"TQBR|SBER|999999999","t":1775412213837,"cmd":"getOrder_by_ID"},"cmd":"getOrder_by_ID","id":4}
2026-04-05 21:03:33.550 LOG 3: result : table
2026-04-05 21:03:33.600 LOG 1: После dispatch: cmd=getOrder_by_ID, data тип=table
2026-04-05 21:04:34.050 LOG 0: Запрос от C# 1 (req_id=1): {"t":1775412274308,"data":{"data":"","t":1775412274306,"cmd":"getClassesList"},"cmd":"getClassesList","id":1}
2026-04-05 21:04:34.100 LOG 0: Р’С‹Р·РѕРІ getClassesList, req_id=?
2026-04-05 21:04:34.150 LOG 3: result : table
2026-04-05 21:04:34.200 LOG 1: После dispatch: cmd=getClassesList, data тип=string
2026-04-05 21:04:34.250 LOG 0: Запрос от C# 1 (req_id=2): {"t":1775412274353,"data":{"data":"","t":1775412274353,"cmd":"getClassesList"},"cmd":"getClassesList","id":2}
2026-04-05 21:04:34.300 LOG 0: Р’С‹Р·РѕРІ getClassesList, req_id=?
2026-04-05 21:04:34.350 LOG 3: result : table
2026-04-05 21:04:34.400 LOG 1: После dispatch: cmd=getClassesList, data тип=string
2026-04-05 21:04:34.450 LOG 0: Запрос от C# 1 (req_id=3): {"t":1775412274355,"data":{"data":"TQTE","t":1775412274354,"cmd":"getClassInfo"},"cmd":"getClassInfo","id":3}
2026-04-05 21:04:34.500 LOG 3: result : table
2026-04-05 21:04:34.550 LOG 1: После dispatch: cmd=getClassInfo, data тип=table
2026-04-05 21:04:34.600 LOG 0: Запрос от C# 1 (req_id=4): {"t":1775412274358,"data":{"data":"TQCB","t":1775412274358,"cmd":"getClassInfo"},"cmd":"getClassInfo","id":4}
2026-04-05 21:04:34.650 LOG 3: result : table
2026-04-05 21:04:34.700 LOG 1: После dispatch: cmd=getClassInfo, data тип=table
2026-04-05 21:04:34.750 LOG 0: Запрос от C# 1 (req_id=5): {"t":1775412274359,"data":{"data":"TQOE","t":1775412274359,"cmd":"getClassInfo"},"cmd":"getClassInfo","id":5}
2026-04-05 21:04:34.800 LOG 3: result : table
2026-04-05 21:04:34.850 LOG 1: После dispatch: cmd=getClassInfo, data тип=table
2026-04-05 21:04:34.900 LOG 0: Запрос от C# 1 (req_id=6): {"t":1775412274360,"data":{"data":"TQRD","t":1775412274360,"cmd":"getClassInfo"},"cmd":"getClassInfo","id":6}
2026-04-05 21:04:34.950 LOG 3: result : table
2026-04-05 21:04:34.000 LOG 1: После dispatch: cmd=getClassInfo, data тип=table
2026-04-05 21:04:34.050 LOG 0: Запрос от C# 1 (req_id=7): {"t":1775412274361,"data":{"data":"TQUD","t":1775412274361,"cmd":"getClassInfo"},"cmd":"getClassInfo","id":7}
2026-04-05 21:04:34.100 LOG 3: result : table
2026-04-05 21:04:34.150 LOG 1: После dispatch: cmd=getClassInfo, data тип=table
2026-04-05 21:04:34.200 LOG 0: Запрос от C# 1 (req_id=8): {"t":1775412274363,"data":{"data":"TQED","t":1775412274363,"cmd":"getClassInfo"},"cmd":"getClassInfo","id":8}
2026-04-05 21:04:34.250 LOG 3: result : table
2026-04-05 21:04:34.300 LOG 1: После dispatch: cmd=getClassInfo, data тип=table
2026-04-05 21:04:34.350 LOG 0: Запрос от C# 1 (req_id=9): {"t":1775412274364,"data":{"data":"FQBR","t":1775412274364,"cmd":"getClassInfo"},"cmd":"getClassInfo","id":9}
2026-04-05 21:04:34.400 LOG 3: result : table
2026-04-05 21:04:34.450 LOG 1: После dispatch: cmd=getClassInfo, data тип=table
2026-04-05 21:04:34.500 LOG 0: Запрос от C# 1 (req_id=10): {"t":1775412274364,"data":{"data":"SPBFUT","t":1775412274364,"cmd":"getClassInfo"},"cmd":"getClassInfo","id":10}
2026-04-05 21:04:34.550 LOG 3: result : table
2026-04-05 21:04:34.600 LOG 1: После dispatch: cmd=getClassInfo, data тип=table
2026-04-05 21:04:34.650 LOG 0: Запрос от C# 1 (req_id=11): {"t":1775412274365,"data":{"data":"SPBOPT","t":1775412274365,"cmd":"getClassInfo"},"cmd":"getClassInfo","id":11}
2026-04-05 21:04:34.700 LOG 3: result : table
2026-04-05 21:04:34.750 LOG 1: После dispatch: cmd=getClassInfo, data тип=table
2026-04-05 21:04:34.800 LOG 0: Запрос от C# 1 (req_id=12): {"t":1775412274365,"data":{"data":"USDRUB","t":1775412274365,"cmd":"getClassInfo"},"cmd":"getClassInfo","id":12}
2026-04-05 21:04:34.850 LOG 3: result : table
2026-04-05 21:04:34.900 LOG 1: После dispatch: cmd=getClassInfo, data тип=table
2026-04-05 21:04:34.950 LOG 0: Запрос от C# 1 (req_id=13): {"t":1775412274366,"data":{"data":"OPTSPOT","t":1775412274366,"cmd":"getClassInfo"},"cmd":"getClassInfo","id":13}
2026-04-05 21:04:34.000 LOG 3: result : table
2026-04-05 21:04:34.050 LOG 1: После dispatch: cmd=getClassInfo, data тип=table
2026-04-05 21:04:34.100 LOG 0: Запрос от C# 1 (req_id=14): {"t":1775412274367,"data":{"data":"OPTCURNCY","t":1775412274367,"cmd":"getClassInfo"},"cmd":"getClassInfo","id":14}
2026-04-05 21:04:34.150 LOG 3: result : table
2026-04-05 21:04:34.200 LOG 1: После dispatch: cmd=getClassInfo, data тип=table
2026-04-05 21:04:34.250 LOG 0: Запрос от C# 1 (req_id=15): {"t":1775412274368,"data":{"data":"OPTCOMDTY","t":1775412274368,"cmd":"getClassInfo"},"cmd":"getClassInfo","id":15}
2026-04-05 21:04:34.300 LOG 3: result : table
2026-04-05 21:04:34.350 LOG 1: После dispatch: cmd=getClassInfo, data тип=table
2026-04-05 21:04:34.400 LOG 0: Запрос от C# 1 (req_id=16): {"t":1775412274368,"data":{"data":"OPTIDX","t":1775412274368,"cmd":"getClassInfo"},"cmd":"getClassInfo","id":16}
2026-04-05 21:04:34.450 LOG 3: result : table
2026-04-05 21:04:34.500 LOG 1: После dispatch: cmd=getClassInfo, data тип=table
2026-04-05 21:04:34.550 LOG 0: Запрос от C# 1 (req_id=17): {"t":1775412274369,"data":{"data":"RTSIDX","t":1775412274369,"cmd":"getClassInfo"},"cmd":"getClassInfo","id":17}
2026-04-05 21:04:34.600 LOG 3: result : table
2026-04-05 21:04:34.650 LOG 1: После dispatch: cmd=getClassInfo, data тип=table
2026-04-05 21:04:34.700 LOG 0: Запрос от C# 1 (req_id=18): {"t":1775412274370,"data":{"data":"EQRP_INFO","t":1775412274369,"cmd":"getClassInfo"},"cmd":"getClassInfo","id":18}
2026-04-05 21:04:34.750 LOG 3: result : table
2026-04-05 21:04:34.800 LOG 1: После dispatch: cmd=getClassInfo, data тип=table
2026-04-05 21:04:34.850 LOG 0: Запрос от C# 1 (req_id=19): {"t":1775412274370,"data":{"data":"FUTCLT","t":1775412274370,"cmd":"getClassInfo"},"cmd":"getClassInfo","id":19}
2026-04-05 21:04:34.900 LOG 3: result : table
2026-04-05 21:04:34.950 LOG 1: После dispatch: cmd=getClassInfo, data тип=table
2026-04-05 21:04:34.000 LOG 0: Запрос от C# 1 (req_id=20): {"t":1775412274371,"data":{"data":"SPBXM","t":1775412274371,"cmd":"getClassInfo"},"cmd":"getClassInfo","id":20}
2026-04-05 21:04:34.050 LOG 3: result : table
2026-04-05 21:04:34.100 LOG 1: После dispatch: cmd=getClassInfo, data тип=table
2026-04-05 21:04:34.150 LOG 0: Запрос от C# 1 (req_id=21): {"t":1775412274372,"data":{"data":"SPBDE","t":1775412274372,"cmd":"getClassInfo"},"cmd":"getClassInfo","id":21}
2026-04-05 21:04:34.200 LOG 3: result : table
2026-04-05 21:04:34.250 LOG 1: После dispatch: cmd=getClassInfo, data тип=table
2026-04-05 21:04:34.300 LOG 0: Запрос от C# 1 (req_id=22): {"t":1775412274373,"data":{"data":"SPBRU","t":1775412274373,"cmd":"getClassInfo"},"cmd":"getClassInfo","id":22}
2026-04-05 21:04:34.350 LOG 3: result : table
2026-04-05 21:04:34.400 LOG 1: После dispatch: cmd=getClassInfo, data тип=table
2026-04-05 21:04:34.450 LOG 0: Запрос от C# 1 (req_id=23): {"t":1775412274374,"data":{"data":"SPBRUBND","t":1775412274374,"cmd":"getClassInfo"},"cmd":"getClassInfo","id":23}
2026-04-05 21:04:34.500 LOG 3: result : table
2026-04-05 21:04:34.550 LOG 1: После dispatch: cmd=getClassInfo, data тип=table
2026-04-05 21:04:34.600 LOG 0: Запрос от C# 1 (req_id=24): {"t":1775412274374,"data":{"data":"SPBRU_USD","t":1775412274374,"cmd":"getClassInfo"},"cmd":"getClassInfo","id":24}
2026-04-05 21:04:34.650 LOG 3: result : table
2026-04-05 21:04:34.700 LOG 1: После dispatch: cmd=getClassInfo, data тип=table
2026-04-05 21:04:34.750 LOG 0: Запрос от C# 1 (req_id=25): {"t":1775412274375,"data":{"data":"PSSPBRUBNDDO","t":1775412274375,"cmd":"getClassInfo"},"cmd":"getClassInfo","id":25}
2026-04-05 21:04:34.800 LOG 3: result : table
2026-04-05 21:04:34.850 LOG 1: После dispatch: cmd=getClassInfo, data тип=table
2026-04-05 21:04:34.900 LOG 0: Запрос от C# 1 (req_id=26): {"t":1775412274376,"data":{"data":"REPORT","t":1775412274376,"cmd":"getClassInfo"},"cmd":"getClassInfo","id":26}
2026-04-05 21:04:34.950 LOG 3: result : table
2026-04-05 21:04:34.000 LOG 1: После dispatch: cmd=getClassInfo, data тип=table
2026-04-05 21:04:34.050 LOG 0: Запрос от C# 1 (req_id=27): {"t":1775412274377,"data":{"data":"REPORTFORTS","t":1775412274377,"cmd":"getClassInfo"},"cmd":"getClassInfo","id":27}
2026-04-05 21:04:34.100 LOG 3: result : table
2026-04-05 21:04:34.150 LOG 1: После dispatch: cmd=getClassInfo, data тип=table
2026-04-05 21:04:34.200 LOG 0: Запрос от C# 1 (req_id=28): {"t":1775412274381,"data":{"data":"CROSSRATE","t":1775412274381,"cmd":"getClassInfo"},"cmd":"getClassInfo","id":28}
2026-04-05 21:04:34.250 LOG 3: result : table
2026-04-05 21:04:34.300 LOG 1: После dispatch: cmd=getClassInfo, data тип=table
2026-04-05 21:04:34.350 LOG 0: Запрос от C# 1 (req_id=29): {"t":1775412274382,"data":{"data":"QT_BN","t":1775412274382,"cmd":"getClassInfo"},"cmd":"getClassInfo","id":29}
2026-04-05 21:04:34.400 LOG 3: result : table
2026-04-05 21:04:34.450 LOG 1: После dispatch: cmd=getClassInfo, data тип=table
2026-04-05 21:04:34.500 LOG 0: Запрос от C# 1 (req_id=30): {"t":1775412274383,"data":{"data":"INDX","t":1775412274383,"cmd":"getClassInfo"},"cmd":"getClassInfo","id":30}
2026-04-05 21:04:34.550 LOG 3: result : table
2026-04-05 21:04:34.600 LOG 1: После dispatch: cmd=getClassInfo, data тип=table
2026-04-05 21:04:34.650 LOG 0: Запрос от C# 1 (req_id=31): {"t":1775412274384,"data":{"data":"TQIF_HOL","t":1775412274384,"cmd":"getClassInfo"},"cmd":"getClassInfo","id":31}
2026-04-05 21:04:34.700 LOG 3: result : table
2026-04-05 21:04:34.750 LOG 1: После dispatch: cmd=getClassInfo, data тип=table
2026-04-05 21:04:34.800 LOG 0: Запрос от C# 1 (req_id=32): {"t":1775412274384,"data":{"data":"TQTF_HOL","t":1775412274384,"cmd":"getClassInfo"},"cmd":"getClassInfo","id":32}
2026-04-05 21:04:34.850 LOG 3: result : table
2026-04-05 21:04:34.900 LOG 1: После dispatch: cmd=getClassInfo, data тип=table
2026-04-05 21:04:34.950 LOG 0: Запрос от C# 1 (req_id=33): {"t":1775412274385,"data":{"data":"TQTF_W_HOL","t":1775412274385,"cmd":"getClassInfo"},"cmd":"getClassInfo","id":33}
2026-04-05 21:04:34.000 LOG 3: result : table
2026-04-05 21:04:34.050 LOG 1: После dispatch: cmd=getClassInfo, data тип=table
2026-04-05 21:04:34.100 LOG 0: Запрос от C# 1 (req_id=34): {"t":1775412274386,"data":{"data":"UP","t":1775412274386,"cmd":"getClassInfo"},"cmd":"getClassInfo","id":34}
2026-04-05 21:04:34.150 LOG 3: result : table
2026-04-05 21:04:34.200 LOG 1: После dispatch: cmd=getClassInfo, data тип=table
2026-04-05 21:04:34.250 LOG 0: Запрос от C# 1 (req_id=35): {"t":1775412274387,"data":{"data":"CETS","t":1775412274387,"cmd":"getClassInfo"},"cmd":"getClassInfo","id":35}
2026-04-05 21:04:34.300 LOG 3: result : table
2026-04-05 21:04:34.350 LOG 1: После dispatch: cmd=getClassInfo, data тип=table
2026-04-05 21:04:34.400 LOG 0: Запрос от C# 1 (req_id=36): {"t":1775412274388,"data":{"data":"CETS_MTL","t":1775412274388,"cmd":"getClassInfo"},"cmd":"getClassInfo","id":36}
2026-04-05 21:04:34.450 LOG 3: result : table
2026-04-05 21:04:34.500 LOG 1: После dispatch: cmd=getClassInfo, data тип=table
2026-04-05 21:04:34.550 LOG 0: Запрос от C# 1 (req_id=37): {"t":1775412274389,"data":{"data":"TQFD","t":1775412274389,"cmd":"getClassInfo"},"cmd":"getClassInfo","id":37}
2026-04-05 21:04:34.600 LOG 3: result : table
2026-04-05 21:04:34.650 LOG 1: После dispatch: cmd=getClassInfo, data тип=table
2026-04-05 21:04:34.700 LOG 0: Запрос от C# 1 (req_id=38): {"t":1775412274390,"data":{"data":"TQFE","t":1775412274390,"cmd":"getClassInfo"},"cmd":"getClassInfo","id":38}
2026-04-05 21:04:34.750 LOG 3: result : table
2026-04-05 21:04:34.800 LOG 1: После dispatch: cmd=getClassInfo, data тип=table
2026-04-05 21:04:34.850 LOG 0: Запрос от C# 1 (req_id=39): {"t":1775412274391,"data":{"data":"OCTR","t":1775412274391,"cmd":"getClassInfo"},"cmd":"getClassInfo","id":39}
2026-04-05 21:04:34.900 LOG 3: result : table
2026-04-05 21:04:34.950 LOG 1: После dispatch: cmd=getClassInfo, data тип=table
2026-04-05 21:04:34.000 LOG 0: Запрос от C# 1 (req_id=40): {"t":1775412274392,"data":{"data":"TQTY","t":1775412274392,"cmd":"getClassInfo"},"cmd":"getClassInfo","id":40}
2026-04-05 21:04:34.050 LOG 3: result : table
2026-04-05 21:04:34.100 LOG 1: После dispatch: cmd=getClassInfo, data тип=table
2026-04-05 21:04:34.150 LOG 0: Запрос от C# 1 (req_id=41): {"t":1775412274392,"data":{"data":"MTQR","t":1775412274392,"cmd":"getClassInfo"},"cmd":"getClassInfo","id":41}
2026-04-05 21:04:34.200 LOG 3: result : table
2026-04-05 21:04:34.250 LOG 1: После dispatch: cmd=getClassInfo, data тип=table
2026-04-05 21:04:34.300 LOG 0: Запрос от C# 1 (req_id=42): {"t":1775412274393,"data":{"data":"SMAL","t":1775412274393,"cmd":"getClassInfo"},"cmd":"getClassInfo","id":42}
2026-04-05 21:04:34.350 LOG 3: result : table
2026-04-05 21:04:34.400 LOG 1: После dispatch: cmd=getClassInfo, data тип=table
2026-04-05 21:04:34.450 LOG 0: Запрос от C# 1 (req_id=43): {"t":1775412274394,"data":{"data":"TQBR","t":1775412274394,"cmd":"getClassInfo"},"cmd":"getClassInfo","id":43}
2026-04-05 21:04:34.500 LOG 3: result : table
2026-04-05 21:04:34.550 LOG 1: После dispatch: cmd=getClassInfo, data тип=table
2026-04-05 21:04:34.600 LOG 0: Запрос от C# 1 (req_id=44): {"t":1775412274395,"data":{"data":"TQOB","t":1775412274395,"cmd":"getClassInfo"},"cmd":"getClassInfo","id":44}
2026-04-05 21:04:34.650 LOG 3: result : table
2026-04-05 21:04:34.700 LOG 1: После dispatch: cmd=getClassInfo, data тип=table
2026-04-05 21:04:34.750 LOG 0: Запрос от C# 1 (req_id=45): {"t":1775412274396,"data":{"data":"TQIF","t":1775412274396,"cmd":"getClassInfo"},"cmd":"getClassInfo","id":45}
2026-04-05 21:04:34.800 LOG 3: result : table
2026-04-05 21:04:34.850 LOG 1: После dispatch: cmd=getClassInfo, data тип=table
2026-04-05 21:04:34.900 LOG 0: Запрос от C# 1 (req_id=46): {"t":1775412274397,"data":{"data":"TQTF","t":1775412274397,"cmd":"getClassInfo"},"cmd":"getClassInfo","id":46}
2026-04-05 21:04:34.950 LOG 3: result : table
2026-04-05 21:04:34.000 LOG 1: После dispatch: cmd=getClassInfo, data тип=table
2026-04-05 21:04:34.050 LOG 0: Запрос от C# 1 (req_id=47): {"t":1775412274398,"data":{"data":"TQTF_W","t":1775412274398,"cmd":"getClassInfo"},"cmd":"getClassInfo","id":47}
2026-04-05 21:04:34.100 LOG 3: result : table
2026-04-05 21:04:34.150 LOG 1: После dispatch: cmd=getClassInfo, data тип=table
2026-04-05 21:04:34.200 LOG 0: Запрос от C# 1 (req_id=48): {"t":1775412274399,"data":{"data":"TQBD","t":1775412274399,"cmd":"getClassInfo"},"cmd":"getClassInfo","id":48}
2026-04-05 21:04:34.250 LOG 3: result : table
2026-04-05 21:04:34.300 LOG 1: После dispatch: cmd=getClassInfo, data тип=table
2026-04-05 21:04:34.350 LOG 0: Запрос от C# 1 (req_id=49): {"t":1775412274399,"data":{"data":"TQTD","t":1775412274399,"cmd":"getClassInfo"},"cmd":"getClassInfo","id":49}
2026-04-05 21:04:34.400 LOG 3: result : table
2026-04-05 21:04:34.450 LOG 1: После dispatch: cmd=getClassInfo, data тип=table
2026-04-05 21:04:34.500 LOG 0: Запрос от C# 1 (req_id=50): {"t":1775412274400,"data":{"data":"TQOD","t":1775412274400,"cmd":"getClassInfo"},"cmd":"getClassInfo","id":50}
2026-04-05 21:04:34.550 LOG 3: result : table
2026-04-05 21:04:34.600 LOG 1: После dispatch: cmd=getClassInfo, data тип=table
2026-04-05 21:04:34.650 LOG 0: Запрос от C# 1 (req_id=51): {"t":1775412274401,"data":{"data":"TQOY","t":1775412274401,"cmd":"getClassInfo"},"cmd":"getClassInfo","id":51}
2026-04-05 21:04:34.700 LOG 3: result : table
2026-04-05 21:04:34.750 LOG 1: После dispatch: cmd=getClassInfo, data тип=table
2026-04-05 21:04:34.800 LOG 0: Запрос от C# 1 (req_id=52): {"t":1775412274402,"data":{"data":"TQTF_F_HOL","t":1775412274402,"cmd":"getClassInfo"},"cmd":"getClassInfo","id":52}
2026-04-05 21:04:34.850 LOG 3: result : table
2026-04-05 21:04:34.900 LOG 1: После dispatch: cmd=getClassInfo, data тип=table
2026-04-05 21:04:34.950 LOG 0: Запрос от C# 1 (req_id=53): {"t":1775412274402,"data":{"data":"EES_OTC","t":1775412274402,"cmd":"getClassInfo"},"cmd":"getClassInfo","id":53}
2026-04-05 21:04:34.000 LOG 3: result : table
2026-04-05 21:04:34.050 LOG 1: После dispatch: cmd=getClassInfo, data тип=table
2026-04-05 21:04:34.100 LOG 0: Запрос от C# 1 (req_id=54): {"t":1775412274403,"data":{"data":"TQTF_F","t":1775412274403,"cmd":"getClassInfo"},"cmd":"getClassInfo","id":54}
2026-04-05 21:04:34.150 LOG 3: result : table
2026-04-05 21:04:34.200 LOG 1: После dispatch: cmd=getClassInfo, data тип=table
2026-04-05 21:04:34.250 LOG 0: Запрос от C# 1 (req_id=55): {"t":1775412274404,"data":{"data":"SMS","t":1775412274404,"cmd":"getClassInfo"},"cmd":"getClassInfo","id":55}
2026-04-05 21:04:34.300 LOG 3: result : table
2026-04-05 21:04:34.350 LOG 1: После dispatch: cmd=getClassInfo, data тип=table
2026-04-05 21:04:34.400 LOG 0: Запрос от C# 1 (req_id=56): {"t":1775412274410,"data":{"data":"MPAU","t":1775412274410,"cmd":"getClassInfo"},"cmd":"getClassInfo","id":56}
2026-04-05 21:04:34.450 LOG 3: result : table
2026-04-05 21:04:34.500 LOG 1: После dispatch: cmd=getClassInfo, data тип=table
2026-04-05 21:04:34.550 LOG 0: Запрос от C# 1 (req_id=57): {"t":1775412274411,"data":{"data":"PSAU_FREE","t":1775412274411,"cmd":"getClassInfo"},"cmd":"getClassInfo","id":57}
2026-04-05 21:04:34.600 LOG 3: result : table
2026-04-05 21:04:34.650 LOG 1: После dispatch: cmd=getClassInfo, data тип=table
2026-04-05 21:04:34.700 LOG 0: Запрос от C# 1 (req_id=58): {"t":1775412274412,"data":{"data":"PSAU","t":1775412274412,"cmd":"getClassInfo"},"cmd":"getClassInfo","id":58}
2026-04-05 21:04:34.750 LOG 3: result : table
2026-04-05 21:04:34.800 LOG 1: После dispatch: cmd=getClassInfo, data тип=table
2026-04-05 21:04:34.850 LOG 0: Запрос от C# 1 (req_id=59): {"t":1775412274415,"data":{"data":"PSSU","t":1775412274415,"cmd":"getClassInfo"},"cmd":"getClassInfo","id":59}
2026-04-05 21:04:34.900 LOG 3: result : table
2026-04-05 21:04:34.950 LOG 1: После dispatch: cmd=getClassInfo, data тип=table
2026-04-05 21:04:34.000 LOG 0: Запрос от C# 1 (req_id=60): {"t":1775412274415,"data":{"data":"PSSU_YAD","t":1775412274415,"cmd":"getClassInfo"},"cmd":"getClassInfo","id":60}
2026-04-05 21:04:34.050 LOG 3: result : table
2026-04-05 21:04:34.100 LOG 1: После dispatch: cmd=getClassInfo, data тип=table
2026-04-05 21:04:34.150 LOG 0: Запрос от C# 1 (req_id=61): {"t":1775412274416,"data":{"data":"PACY","t":1775412274416,"cmd":"getClassInfo"},"cmd":"getClassInfo","id":61}
2026-04-05 21:04:34.200 LOG 3: result : table
2026-04-05 21:04:34.250 LOG 1: После dispatch: cmd=getClassInfo, data тип=table
2026-04-05 21:04:34.300 LOG 0: Запрос от C# 1 (req_id=62): {"t":1775412274417,"data":{"data":"QT_EQ","t":1775412274417,"cmd":"getClassInfo"},"cmd":"getClassInfo","id":62}
2026-04-05 21:04:34.350 LOG 3: result : table
2026-04-05 21:04:34.400 LOG 1: После dispatch: cmd=getClassInfo, data тип=table
2026-04-05 21:04:34.450 LOG 0: Запрос от C# 1 (req_id=63): {"t":1775412274421,"data":{"data":"","t":1775412274421,"cmd":"getClassesList"},"cmd":"getClassesList","id":63}
2026-04-05 21:04:34.500 LOG 0: Р’С‹Р·РѕРІ getClassesList, req_id=?
2026-04-05 21:04:34.550 LOG 3: result : table
2026-04-05 21:04:34.600 LOG 1: После dispatch: cmd=getClassesList, data тип=string
2026-04-05 21:04:34.650 LOG 0: Запрос от C# 1 (req_id=64): {"t":1775412274424,"data":{"data":"TQTE","t":1775412274424,"cmd":"getClassSecurities"},"cmd":"getClassSecurities","id":64}
2026-04-05 21:04:34.700 LOG 3: result : table
2026-04-05 21:04:34.750 LOG 1: После dispatch: cmd=getClassSecurities, data тип=string
2026-04-05 21:04:34.800 LOG 0: Запрос от C# 1 (req_id=65): {"t":1775412274425,"data":{"data":"TQCB","t":1775412274425,"cmd":"getClassSecurities"},"cmd":"getClassSecurities","id":65}
2026-04-05 21:04:34.850 LOG 3: result : table
2026-04-05 21:04:34.900 LOG 1: После dispatch: cmd=getClassSecurities, data тип=string
2026-04-05 21:04:34.950 LOG 0: Запрос от C# 1 (req_id=66): {"t":1775412274433,"data":{"data":"TQOE","t":1775412274433,"cmd":"getClassSecurities"},"cmd":"getClassSecurities","id":66}
2026-04-05 21:04:34.000 LOG 3: result : table
2026-04-05 21:04:34.050 LOG 1: После dispatch: cmd=getClassSecurities, data тип=string
2026-04-05 21:04:34.100 LOG 0: Запрос от C# 1 (req_id=67): {"t":1775412274434,"data":{"data":"TQRD","t":1775412274434,"cmd":"getClassSecurities"},"cmd":"getClassSecurities","id":67}
2026-04-05 21:04:34.150 LOG 3: result : table
2026-04-05 21:04:34.200 LOG 1: После dispatch: cmd=getClassSecurities, data тип=string
2026-04-05 21:04:34.250 LOG 0: Запрос от C# 1 (req_id=68): {"t":1775412274435,"data":{"data":"TQUD","t":1775412274435,"cmd":"getClassSecurities"},"cmd":"getClassSecurities","id":68}
2026-04-05 21:04:34.300 LOG 3: result : table
2026-04-05 21:04:34.350 LOG 1: После dispatch: cmd=getClassSecurities, data тип=string
2026-04-05 21:04:34.400 LOG 0: Запрос от C# 1 (req_id=69): {"t":1775412274436,"data":{"data":"TQED","t":1775412274436,"cmd":"getClassSecurities"},"cmd":"getClassSecurities","id":69}
2026-04-05 21:04:34.450 LOG 3: result : table
2026-04-05 21:04:34.500 LOG 1: После dispatch: cmd=getClassSecurities, data тип=string
2026-04-05 21:04:34.550 LOG 0: Запрос от C# 1 (req_id=70): {"t":1775412274436,"data":{"data":"FQBR","t":1775412274436,"cmd":"getClassSecurities"},"cmd":"getClassSecurities","id":70}
2026-04-05 21:04:34.600 LOG 3: result : table
2026-04-05 21:04:34.650 LOG 1: После dispatch: cmd=getClassSecurities, data тип=string
2026-04-05 21:04:34.700 LOG 0: Запрос от C# 1 (req_id=71): {"t":1775412274438,"data":{"data":"SPBFUT","t":1775412274438,"cmd":"getClassSecurities"},"cmd":"getClassSecurities","id":71}
2026-04-05 21:04:34.750 LOG 3: result : table
2026-04-05 21:04:34.800 LOG 1: После dispatch: cmd=getClassSecurities, data тип=string
2026-04-05 21:04:34.850 LOG 0: Запрос от C# 1 (req_id=72): {"t":1775412274441,"data":{"data":"SPBOPT","t":1775412274441,"cmd":"getClassSecurities"},"cmd":"getClassSecurities","id":72}
2026-04-05 21:04:34.900 LOG 3: result : table
2026-04-05 21:04:34.950 LOG 1: После dispatch: cmd=getClassSecurities, data тип=string
2026-04-05 21:04:34.000 LOG 0: Запрос от C# 1 (req_id=73): {"t":1775412274465,"data":{"data":"USDRUB","t":1775412274465,"cmd":"getClassSecurities"},"cmd":"getClassSecurities","id":73}
2026-04-05 21:04:34.050 LOG 3: result : table
2026-04-05 21:04:34.100 LOG 1: После dispatch: cmd=getClassSecurities, data тип=string
2026-04-05 21:04:34.150 LOG 0: Запрос от C# 1 (req_id=74): {"t":1775412274466,"data":{"data":"OPTSPOT","t":1775412274466,"cmd":"getClassSecurities"},"cmd":"getClassSecurities","id":74}
2026-04-05 21:04:34.200 LOG 3: result : table
2026-04-05 21:04:34.250 LOG 1: После dispatch: cmd=getClassSecurities, data тип=string
2026-04-05 21:04:34.300 LOG 0: Запрос от C# 1 (req_id=75): {"t":1775412274504,"data":{"data":"OPTCURNCY","t":1775412274504,"cmd":"getClassSecurities"},"cmd":"getClassSecurities","id":75}
2026-04-05 21:04:34.350 LOG 3: result : table
2026-04-05 21:04:34.400 LOG 1: После dispatch: cmd=getClassSecurities, data тип=string
2026-04-05 21:04:34.450 LOG 0: Запрос от C# 1 (req_id=76): {"t":1775412274507,"data":{"data":"OPTCOMDTY","t":1775412274507,"cmd":"getClassSecurities"},"cmd":"getClassSecurities","id":76}
2026-04-05 21:04:34.500 LOG 3: result : table
2026-04-05 21:04:34.550 LOG 1: После dispatch: cmd=getClassSecurities, data тип=string
2026-04-05 21:04:34.600 LOG 0: Запрос от C# 1 (req_id=77): {"t":1775412274510,"data":{"data":"OPTIDX","t":1775412274510,"cmd":"getClassSecurities"},"cmd":"getClassSecurities","id":77}
2026-04-05 21:04:34.650 LOG 3: result : table
2026-04-05 21:04:34.700 LOG 1: После dispatch: cmd=getClassSecurities, data тип=string
2026-04-05 21:04:34.750 LOG 0: Запрос от C# 1 (req_id=78): {"t":1775412274514,"data":{"data":"RTSIDX","t":1775412274514,"cmd":"getClassSecurities"},"cmd":"getClassSecurities","id":78}
2026-04-05 21:04:34.800 LOG 3: result : table
2026-04-05 21:04:34.850 LOG 1: После dispatch: cmd=getClassSecurities, data тип=string
2026-04-05 21:04:34.900 LOG 0: Запрос от C# 1 (req_id=79): {"t":1775412274517,"data":{"data":"EQRP_INFO","t":1775412274517,"cmd":"getClassSecurities"},"cmd":"getClassSecurities","id":79}
2026-04-05 21:04:34.950 LOG 3: result : table
2026-04-05 21:04:34.000 LOG 1: После dispatch: cmd=getClassSecurities, data тип=string
2026-04-05 21:04:34.050 LOG 0: Запрос от C# 1 (req_id=80): {"t":1775412274527,"data":{"data":"FUTCLT","t":1775412274527,"cmd":"getClassSecurities"},"cmd":"getClassSecurities","id":80}
2026-04-05 21:04:34.100 LOG 3: result : table
2026-04-05 21:04:34.150 LOG 1: После dispatch: cmd=getClassSecurities, data тип=string
2026-04-05 21:04:34.200 LOG 0: Запрос от C# 1 (req_id=81): {"t":1775412274528,"data":{"data":"SPBXM","t":1775412274528,"cmd":"getClassSecurities"},"cmd":"getClassSecurities","id":81}
2026-04-05 21:04:34.250 LOG 3: result : table
2026-04-05 21:04:34.300 LOG 1: После dispatch: cmd=getClassSecurities, data тип=string
2026-04-05 21:04:34.350 LOG 0: Запрос от C# 1 (req_id=82): {"t":1775412274531,"data":{"data":"SPBDE","t":1775412274531,"cmd":"getClassSecurities"},"cmd":"getClassSecurities","id":82}
2026-04-05 21:04:34.400 LOG 3: result : table
2026-04-05 21:04:34.450 LOG 1: После dispatch: cmd=getClassSecurities, data тип=string
2026-04-05 21:04:34.500 LOG 0: Запрос от C# 1 (req_id=83): {"t":1775412274532,"data":{"data":"SPBRU","t":1775412274532,"cmd":"getClassSecurities"},"cmd":"getClassSecurities","id":83}
2026-04-05 21:04:34.550 LOG 3: result : table
2026-04-05 21:04:34.600 LOG 1: После dispatch: cmd=getClassSecurities, data тип=string
2026-04-05 21:04:34.650 LOG 0: Запрос от C# 1 (req_id=84): {"t":1775412274533,"data":{"data":"SPBRUBND","t":1775412274533,"cmd":"getClassSecurities"},"cmd":"getClassSecurities","id":84}
2026-04-05 21:04:34.700 LOG 3: result : table
2026-04-05 21:04:34.750 LOG 1: После dispatch: cmd=getClassSecurities, data тип=string
2026-04-05 21:04:34.800 LOG 0: Запрос от C# 1 (req_id=85): {"t":1775412274534,"data":{"data":"SPBRU_USD","t":1775412274534,"cmd":"getClassSecurities"},"cmd":"getClassSecurities","id":85}
2026-04-05 21:04:34.850 LOG 3: result : table
2026-04-05 21:04:34.900 LOG 1: После dispatch: cmd=getClassSecurities, data тип=string
2026-04-05 21:04:34.950 LOG 0: Запрос от C# 1 (req_id=86): {"t":1775412274534,"data":{"data":"PSSPBRUBNDDO","t":1775412274534,"cmd":"getClassSecurities"},"cmd":"getClassSecurities","id":86}
2026-04-05 21:04:34.000 LOG 3: result : table
2026-04-05 21:04:34.050 LOG 1: После dispatch: cmd=getClassSecurities, data тип=string
2026-04-05 21:04:34.100 LOG 0: Запрос от C# 1 (req_id=87): {"t":1775412274535,"data":{"data":"REPORT","t":1775412274535,"cmd":"getClassSecurities"},"cmd":"getClassSecurities","id":87}
2026-04-05 21:04:34.150 LOG 3: result : table
2026-04-05 21:04:34.200 LOG 1: После dispatch: cmd=getClassSecurities, data тип=string
2026-04-05 21:04:34.250 LOG 0: Запрос от C# 1 (req_id=88): {"t":1775412274536,"data":{"data":"REPORTFORTS","t":1775412274536,"cmd":"getClassSecurities"},"cmd":"getClassSecurities","id":88}
2026-04-05 21:04:34.300 LOG 3: result : table
2026-04-05 21:04:34.350 LOG 1: После dispatch: cmd=getClassSecurities, data тип=string
2026-04-05 21:04:34.400 LOG 0: Запрос от C# 1 (req_id=89): {"t":1775412274536,"data":{"data":"CROSSRATE","t":1775412274536,"cmd":"getClassSecurities"},"cmd":"getClassSecurities","id":89}
2026-04-05 21:04:34.450 LOG 3: result : table
2026-04-05 21:04:34.500 LOG 1: После dispatch: cmd=getClassSecurities, data тип=string
2026-04-05 21:04:34.550 LOG 0: Запрос от C# 1 (req_id=90): {"t":1775412274537,"data":{"data":"QT_BN","t":1775412274537,"cmd":"getClassSecurities"},"cmd":"getClassSecurities","id":90}
2026-04-05 21:04:34.600 LOG 3: result : table
2026-04-05 21:04:34.650 LOG 1: После dispatch: cmd=getClassSecurities, data тип=string
2026-04-05 21:04:34.700 LOG 0: Запрос от C# 1 (req_id=91): {"t":1775412274538,"data":{"data":"INDX","t":1775412274538,"cmd":"getClassSecurities"},"cmd":"getClassSecurities","id":91}
2026-04-05 21:04:34.750 LOG 3: result : table
2026-04-05 21:04:34.800 LOG 1: После dispatch: cmd=getClassSecurities, data тип=string
2026-04-05 21:04:34.850 LOG 0: Запрос от C# 1 (req_id=92): {"t":1775412274539,"data":{"data":"TQIF_HOL","t":1775412274539,"cmd":"getClassSecurities"},"cmd":"getClassSecurities","id":92}
2026-04-05 21:04:34.900 LOG 3: result : table
2026-04-05 21:04:34.950 LOG 1: После dispatch: cmd=getClassSecurities, data тип=string
2026-04-05 21:04:34.000 LOG 0: Запрос от C# 1 (req_id=93): {"t":1775412274544,"data":{"data":"TQTF_HOL","t":1775412274544,"cmd":"getClassSecurities"},"cmd":"getClassSecurities","id":93}
2026-04-05 21:04:34.050 LOG 3: result : table
2026-04-05 21:04:34.100 LOG 1: После dispatch: cmd=getClassSecurities, data тип=string
2026-04-05 21:04:34.150 LOG 0: Запрос от C# 1 (req_id=94): {"t":1775412274545,"data":{"data":"TQTF_W_HOL","t":1775412274545,"cmd":"getClassSecurities"},"cmd":"getClassSecurities","id":94}
2026-04-05 21:04:34.200 LOG 3: result : table
2026-04-05 21:04:34.250 LOG 1: После dispatch: cmd=getClassSecurities, data тип=string
2026-04-05 21:04:34.300 LOG 0: Запрос от C# 1 (req_id=95): {"t":1775412274547,"data":{"data":"UP","t":1775412274547,"cmd":"getClassSecurities"},"cmd":"getClassSecurities","id":95}
2026-04-05 21:04:34.350 LOG 3: result : table
2026-04-05 21:04:34.400 LOG 1: После dispatch: cmd=getClassSecurities, data тип=string
2026-04-05 21:04:34.450 LOG 0: Запрос от C# 1 (req_id=96): {"t":1775412274547,"data":{"data":"CETS","t":1775412274547,"cmd":"getClassSecurities"},"cmd":"getClassSecurities","id":96}
2026-04-05 21:04:34.500 LOG 3: result : table
2026-04-05 21:04:34.550 LOG 1: После dispatch: cmd=getClassSecurities, data тип=string
2026-04-05 21:04:34.600 LOG 0: Запрос от C# 1 (req_id=97): {"t":1775412274549,"data":{"data":"CETS_MTL","t":1775412274549,"cmd":"getClassSecurities"},"cmd":"getClassSecurities","id":97}
2026-04-05 21:04:34.650 LOG 3: result : table
2026-04-05 21:04:34.700 LOG 1: После dispatch: cmd=getClassSecurities, data тип=string
2026-04-05 21:04:34.750 LOG 0: Запрос от C# 1 (req_id=98): {"t":1775412274549,"data":{"data":"TQFD","t":1775412274549,"cmd":"getClassSecurities"},"cmd":"getClassSecurities","id":98}
2026-04-05 21:04:34.800 LOG 3: result : table
2026-04-05 21:04:34.850 LOG 1: После dispatch: cmd=getClassSecurities, data тип=string
2026-04-05 21:04:34.900 LOG 0: Запрос от C# 1 (req_id=99): {"t":1775412274550,"data":{"data":"TQFE","t":1775412274550,"cmd":"getClassSecurities"},"cmd":"getClassSecurities","id":99}
2026-04-05 21:04:34.950 LOG 3: result : table
2026-04-05 21:04:34.000 LOG 1: После dispatch: cmd=getClassSecurities, data тип=string
2026-04-05 21:04:34.050 LOG 0: Запрос от C# 1 (req_id=100): {"t":1775412274551,"data":{"data":"OCTR","t":1775412274551,"cmd":"getClassSecurities"},"cmd":"getClassSecurities","id":100}
2026-04-05 21:04:34.100 LOG 3: result : table
2026-04-05 21:04:34.150 LOG 1: После dispatch: cmd=getClassSecurities, data тип=string
2026-04-05 21:04:34.200 LOG 0: Запрос от C# 1 (req_id=101): {"t":1775412274553,"data":{"data":"TQTY","t":1775412274553,"cmd":"getClassSecurities"},"cmd":"getClassSecurities","id":101}
2026-04-05 21:04:34.250 LOG 3: result : table
2026-04-05 21:04:34.300 LOG 1: После dispatch: cmd=getClassSecurities, data тип=string
2026-04-05 21:04:34.350 LOG 0: Запрос от C# 1 (req_id=102): {"t":1775412274554,"data":{"data":"MTQR","t":1775412274554,"cmd":"getClassSecurities"},"cmd":"getClassSecurities","id":102}
2026-04-05 21:04:34.400 LOG 3: result : table
2026-04-05 21:04:34.450 LOG 1: После dispatch: cmd=getClassSecurities, data тип=string
2026-04-05 21:04:34.500 LOG 0: Запрос от C# 1 (req_id=103): {"t":1775412274557,"data":{"data":"SMAL","t":1775412274557,"cmd":"getClassSecurities"},"cmd":"getClassSecurities","id":103}
2026-04-05 21:04:34.550 LOG 3: result : table
2026-04-05 21:04:34.600 LOG 1: После dispatch: cmd=getClassSecurities, data тип=string
2026-04-05 21:04:34.650 LOG 0: Запрос от C# 1 (req_id=104): {"t":1775412274558,"data":{"data":"TQBR","t":1775412274558,"cmd":"getClassSecurities"},"cmd":"getClassSecurities","id":104}
2026-04-05 21:04:34.700 LOG 3: result : table
2026-04-05 21:04:34.750 LOG 1: После dispatch: cmd=getClassSecurities, data тип=string
2026-04-05 21:04:34.800 LOG 0: Запрос от C# 1 (req_id=105): {"t":1775412274559,"data":{"data":"TQOB","t":1775412274559,"cmd":"getClassSecurities"},"cmd":"getClassSecurities","id":105}
2026-04-05 21:04:34.850 LOG 3: result : table
2026-04-05 21:04:34.900 LOG 1: После dispatch: cmd=getClassSecurities, data тип=string
2026-04-05 21:04:34.950 LOG 0: Запрос от C# 1 (req_id=106): {"t":1775412274560,"data":{"data":"TQIF","t":1775412274560,"cmd":"getClassSecurities"},"cmd":"getClassSecurities","id":106}
2026-04-05 21:04:34.000 LOG 3: result : table
2026-04-05 21:04:34.050 LOG 1: После dispatch: cmd=getClassSecurities, data тип=string
2026-04-05 21:04:34.100 LOG 0: Запрос от C# 1 (req_id=107): {"t":1775412274561,"data":{"data":"TQTF","t":1775412274561,"cmd":"getClassSecurities"},"cmd":"getClassSecurities","id":107}
2026-04-05 21:04:34.150 LOG 3: result : table
2026-04-05 21:04:34.200 LOG 1: После dispatch: cmd=getClassSecurities, data тип=string
2026-04-05 21:04:34.250 LOG 0: Запрос от C# 1 (req_id=108): {"t":1775412274562,"data":{"data":"TQTF_W","t":1775412274562,"cmd":"getClassSecurities"},"cmd":"getClassSecurities","id":108}
2026-04-05 21:04:34.300 LOG 3: result : table
2026-04-05 21:04:34.350 LOG 1: После dispatch: cmd=getClassSecurities, data тип=string
2026-04-05 21:04:34.400 LOG 0: Запрос от C# 1 (req_id=109): {"t":1775412274562,"data":{"data":"TQBD","t":1775412274562,"cmd":"getClassSecurities"},"cmd":"getClassSecurities","id":109}
2026-04-05 21:04:34.450 LOG 3: result : table
2026-04-05 21:04:34.500 LOG 1: После dispatch: cmd=getClassSecurities, data тип=string
2026-04-05 21:04:34.550 LOG 0: Запрос от C# 1 (req_id=110): {"t":1775412274563,"data":{"data":"TQTD","t":1775412274563,"cmd":"getClassSecurities"},"cmd":"getClassSecurities","id":110}
2026-04-05 21:04:34.600 LOG 3: result : table
2026-04-05 21:04:34.650 LOG 1: После dispatch: cmd=getClassSecurities, data тип=string
2026-04-05 21:04:34.700 LOG 0: Запрос от C# 1 (req_id=111): {"t":1775412274564,"data":{"data":"TQOD","t":1775412274564,"cmd":"getClassSecurities"},"cmd":"getClassSecurities","id":111}
2026-04-05 21:04:34.750 LOG 3: result : table
2026-04-05 21:04:34.800 LOG 1: После dispatch: cmd=getClassSecurities, data тип=string
2026-04-05 21:04:34.850 LOG 0: Запрос от C# 1 (req_id=112): {"t":1775412274565,"data":{"data":"TQOY","t":1775412274565,"cmd":"getClassSecurities"},"cmd":"getClassSecurities","id":112}
2026-04-05 21:04:34.900 LOG 3: result : table
2026-04-05 21:04:34.950 LOG 1: После dispatch: cmd=getClassSecurities, data тип=string
2026-04-05 21:04:34.000 LOG 0: Запрос от C# 1 (req_id=113): {"t":1775412274565,"data":{"data":"TQTF_F_HOL","t":1775412274565,"cmd":"getClassSecurities"},"cmd":"getClassSecurities","id":113}
2026-04-05 21:04:34.050 LOG 3: result : table
2026-04-05 21:04:34.100 LOG 1: После dispatch: cmd=getClassSecurities, data тип=string
2026-04-05 21:04:34.150 LOG 0: Запрос от C# 1 (req_id=114): {"t":1775412274566,"data":{"data":"EES_OTC","t":1775412274566,"cmd":"getClassSecurities"},"cmd":"getClassSecurities","id":114}
2026-04-05 21:04:34.200 LOG 3: result : table
2026-04-05 21:04:34.250 LOG 1: После dispatch: cmd=getClassSecurities, data тип=string
2026-04-05 21:04:34.300 LOG 0: Запрос от C# 1 (req_id=115): {"t":1775412274567,"data":{"data":"TQTF_F","t":1775412274567,"cmd":"getClassSecurities"},"cmd":"getClassSecurities","id":115}
2026-04-05 21:04:34.350 LOG 3: result : table
2026-04-05 21:04:34.400 LOG 1: После dispatch: cmd=getClassSecurities, data тип=string
2026-04-05 21:04:34.450 LOG 0: Запрос от C# 1 (req_id=116): {"t":1775412274568,"data":{"data":"SMS","t":1775412274568,"cmd":"getClassSecurities"},"cmd":"getClassSecurities","id":116}
2026-04-05 21:04:34.500 LOG 3: result : table
2026-04-05 21:04:34.550 LOG 1: После dispatch: cmd=getClassSecurities, data тип=string
2026-04-05 21:04:34.600 LOG 0: Запрос от C# 1 (req_id=117): {"t":1775412274568,"data":{"data":"MPAU","t":1775412274568,"cmd":"getClassSecurities"},"cmd":"getClassSecurities","id":117}
2026-04-05 21:04:34.650 LOG 3: result : table
2026-04-05 21:04:34.700 LOG 1: После dispatch: cmd=getClassSecurities, data тип=string
2026-04-05 21:04:34.750 LOG 0: Запрос от C# 1 (req_id=118): {"t":1775412274569,"data":{"data":"PSAU_FREE","t":1775412274569,"cmd":"getClassSecurities"},"cmd":"getClassSecurities","id":118}
2026-04-05 21:04:34.800 LOG 3: result : table
2026-04-05 21:04:34.850 LOG 1: После dispatch: cmd=getClassSecurities, data тип=string
2026-04-05 21:04:34.900 LOG 0: Запрос от C# 1 (req_id=119): {"t":1775412274570,"data":{"data":"PSAU","t":1775412274570,"cmd":"getClassSecurities"},"cmd":"getClassSecurities","id":119}
2026-04-05 21:04:34.950 LOG 3: result : table
2026-04-05 21:04:34.000 LOG 1: После dispatch: cmd=getClassSecurities, data тип=string
2026-04-05 21:04:34.050 LOG 0: Запрос от C# 1 (req_id=120): {"t":1775412274574,"data":{"data":"PSSU","t":1775412274574,"cmd":"getClassSecurities"},"cmd":"getClassSecurities","id":120}
2026-04-05 21:04:34.100 LOG 3: result : table
2026-04-05 21:04:34.150 LOG 1: После dispatch: cmd=getClassSecurities, data тип=string
2026-04-05 21:04:34.200 LOG 0: Запрос от C# 1 (req_id=121): {"t":1775412274575,"data":{"data":"PSSU_YAD","t":1775412274575,"cmd":"getClassSecurities"},"cmd":"getClassSecurities","id":121}
2026-04-05 21:04:34.250 LOG 3: result : table
2026-04-05 21:04:34.300 LOG 1: После dispatch: cmd=getClassSecurities, data тип=string
2026-04-05 21:04:34.350 LOG 0: Запрос от C# 1 (req_id=122): {"t":1775412274577,"data":{"data":"PACY","t":1775412274577,"cmd":"getClassSecurities"},"cmd":"getClassSecurities","id":122}
2026-04-05 21:04:34.400 LOG 3: result : table
2026-04-05 21:04:34.450 LOG 1: После dispatch: cmd=getClassSecurities, data тип=string
2026-04-05 21:04:34.500 LOG 0: Запрос от C# 1 (req_id=123): {"t":1775412274578,"data":{"data":"QT_EQ","t":1775412274578,"cmd":"getClassSecurities"},"cmd":"getClassSecurities","id":123}
2026-04-05 21:04:34.550 LOG 3: result : table
2026-04-05 21:04:34.600 LOG 1: После dispatch: cmd=getClassSecurities, data тип=string
2026-04-05 21:04:34.650 LOG 0: Запрос от C# 1 (req_id=124): {"t":1775412274580,"data":{"data":"SPBFUT|RIM6","t":1775412274580,"cmd":"getSecurityInfo"},"cmd":"getSecurityInfo","id":124}
2026-04-05 21:04:34.700 LOG 3: result : table
2026-04-05 21:04:34.750 LOG 1: После dispatch: cmd=getSecurityInfo, data тип=table
2026-04-05 21:04:34.800 LOG 0: Запрос от C# 1 (req_id=125): {"t":1775412274594,"data":{"data":"TQBR|LKOH","t":1775412274594,"cmd":"getSecurityInfo"},"cmd":"getSecurityInfo","id":125}
2026-04-05 21:04:34.850 LOG 3: result : table
2026-04-05 21:04:34.900 LOG 1: После dispatch: cmd=getSecurityInfo, data тип=table
2026-04-05 21:04:34.950 LOG 0: Запрос от C# 1 (req_id=126): {"t":1775412274735,"data":{"data":"","t":1775412274735,"cmd":"getClassesList"},"cmd":"getClassesList","id":126}
2026-04-05 21:04:34.000 LOG 0: Р’С‹Р·РѕРІ getClassesList, req_id=?
2026-04-05 21:04:34.050 LOG 3: result : table
2026-04-05 21:04:34.100 LOG 1: После dispatch: cmd=getClassesList, data тип=string
2026-04-05 21:04:34.150 LOG 0: Запрос от C# 1 (req_id=127): {"t":1775412274737,"data":{"data":"TQTE,TQCB,TQOE,TQRD,TQUD,TQED,FQBR,SPBFUT,SPBOPT,USDRUB,OPTSPOT,OPTCURNCY,OPTCOMDTY,OPTIDX,RTSIDX,EQRP_INFO,FUTCLT,SPBXM,SPBDE,SPBRU,SPBRUBND,SPBRU_USD,PSSPBRUBNDDO,REPORT,REPORTFORTS,CROSSRATE,QT_BN,INDX,TQIF_HOL,TQTF_HOL,TQTF_W_HOL,UP,CETS,CETS_MTL,TQFD,TQFE,OCTR,TQTY,MTQR,SMAL,TQBR,TQOB,TQIF,TQTF,TQTF_W,TQBD,TQTD,TQOD,TQOY,TQTF_F_HOL,EES_OTC,TQTF_F,SMS,MPAU,PSAU_FREE,PSAU,PSSU,PSSU_YAD,PACY,QT_EQ|LKOH","t":1775412274737,"cmd":"getSecurityClass"},"cmd":"getSecurityClass","id":127}
2026-04-05 21:04:34.200 LOG 3: result : table
2026-04-05 21:04:34.250 LOG 1: После dispatch: cmd=getSecurityClass, data тип=string
2026-04-05 21:04:34.300 LOG 0: Запрос от C# 1 (req_id=128): {"t":1775412274738,"data":{"data":"","t":1775412274738,"cmd":"getClientCode"},"cmd":"getClientCode","id":128}
2026-04-05 21:04:34.350 LOG 2: [QS DEBUG] getClientCode: MONEY_LIMITS count = 8
2026-04-05 21:04:34.400 LOG 2: [QS DEBUG] getClientCode: index 0 client_code = 136XHS
2026-04-05 21:04:34.450 LOG 3: result : table
2026-04-05 21:04:34.500 LOG 1: После dispatch: cmd=getClientCode, data тип=string
2026-04-05 21:04:34.550 LOG 0: Запрос от C# 1 (req_id=129): {"t":1775412274740,"data":{"data":"","t":1775412274740,"cmd":"getClientCodes"},"cmd":"getClientCodes","id":129}
2026-04-05 21:04:34.600 LOG 2: [QS DEBUG] getClientCodes: MONEY_LIMITS count = 8
2026-04-05 21:04:34.650 LOG 2: [QS DEBUG] getClientCodes: index 0 client_code = 136XHS
2026-04-05 21:04:34.700 LOG 2: [QS DEBUG] getClientCodes: index 1 client_code = 136XHS
2026-04-05 21:04:34.750 LOG 2: [QS DEBUG] getClientCodes: index 2 client_code = 136XHS
2026-04-05 21:04:34.800 LOG 2: [QS DEBUG] getClientCodes: index 3 client_code = 136XHS
2026-04-05 21:04:34.850 LOG 2: [QS DEBUG] getClientCodes: index 4 client_code = 136XHS
2026-04-05 21:04:34.900 LOG 2: [QS DEBUG] getClientCodes: index 5 client_code = 136XHS
2026-04-05 21:04:34.950 LOG 2: [QS DEBUG] getClientCodes: index 6 client_code = 136XHS
2026-04-05 21:04:34.000 LOG 2: [QS DEBUG] getClientCodes: index 7 client_code = 136XHS
2026-04-05 21:04:34.050 LOG 2: [QS DEBUG] getClientCodes: total unique = 1
2026-04-05 21:04:34.100 LOG 3: result : table
2026-04-05 21:04:34.150 LOG 1: После dispatch: cmd=getClientCodes, data тип=table
2026-04-05 21:04:34.200 LOG 0: Запрос от C# 1 (req_id=130): {"t":1775412274743,"data":{"data":"TQBR","t":1775412274743,"cmd":"getTradeAccount"},"cmd":"getTradeAccount","id":130}
2026-04-05 21:04:34.250 LOG 2: [QS DEBUG] getTradeAccount: accounts count = 6
2026-04-05 21:04:34.300 LOG 2: [QS DEBUG] getTradeAccount: index 0 class_codes = |SPBFUT|SPBOPT|OPTSPOT|PSOPTSPOT|OPTCURNCY|PSOPTCURNCY|OPTCOMDTY|PSOPTCOMDTY|OPTIDX|PSOPTIDX|PSFUT|PSOPT| trdaccid = SPBFUT29Q7T
2026-04-05 21:04:34.350 LOG 3: result : string
2026-04-05 21:06:03.050 LOG 0: Detected Quik version: 1208, script path: C:\Programming\QuikSharp\lua
2026-04-05 21:06:03.100 LOG 1: Shared memory IPC (variant 2) initialized
2026-04-05 21:06:03.150 LOG 1: QUIK# connected via shared memory (variant 2)
2026-04-05 21:06:26.050 LOG 0: Запрос от C# 1 (req_id=1): {"id":1,"t":1775412386555,"cmd":"getClassesList","data":{"t":1775412386553,"cmd":"getClassesList","data":""}}
2026-04-05 21:06:26.100 LOG 0: Р’С‹Р·РѕРІ getClassesList, req_id=?
2026-04-05 21:06:26.150 LOG 3: result : table
2026-04-05 21:06:26.200 LOG 1: После dispatch: cmd=getClassesList, data тип=string
2026-04-05 21:06:26.250 LOG 0: Запрос от C# 1 (req_id=2): {"id":2,"t":1775412386617,"cmd":"getClassesList","data":{"t":1775412386617,"cmd":"getClassesList","data":""}}
2026-04-05 21:06:26.300 LOG 0: Р’С‹Р·РѕРІ getClassesList, req_id=?
2026-04-05 21:06:26.350 LOG 3: result : table
2026-04-05 21:06:26.400 LOG 1: После dispatch: cmd=getClassesList, data тип=string
2026-04-05 21:06:26.450 LOG 0: Запрос от C# 1 (req_id=3): {"id":3,"t":1775412386618,"cmd":"getClassInfo","data":{"t":1775412386618,"cmd":"getClassInfo","data":"TQTE"}}
2026-04-05 21:06:26.500 LOG 3: result : table
2026-04-05 21:06:26.550 LOG 1: После dispatch: cmd=getClassInfo, data тип=table
2026-04-05 21:06:26.600 LOG 0: Запрос от C# 1 (req_id=4): {"id":4,"t":1775412386624,"cmd":"getClassInfo","data":{"t":1775412386624,"cmd":"getClassInfo","data":"TQCB"}}
2026-04-05 21:06:26.650 LOG 3: result : table
2026-04-05 21:06:26.700 LOG 1: После dispatch: cmd=getClassInfo, data тип=table
2026-04-05 21:06:26.750 LOG 0: Запрос от C# 1 (req_id=5): {"id":5,"t":1775412386625,"cmd":"getClassInfo","data":{"t":1775412386625,"cmd":"getClassInfo","data":"TQOE"}}
2026-04-05 21:06:26.800 LOG 3: result : table
2026-04-05 21:06:26.850 LOG 1: После dispatch: cmd=getClassInfo, data тип=table
2026-04-05 21:06:26.900 LOG 0: Запрос от C# 1 (req_id=6): {"id":6,"t":1775412386626,"cmd":"getClassInfo","data":{"t":1775412386626,"cmd":"getClassInfo","data":"TQRD"}}
2026-04-05 21:06:26.950 LOG 3: result : table
2026-04-05 21:06:26.000 LOG 1: После dispatch: cmd=getClassInfo, data тип=table
2026-04-05 21:06:26.050 LOG 0: Запрос от C# 1 (req_id=7): {"id":7,"t":1775412386627,"cmd":"getClassInfo","data":{"t":1775412386627,"cmd":"getClassInfo","data":"TQUD"}}
2026-04-05 21:06:26.100 LOG 3: result : table
2026-04-05 21:06:26.150 LOG 1: После dispatch: cmd=getClassInfo, data тип=table
2026-04-05 21:06:26.200 LOG 0: Запрос от C# 1 (req_id=8): {"id":8,"t":1775412386628,"cmd":"getClassInfo","data":{"t":1775412386628,"cmd":"getClassInfo","data":"TQED"}}
2026-04-05 21:06:26.250 LOG 3: result : table
2026-04-05 21:06:26.300 LOG 1: После dispatch: cmd=getClassInfo, data тип=table
2026-04-05 21:06:26.350 LOG 0: Запрос от C# 1 (req_id=9): {"id":9,"t":1775412386628,"cmd":"getClassInfo","data":{"t":1775412386628,"cmd":"getClassInfo","data":"FQBR"}}
2026-04-05 21:06:26.400 LOG 3: result : table
2026-04-05 21:06:26.450 LOG 1: После dispatch: cmd=getClassInfo, data тип=table
2026-04-05 21:06:26.500 LOG 0: Запрос от C# 1 (req_id=10): {"id":10,"t":1775412386629,"cmd":"getClassInfo","data":{"t":1775412386629,"cmd":"getClassInfo","data":"SPBFUT"}}
2026-04-05 21:06:26.550 LOG 3: result : table
2026-04-05 21:06:26.600 LOG 1: После dispatch: cmd=getClassInfo, data тип=table
2026-04-05 21:06:26.650 LOG 0: Запрос от C# 1 (req_id=11): {"id":11,"t":1775412386630,"cmd":"getClassInfo","data":{"t":1775412386630,"cmd":"getClassInfo","data":"SPBOPT"}}
2026-04-05 21:06:26.700 LOG 3: result : table
2026-04-05 21:06:26.750 LOG 1: После dispatch: cmd=getClassInfo, data тип=table
2026-04-05 21:06:26.800 LOG 0: Запрос от C# 1 (req_id=12): {"id":12,"t":1775412386631,"cmd":"getClassInfo","data":{"t":1775412386631,"cmd":"getClassInfo","data":"USDRUB"}}
2026-04-05 21:06:26.850 LOG 3: result : table
2026-04-05 21:06:26.900 LOG 1: После dispatch: cmd=getClassInfo, data тип=table
2026-04-05 21:06:26.950 LOG 0: Запрос от C# 1 (req_id=13): {"id":13,"t":1775412386631,"cmd":"getClassInfo","data":{"t":1775412386631,"cmd":"getClassInfo","data":"OPTSPOT"}}
2026-04-05 21:06:26.000 LOG 3: result : table
2026-04-05 21:06:26.050 LOG 1: После dispatch: cmd=getClassInfo, data тип=table
2026-04-05 21:06:26.100 LOG 0: Запрос от C# 1 (req_id=14): {"id":14,"t":1775412386632,"cmd":"getClassInfo","data":{"t":1775412386632,"cmd":"getClassInfo","data":"OPTCURNCY"}}
2026-04-05 21:06:26.150 LOG 3: result : table
2026-04-05 21:06:26.200 LOG 1: После dispatch: cmd=getClassInfo, data тип=table
2026-04-05 21:06:26.250 LOG 0: Запрос от C# 1 (req_id=15): {"id":15,"t":1775412386633,"cmd":"getClassInfo","data":{"t":1775412386633,"cmd":"getClassInfo","data":"OPTCOMDTY"}}
2026-04-05 21:06:26.300 LOG 3: result : table
2026-04-05 21:06:26.350 LOG 1: После dispatch: cmd=getClassInfo, data тип=table
2026-04-05 21:06:26.400 LOG 0: Запрос от C# 1 (req_id=16): {"id":16,"t":1775412386633,"cmd":"getClassInfo","data":{"t":1775412386633,"cmd":"getClassInfo","data":"OPTIDX"}}
2026-04-05 21:06:26.450 LOG 3: result : table
2026-04-05 21:06:26.500 LOG 1: После dispatch: cmd=getClassInfo, data тип=table
2026-04-05 21:06:26.550 LOG 0: Запрос от C# 1 (req_id=17): {"id":17,"t":1775412386635,"cmd":"getClassInfo","data":{"t":1775412386635,"cmd":"getClassInfo","data":"RTSIDX"}}
2026-04-05 21:06:26.600 LOG 3: result : table
2026-04-05 21:06:26.650 LOG 1: После dispatch: cmd=getClassInfo, data тип=table
2026-04-05 21:06:26.700 LOG 0: Запрос от C# 1 (req_id=18): {"id":18,"t":1775412386635,"cmd":"getClassInfo","data":{"t":1775412386635,"cmd":"getClassInfo","data":"EQRP_INFO"}}
2026-04-05 21:06:26.750 LOG 3: result : table
2026-04-05 21:06:26.800 LOG 1: После dispatch: cmd=getClassInfo, data тип=table
2026-04-05 21:06:26.850 LOG 0: Запрос от C# 1 (req_id=19): {"id":19,"t":1775412386636,"cmd":"getClassInfo","data":{"t":1775412386636,"cmd":"getClassInfo","data":"FUTCLT"}}
2026-04-05 21:06:26.900 LOG 3: result : table
2026-04-05 21:06:26.950 LOG 1: После dispatch: cmd=getClassInfo, data тип=table
2026-04-05 21:06:26.000 LOG 0: Запрос от C# 1 (req_id=20): {"id":20,"t":1775412386637,"cmd":"getClassInfo","data":{"t":1775412386637,"cmd":"getClassInfo","data":"SPBXM"}}
2026-04-05 21:06:26.050 LOG 3: result : table
2026-04-05 21:06:26.100 LOG 1: После dispatch: cmd=getClassInfo, data тип=table
2026-04-05 21:06:26.150 LOG 0: Запрос от C# 1 (req_id=21): {"id":21,"t":1775412386637,"cmd":"getClassInfo","data":{"t":1775412386637,"cmd":"getClassInfo","data":"SPBDE"}}
2026-04-05 21:06:26.200 LOG 3: result : table
2026-04-05 21:06:26.250 LOG 1: После dispatch: cmd=getClassInfo, data тип=table
2026-04-05 21:06:26.300 LOG 0: Запрос от C# 1 (req_id=22): {"id":22,"t":1775412386638,"cmd":"getClassInfo","data":{"t":1775412386638,"cmd":"getClassInfo","data":"SPBRU"}}
2026-04-05 21:06:26.350 LOG 3: result : table
2026-04-05 21:06:26.400 LOG 1: После dispatch: cmd=getClassInfo, data тип=table
2026-04-05 21:06:26.450 LOG 0: Запрос от C# 1 (req_id=23): {"id":23,"t":1775412386639,"cmd":"getClassInfo","data":{"t":1775412386639,"cmd":"getClassInfo","data":"SPBRUBND"}}
2026-04-05 21:06:26.500 LOG 3: result : table
2026-04-05 21:06:26.550 LOG 1: После dispatch: cmd=getClassInfo, data тип=table
2026-04-05 21:06:26.600 LOG 0: Запрос от C# 1 (req_id=24): {"id":24,"t":1775412386641,"cmd":"getClassInfo","data":{"t":1775412386641,"cmd":"getClassInfo","data":"SPBRU_USD"}}
2026-04-05 21:06:26.650 LOG 3: result : table
2026-04-05 21:06:26.700 LOG 1: После dispatch: cmd=getClassInfo, data тип=table
2026-04-05 21:06:26.750 LOG 0: Запрос от C# 1 (req_id=25): {"id":25,"t":1775412386642,"cmd":"getClassInfo","data":{"t":1775412386642,"cmd":"getClassInfo","data":"PSSPBRUBNDDO"}}
2026-04-05 21:06:26.800 LOG 3: result : table
2026-04-05 21:06:26.850 LOG 1: После dispatch: cmd=getClassInfo, data тип=table
2026-04-05 21:06:26.900 LOG 0: Запрос от C# 1 (req_id=26): {"id":26,"t":1775412386642,"cmd":"getClassInfo","data":{"t":1775412386642,"cmd":"getClassInfo","data":"REPORT"}}
2026-04-05 21:06:26.950 LOG 3: result : table
2026-04-05 21:06:26.000 LOG 1: После dispatch: cmd=getClassInfo, data тип=table
2026-04-05 21:06:26.050 LOG 0: Запрос от C# 1 (req_id=27): {"id":27,"t":1775412386643,"cmd":"getClassInfo","data":{"t":1775412386643,"cmd":"getClassInfo","data":"REPORTFORTS"}}
2026-04-05 21:06:26.100 LOG 3: result : table
2026-04-05 21:06:26.150 LOG 1: После dispatch: cmd=getClassInfo, data тип=table
2026-04-05 21:06:26.200 LOG 0: Запрос от C# 1 (req_id=28): {"id":28,"t":1775412386646,"cmd":"getClassInfo","data":{"t":1775412386646,"cmd":"getClassInfo","data":"CROSSRATE"}}
2026-04-05 21:06:26.250 LOG 3: result : table
2026-04-05 21:06:26.300 LOG 1: После dispatch: cmd=getClassInfo, data тип=table
2026-04-05 21:06:26.350 LOG 0: Запрос от C# 1 (req_id=29): {"id":29,"t":1775412386647,"cmd":"getClassInfo","data":{"t":1775412386647,"cmd":"getClassInfo","data":"QT_BN"}}
2026-04-05 21:06:26.400 LOG 3: result : table
2026-04-05 21:06:26.450 LOG 1: После dispatch: cmd=getClassInfo, data тип=table
2026-04-05 21:06:26.500 LOG 0: Запрос от C# 1 (req_id=30): {"id":30,"t":1775412386648,"cmd":"getClassInfo","data":{"t":1775412386648,"cmd":"getClassInfo","data":"INDX"}}
2026-04-05 21:06:26.550 LOG 3: result : table
2026-04-05 21:06:26.600 LOG 1: После dispatch: cmd=getClassInfo, data тип=table
2026-04-05 21:06:26.650 LOG 0: Запрос от C# 1 (req_id=31): {"id":31,"t":1775412386649,"cmd":"getClassInfo","data":{"t":1775412386649,"cmd":"getClassInfo","data":"TQIF_HOL"}}
2026-04-05 21:06:26.700 LOG 3: result : table
2026-04-05 21:06:26.750 LOG 1: После dispatch: cmd=getClassInfo, data тип=table
2026-04-05 21:06:26.800 LOG 0: Запрос от C# 1 (req_id=32): {"id":32,"t":1775412386650,"cmd":"getClassInfo","data":{"t":1775412386650,"cmd":"getClassInfo","data":"TQTF_HOL"}}
2026-04-05 21:06:26.850 LOG 3: result : table
2026-04-05 21:06:26.900 LOG 1: После dispatch: cmd=getClassInfo, data тип=table
2026-04-05 21:06:26.950 LOG 0: Запрос от C# 1 (req_id=33): {"id":33,"t":1775412386650,"cmd":"getClassInfo","data":{"t":1775412386650,"cmd":"getClassInfo","data":"TQTF_W_HOL"}}
2026-04-05 21:06:26.000 LOG 3: result : table
2026-04-05 21:06:26.050 LOG 1: После dispatch: cmd=getClassInfo, data тип=table
2026-04-05 21:06:26.100 LOG 0: Запрос от C# 1 (req_id=34): {"id":34,"t":1775412386651,"cmd":"getClassInfo","data":{"t":1775412386651,"cmd":"getClassInfo","data":"UP"}}
2026-04-05 21:06:26.150 LOG 3: result : table
2026-04-05 21:06:26.200 LOG 1: После dispatch: cmd=getClassInfo, data тип=table
2026-04-05 21:06:26.250 LOG 0: Запрос от C# 1 (req_id=35): {"id":35,"t":1775412386652,"cmd":"getClassInfo","data":{"t":1775412386652,"cmd":"getClassInfo","data":"CETS"}}
2026-04-05 21:06:26.300 LOG 3: result : table
2026-04-05 21:06:26.350 LOG 1: После dispatch: cmd=getClassInfo, data тип=table
2026-04-05 21:06:26.400 LOG 0: Запрос от C# 1 (req_id=36): {"id":36,"t":1775412386652,"cmd":"getClassInfo","data":{"t":1775412386652,"cmd":"getClassInfo","data":"CETS_MTL"}}
2026-04-05 21:06:26.450 LOG 3: result : table
2026-04-05 21:06:26.500 LOG 1: После dispatch: cmd=getClassInfo, data тип=table
2026-04-05 21:06:26.550 LOG 0: Запрос от C# 1 (req_id=37): {"id":37,"t":1775412386653,"cmd":"getClassInfo","data":{"t":1775412386653,"cmd":"getClassInfo","data":"TQFD"}}
2026-04-05 21:06:26.600 LOG 3: result : table
2026-04-05 21:06:26.650 LOG 1: После dispatch: cmd=getClassInfo, data тип=table
2026-04-05 21:06:26.700 LOG 0: Запрос от C# 1 (req_id=38): {"id":38,"t":1775412386654,"cmd":"getClassInfo","data":{"t":1775412386654,"cmd":"getClassInfo","data":"TQFE"}}
2026-04-05 21:06:26.750 LOG 3: result : table
2026-04-05 21:06:26.800 LOG 1: После dispatch: cmd=getClassInfo, data тип=table
2026-04-05 21:06:26.850 LOG 0: Запрос от C# 1 (req_id=39): {"id":39,"t":1775412386656,"cmd":"getClassInfo","data":{"t":1775412386656,"cmd":"getClassInfo","data":"OCTR"}}
2026-04-05 21:06:26.900 LOG 3: result : table
2026-04-05 21:06:26.950 LOG 1: После dispatch: cmd=getClassInfo, data тип=table
2026-04-05 21:06:26.000 LOG 0: Запрос от C# 1 (req_id=40): {"id":40,"t":1775412386657,"cmd":"getClassInfo","data":{"t":1775412386657,"cmd":"getClassInfo","data":"TQTY"}}
2026-04-05 21:06:26.050 LOG 3: result : table
2026-04-05 21:06:26.100 LOG 1: После dispatch: cmd=getClassInfo, data тип=table
2026-04-05 21:06:26.150 LOG 0: Запрос от C# 1 (req_id=41): {"id":41,"t":1775412386658,"cmd":"getClassInfo","data":{"t":1775412386658,"cmd":"getClassInfo","data":"MTQR"}}
2026-04-05 21:06:26.200 LOG 3: result : table
2026-04-05 21:06:26.250 LOG 1: После dispatch: cmd=getClassInfo, data тип=table
2026-04-05 21:06:26.300 LOG 0: Запрос от C# 1 (req_id=42): {"id":42,"t":1775412386659,"cmd":"getClassInfo","data":{"t":1775412386659,"cmd":"getClassInfo","data":"SMAL"}}
2026-04-05 21:06:26.350 LOG 3: result : table
2026-04-05 21:06:26.400 LOG 1: После dispatch: cmd=getClassInfo, data тип=table
2026-04-05 21:06:26.450 LOG 0: Запрос от C# 1 (req_id=43): {"id":43,"t":1775412386659,"cmd":"getClassInfo","data":{"t":1775412386659,"cmd":"getClassInfo","data":"TQBR"}}
2026-04-05 21:06:26.500 LOG 3: result : table
2026-04-05 21:06:26.550 LOG 1: После dispatch: cmd=getClassInfo, data тип=table
2026-04-05 21:06:26.600 LOG 0: Запрос от C# 1 (req_id=44): {"id":44,"t":1775412386660,"cmd":"getClassInfo","data":{"t":1775412386660,"cmd":"getClassInfo","data":"TQOB"}}
2026-04-05 21:06:26.650 LOG 3: result : table
2026-04-05 21:06:26.700 LOG 1: После dispatch: cmd=getClassInfo, data тип=table
2026-04-05 21:06:26.750 LOG 0: Запрос от C# 1 (req_id=45): {"id":45,"t":1775412386660,"cmd":"getClassInfo","data":{"t":1775412386660,"cmd":"getClassInfo","data":"TQIF"}}
2026-04-05 21:06:26.800 LOG 3: result : table
2026-04-05 21:06:26.850 LOG 1: После dispatch: cmd=getClassInfo, data тип=table
2026-04-05 21:06:26.900 LOG 0: Запрос от C# 1 (req_id=46): {"id":46,"t":1775412386661,"cmd":"getClassInfo","data":{"t":1775412386661,"cmd":"getClassInfo","data":"TQTF"}}
2026-04-05 21:06:26.950 LOG 3: result : table
2026-04-05 21:06:26.000 LOG 1: После dispatch: cmd=getClassInfo, data тип=table
2026-04-05 21:06:26.050 LOG 0: Запрос от C# 1 (req_id=47): {"id":47,"t":1775412386661,"cmd":"getClassInfo","data":{"t":1775412386661,"cmd":"getClassInfo","data":"TQTF_W"}}
2026-04-05 21:06:26.100 LOG 3: result : table
2026-04-05 21:06:26.150 LOG 1: После dispatch: cmd=getClassInfo, data тип=table
2026-04-05 21:06:26.200 LOG 0: Запрос от C# 1 (req_id=48): {"id":48,"t":1775412386662,"cmd":"getClassInfo","data":{"t":1775412386662,"cmd":"getClassInfo","data":"TQBD"}}
2026-04-05 21:06:26.250 LOG 3: result : table
2026-04-05 21:06:26.300 LOG 1: После dispatch: cmd=getClassInfo, data тип=table
2026-04-05 21:06:26.350 LOG 0: Запрос от C# 1 (req_id=49): {"id":49,"t":1775412386663,"cmd":"getClassInfo","data":{"t":1775412386663,"cmd":"getClassInfo","data":"TQTD"}}
2026-04-05 21:06:26.400 LOG 3: result : table
2026-04-05 21:06:26.450 LOG 1: После dispatch: cmd=getClassInfo, data тип=table
2026-04-05 21:06:26.500 LOG 0: Запрос от C# 1 (req_id=50): {"id":50,"t":1775412386664,"cmd":"getClassInfo","data":{"t":1775412386664,"cmd":"getClassInfo","data":"TQOD"}}
2026-04-05 21:06:26.550 LOG 3: result : table
2026-04-05 21:06:26.600 LOG 1: После dispatch: cmd=getClassInfo, data тип=table
2026-04-05 21:06:26.650 LOG 0: Запрос от C# 1 (req_id=51): {"id":51,"t":1775412386664,"cmd":"getClassInfo","data":{"t":1775412386664,"cmd":"getClassInfo","data":"TQOY"}}
2026-04-05 21:06:26.700 LOG 3: result : table
2026-04-05 21:06:26.750 LOG 1: После dispatch: cmd=getClassInfo, data тип=table
2026-04-05 21:06:26.800 LOG 0: Запрос от C# 1 (req_id=52): {"id":52,"t":1775412386665,"cmd":"getClassInfo","data":{"t":1775412386665,"cmd":"getClassInfo","data":"TQTF_F_HOL"}}
2026-04-05 21:06:26.850 LOG 3: result : table
2026-04-05 21:06:26.900 LOG 1: После dispatch: cmd=getClassInfo, data тип=table
2026-04-05 21:06:26.950 LOG 0: Запрос от C# 1 (req_id=53): {"id":53,"t":1775412386666,"cmd":"getClassInfo","data":{"t":1775412386666,"cmd":"getClassInfo","data":"EES_OTC"}}
2026-04-05 21:06:26.000 LOG 3: result : table
2026-04-05 21:06:26.050 LOG 1: После dispatch: cmd=getClassInfo, data тип=table
2026-04-05 21:06:26.100 LOG 0: Запрос от C# 1 (req_id=54): {"id":54,"t":1775412386666,"cmd":"getClassInfo","data":{"t":1775412386666,"cmd":"getClassInfo","data":"TQTF_F"}}
2026-04-05 21:06:26.150 LOG 3: result : table
2026-04-05 21:06:26.200 LOG 1: После dispatch: cmd=getClassInfo, data тип=table
2026-04-05 21:06:26.250 LOG 0: Запрос от C# 1 (req_id=55): {"id":55,"t":1775412386667,"cmd":"getClassInfo","data":{"t":1775412386667,"cmd":"getClassInfo","data":"SMS"}}
2026-04-05 21:06:26.300 LOG 3: result : table
2026-04-05 21:06:26.350 LOG 1: После dispatch: cmd=getClassInfo, data тип=table
2026-04-05 21:06:26.400 LOG 0: Запрос от C# 1 (req_id=56): {"id":56,"t":1775412386667,"cmd":"getClassInfo","data":{"t":1775412386667,"cmd":"getClassInfo","data":"MPAU"}}
2026-04-05 21:06:26.450 LOG 3: result : table
2026-04-05 21:06:26.500 LOG 1: После dispatch: cmd=getClassInfo, data тип=table
2026-04-05 21:06:26.550 LOG 0: Запрос от C# 1 (req_id=57): {"id":57,"t":1775412386668,"cmd":"getClassInfo","data":{"t":1775412386668,"cmd":"getClassInfo","data":"PSAU_FREE"}}
2026-04-05 21:06:26.600 LOG 3: result : table
2026-04-05 21:06:26.650 LOG 1: После dispatch: cmd=getClassInfo, data тип=table
2026-04-05 21:06:26.700 LOG 0: Запрос от C# 1 (req_id=58): {"id":58,"t":1775412386668,"cmd":"getClassInfo","data":{"t":1775412386668,"cmd":"getClassInfo","data":"PSAU"}}
2026-04-05 21:06:26.750 LOG 3: result : table
2026-04-05 21:06:26.800 LOG 1: После dispatch: cmd=getClassInfo, data тип=table
2026-04-05 21:06:26.850 LOG 0: Запрос от C# 1 (req_id=59): {"id":59,"t":1775412386669,"cmd":"getClassInfo","data":{"t":1775412386669,"cmd":"getClassInfo","data":"PSSU"}}
2026-04-05 21:06:26.900 LOG 3: result : table
2026-04-05 21:06:26.950 LOG 1: После dispatch: cmd=getClassInfo, data тип=table
2026-04-05 21:06:26.000 LOG 0: Запрос от C# 1 (req_id=60): {"id":60,"t":1775412386670,"cmd":"getClassInfo","data":{"t":1775412386670,"cmd":"getClassInfo","data":"PSSU_YAD"}}
2026-04-05 21:06:26.050 LOG 3: result : table
2026-04-05 21:06:26.100 LOG 1: После dispatch: cmd=getClassInfo, data тип=table
2026-04-05 21:06:26.150 LOG 0: Запрос от C# 1 (req_id=61): {"id":61,"t":1775412386671,"cmd":"getClassInfo","data":{"t":1775412386671,"cmd":"getClassInfo","data":"PACY"}}
2026-04-05 21:06:26.200 LOG 3: result : table
2026-04-05 21:06:26.250 LOG 1: После dispatch: cmd=getClassInfo, data тип=table
2026-04-05 21:06:26.300 LOG 0: Запрос от C# 1 (req_id=62): {"id":62,"t":1775412386671,"cmd":"getClassInfo","data":{"t":1775412386671,"cmd":"getClassInfo","data":"QT_EQ"}}
2026-04-05 21:06:26.350 LOG 3: result : table
2026-04-05 21:06:26.400 LOG 1: После dispatch: cmd=getClassInfo, data тип=table
2026-04-05 21:06:26.450 LOG 0: Запрос от C# 1 (req_id=63): {"id":63,"t":1775412386672,"cmd":"getClassesList","data":{"t":1775412386672,"cmd":"getClassesList","data":""}}
2026-04-05 21:06:26.500 LOG 0: Р’С‹Р·РѕРІ getClassesList, req_id=?
2026-04-05 21:06:26.550 LOG 3: result : table
2026-04-05 21:06:26.600 LOG 1: После dispatch: cmd=getClassesList, data тип=string
2026-04-05 21:06:26.650 LOG 0: Запрос от C# 1 (req_id=64): {"id":64,"t":1775412386675,"cmd":"getClassSecurities","data":{"t":1775412386675,"cmd":"getClassSecurities","data":"TQTE"}}
2026-04-05 21:06:26.700 LOG 3: result : table
2026-04-05 21:06:26.750 LOG 1: После dispatch: cmd=getClassSecurities, data тип=string
2026-04-05 21:06:26.800 LOG 0: Запрос от C# 1 (req_id=65): {"id":65,"t":1775412386678,"cmd":"getClassSecurities","data":{"t":1775412386678,"cmd":"getClassSecurities","data":"TQCB"}}
2026-04-05 21:06:26.850 LOG 3: result : table
2026-04-05 21:06:26.900 LOG 1: После dispatch: cmd=getClassSecurities, data тип=string
2026-04-05 21:06:26.950 LOG 0: Запрос от C# 1 (req_id=66): {"id":66,"t":1775412386685,"cmd":"getClassSecurities","data":{"t":1775412386685,"cmd":"getClassSecurities","data":"TQOE"}}
2026-04-05 21:06:26.000 LOG 3: result : table
2026-04-05 21:06:26.050 LOG 1: После dispatch: cmd=getClassSecurities, data тип=string
2026-04-05 21:06:26.100 LOG 0: Запрос от C# 1 (req_id=67): {"id":67,"t":1775412386686,"cmd":"getClassSecurities","data":{"t":1775412386686,"cmd":"getClassSecurities","data":"TQRD"}}
2026-04-05 21:06:26.150 LOG 3: result : table
2026-04-05 21:06:26.200 LOG 1: После dispatch: cmd=getClassSecurities, data тип=string
2026-04-05 21:06:26.250 LOG 0: Запрос от C# 1 (req_id=68): {"id":68,"t":1775412386687,"cmd":"getClassSecurities","data":{"t":1775412386687,"cmd":"getClassSecurities","data":"TQUD"}}
2026-04-05 21:06:26.300 LOG 3: result : table
2026-04-05 21:06:26.350 LOG 1: После dispatch: cmd=getClassSecurities, data тип=string
2026-04-05 21:06:26.400 LOG 0: Запрос от C# 1 (req_id=69): {"id":69,"t":1775412386688,"cmd":"getClassSecurities","data":{"t":1775412386688,"cmd":"getClassSecurities","data":"TQED"}}
2026-04-05 21:06:26.450 LOG 3: result : table
2026-04-05 21:06:26.500 LOG 1: После dispatch: cmd=getClassSecurities, data тип=string
2026-04-05 21:06:26.550 LOG 0: Запрос от C# 1 (req_id=70): {"id":70,"t":1775412386688,"cmd":"getClassSecurities","data":{"t":1775412386688,"cmd":"getClassSecurities","data":"FQBR"}}
2026-04-05 21:06:26.600 LOG 3: result : table
2026-04-05 21:06:26.650 LOG 1: После dispatch: cmd=getClassSecurities, data тип=string
2026-04-05 21:06:26.700 LOG 0: Запрос от C# 1 (req_id=71): {"id":71,"t":1775412386691,"cmd":"getClassSecurities","data":{"t":1775412386691,"cmd":"getClassSecurities","data":"SPBFUT"}}
2026-04-05 21:06:26.750 LOG 3: result : table
2026-04-05 21:06:26.800 LOG 1: После dispatch: cmd=getClassSecurities, data тип=string
2026-04-05 21:06:26.850 LOG 0: Запрос от C# 1 (req_id=72): {"id":72,"t":1775412386692,"cmd":"getClassSecurities","data":{"t":1775412386692,"cmd":"getClassSecurities","data":"SPBOPT"}}
2026-04-05 21:06:26.900 LOG 3: result : table
2026-04-05 21:06:26.950 LOG 1: После dispatch: cmd=getClassSecurities, data тип=string
2026-04-05 21:06:26.000 LOG 0: Запрос от C# 1 (req_id=73): {"id":73,"t":1775412386717,"cmd":"getClassSecurities","data":{"t":1775412386717,"cmd":"getClassSecurities","data":"USDRUB"}}
2026-04-05 21:06:26.050 LOG 3: result : table
2026-04-05 21:06:26.100 LOG 1: После dispatch: cmd=getClassSecurities, data тип=string
2026-04-05 21:06:26.150 LOG 0: Запрос от C# 1 (req_id=74): {"id":74,"t":1775412386719,"cmd":"getClassSecurities","data":{"t":1775412386719,"cmd":"getClassSecurities","data":"OPTSPOT"}}
2026-04-05 21:06:26.200 LOG 3: result : table
2026-04-05 21:06:26.250 LOG 1: После dispatch: cmd=getClassSecurities, data тип=string
2026-04-05 21:06:26.300 LOG 0: Запрос от C# 1 (req_id=75): {"id":75,"t":1775412386750,"cmd":"getClassSecurities","data":{"t":1775412386750,"cmd":"getClassSecurities","data":"OPTCURNCY"}}
2026-04-05 21:06:26.350 LOG 3: result : table
2026-04-05 21:06:26.400 LOG 1: После dispatch: cmd=getClassSecurities, data тип=string
2026-04-05 21:06:26.450 LOG 0: Запрос от C# 1 (req_id=76): {"id":76,"t":1775412386752,"cmd":"getClassSecurities","data":{"t":1775412386752,"cmd":"getClassSecurities","data":"OPTCOMDTY"}}
2026-04-05 21:06:26.500 LOG 3: result : table
2026-04-05 21:06:26.550 LOG 1: После dispatch: cmd=getClassSecurities, data тип=string
2026-04-05 21:06:26.600 LOG 0: Запрос от C# 1 (req_id=77): {"id":77,"t":1775412386754,"cmd":"getClassSecurities","data":{"t":1775412386754,"cmd":"getClassSecurities","data":"OPTIDX"}}
2026-04-05 21:06:26.650 LOG 3: result : table
2026-04-05 21:06:26.700 LOG 1: После dispatch: cmd=getClassSecurities, data тип=string
2026-04-05 21:06:26.750 LOG 0: Запрос от C# 1 (req_id=78): {"id":78,"t":1775412386757,"cmd":"getClassSecurities","data":{"t":1775412386757,"cmd":"getClassSecurities","data":"RTSIDX"}}
2026-04-05 21:06:26.800 LOG 3: result : table
2026-04-05 21:06:26.850 LOG 1: После dispatch: cmd=getClassSecurities, data тип=string
2026-04-05 21:06:26.900 LOG 0: Запрос от C# 1 (req_id=79): {"id":79,"t":1775412386759,"cmd":"getClassSecurities","data":{"t":1775412386759,"cmd":"getClassSecurities","data":"EQRP_INFO"}}
2026-04-05 21:06:26.950 LOG 3: result : table
2026-04-05 21:06:26.000 LOG 1: После dispatch: cmd=getClassSecurities, data тип=string
2026-04-05 21:06:26.050 LOG 0: Запрос от C# 1 (req_id=80): {"id":80,"t":1775412386768,"cmd":"getClassSecurities","data":{"t":1775412386768,"cmd":"getClassSecurities","data":"FUTCLT"}}
2026-04-05 21:06:26.100 LOG 3: result : table
2026-04-05 21:06:26.150 LOG 1: После dispatch: cmd=getClassSecurities, data тип=string
2026-04-05 21:06:26.200 LOG 0: Запрос от C# 1 (req_id=81): {"id":81,"t":1775412386769,"cmd":"getClassSecurities","data":{"t":1775412386769,"cmd":"getClassSecurities","data":"SPBXM"}}
2026-04-05 21:06:26.250 LOG 3: result : table
2026-04-05 21:06:26.300 LOG 1: После dispatch: cmd=getClassSecurities, data тип=string
2026-04-05 21:06:26.350 LOG 0: Запрос от C# 1 (req_id=82): {"id":82,"t":1775412386773,"cmd":"getClassSecurities","data":{"t":1775412386773,"cmd":"getClassSecurities","data":"SPBDE"}}
2026-04-05 21:06:26.400 LOG 3: result : table
2026-04-05 21:06:26.450 LOG 1: После dispatch: cmd=getClassSecurities, data тип=string
2026-04-05 21:06:26.500 LOG 0: Запрос от C# 1 (req_id=83): {"id":83,"t":1775412386775,"cmd":"getClassSecurities","data":{"t":1775412386775,"cmd":"getClassSecurities","data":"SPBRU"}}
2026-04-05 21:06:26.550 LOG 3: result : table
2026-04-05 21:06:26.600 LOG 1: После dispatch: cmd=getClassSecurities, data тип=string
2026-04-05 21:06:26.650 LOG 0: Запрос от C# 1 (req_id=84): {"id":84,"t":1775412386778,"cmd":"getClassSecurities","data":{"t":1775412386778,"cmd":"getClassSecurities","data":"SPBRUBND"}}
2026-04-05 21:06:26.700 LOG 3: result : table
2026-04-05 21:06:26.750 LOG 1: После dispatch: cmd=getClassSecurities, data тип=string
2026-04-05 21:06:26.800 LOG 0: Запрос от C# 1 (req_id=85): {"id":85,"t":1775412386779,"cmd":"getClassSecurities","data":{"t":1775412386779,"cmd":"getClassSecurities","data":"SPBRU_USD"}}
2026-04-05 21:06:26.850 LOG 3: result : table
2026-04-05 21:06:26.900 LOG 1: После dispatch: cmd=getClassSecurities, data тип=string
2026-04-05 21:06:26.950 LOG 0: Запрос от C# 1 (req_id=86): {"id":86,"t":1775412386780,"cmd":"getClassSecurities","data":{"t":1775412386780,"cmd":"getClassSecurities","data":"PSSPBRUBNDDO"}}
2026-04-05 21:06:26.000 LOG 3: result : table
2026-04-05 21:06:26.050 LOG 1: После dispatch: cmd=getClassSecurities, data тип=string
2026-04-05 21:06:26.100 LOG 0: Запрос от C# 1 (req_id=87): {"id":87,"t":1775412386780,"cmd":"getClassSecurities","data":{"t":1775412386780,"cmd":"getClassSecurities","data":"REPORT"}}
2026-04-05 21:06:26.150 LOG 3: result : table
2026-04-05 21:06:26.200 LOG 1: После dispatch: cmd=getClassSecurities, data тип=string
2026-04-05 21:06:26.250 LOG 0: Запрос от C# 1 (req_id=88): {"id":88,"t":1775412386781,"cmd":"getClassSecurities","data":{"t":1775412386781,"cmd":"getClassSecurities","data":"REPORTFORTS"}}
2026-04-05 21:06:26.300 LOG 3: result : table
2026-04-05 21:06:26.350 LOG 1: После dispatch: cmd=getClassSecurities, data тип=string
2026-04-05 21:06:26.400 LOG 0: Запрос от C# 1 (req_id=89): {"id":89,"t":1775412386782,"cmd":"getClassSecurities","data":{"t":1775412386782,"cmd":"getClassSecurities","data":"CROSSRATE"}}
2026-04-05 21:06:26.450 LOG 3: result : table
2026-04-05 21:06:26.500 LOG 1: После dispatch: cmd=getClassSecurities, data тип=string
2026-04-05 21:06:26.550 LOG 0: Запрос от C# 1 (req_id=90): {"id":90,"t":1775412386783,"cmd":"getClassSecurities","data":{"t":1775412386783,"cmd":"getClassSecurities","data":"QT_BN"}}
2026-04-05 21:06:26.600 LOG 3: result : table
2026-04-05 21:06:26.650 LOG 1: После dispatch: cmd=getClassSecurities, data тип=string
2026-04-05 21:06:26.700 LOG 0: Запрос от C# 1 (req_id=91): {"id":91,"t":1775412386784,"cmd":"getClassSecurities","data":{"t":1775412386784,"cmd":"getClassSecurities","data":"INDX"}}
2026-04-05 21:06:26.750 LOG 3: result : table
2026-04-05 21:06:26.800 LOG 1: После dispatch: cmd=getClassSecurities, data тип=string
2026-04-05 21:06:26.850 LOG 0: Запрос от C# 1 (req_id=92): {"id":92,"t":1775412386785,"cmd":"getClassSecurities","data":{"t":1775412386785,"cmd":"getClassSecurities","data":"TQIF_HOL"}}
2026-04-05 21:06:26.900 LOG 3: result : table
2026-04-05 21:06:26.950 LOG 1: После dispatch: cmd=getClassSecurities, data тип=string
2026-04-05 21:06:26.000 LOG 0: Запрос от C# 1 (req_id=93): {"id":93,"t":1775412386786,"cmd":"getClassSecurities","data":{"t":1775412386786,"cmd":"getClassSecurities","data":"TQTF_HOL"}}
2026-04-05 21:06:26.050 LOG 3: result : table
2026-04-05 21:06:26.100 LOG 1: После dispatch: cmd=getClassSecurities, data тип=string
2026-04-05 21:06:26.150 LOG 0: Запрос от C# 1 (req_id=94): {"id":94,"t":1775412386789,"cmd":"getClassSecurities","data":{"t":1775412386789,"cmd":"getClassSecurities","data":"TQTF_W_HOL"}}
2026-04-05 21:06:26.200 LOG 3: result : table
2026-04-05 21:06:26.250 LOG 1: После dispatch: cmd=getClassSecurities, data тип=string
2026-04-05 21:06:26.300 LOG 0: Запрос от C# 1 (req_id=95): {"id":95,"t":1775412386790,"cmd":"getClassSecurities","data":{"t":1775412386790,"cmd":"getClassSecurities","data":"UP"}}
2026-04-05 21:06:26.350 LOG 3: result : table
2026-04-05 21:06:26.400 LOG 1: После dispatch: cmd=getClassSecurities, data тип=string
2026-04-05 21:06:26.450 LOG 0: Запрос от C# 1 (req_id=96): {"id":96,"t":1775412386791,"cmd":"getClassSecurities","data":{"t":1775412386791,"cmd":"getClassSecurities","data":"CETS"}}
2026-04-05 21:06:26.500 LOG 3: result : table
2026-04-05 21:06:26.550 LOG 1: После dispatch: cmd=getClassSecurities, data тип=string
2026-04-05 21:06:26.600 LOG 0: Запрос от C# 1 (req_id=97): {"id":97,"t":1775412386791,"cmd":"getClassSecurities","data":{"t":1775412386791,"cmd":"getClassSecurities","data":"CETS_MTL"}}
2026-04-05 21:06:26.650 LOG 3: result : table
2026-04-05 21:06:26.700 LOG 1: После dispatch: cmd=getClassSecurities, data тип=string
2026-04-05 21:06:26.750 LOG 0: Запрос от C# 1 (req_id=98): {"id":98,"t":1775412386792,"cmd":"getClassSecurities","data":{"t":1775412386792,"cmd":"getClassSecurities","data":"TQFD"}}
2026-04-05 21:06:26.800 LOG 3: result : table
2026-04-05 21:06:26.850 LOG 1: После dispatch: cmd=getClassSecurities, data тип=string
2026-04-05 21:06:26.900 LOG 0: Запрос от C# 1 (req_id=99): {"id":99,"t":1775412386793,"cmd":"getClassSecurities","data":{"t":1775412386793,"cmd":"getClassSecurities","data":"TQFE"}}
2026-04-05 21:06:26.950 LOG 3: result : table
2026-04-05 21:06:26.000 LOG 1: После dispatch: cmd=getClassSecurities, data тип=string
2026-04-05 21:06:26.050 LOG 0: Запрос от C# 1 (req_id=100): {"id":100,"t":1775412386793,"cmd":"getClassSecurities","data":{"t":1775412386793,"cmd":"getClassSecurities","data":"OCTR"}}
2026-04-05 21:06:26.100 LOG 3: result : table
2026-04-05 21:06:26.150 LOG 1: После dispatch: cmd=getClassSecurities, data тип=string
2026-04-05 21:06:26.200 LOG 0: Запрос от C# 1 (req_id=101): {"id":101,"t":1775412386795,"cmd":"getClassSecurities","data":{"t":1775412386795,"cmd":"getClassSecurities","data":"TQTY"}}
2026-04-05 21:06:26.250 LOG 3: result : table
2026-04-05 21:06:26.300 LOG 1: После dispatch: cmd=getClassSecurities, data тип=string
2026-04-05 21:06:26.350 LOG 0: Запрос от C# 1 (req_id=102): {"id":102,"t":1775412386796,"cmd":"getClassSecurities","data":{"t":1775412386796,"cmd":"getClassSecurities","data":"MTQR"}}
2026-04-05 21:06:26.400 LOG 3: result : table
2026-04-05 21:06:26.450 LOG 1: После dispatch: cmd=getClassSecurities, data тип=string
2026-04-05 21:06:26.500 LOG 0: Запрос от C# 1 (req_id=103): {"id":103,"t":1775412386797,"cmd":"getClassSecurities","data":{"t":1775412386797,"cmd":"getClassSecurities","data":"SMAL"}}
2026-04-05 21:06:26.550 LOG 3: result : table
2026-04-05 21:06:26.600 LOG 1: После dispatch: cmd=getClassSecurities, data тип=string
2026-04-05 21:06:26.650 LOG 0: Запрос от C# 1 (req_id=104): {"id":104,"t":1775412386798,"cmd":"getClassSecurities","data":{"t":1775412386798,"cmd":"getClassSecurities","data":"TQBR"}}
2026-04-05 21:06:26.700 LOG 3: result : table
2026-04-05 21:06:26.750 LOG 1: После dispatch: cmd=getClassSecurities, data тип=string
2026-04-05 21:06:26.800 LOG 0: Запрос от C# 1 (req_id=105): {"id":105,"t":1775412386799,"cmd":"getClassSecurities","data":{"t":1775412386799,"cmd":"getClassSecurities","data":"TQOB"}}
2026-04-05 21:06:26.850 LOG 3: result : table
2026-04-05 21:06:26.900 LOG 1: После dispatch: cmd=getClassSecurities, data тип=string
2026-04-05 21:06:26.950 LOG 0: Запрос от C# 1 (req_id=106): {"id":106,"t":1775412386799,"cmd":"getClassSecurities","data":{"t":1775412386799,"cmd":"getClassSecurities","data":"TQIF"}}
2026-04-05 21:06:26.000 LOG 3: result : table
2026-04-05 21:06:26.050 LOG 1: После dispatch: cmd=getClassSecurities, data тип=string
2026-04-05 21:06:26.100 LOG 0: Запрос от C# 1 (req_id=107): {"id":107,"t":1775412386800,"cmd":"getClassSecurities","data":{"t":1775412386800,"cmd":"getClassSecurities","data":"TQTF"}}
2026-04-05 21:06:26.150 LOG 3: result : table
2026-04-05 21:06:26.200 LOG 1: После dispatch: cmd=getClassSecurities, data тип=string
2026-04-05 21:06:26.250 LOG 0: Запрос от C# 1 (req_id=108): {"id":108,"t":1775412386801,"cmd":"getClassSecurities","data":{"t":1775412386801,"cmd":"getClassSecurities","data":"TQTF_W"}}
2026-04-05 21:06:26.300 LOG 3: result : table
2026-04-05 21:06:26.350 LOG 1: После dispatch: cmd=getClassSecurities, data тип=string
2026-04-05 21:06:26.400 LOG 0: Запрос от C# 1 (req_id=109): {"id":109,"t":1775412386801,"cmd":"getClassSecurities","data":{"t":1775412386801,"cmd":"getClassSecurities","data":"TQBD"}}
2026-04-05 21:06:26.450 LOG 3: result : table
2026-04-05 21:06:26.500 LOG 1: После dispatch: cmd=getClassSecurities, data тип=string
2026-04-05 21:06:26.550 LOG 0: Запрос от C# 1 (req_id=110): {"id":110,"t":1775412386806,"cmd":"getClassSecurities","data":{"t":1775412386806,"cmd":"getClassSecurities","data":"TQTD"}}
2026-04-05 21:06:26.600 LOG 3: result : table
2026-04-05 21:06:26.650 LOG 1: После dispatch: cmd=getClassSecurities, data тип=string
2026-04-05 21:06:26.700 LOG 0: Запрос от C# 1 (req_id=111): {"id":111,"t":1775412386808,"cmd":"getClassSecurities","data":{"t":1775412386808,"cmd":"getClassSecurities","data":"TQOD"}}
2026-04-05 21:06:26.750 LOG 3: result : table
2026-04-05 21:06:26.800 LOG 1: После dispatch: cmd=getClassSecurities, data тип=string
2026-04-05 21:06:26.850 LOG 0: Запрос от C# 1 (req_id=112): {"id":112,"t":1775412386809,"cmd":"getClassSecurities","data":{"t":1775412386809,"cmd":"getClassSecurities","data":"TQOY"}}
2026-04-05 21:06:26.900 LOG 3: result : table
2026-04-05 21:06:26.950 LOG 1: После dispatch: cmd=getClassSecurities, data тип=string
2026-04-05 21:06:26.000 LOG 0: Запрос от C# 1 (req_id=113): {"id":113,"t":1775412386810,"cmd":"getClassSecurities","data":{"t":1775412386810,"cmd":"getClassSecurities","data":"TQTF_F_HOL"}}
2026-04-05 21:06:26.050 LOG 3: result : table
2026-04-05 21:06:26.100 LOG 1: После dispatch: cmd=getClassSecurities, data тип=string
2026-04-05 21:06:26.150 LOG 0: Запрос от C# 1 (req_id=114): {"id":114,"t":1775412386810,"cmd":"getClassSecurities","data":{"t":1775412386810,"cmd":"getClassSecurities","data":"EES_OTC"}}
2026-04-05 21:06:26.200 LOG 3: result : table
2026-04-05 21:06:26.250 LOG 1: После dispatch: cmd=getClassSecurities, data тип=string
2026-04-05 21:06:26.300 LOG 0: Запрос от C# 1 (req_id=115): {"id":115,"t":1775412386811,"cmd":"getClassSecurities","data":{"t":1775412386811,"cmd":"getClassSecurities","data":"TQTF_F"}}
2026-04-05 21:06:26.350 LOG 3: result : table
2026-04-05 21:06:26.400 LOG 1: После dispatch: cmd=getClassSecurities, data тип=string
2026-04-05 21:06:26.450 LOG 0: Запрос от C# 1 (req_id=116): {"id":116,"t":1775412386812,"cmd":"getClassSecurities","data":{"t":1775412386812,"cmd":"getClassSecurities","data":"SMS"}}
2026-04-05 21:06:26.500 LOG 3: result : table
2026-04-05 21:06:26.550 LOG 1: После dispatch: cmd=getClassSecurities, data тип=string
2026-04-05 21:06:26.600 LOG 0: Запрос от C# 1 (req_id=117): {"id":117,"t":1775412386812,"cmd":"getClassSecurities","data":{"t":1775412386812,"cmd":"getClassSecurities","data":"MPAU"}}
2026-04-05 21:06:26.650 LOG 3: result : table
2026-04-05 21:06:26.700 LOG 1: После dispatch: cmd=getClassSecurities, data тип=string
2026-04-05 21:06:26.750 LOG 0: Запрос от C# 1 (req_id=118): {"id":118,"t":1775412386813,"cmd":"getClassSecurities","data":{"t":1775412386813,"cmd":"getClassSecurities","data":"PSAU_FREE"}}
2026-04-05 21:06:26.800 LOG 3: result : table
2026-04-05 21:06:26.850 LOG 1: После dispatch: cmd=getClassSecurities, data тип=string
2026-04-05 21:06:26.900 LOG 0: Запрос от C# 1 (req_id=119): {"id":119,"t":1775412386813,"cmd":"getClassSecurities","data":{"t":1775412386813,"cmd":"getClassSecurities","data":"PSAU"}}
2026-04-05 21:06:26.950 LOG 3: result : table
2026-04-05 21:06:26.000 LOG 1: После dispatch: cmd=getClassSecurities, data тип=string
2026-04-05 21:06:26.050 LOG 0: Запрос от C# 1 (req_id=120): {"id":120,"t":1775412386816,"cmd":"getClassSecurities","data":{"t":1775412386816,"cmd":"getClassSecurities","data":"PSSU"}}
2026-04-05 21:06:26.100 LOG 3: result : table
2026-04-05 21:06:26.150 LOG 1: После dispatch: cmd=getClassSecurities, data тип=string
2026-04-05 21:06:26.200 LOG 0: Запрос от C# 1 (req_id=121): {"id":121,"t":1775412386817,"cmd":"getClassSecurities","data":{"t":1775412386817,"cmd":"getClassSecurities","data":"PSSU_YAD"}}
2026-04-05 21:06:26.250 LOG 3: result : table
2026-04-05 21:06:26.300 LOG 1: После dispatch: cmd=getClassSecurities, data тип=string
2026-04-05 21:06:26.350 LOG 0: Запрос от C# 1 (req_id=122): {"id":122,"t":1775412386818,"cmd":"getClassSecurities","data":{"t":1775412386818,"cmd":"getClassSecurities","data":"PACY"}}
2026-04-05 21:06:26.400 LOG 3: result : table
2026-04-05 21:06:26.450 LOG 1: После dispatch: cmd=getClassSecurities, data тип=string
2026-04-05 21:06:26.500 LOG 0: Запрос от C# 1 (req_id=123): {"id":123,"t":1775412386818,"cmd":"getClassSecurities","data":{"t":1775412386818,"cmd":"getClassSecurities","data":"QT_EQ"}}
2026-04-05 21:06:26.550 LOG 3: result : table
2026-04-05 21:06:26.600 LOG 1: После dispatch: cmd=getClassSecurities, data тип=string
2026-04-05 21:06:26.650 LOG 0: Запрос от C# 1 (req_id=124): {"id":124,"t":1775412386820,"cmd":"getSecurityInfo","data":{"t":1775412386820,"cmd":"getSecurityInfo","data":"SPBFUT|RIM6"}}
2026-04-05 21:06:26.700 LOG 3: result : table
2026-04-05 21:06:26.750 LOG 1: После dispatch: cmd=getSecurityInfo, data тип=table
2026-04-05 21:06:26.800 LOG 0: Запрос от C# 1 (req_id=125): {"id":125,"t":1775412386836,"cmd":"getSecurityInfo","data":{"t":1775412386836,"cmd":"getSecurityInfo","data":"TQBR|LKOH"}}
2026-04-05 21:06:26.850 LOG 3: result : table
2026-04-05 21:06:26.900 LOG 1: После dispatch: cmd=getSecurityInfo, data тип=table
2026-04-05 21:06:26.950 LOG 0: Запрос от C# 1 (req_id=126): {"id":126,"t":1775412386979,"cmd":"getClassesList","data":{"t":1775412386979,"cmd":"getClassesList","data":""}}
2026-04-05 21:06:26.000 LOG 0: Р’С‹Р·РѕРІ getClassesList, req_id=?
2026-04-05 21:06:26.050 LOG 3: result : table
2026-04-05 21:06:26.100 LOG 1: После dispatch: cmd=getClassesList, data тип=string
2026-04-05 21:06:26.150 LOG 0: Запрос от C# 1 (req_id=127): {"id":127,"t":1775412386981,"cmd":"getSecurityClass","data":{"t":1775412386981,"cmd":"getSecurityClass","data":"TQTE,TQCB,TQOE,TQRD,TQUD,TQED,FQBR,SPBFUT,SPBOPT,USDRUB,OPTSPOT,OPTCURNCY,OPTCOMDTY,OPTIDX,RTSIDX,EQRP_INFO,FUTCLT,SPBXM,SPBDE,SPBRU,SPBRUBND,SPBRU_USD,PSSPBRUBNDDO,REPORT,REPORTFORTS,CROSSRATE,QT_BN,INDX,TQIF_HOL,TQTF_HOL,TQTF_W_HOL,UP,CETS,CETS_MTL,TQFD,TQFE,OCTR,TQTY,MTQR,SMAL,TQBR,TQOB,TQIF,TQTF,TQTF_W,TQBD,TQTD,TQOD,TQOY,TQTF_F_HOL,EES_OTC,TQTF_F,SMS,MPAU,PSAU_FREE,PSAU,PSSU,PSSU_YAD,PACY,QT_EQ|LKOH"}}
2026-04-05 21:06:26.200 LOG 3: result : table
2026-04-05 21:06:26.250 LOG 1: После dispatch: cmd=getSecurityClass, data тип=string
2026-04-05 21:06:26.300 LOG 0: Запрос от C# 1 (req_id=128): {"id":128,"t":1775412386983,"cmd":"getClientCode","data":{"t":1775412386983,"cmd":"getClientCode","data":""}}
2026-04-05 21:06:26.350 LOG 2: [QS DEBUG] getClientCode: MONEY_LIMITS count = 8
2026-04-05 21:06:26.400 LOG 2: [QS DEBUG] getClientCode: index 0 client_code = 136XHS
2026-04-05 21:06:26.450 LOG 3: result : table
2026-04-05 21:06:26.500 LOG 1: После dispatch: cmd=getClientCode, data тип=string
2026-04-05 21:06:26.550 LOG 0: Запрос от C# 1 (req_id=129): {"id":129,"t":1775412386985,"cmd":"getClientCodes","data":{"t":1775412386984,"cmd":"getClientCodes","data":""}}
2026-04-05 21:06:26.600 LOG 2: [QS DEBUG] getClientCodes: MONEY_LIMITS count = 8
2026-04-05 21:06:26.650 LOG 2: [QS DEBUG] getClientCodes: index 0 client_code = 136XHS
2026-04-05 21:06:26.700 LOG 2: [QS DEBUG] getClientCodes: index 1 client_code = 136XHS
2026-04-05 21:06:26.750 LOG 2: [QS DEBUG] getClientCodes: index 2 client_code = 136XHS
2026-04-05 21:06:26.800 LOG 2: [QS DEBUG] getClientCodes: index 3 client_code = 136XHS
2026-04-05 21:06:26.850 LOG 2: [QS DEBUG] getClientCodes: index 4 client_code = 136XHS
2026-04-05 21:06:26.900 LOG 2: [QS DEBUG] getClientCodes: index 5 client_code = 136XHS
2026-04-05 21:06:26.950 LOG 2: [QS DEBUG] getClientCodes: index 6 client_code = 136XHS
2026-04-05 21:06:26.000 LOG 2: [QS DEBUG] getClientCodes: index 7 client_code = 136XHS
2026-04-05 21:06:26.050 LOG 2: [QS DEBUG] getClientCodes: total unique = 1
2026-04-05 21:06:26.100 LOG 3: result : table
2026-04-05 21:06:26.150 LOG 1: После dispatch: cmd=getClientCodes, data тип=table
2026-04-05 21:06:26.200 LOG 0: Запрос от C# 1 (req_id=130): {"id":130,"t":1775412386988,"cmd":"getTradeAccount","data":{"t":1775412386988,"cmd":"getTradeAccount","data":"TQBR"}}
2026-04-05 21:06:26.250 LOG 2: [QS DEBUG] getTradeAccount: accounts count = 6
2026-04-05 21:06:26.300 LOG 2: [QS DEBUG] getTradeAccount: index 0 class_codes = |SPBFUT|SPBOPT|OPTSPOT|PSOPTSPOT|OPTCURNCY|PSOPTCURNCY|OPTCOMDTY|PSOPTCOMDTY|OPTIDX|PSOPTIDX|PSFUT|PSOPT| trdaccid = SPBFUT29Q7T
2026-04-05 21:06:26.350 LOG 3: result : string
2026-04-05 21:07:05.050 LOG 0: Detected Quik version: 1208, script path: C:\Programming\QuikSharp\lua
2026-04-05 21:07:05.100 LOG 1: Shared memory IPC (variant 2) initialized
2026-04-05 21:07:05.150 LOG 1: QUIK# connected via shared memory (variant 2)
2026-04-05 21:07:09.050 LOG 0: Запрос от C# 1 (req_id=1): {"t":1775412429878,"data":{"t":1775412429874,"data":"","cmd":"getClassesList"},"id":1,"cmd":"getClassesList"}
2026-04-05 21:07:09.100 LOG 0: Р’С‹Р·РѕРІ getClassesList, req_id=?
2026-04-05 21:07:09.150 LOG 3: result : table
2026-04-05 21:07:09.200 LOG 1: После dispatch: cmd=getClassesList, data тип=string
2026-04-05 21:07:10.050 LOG 0: Запрос от C# 1 (req_id=2): {"t":1775412430014,"data":{"t":1775412430014,"data":"","cmd":"getClassesList"},"id":2,"cmd":"getClassesList"}
2026-04-05 21:07:10.100 LOG 0: Р’С‹Р·РѕРІ getClassesList, req_id=?
2026-04-05 21:07:10.150 LOG 3: result : table
2026-04-05 21:07:10.200 LOG 1: После dispatch: cmd=getClassesList, data тип=string
2026-04-05 21:07:10.250 LOG 0: Запрос от C# 1 (req_id=3): {"t":1775412430016,"data":{"t":1775412430015,"data":"TQTE","cmd":"getClassInfo"},"id":3,"cmd":"getClassInfo"}
2026-04-05 21:07:10.300 LOG 3: result : table
2026-04-05 21:07:10.350 LOG 1: После dispatch: cmd=getClassInfo, data тип=table
2026-04-05 21:07:10.400 LOG 0: Запрос от C# 1 (req_id=4): {"t":1775412430020,"data":{"t":1775412430020,"data":"TQCB","cmd":"getClassInfo"},"id":4,"cmd":"getClassInfo"}
2026-04-05 21:07:10.450 LOG 3: result : table
2026-04-05 21:07:10.500 LOG 1: После dispatch: cmd=getClassInfo, data тип=table
2026-04-05 21:07:10.550 LOG 0: Запрос от C# 1 (req_id=5): {"t":1775412430021,"data":{"t":1775412430021,"data":"TQOE","cmd":"getClassInfo"},"id":5,"cmd":"getClassInfo"}
2026-04-05 21:07:10.600 LOG 3: result : table
2026-04-05 21:07:10.650 LOG 1: После dispatch: cmd=getClassInfo, data тип=table
2026-04-05 21:07:10.700 LOG 0: Запрос от C# 1 (req_id=6): {"t":1775412430022,"data":{"t":1775412430022,"data":"TQRD","cmd":"getClassInfo"},"id":6,"cmd":"getClassInfo"}
2026-04-05 21:07:10.750 LOG 3: result : table
2026-04-05 21:07:10.800 LOG 1: После dispatch: cmd=getClassInfo, data тип=table
2026-04-05 21:07:10.850 LOG 0: Запрос от C# 1 (req_id=7): {"t":1775412430023,"data":{"t":1775412430023,"data":"TQUD","cmd":"getClassInfo"},"id":7,"cmd":"getClassInfo"}
2026-04-05 21:07:10.900 LOG 3: result : table
2026-04-05 21:07:10.950 LOG 1: После dispatch: cmd=getClassInfo, data тип=table
2026-04-05 21:07:10.000 LOG 0: Запрос от C# 1 (req_id=8): {"t":1775412430023,"data":{"t":1775412430023,"data":"TQED","cmd":"getClassInfo"},"id":8,"cmd":"getClassInfo"}
2026-04-05 21:07:10.050 LOG 3: result : table
2026-04-05 21:07:10.100 LOG 1: После dispatch: cmd=getClassInfo, data тип=table
2026-04-05 21:07:10.150 LOG 0: Запрос от C# 1 (req_id=9): {"t":1775412430024,"data":{"t":1775412430024,"data":"FQBR","cmd":"getClassInfo"},"id":9,"cmd":"getClassInfo"}
2026-04-05 21:07:10.200 LOG 3: result : table
2026-04-05 21:07:10.250 LOG 1: После dispatch: cmd=getClassInfo, data тип=table
2026-04-05 21:07:10.300 LOG 0: Запрос от C# 1 (req_id=10): {"t":1775412430026,"data":{"t":1775412430026,"data":"SPBFUT","cmd":"getClassInfo"},"id":10,"cmd":"getClassInfo"}
2026-04-05 21:07:10.350 LOG 3: result : table
2026-04-05 21:07:10.400 LOG 1: После dispatch: cmd=getClassInfo, data тип=table
2026-04-05 21:07:10.450 LOG 0: Запрос от C# 1 (req_id=11): {"t":1775412430027,"data":{"t":1775412430027,"data":"SPBOPT","cmd":"getClassInfo"},"id":11,"cmd":"getClassInfo"}
2026-04-05 21:07:10.500 LOG 3: result : table
2026-04-05 21:07:10.550 LOG 1: После dispatch: cmd=getClassInfo, data тип=table
2026-04-05 21:07:10.600 LOG 0: Запрос от C# 1 (req_id=12): {"t":1775412430028,"data":{"t":1775412430028,"data":"USDRUB","cmd":"getClassInfo"},"id":12,"cmd":"getClassInfo"}
2026-04-05 21:07:10.650 LOG 3: result : table
2026-04-05 21:07:10.700 LOG 1: После dispatch: cmd=getClassInfo, data тип=table
2026-04-05 21:07:10.750 LOG 0: Запрос от C# 1 (req_id=13): {"t":1775412430029,"data":{"t":1775412430029,"data":"OPTSPOT","cmd":"getClassInfo"},"id":13,"cmd":"getClassInfo"}
2026-04-05 21:07:10.800 LOG 3: result : table
2026-04-05 21:07:10.850 LOG 1: После dispatch: cmd=getClassInfo, data тип=table
2026-04-05 21:07:10.900 LOG 0: Запрос от C# 1 (req_id=14): {"t":1775412430030,"data":{"t":1775412430030,"data":"OPTCURNCY","cmd":"getClassInfo"},"id":14,"cmd":"getClassInfo"}
2026-04-05 21:07:10.950 LOG 3: result : table
2026-04-05 21:07:10.000 LOG 1: После dispatch: cmd=getClassInfo, data тип=table
2026-04-05 21:07:10.050 LOG 0: Запрос от C# 1 (req_id=15): {"t":1775412430030,"data":{"t":1775412430030,"data":"OPTCOMDTY","cmd":"getClassInfo"},"id":15,"cmd":"getClassInfo"}
2026-04-05 21:07:10.100 LOG 3: result : table
2026-04-05 21:07:10.150 LOG 1: После dispatch: cmd=getClassInfo, data тип=table
2026-04-05 21:07:10.200 LOG 0: Запрос от C# 1 (req_id=16): {"t":1775412430031,"data":{"t":1775412430031,"data":"OPTIDX","cmd":"getClassInfo"},"id":16,"cmd":"getClassInfo"}
2026-04-05 21:07:10.250 LOG 3: result : table
2026-04-05 21:07:10.300 LOG 1: После dispatch: cmd=getClassInfo, data тип=table
2026-04-05 21:07:10.350 LOG 0: Запрос от C# 1 (req_id=17): {"t":1775412430032,"data":{"t":1775412430032,"data":"RTSIDX","cmd":"getClassInfo"},"id":17,"cmd":"getClassInfo"}
2026-04-05 21:07:10.400 LOG 3: result : table
2026-04-05 21:07:10.450 LOG 1: После dispatch: cmd=getClassInfo, data тип=table
2026-04-05 21:07:10.500 LOG 0: Запрос от C# 1 (req_id=18): {"t":1775412430032,"data":{"t":1775412430032,"data":"EQRP_INFO","cmd":"getClassInfo"},"id":18,"cmd":"getClassInfo"}
2026-04-05 21:07:10.550 LOG 3: result : table
2026-04-05 21:07:10.600 LOG 1: После dispatch: cmd=getClassInfo, data тип=table
2026-04-05 21:07:10.650 LOG 0: Запрос от C# 1 (req_id=19): {"t":1775412430033,"data":{"t":1775412430033,"data":"FUTCLT","cmd":"getClassInfo"},"id":19,"cmd":"getClassInfo"}
2026-04-05 21:07:10.700 LOG 3: result : table
2026-04-05 21:07:10.750 LOG 1: После dispatch: cmd=getClassInfo, data тип=table
2026-04-05 21:07:10.800 LOG 0: Запрос от C# 1 (req_id=20): {"t":1775412430034,"data":{"t":1775412430034,"data":"SPBXM","cmd":"getClassInfo"},"id":20,"cmd":"getClassInfo"}
2026-04-05 21:07:10.850 LOG 3: result : table
2026-04-05 21:07:10.900 LOG 1: После dispatch: cmd=getClassInfo, data тип=table
2026-04-05 21:07:10.950 LOG 0: Запрос от C# 1 (req_id=21): {"t":1775412430034,"data":{"t":1775412430034,"data":"SPBDE","cmd":"getClassInfo"},"id":21,"cmd":"getClassInfo"}
2026-04-05 21:07:10.000 LOG 3: result : table
2026-04-05 21:07:10.050 LOG 1: После dispatch: cmd=getClassInfo, data тип=table
2026-04-05 21:07:10.100 LOG 0: Запрос от C# 1 (req_id=22): {"t":1775412430035,"data":{"t":1775412430035,"data":"SPBRU","cmd":"getClassInfo"},"id":22,"cmd":"getClassInfo"}
2026-04-05 21:07:10.150 LOG 3: result : table
2026-04-05 21:07:10.200 LOG 1: После dispatch: cmd=getClassInfo, data тип=table
2026-04-05 21:07:10.250 LOG 0: Запрос от C# 1 (req_id=23): {"t":1775412430038,"data":{"t":1775412430038,"data":"SPBRUBND","cmd":"getClassInfo"},"id":23,"cmd":"getClassInfo"}
2026-04-05 21:07:10.300 LOG 3: result : table
2026-04-05 21:07:10.350 LOG 1: После dispatch: cmd=getClassInfo, data тип=table
2026-04-05 21:07:10.400 LOG 0: Запрос от C# 1 (req_id=24): {"t":1775412430039,"data":{"t":1775412430039,"data":"SPBRU_USD","cmd":"getClassInfo"},"id":24,"cmd":"getClassInfo"}
2026-04-05 21:07:10.450 LOG 3: result : table
2026-04-05 21:07:10.500 LOG 1: После dispatch: cmd=getClassInfo, data тип=table
2026-04-05 21:07:10.550 LOG 0: Запрос от C# 1 (req_id=25): {"t":1775412430039,"data":{"t":1775412430039,"data":"PSSPBRUBNDDO","cmd":"getClassInfo"},"id":25,"cmd":"getClassInfo"}
2026-04-05 21:07:10.600 LOG 3: result : table
2026-04-05 21:07:10.650 LOG 1: После dispatch: cmd=getClassInfo, data тип=table
2026-04-05 21:07:10.700 LOG 0: Запрос от C# 1 (req_id=26): {"t":1775412430040,"data":{"t":1775412430040,"data":"REPORT","cmd":"getClassInfo"},"id":26,"cmd":"getClassInfo"}
2026-04-05 21:07:10.750 LOG 3: result : table
2026-04-05 21:07:10.800 LOG 1: После dispatch: cmd=getClassInfo, data тип=table
2026-04-05 21:07:10.850 LOG 0: Запрос от C# 1 (req_id=27): {"t":1775412430041,"data":{"t":1775412430041,"data":"REPORTFORTS","cmd":"getClassInfo"},"id":27,"cmd":"getClassInfo"}
2026-04-05 21:07:10.900 LOG 3: result : table
2026-04-05 21:07:10.950 LOG 1: После dispatch: cmd=getClassInfo, data тип=table
2026-04-05 21:07:10.000 LOG 0: Запрос от C# 1 (req_id=28): {"t":1775412430041,"data":{"t":1775412430041,"data":"CROSSRATE","cmd":"getClassInfo"},"id":28,"cmd":"getClassInfo"}
2026-04-05 21:07:10.050 LOG 3: result : table
2026-04-05 21:07:10.100 LOG 1: После dispatch: cmd=getClassInfo, data тип=table
2026-04-05 21:07:10.150 LOG 0: Запрос от C# 1 (req_id=29): {"t":1775412430043,"data":{"t":1775412430043,"data":"QT_BN","cmd":"getClassInfo"},"id":29,"cmd":"getClassInfo"}
2026-04-05 21:07:10.200 LOG 3: result : table
2026-04-05 21:07:10.250 LOG 1: После dispatch: cmd=getClassInfo, data тип=table
2026-04-05 21:07:10.300 LOG 0: Запрос от C# 1 (req_id=30): {"t":1775412430044,"data":{"t":1775412430044,"data":"INDX","cmd":"getClassInfo"},"id":30,"cmd":"getClassInfo"}
2026-04-05 21:07:10.350 LOG 3: result : table
2026-04-05 21:07:10.400 LOG 1: После dispatch: cmd=getClassInfo, data тип=table
2026-04-05 21:07:10.450 LOG 0: Запрос от C# 1 (req_id=31): {"t":1775412430045,"data":{"t":1775412430045,"data":"TQIF_HOL","cmd":"getClassInfo"},"id":31,"cmd":"getClassInfo"}
2026-04-05 21:07:10.500 LOG 3: result : table
2026-04-05 21:07:10.550 LOG 1: После dispatch: cmd=getClassInfo, data тип=table
2026-04-05 21:07:10.600 LOG 0: Запрос от C# 1 (req_id=32): {"t":1775412430045,"data":{"t":1775412430045,"data":"TQTF_HOL","cmd":"getClassInfo"},"id":32,"cmd":"getClassInfo"}
2026-04-05 21:07:10.650 LOG 3: result : table
2026-04-05 21:07:10.700 LOG 1: После dispatch: cmd=getClassInfo, data тип=table
2026-04-05 21:07:10.750 LOG 0: Запрос от C# 1 (req_id=33): {"t":1775412430046,"data":{"t":1775412430046,"data":"TQTF_W_HOL","cmd":"getClassInfo"},"id":33,"cmd":"getClassInfo"}
2026-04-05 21:07:10.800 LOG 3: result : table
2026-04-05 21:07:10.850 LOG 1: После dispatch: cmd=getClassInfo, data тип=table
2026-04-05 21:07:10.900 LOG 0: Запрос от C# 1 (req_id=34): {"t":1775412430049,"data":{"t":1775412430049,"data":"UP","cmd":"getClassInfo"},"id":34,"cmd":"getClassInfo"}
2026-04-05 21:07:10.950 LOG 3: result : table
2026-04-05 21:07:10.000 LOG 1: После dispatch: cmd=getClassInfo, data тип=table
2026-04-05 21:07:10.050 LOG 0: Запрос от C# 1 (req_id=35): {"t":1775412430050,"data":{"t":1775412430050,"data":"CETS","cmd":"getClassInfo"},"id":35,"cmd":"getClassInfo"}
2026-04-05 21:07:10.100 LOG 3: result : table
2026-04-05 21:07:10.150 LOG 1: После dispatch: cmd=getClassInfo, data тип=table
2026-04-05 21:07:10.200 LOG 0: Запрос от C# 1 (req_id=36): {"t":1775412430051,"data":{"t":1775412430051,"data":"CETS_MTL","cmd":"getClassInfo"},"id":36,"cmd":"getClassInfo"}
2026-04-05 21:07:10.250 LOG 3: result : table
2026-04-05 21:07:10.300 LOG 1: После dispatch: cmd=getClassInfo, data тип=table
2026-04-05 21:07:10.350 LOG 0: Запрос от C# 1 (req_id=37): {"t":1775412430051,"data":{"t":1775412430051,"data":"TQFD","cmd":"getClassInfo"},"id":37,"cmd":"getClassInfo"}
2026-04-05 21:07:10.400 LOG 3: result : table
2026-04-05 21:07:10.450 LOG 1: После dispatch: cmd=getClassInfo, data тип=table
2026-04-05 21:07:10.500 LOG 0: Запрос от C# 1 (req_id=38): {"t":1775412430052,"data":{"t":1775412430052,"data":"TQFE","cmd":"getClassInfo"},"id":38,"cmd":"getClassInfo"}
2026-04-05 21:07:10.550 LOG 3: result : table
2026-04-05 21:07:10.600 LOG 1: После dispatch: cmd=getClassInfo, data тип=table
2026-04-05 21:07:10.650 LOG 0: Запрос от C# 1 (req_id=39): {"t":1775412430053,"data":{"t":1775412430053,"data":"OCTR","cmd":"getClassInfo"},"id":39,"cmd":"getClassInfo"}
2026-04-05 21:07:10.700 LOG 3: result : table
2026-04-05 21:07:10.750 LOG 1: После dispatch: cmd=getClassInfo, data тип=table
2026-04-05 21:07:10.800 LOG 0: Запрос от C# 1 (req_id=40): {"t":1775412430054,"data":{"t":1775412430054,"data":"TQTY","cmd":"getClassInfo"},"id":40,"cmd":"getClassInfo"}
2026-04-05 21:07:10.850 LOG 3: result : table
2026-04-05 21:07:10.900 LOG 1: После dispatch: cmd=getClassInfo, data тип=table
2026-04-05 21:07:10.950 LOG 0: Запрос от C# 1 (req_id=41): {"t":1775412430054,"data":{"t":1775412430054,"data":"MTQR","cmd":"getClassInfo"},"id":41,"cmd":"getClassInfo"}
2026-04-05 21:07:10.000 LOG 3: result : table
2026-04-05 21:07:10.050 LOG 1: После dispatch: cmd=getClassInfo, data тип=table
2026-04-05 21:07:10.100 LOG 0: Запрос от C# 1 (req_id=42): {"t":1775412430055,"data":{"t":1775412430055,"data":"SMAL","cmd":"getClassInfo"},"id":42,"cmd":"getClassInfo"}
2026-04-05 21:07:10.150 LOG 3: result : table
2026-04-05 21:07:10.200 LOG 1: После dispatch: cmd=getClassInfo, data тип=table
2026-04-05 21:07:10.250 LOG 0: Запрос от C# 1 (req_id=43): {"t":1775412430057,"data":{"t":1775412430057,"data":"TQBR","cmd":"getClassInfo"},"id":43,"cmd":"getClassInfo"}
2026-04-05 21:07:10.300 LOG 3: result : table
2026-04-05 21:07:10.350 LOG 1: После dispatch: cmd=getClassInfo, data тип=table
2026-04-05 21:07:10.400 LOG 0: Запрос от C# 1 (req_id=44): {"t":1775412430060,"data":{"t":1775412430060,"data":"TQOB","cmd":"getClassInfo"},"id":44,"cmd":"getClassInfo"}
2026-04-05 21:07:10.450 LOG 3: result : table
2026-04-05 21:07:10.500 LOG 1: После dispatch: cmd=getClassInfo, data тип=table
2026-04-05 21:07:10.550 LOG 0: Запрос от C# 1 (req_id=45): {"t":1775412430061,"data":{"t":1775412430061,"data":"TQIF","cmd":"getClassInfo"},"id":45,"cmd":"getClassInfo"}
2026-04-05 21:07:10.600 LOG 3: result : table
2026-04-05 21:07:10.650 LOG 1: После dispatch: cmd=getClassInfo, data тип=table
2026-04-05 21:07:10.700 LOG 0: Запрос от C# 1 (req_id=46): {"t":1775412430062,"data":{"t":1775412430062,"data":"TQTF","cmd":"getClassInfo"},"id":46,"cmd":"getClassInfo"}
2026-04-05 21:07:10.750 LOG 3: result : table
2026-04-05 21:07:10.800 LOG 1: После dispatch: cmd=getClassInfo, data тип=table
2026-04-05 21:07:10.850 LOG 0: Запрос от C# 1 (req_id=47): {"t":1775412430063,"data":{"t":1775412430063,"data":"TQTF_W","cmd":"getClassInfo"},"id":47,"cmd":"getClassInfo"}
2026-04-05 21:07:10.900 LOG 3: result : table
2026-04-05 21:07:10.950 LOG 1: После dispatch: cmd=getClassInfo, data тип=table
2026-04-05 21:07:10.000 LOG 0: Запрос от C# 1 (req_id=48): {"t":1775412430064,"data":{"t":1775412430064,"data":"TQBD","cmd":"getClassInfo"},"id":48,"cmd":"getClassInfo"}
2026-04-05 21:07:10.050 LOG 3: result : table
2026-04-05 21:07:10.100 LOG 1: После dispatch: cmd=getClassInfo, data тип=table
2026-04-05 21:07:10.150 LOG 0: Запрос от C# 1 (req_id=49): {"t":1775412430064,"data":{"t":1775412430064,"data":"TQTD","cmd":"getClassInfo"},"id":49,"cmd":"getClassInfo"}
2026-04-05 21:07:10.200 LOG 3: result : table
2026-04-05 21:07:10.250 LOG 1: После dispatch: cmd=getClassInfo, data тип=table
2026-04-05 21:07:10.300 LOG 0: Запрос от C# 1 (req_id=50): {"t":1775412430065,"data":{"t":1775412430065,"data":"TQOD","cmd":"getClassInfo"},"id":50,"cmd":"getClassInfo"}
2026-04-05 21:07:10.350 LOG 3: result : table
2026-04-05 21:07:10.400 LOG 1: После dispatch: cmd=getClassInfo, data тип=table
2026-04-05 21:07:10.450 LOG 0: Запрос от C# 1 (req_id=51): {"t":1775412430067,"data":{"t":1775412430067,"data":"TQOY","cmd":"getClassInfo"},"id":51,"cmd":"getClassInfo"}
2026-04-05 21:07:10.500 LOG 3: result : table
2026-04-05 21:07:10.550 LOG 1: После dispatch: cmd=getClassInfo, data тип=table
2026-04-05 21:07:10.600 LOG 0: Запрос от C# 1 (req_id=52): {"t":1775412430068,"data":{"t":1775412430068,"data":"TQTF_F_HOL","cmd":"getClassInfo"},"id":52,"cmd":"getClassInfo"}
2026-04-05 21:07:10.650 LOG 3: result : table
2026-04-05 21:07:10.700 LOG 1: После dispatch: cmd=getClassInfo, data тип=table
2026-04-05 21:07:10.750 LOG 0: Запрос от C# 1 (req_id=53): {"t":1775412430071,"data":{"t":1775412430071,"data":"EES_OTC","cmd":"getClassInfo"},"id":53,"cmd":"getClassInfo"}
2026-04-05 21:07:10.800 LOG 3: result : table
2026-04-05 21:07:10.850 LOG 1: После dispatch: cmd=getClassInfo, data тип=table
2026-04-05 21:07:10.900 LOG 0: Запрос от C# 1 (req_id=54): {"t":1775412430072,"data":{"t":1775412430072,"data":"TQTF_F","cmd":"getClassInfo"},"id":54,"cmd":"getClassInfo"}
2026-04-05 21:07:10.950 LOG 3: result : table
2026-04-05 21:07:10.000 LOG 1: После dispatch: cmd=getClassInfo, data тип=table
2026-04-05 21:07:10.050 LOG 0: Запрос от C# 1 (req_id=55): {"t":1775412430072,"data":{"t":1775412430072,"data":"SMS","cmd":"getClassInfo"},"id":55,"cmd":"getClassInfo"}
2026-04-05 21:07:10.100 LOG 3: result : table
2026-04-05 21:07:10.150 LOG 1: После dispatch: cmd=getClassInfo, data тип=table
2026-04-05 21:07:10.200 LOG 0: Запрос от C# 1 (req_id=56): {"t":1775412430073,"data":{"t":1775412430073,"data":"MPAU","cmd":"getClassInfo"},"id":56,"cmd":"getClassInfo"}
2026-04-05 21:07:10.250 LOG 3: result : table
2026-04-05 21:07:10.300 LOG 1: После dispatch: cmd=getClassInfo, data тип=table
2026-04-05 21:07:10.350 LOG 0: Запрос от C# 1 (req_id=57): {"t":1775412430074,"data":{"t":1775412430074,"data":"PSAU_FREE","cmd":"getClassInfo"},"id":57,"cmd":"getClassInfo"}
2026-04-05 21:07:10.400 LOG 3: result : table
2026-04-05 21:07:10.450 LOG 1: После dispatch: cmd=getClassInfo, data тип=table
2026-04-05 21:07:10.500 LOG 0: Запрос от C# 1 (req_id=58): {"t":1775412430074,"data":{"t":1775412430074,"data":"PSAU","cmd":"getClassInfo"},"id":58,"cmd":"getClassInfo"}
2026-04-05 21:07:10.550 LOG 3: result : table
2026-04-05 21:07:10.600 LOG 1: После dispatch: cmd=getClassInfo, data тип=table
2026-04-05 21:07:10.650 LOG 0: Запрос от C# 1 (req_id=59): {"t":1775412430075,"data":{"t":1775412430075,"data":"PSSU","cmd":"getClassInfo"},"id":59,"cmd":"getClassInfo"}
2026-04-05 21:07:10.700 LOG 3: result : table
2026-04-05 21:07:10.750 LOG 1: После dispatch: cmd=getClassInfo, data тип=table
2026-04-05 21:07:10.800 LOG 0: Запрос от C# 1 (req_id=60): {"t":1775412430076,"data":{"t":1775412430076,"data":"PSSU_YAD","cmd":"getClassInfo"},"id":60,"cmd":"getClassInfo"}
2026-04-05 21:07:10.850 LOG 3: result : table
2026-04-05 21:07:10.900 LOG 1: После dispatch: cmd=getClassInfo, data тип=table
2026-04-05 21:07:10.950 LOG 0: Запрос от C# 1 (req_id=61): {"t":1775412430076,"data":{"t":1775412430076,"data":"PACY","cmd":"getClassInfo"},"id":61,"cmd":"getClassInfo"}
2026-04-05 21:07:10.000 LOG 3: result : table
2026-04-05 21:07:10.050 LOG 1: После dispatch: cmd=getClassInfo, data тип=table
2026-04-05 21:07:10.100 LOG 0: Запрос от C# 1 (req_id=62): {"t":1775412430077,"data":{"t":1775412430077,"data":"QT_EQ","cmd":"getClassInfo"},"id":62,"cmd":"getClassInfo"}
2026-04-05 21:07:10.150 LOG 3: result : table
2026-04-05 21:07:10.200 LOG 1: После dispatch: cmd=getClassInfo, data тип=table
2026-04-05 21:07:10.250 LOG 0: Запрос от C# 1 (req_id=63): {"t":1775412430078,"data":{"t":1775412430078,"data":"","cmd":"getClassesList"},"id":63,"cmd":"getClassesList"}
2026-04-05 21:07:10.300 LOG 0: Р’С‹Р·РѕРІ getClassesList, req_id=?
2026-04-05 21:07:10.350 LOG 3: result : table
2026-04-05 21:07:10.400 LOG 1: После dispatch: cmd=getClassesList, data тип=string
2026-04-05 21:07:10.450 LOG 0: Запрос от C# 1 (req_id=64): {"t":1775412430080,"data":{"t":1775412430080,"data":"TQTE","cmd":"getClassSecurities"},"id":64,"cmd":"getClassSecurities"}
2026-04-05 21:07:10.500 LOG 3: result : table
2026-04-05 21:07:10.550 LOG 1: После dispatch: cmd=getClassSecurities, data тип=string
2026-04-05 21:07:10.600 LOG 0: Запрос от C# 1 (req_id=65): {"t":1775412430081,"data":{"t":1775412430081,"data":"TQCB","cmd":"getClassSecurities"},"id":65,"cmd":"getClassSecurities"}
2026-04-05 21:07:10.650 LOG 3: result : table
2026-04-05 21:07:10.700 LOG 1: После dispatch: cmd=getClassSecurities, data тип=string
2026-04-05 21:07:10.750 LOG 0: Запрос от C# 1 (req_id=66): {"t":1775412430088,"data":{"t":1775412430088,"data":"TQOE","cmd":"getClassSecurities"},"id":66,"cmd":"getClassSecurities"}
2026-04-05 21:07:10.800 LOG 3: result : table
2026-04-05 21:07:10.850 LOG 1: После dispatch: cmd=getClassSecurities, data тип=string
2026-04-05 21:07:10.900 LOG 0: Запрос от C# 1 (req_id=67): {"t":1775412430090,"data":{"t":1775412430090,"data":"TQRD","cmd":"getClassSecurities"},"id":67,"cmd":"getClassSecurities"}
2026-04-05 21:07:10.950 LOG 3: result : table
2026-04-05 21:07:10.000 LOG 1: После dispatch: cmd=getClassSecurities, data тип=string
2026-04-05 21:07:10.050 LOG 0: Запрос от C# 1 (req_id=68): {"t":1775412430091,"data":{"t":1775412430091,"data":"TQUD","cmd":"getClassSecurities"},"id":68,"cmd":"getClassSecurities"}
2026-04-05 21:07:10.100 LOG 3: result : table
2026-04-05 21:07:10.150 LOG 1: После dispatch: cmd=getClassSecurities, data тип=string
2026-04-05 21:07:10.200 LOG 0: Запрос от C# 1 (req_id=69): {"t":1775412430092,"data":{"t":1775412430092,"data":"TQED","cmd":"getClassSecurities"},"id":69,"cmd":"getClassSecurities"}
2026-04-05 21:07:10.250 LOG 3: result : table
2026-04-05 21:07:10.300 LOG 1: После dispatch: cmd=getClassSecurities, data тип=string
2026-04-05 21:07:10.350 LOG 0: Запрос от C# 1 (req_id=70): {"t":1775412430093,"data":{"t":1775412430093,"data":"FQBR","cmd":"getClassSecurities"},"id":70,"cmd":"getClassSecurities"}
2026-04-05 21:07:10.400 LOG 3: result : table
2026-04-05 21:07:10.450 LOG 1: После dispatch: cmd=getClassSecurities, data тип=string
2026-04-05 21:07:10.500 LOG 0: Запрос от C# 1 (req_id=71): {"t":1775412430094,"data":{"t":1775412430094,"data":"SPBFUT","cmd":"getClassSecurities"},"id":71,"cmd":"getClassSecurities"}
2026-04-05 21:07:10.550 LOG 3: result : table
2026-04-05 21:07:10.600 LOG 1: После dispatch: cmd=getClassSecurities, data тип=string
2026-04-05 21:07:10.650 LOG 0: Запрос от C# 1 (req_id=72): {"t":1775412430095,"data":{"t":1775412430095,"data":"SPBOPT","cmd":"getClassSecurities"},"id":72,"cmd":"getClassSecurities"}
2026-04-05 21:07:10.700 LOG 3: result : table
2026-04-05 21:07:10.750 LOG 1: После dispatch: cmd=getClassSecurities, data тип=string
2026-04-05 21:07:10.800 LOG 0: Запрос от C# 1 (req_id=73): {"t":1775412430115,"data":{"t":1775412430115,"data":"USDRUB","cmd":"getClassSecurities"},"id":73,"cmd":"getClassSecurities"}
2026-04-05 21:07:10.850 LOG 3: result : table
2026-04-05 21:07:10.900 LOG 1: После dispatch: cmd=getClassSecurities, data тип=string
2026-04-05 21:07:10.950 LOG 0: Запрос от C# 1 (req_id=74): {"t":1775412430116,"data":{"t":1775412430116,"data":"OPTSPOT","cmd":"getClassSecurities"},"id":74,"cmd":"getClassSecurities"}
2026-04-05 21:07:10.000 LOG 3: result : table
2026-04-05 21:07:10.050 LOG 1: После dispatch: cmd=getClassSecurities, data тип=string
2026-04-05 21:07:10.100 LOG 0: Запрос от C# 1 (req_id=75): {"t":1775412430151,"data":{"t":1775412430151,"data":"OPTCURNCY","cmd":"getClassSecurities"},"id":75,"cmd":"getClassSecurities"}
2026-04-05 21:07:10.150 LOG 3: result : table
2026-04-05 21:07:10.200 LOG 1: После dispatch: cmd=getClassSecurities, data тип=string
2026-04-05 21:07:10.250 LOG 0: Запрос от C# 1 (req_id=76): {"t":1775412430154,"data":{"t":1775412430154,"data":"OPTCOMDTY","cmd":"getClassSecurities"},"id":76,"cmd":"getClassSecurities"}
2026-04-05 21:07:10.300 LOG 3: result : table
2026-04-05 21:07:10.350 LOG 1: После dispatch: cmd=getClassSecurities, data тип=string
2026-04-05 21:07:10.400 LOG 0: Запрос от C# 1 (req_id=77): {"t":1775412430158,"data":{"t":1775412430158,"data":"OPTIDX","cmd":"getClassSecurities"},"id":77,"cmd":"getClassSecurities"}
2026-04-05 21:07:10.450 LOG 3: result : table
2026-04-05 21:07:10.500 LOG 1: После dispatch: cmd=getClassSecurities, data тип=string
2026-04-05 21:07:10.550 LOG 0: Запрос от C# 1 (req_id=78): {"t":1775412430161,"data":{"t":1775412430161,"data":"RTSIDX","cmd":"getClassSecurities"},"id":78,"cmd":"getClassSecurities"}
2026-04-05 21:07:10.600 LOG 3: result : table
2026-04-05 21:07:10.650 LOG 1: После dispatch: cmd=getClassSecurities, data тип=string
2026-04-05 21:07:10.700 LOG 0: Запрос от C# 1 (req_id=79): {"t":1775412430164,"data":{"t":1775412430164,"data":"EQRP_INFO","cmd":"getClassSecurities"},"id":79,"cmd":"getClassSecurities"}
2026-04-05 21:07:10.750 LOG 3: result : table
2026-04-05 21:07:10.800 LOG 1: После dispatch: cmd=getClassSecurities, data тип=string
2026-04-05 21:07:10.850 LOG 0: Запрос от C# 1 (req_id=80): {"t":1775412430173,"data":{"t":1775412430173,"data":"FUTCLT","cmd":"getClassSecurities"},"id":80,"cmd":"getClassSecurities"}
2026-04-05 21:07:10.900 LOG 3: result : table
2026-04-05 21:07:10.950 LOG 1: После dispatch: cmd=getClassSecurities, data тип=string
2026-04-05 21:07:10.000 LOG 0: Запрос от C# 1 (req_id=81): {"t":1775412430174,"data":{"t":1775412430174,"data":"SPBXM","cmd":"getClassSecurities"},"id":81,"cmd":"getClassSecurities"}
2026-04-05 21:07:10.050 LOG 3: result : table
2026-04-05 21:07:10.100 LOG 1: После dispatch: cmd=getClassSecurities, data тип=string
2026-04-05 21:07:10.150 LOG 0: Запрос от C# 1 (req_id=82): {"t":1775412430177,"data":{"t":1775412430177,"data":"SPBDE","cmd":"getClassSecurities"},"id":82,"cmd":"getClassSecurities"}
2026-04-05 21:07:10.200 LOG 3: result : table
2026-04-05 21:07:10.250 LOG 1: После dispatch: cmd=getClassSecurities, data тип=string
2026-04-05 21:07:10.300 LOG 0: Запрос от C# 1 (req_id=83): {"t":1775412430177,"data":{"t":1775412430177,"data":"SPBRU","cmd":"getClassSecurities"},"id":83,"cmd":"getClassSecurities"}
2026-04-05 21:07:10.350 LOG 3: result : table
2026-04-05 21:07:10.400 LOG 1: После dispatch: cmd=getClassSecurities, data тип=string
2026-04-05 21:07:10.450 LOG 0: Запрос от C# 1 (req_id=84): {"t":1775412430178,"data":{"t":1775412430178,"data":"SPBRUBND","cmd":"getClassSecurities"},"id":84,"cmd":"getClassSecurities"}
2026-04-05 21:07:10.500 LOG 3: result : table
2026-04-05 21:07:10.550 LOG 1: После dispatch: cmd=getClassSecurities, data тип=string
2026-04-05 21:07:10.600 LOG 0: Запрос от C# 1 (req_id=85): {"t":1775412430179,"data":{"t":1775412430179,"data":"SPBRU_USD","cmd":"getClassSecurities"},"id":85,"cmd":"getClassSecurities"}
2026-04-05 21:07:10.650 LOG 3: result : table
2026-04-05 21:07:10.700 LOG 1: После dispatch: cmd=getClassSecurities, data тип=string
2026-04-05 21:07:10.750 LOG 0: Запрос от C# 1 (req_id=86): {"t":1775412430180,"data":{"t":1775412430180,"data":"PSSPBRUBNDDO","cmd":"getClassSecurities"},"id":86,"cmd":"getClassSecurities"}
2026-04-05 21:07:10.800 LOG 3: result : table
2026-04-05 21:07:10.850 LOG 1: После dispatch: cmd=getClassSecurities, data тип=string
2026-04-05 21:07:10.900 LOG 0: Запрос от C# 1 (req_id=87): {"t":1775412430180,"data":{"t":1775412430180,"data":"REPORT","cmd":"getClassSecurities"},"id":87,"cmd":"getClassSecurities"}
2026-04-05 21:07:10.950 LOG 3: result : table
2026-04-05 21:07:10.000 LOG 1: После dispatch: cmd=getClassSecurities, data тип=string
2026-04-05 21:07:10.050 LOG 0: Запрос от C# 1 (req_id=88): {"t":1775412430181,"data":{"t":1775412430181,"data":"REPORTFORTS","cmd":"getClassSecurities"},"id":88,"cmd":"getClassSecurities"}
2026-04-05 21:07:10.100 LOG 3: result : table
2026-04-05 21:07:10.150 LOG 1: После dispatch: cmd=getClassSecurities, data тип=string
2026-04-05 21:07:10.200 LOG 0: Запрос от C# 1 (req_id=89): {"t":1775412430181,"data":{"t":1775412430181,"data":"CROSSRATE","cmd":"getClassSecurities"},"id":89,"cmd":"getClassSecurities"}
2026-04-05 21:07:10.250 LOG 3: result : table
2026-04-05 21:07:10.300 LOG 1: После dispatch: cmd=getClassSecurities, data тип=string
2026-04-05 21:07:10.350 LOG 0: Запрос от C# 1 (req_id=90): {"t":1775412430182,"data":{"t":1775412430182,"data":"QT_BN","cmd":"getClassSecurities"},"id":90,"cmd":"getClassSecurities"}
2026-04-05 21:07:10.400 LOG 3: result : table
2026-04-05 21:07:10.450 LOG 1: После dispatch: cmd=getClassSecurities, data тип=string
2026-04-05 21:07:10.500 LOG 0: Запрос от C# 1 (req_id=91): {"t":1775412430183,"data":{"t":1775412430183,"data":"INDX","cmd":"getClassSecurities"},"id":91,"cmd":"getClassSecurities"}
2026-04-05 21:07:10.550 LOG 3: result : table
2026-04-05 21:07:10.600 LOG 1: После dispatch: cmd=getClassSecurities, data тип=string
2026-04-05 21:07:10.650 LOG 0: Запрос от C# 1 (req_id=92): {"t":1775412430183,"data":{"t":1775412430183,"data":"TQIF_HOL","cmd":"getClassSecurities"},"id":92,"cmd":"getClassSecurities"}
2026-04-05 21:07:10.700 LOG 3: result : table
2026-04-05 21:07:10.750 LOG 1: После dispatch: cmd=getClassSecurities, data тип=string
2026-04-05 21:07:10.800 LOG 0: Запрос от C# 1 (req_id=93): {"t":1775412430184,"data":{"t":1775412430184,"data":"TQTF_HOL","cmd":"getClassSecurities"},"id":93,"cmd":"getClassSecurities"}
2026-04-05 21:07:10.850 LOG 3: result : table
2026-04-05 21:07:10.900 LOG 1: После dispatch: cmd=getClassSecurities, data тип=string
2026-04-05 21:07:10.950 LOG 0: Запрос от C# 1 (req_id=94): {"t":1775412430185,"data":{"t":1775412430185,"data":"TQTF_W_HOL","cmd":"getClassSecurities"},"id":94,"cmd":"getClassSecurities"}
2026-04-05 21:07:10.000 LOG 3: result : table
2026-04-05 21:07:10.050 LOG 1: После dispatch: cmd=getClassSecurities, data тип=string
2026-04-05 21:07:10.100 LOG 0: Запрос от C# 1 (req_id=95): {"t":1775412430185,"data":{"t":1775412430185,"data":"UP","cmd":"getClassSecurities"},"id":95,"cmd":"getClassSecurities"}
2026-04-05 21:07:10.150 LOG 3: result : table
2026-04-05 21:07:10.200 LOG 1: После dispatch: cmd=getClassSecurities, data тип=string
2026-04-05 21:07:10.250 LOG 0: Запрос от C# 1 (req_id=96): {"t":1775412430186,"data":{"t":1775412430186,"data":"CETS","cmd":"getClassSecurities"},"id":96,"cmd":"getClassSecurities"}
2026-04-05 21:07:10.300 LOG 3: result : table
2026-04-05 21:07:10.350 LOG 1: После dispatch: cmd=getClassSecurities, data тип=string
2026-04-05 21:07:10.400 LOG 0: Запрос от C# 1 (req_id=97): {"t":1775412430187,"data":{"t":1775412430187,"data":"CETS_MTL","cmd":"getClassSecurities"},"id":97,"cmd":"getClassSecurities"}
2026-04-05 21:07:10.450 LOG 3: result : table
2026-04-05 21:07:10.500 LOG 1: После dispatch: cmd=getClassSecurities, data тип=string
2026-04-05 21:07:10.550 LOG 0: Запрос от C# 1 (req_id=98): {"t":1775412430192,"data":{"t":1775412430192,"data":"TQFD","cmd":"getClassSecurities"},"id":98,"cmd":"getClassSecurities"}
2026-04-05 21:07:10.600 LOG 3: result : table
2026-04-05 21:07:10.650 LOG 1: После dispatch: cmd=getClassSecurities, data тип=string
2026-04-05 21:07:10.700 LOG 0: Запрос от C# 1 (req_id=99): {"t":1775412430193,"data":{"t":1775412430193,"data":"TQFE","cmd":"getClassSecurities"},"id":99,"cmd":"getClassSecurities"}
2026-04-05 21:07:10.750 LOG 3: result : table
2026-04-05 21:07:10.800 LOG 1: После dispatch: cmd=getClassSecurities, data тип=string
2026-04-05 21:07:10.850 LOG 0: Запрос от C# 1 (req_id=100): {"t":1775412430194,"data":{"t":1775412430194,"data":"OCTR","cmd":"getClassSecurities"},"id":100,"cmd":"getClassSecurities"}
2026-04-05 21:07:10.900 LOG 3: result : table
2026-04-05 21:07:10.950 LOG 1: После dispatch: cmd=getClassSecurities, data тип=string
2026-04-05 21:07:10.000 LOG 0: Запрос от C# 1 (req_id=101): {"t":1775412430196,"data":{"t":1775412430196,"data":"TQTY","cmd":"getClassSecurities"},"id":101,"cmd":"getClassSecurities"}
2026-04-05 21:07:10.050 LOG 3: result : table
2026-04-05 21:07:10.100 LOG 1: После dispatch: cmd=getClassSecurities, data тип=string
2026-04-05 21:07:10.150 LOG 0: Запрос от C# 1 (req_id=102): {"t":1775412430197,"data":{"t":1775412430197,"data":"MTQR","cmd":"getClassSecurities"},"id":102,"cmd":"getClassSecurities"}
2026-04-05 21:07:10.200 LOG 3: result : table
2026-04-05 21:07:10.250 LOG 1: После dispatch: cmd=getClassSecurities, data тип=string
2026-04-05 21:07:10.300 LOG 0: Запрос от C# 1 (req_id=103): {"t":1775412430199,"data":{"t":1775412430199,"data":"SMAL","cmd":"getClassSecurities"},"id":103,"cmd":"getClassSecurities"}
2026-04-05 21:07:10.350 LOG 3: result : table
2026-04-05 21:07:10.400 LOG 1: После dispatch: cmd=getClassSecurities, data тип=string
2026-04-05 21:07:10.450 LOG 0: Запрос от C# 1 (req_id=104): {"t":1775412430200,"data":{"t":1775412430200,"data":"TQBR","cmd":"getClassSecurities"},"id":104,"cmd":"getClassSecurities"}
2026-04-05 21:07:10.500 LOG 3: result : table
2026-04-05 21:07:10.550 LOG 1: После dispatch: cmd=getClassSecurities, data тип=string
2026-04-05 21:07:10.600 LOG 0: Запрос от C# 1 (req_id=105): {"t":1775412430200,"data":{"t":1775412430200,"data":"TQOB","cmd":"getClassSecurities"},"id":105,"cmd":"getClassSecurities"}
2026-04-05 21:07:10.650 LOG 3: result : table
2026-04-05 21:07:10.700 LOG 1: После dispatch: cmd=getClassSecurities, data тип=string
2026-04-05 21:07:10.750 LOG 0: Запрос от C# 1 (req_id=106): {"t":1775412430202,"data":{"t":1775412430202,"data":"TQIF","cmd":"getClassSecurities"},"id":106,"cmd":"getClassSecurities"}
2026-04-05 21:07:10.800 LOG 3: result : table
2026-04-05 21:07:10.850 LOG 1: После dispatch: cmd=getClassSecurities, data тип=string
2026-04-05 21:07:10.900 LOG 0: Запрос от C# 1 (req_id=107): {"t":1775412430202,"data":{"t":1775412430202,"data":"TQTF","cmd":"getClassSecurities"},"id":107,"cmd":"getClassSecurities"}
2026-04-05 21:07:10.950 LOG 3: result : table
2026-04-05 21:07:10.000 LOG 1: После dispatch: cmd=getClassSecurities, data тип=string
2026-04-05 21:07:10.050 LOG 0: Запрос от C# 1 (req_id=108): {"t":1775412430203,"data":{"t":1775412430203,"data":"TQTF_W","cmd":"getClassSecurities"},"id":108,"cmd":"getClassSecurities"}
2026-04-05 21:07:10.100 LOG 3: result : table
2026-04-05 21:07:10.150 LOG 1: После dispatch: cmd=getClassSecurities, data тип=string
2026-04-05 21:07:10.200 LOG 0: Запрос от C# 1 (req_id=109): {"t":1775412430206,"data":{"t":1775412430205,"data":"TQBD","cmd":"getClassSecurities"},"id":109,"cmd":"getClassSecurities"}
2026-04-05 21:07:10.250 LOG 3: result : table
2026-04-05 21:07:10.300 LOG 1: После dispatch: cmd=getClassSecurities, data тип=string
2026-04-05 21:07:10.350 LOG 0: Запрос от C# 1 (req_id=110): {"t":1775412430207,"data":{"t":1775412430207,"data":"TQTD","cmd":"getClassSecurities"},"id":110,"cmd":"getClassSecurities"}
2026-04-05 21:07:10.400 LOG 3: result : table
2026-04-05 21:07:10.450 LOG 1: После dispatch: cmd=getClassSecurities, data тип=string
2026-04-05 21:07:10.500 LOG 0: Запрос от C# 1 (req_id=111): {"t":1775412430207,"data":{"t":1775412430207,"data":"TQOD","cmd":"getClassSecurities"},"id":111,"cmd":"getClassSecurities"}
2026-04-05 21:07:10.550 LOG 3: result : table
2026-04-05 21:07:10.600 LOG 1: После dispatch: cmd=getClassSecurities, data тип=string
2026-04-05 21:07:10.650 LOG 0: Запрос от C# 1 (req_id=112): {"t":1775412430208,"data":{"t":1775412430208,"data":"TQOY","cmd":"getClassSecurities"},"id":112,"cmd":"getClassSecurities"}
2026-04-05 21:07:10.700 LOG 3: result : table
2026-04-05 21:07:10.750 LOG 1: После dispatch: cmd=getClassSecurities, data тип=string
2026-04-05 21:07:10.800 LOG 0: Запрос от C# 1 (req_id=113): {"t":1775412430209,"data":{"t":1775412430209,"data":"TQTF_F_HOL","cmd":"getClassSecurities"},"id":113,"cmd":"getClassSecurities"}
2026-04-05 21:07:10.850 LOG 3: result : table
2026-04-05 21:07:10.900 LOG 1: После dispatch: cmd=getClassSecurities, data тип=string
2026-04-05 21:07:10.950 LOG 0: Запрос от C# 1 (req_id=114): {"t":1775412430210,"data":{"t":1775412430210,"data":"EES_OTC","cmd":"getClassSecurities"},"id":114,"cmd":"getClassSecurities"}
2026-04-05 21:07:10.000 LOG 3: result : table
2026-04-05 21:07:10.050 LOG 1: После dispatch: cmd=getClassSecurities, data тип=string
2026-04-05 21:07:10.100 LOG 0: Запрос от C# 1 (req_id=115): {"t":1775412430211,"data":{"t":1775412430211,"data":"TQTF_F","cmd":"getClassSecurities"},"id":115,"cmd":"getClassSecurities"}
2026-04-05 21:07:10.150 LOG 3: result : table
2026-04-05 21:07:10.200 LOG 1: После dispatch: cmd=getClassSecurities, data тип=string
2026-04-05 21:07:10.250 LOG 0: Запрос от C# 1 (req_id=116): {"t":1775412430211,"data":{"t":1775412430211,"data":"SMS","cmd":"getClassSecurities"},"id":116,"cmd":"getClassSecurities"}
2026-04-05 21:07:10.300 LOG 3: result : table
2026-04-05 21:07:10.350 LOG 1: После dispatch: cmd=getClassSecurities, data тип=string
2026-04-05 21:07:10.400 LOG 0: Запрос от C# 1 (req_id=117): {"t":1775412430212,"data":{"t":1775412430212,"data":"MPAU","cmd":"getClassSecurities"},"id":117,"cmd":"getClassSecurities"}
2026-04-05 21:07:10.450 LOG 3: result : table
2026-04-05 21:07:10.500 LOG 1: После dispatch: cmd=getClassSecurities, data тип=string
2026-04-05 21:07:10.550 LOG 0: Запрос от C# 1 (req_id=118): {"t":1775412430213,"data":{"t":1775412430213,"data":"PSAU_FREE","cmd":"getClassSecurities"},"id":118,"cmd":"getClassSecurities"}
2026-04-05 21:07:10.600 LOG 3: result : table
2026-04-05 21:07:10.650 LOG 1: После dispatch: cmd=getClassSecurities, data тип=string
2026-04-05 21:07:10.700 LOG 0: Запрос от C# 1 (req_id=119): {"t":1775412430214,"data":{"t":1775412430214,"data":"PSAU","cmd":"getClassSecurities"},"id":119,"cmd":"getClassSecurities"}
2026-04-05 21:07:10.750 LOG 3: result : table
2026-04-05 21:07:10.800 LOG 1: После dispatch: cmd=getClassSecurities, data тип=string
2026-04-05 21:07:10.850 LOG 0: Запрос от C# 1 (req_id=120): {"t":1775412430215,"data":{"t":1775412430215,"data":"PSSU","cmd":"getClassSecurities"},"id":120,"cmd":"getClassSecurities"}
2026-04-05 21:07:10.900 LOG 3: result : table
2026-04-05 21:07:10.950 LOG 1: После dispatch: cmd=getClassSecurities, data тип=string
2026-04-05 21:07:10.000 LOG 0: Запрос от C# 1 (req_id=121): {"t":1775412430216,"data":{"t":1775412430216,"data":"PSSU_YAD","cmd":"getClassSecurities"},"id":121,"cmd":"getClassSecurities"}
2026-04-05 21:07:10.050 LOG 3: result : table
2026-04-05 21:07:10.100 LOG 1: После dispatch: cmd=getClassSecurities, data тип=string
2026-04-05 21:07:10.150 LOG 0: Запрос от C# 1 (req_id=122): {"t":1775412430217,"data":{"t":1775412430217,"data":"PACY","cmd":"getClassSecurities"},"id":122,"cmd":"getClassSecurities"}
2026-04-05 21:07:10.200 LOG 3: result : table
2026-04-05 21:07:10.250 LOG 1: После dispatch: cmd=getClassSecurities, data тип=string
2026-04-05 21:07:10.300 LOG 0: Запрос от C# 1 (req_id=123): {"t":1775412430217,"data":{"t":1775412430217,"data":"QT_EQ","cmd":"getClassSecurities"},"id":123,"cmd":"getClassSecurities"}
2026-04-05 21:07:10.350 LOG 3: result : table
2026-04-05 21:07:10.400 LOG 1: После dispatch: cmd=getClassSecurities, data тип=string
2026-04-05 21:07:10.450 LOG 0: Запрос от C# 1 (req_id=124): {"t":1775412430221,"data":{"t":1775412430220,"data":"SPBFUT|RIM6","cmd":"getSecurityInfo"},"id":124,"cmd":"getSecurityInfo"}
2026-04-05 21:07:10.500 LOG 3: result : table
2026-04-05 21:07:10.550 LOG 1: После dispatch: cmd=getSecurityInfo, data тип=table
2026-04-05 21:07:10.600 LOG 0: Запрос от C# 1 (req_id=125): {"t":1775412430239,"data":{"t":1775412430239,"data":"TQBR|LKOH","cmd":"getSecurityInfo"},"id":125,"cmd":"getSecurityInfo"}
2026-04-05 21:07:10.650 LOG 3: result : table
2026-04-05 21:07:10.700 LOG 1: После dispatch: cmd=getSecurityInfo, data тип=table
2026-04-05 21:07:10.750 LOG 0: Запрос от C# 1 (req_id=126): {"t":1775412430388,"data":{"t":1775412430388,"data":"","cmd":"getClassesList"},"id":126,"cmd":"getClassesList"}
2026-04-05 21:07:10.800 LOG 0: Р’С‹Р·РѕРІ getClassesList, req_id=?
2026-04-05 21:07:10.850 LOG 3: result : table
2026-04-05 21:07:10.900 LOG 1: После dispatch: cmd=getClassesList, data тип=string
2026-04-05 21:07:10.950 LOG 0: Запрос от C# 1 (req_id=127): {"t":1775412430390,"data":{"t":1775412430390,"data":"TQTE,TQCB,TQOE,TQRD,TQUD,TQED,FQBR,SPBFUT,SPBOPT,USDRUB,OPTSPOT,OPTCURNCY,OPTCOMDTY,OPTIDX,RTSIDX,EQRP_INFO,FUTCLT,SPBXM,SPBDE,SPBRU,SPBRUBND,SPBRU_USD,PSSPBRUBNDDO,REPORT,REPORTFORTS,CROSSRATE,QT_BN,INDX,TQIF_HOL,TQTF_HOL,TQTF_W_HOL,UP,CETS,CETS_MTL,TQFD,TQFE,OCTR,TQTY,MTQR,SMAL,TQBR,TQOB,TQIF,TQTF,TQTF_W,TQBD,TQTD,TQOD,TQOY,TQTF_F_HOL,EES_OTC,TQTF_F,SMS,MPAU,PSAU_FREE,PSAU,PSSU,PSSU_YAD,PACY,QT_EQ|LKOH","cmd":"getSecurityClass"},"id":127,"cmd":"getSecurityClass"}
2026-04-05 21:07:10.000 LOG 3: result : table
2026-04-05 21:07:10.050 LOG 1: После dispatch: cmd=getSecurityClass, data тип=string
2026-04-05 21:07:10.100 LOG 0: Запрос от C# 1 (req_id=128): {"t":1775412430392,"data":{"t":1775412430392,"data":"","cmd":"getClientCode"},"id":128,"cmd":"getClientCode"}
2026-04-05 21:07:10.150 LOG 2: [QS DEBUG] getClientCode: MONEY_LIMITS count = 8
2026-04-05 21:07:10.200 LOG 2: [QS DEBUG] getClientCode: index 0 client_code = 136XHS
2026-04-05 21:07:10.250 LOG 3: result : table
2026-04-05 21:07:10.300 LOG 1: После dispatch: cmd=getClientCode, data тип=string
2026-04-05 21:07:10.350 LOG 0: Запрос от C# 1 (req_id=129): {"t":1775412430397,"data":{"t":1775412430397,"data":"","cmd":"getClientCodes"},"id":129,"cmd":"getClientCodes"}
2026-04-05 21:07:10.400 LOG 2: [QS DEBUG] getClientCodes: MONEY_LIMITS count = 8
2026-04-05 21:07:10.450 LOG 2: [QS DEBUG] getClientCodes: index 0 client_code = 136XHS
2026-04-05 21:07:10.500 LOG 2: [QS DEBUG] getClientCodes: index 1 client_code = 136XHS
2026-04-05 21:07:10.550 LOG 2: [QS DEBUG] getClientCodes: index 2 client_code = 136XHS
2026-04-05 21:07:10.600 LOG 2: [QS DEBUG] getClientCodes: index 3 client_code = 136XHS
2026-04-05 21:07:10.650 LOG 2: [QS DEBUG] getClientCodes: index 4 client_code = 136XHS
2026-04-05 21:07:10.700 LOG 2: [QS DEBUG] getClientCodes: index 5 client_code = 136XHS
2026-04-05 21:07:10.750 LOG 2: [QS DEBUG] getClientCodes: index 6 client_code = 136XHS
2026-04-05 21:07:10.800 LOG 2: [QS DEBUG] getClientCodes: index 7 client_code = 136XHS
2026-04-05 21:07:10.850 LOG 2: [QS DEBUG] getClientCodes: total unique = 1
2026-04-05 21:07:10.900 LOG 3: result : table
2026-04-05 21:07:10.950 LOG 1: После dispatch: cmd=getClientCodes, data тип=table
2026-04-05 21:07:26.050 LOG 0: Запрос от C# 1 (req_id=130): {"t":1775412441317,"data":{"t":1775412438746,"data":"TQBR","cmd":"getTradeAccount"},"id":130,"cmd":"getTradeAccount"}
2026-04-05 21:07:26.100 LOG 2: [QS DEBUG] getTradeAccount: accounts count = 6
2026-04-05 21:07:26.150 LOG 2: [QS DEBUG] getTradeAccount: index 0 class_codes = |SPBFUT|SPBOPT|OPTSPOT|PSOPTSPOT|OPTCURNCY|PSOPTCURNCY|OPTCOMDTY|PSOPTCOMDTY|OPTIDX|PSOPTIDX|PSFUT|PSOPT| trdaccid = SPBFUT29Q7T
2026-04-05 21:07:26.200 LOG 3: result : string
2026-04-05 21:07:47.050 LOG 0: Detected Quik version: 1208, script path: C:\Programming\QuikSharp\lua
2026-04-05 21:07:47.100 LOG 1: Shared memory IPC (variant 2) initialized
2026-04-05 21:07:47.150 LOG 1: QUIK# connected via shared memory (variant 2)
